# date	host	sha	workload	level	ms
# 2026-08-02 7225fb647 MEASUREMENT BASIS CHANGED — do not compare rows across this line. Everything recorded BEFORE it is a subprocess poll wakeup (0.5/1.5/3.5/7.5/15.5/31.5/63.5/113.5/163.5... ms), not a process exit; sub-second rows are clock artefact to within ~50 ms. See bug-t-bench-sub-second-timings-quantized-to-50ms.
2026-07-11T07:31:45Z	borg	b51a92f0879f	mandelbrot	-O0	114.1
2026-07-11T07:31:45Z	borg	b51a92f0879f	mandelbrot	-O2	114.1
2026-07-11T07:31:45Z	borg	b51a92f0879f	mandelbrot	-O3	114.0
2026-07-11T07:31:45Z	borg	b51a92f0879f	raytracer	-O0	14546.6
2026-07-11T07:31:45Z	borg	b51a92f0879f	raytracer	-O2	8482.3
2026-07-11T07:31:45Z	borg	b51a92f0879f	raytracer	-O3	7730.1
2026-07-11T07:31:45Z	borg	b51a92f0879f	sieve	-O0	114.0
2026-07-11T07:31:45Z	borg	b51a92f0879f	sieve	-O2	114.0
2026-07-11T07:31:45Z	borg	b51a92f0879f	sieve	-O3	114.0
2026-07-11T07:31:45Z	borg	b51a92f0879f	selfcompile	-O0	4773.6
2026-07-11T07:31:45Z	borg	b51a92f0879f	selfcompile	-O2	3621.6
2026-07-11T07:31:45Z	borg	b51a92f0879f	selfcompile	-O3	3721.9
2026-07-11T09:33:17Z	borg	094f78c87fe2	mandelbrot	-O0	114.1
2026-07-11T09:33:17Z	borg	094f78c87fe2	mandelbrot	-O2	114.1
2026-07-11T09:33:17Z	borg	094f78c87fe2	mandelbrot	-O3	114.0
2026-07-11T09:33:17Z	borg	094f78c87fe2	raytracer	-O0	13996.7
2026-07-11T09:33:17Z	borg	094f78c87fe2	raytracer	-O2	8781.7
2026-07-11T09:33:17Z	borg	094f78c87fe2	raytracer	-O3	7729.9
2026-07-11T09:33:17Z	borg	094f78c87fe2	sieve	-O0	114.0
2026-07-11T09:33:17Z	borg	094f78c87fe2	sieve	-O2	114.1
2026-07-11T09:33:17Z	borg	094f78c87fe2	sieve	-O3	114.1
2026-07-11T09:33:17Z	borg	094f78c87fe2	selfcompile	-O0	4824.2
2026-07-11T09:33:17Z	borg	094f78c87fe2	selfcompile	-O2	3620.8
2026-07-11T09:33:17Z	borg	094f78c87fe2	selfcompile	-O3	3626.6
2026-07-11T09:53:08Z	borg	294657064d69	mandelbrot	-O0	114.2
2026-07-11T09:53:08Z	borg	294657064d69	mandelbrot	-O2	113.9
2026-07-11T09:53:08Z	borg	294657064d69	mandelbrot	-O3	114.0
2026-07-11T09:53:08Z	borg	294657064d69	raytracer	-O0	13945.6
2026-07-11T09:53:08Z	borg	294657064d69	raytracer	-O2	9033.5
2026-07-11T09:53:08Z	borg	294657064d69	raytracer	-O3	8230.9
2026-07-11T09:53:08Z	borg	294657064d69	sieve	-O0	114.1
2026-07-11T09:53:08Z	borg	294657064d69	sieve	-O2	114.1
2026-07-11T09:53:08Z	borg	294657064d69	sieve	-O3	114.0
2026-07-11T09:53:08Z	borg	294657064d69	selfcompile	-O0	5881.5
2026-07-11T09:53:08Z	borg	294657064d69	selfcompile	-O2	4272.7
2026-07-11T09:53:08Z	borg	294657064d69	selfcompile	-O3	3972.5
2026-07-11T10:15:07Z	borg	d2f3de2a30d9	mandelbrot	-O0	114.0
2026-07-11T10:15:07Z	borg	d2f3de2a30d9	mandelbrot	-O2	114.0
2026-07-11T10:15:07Z	borg	d2f3de2a30d9	mandelbrot	-O3	113.9
2026-07-11T10:15:07Z	borg	d2f3de2a30d9	raytracer	-O0	14095.1
2026-07-11T10:15:07Z	borg	d2f3de2a30d9	raytracer	-O2	9033.9
2026-07-11T10:15:07Z	borg	d2f3de2a30d9	raytracer	-O3	7730.2
2026-07-11T10:15:07Z	borg	d2f3de2a30d9	sieve	-O0	114.1
2026-07-11T10:15:07Z	borg	d2f3de2a30d9	sieve	-O2	114.0
2026-07-11T10:15:07Z	borg	d2f3de2a30d9	sieve	-O3	114.0
2026-07-11T10:15:07Z	borg	d2f3de2a30d9	selfcompile	-O0	5629.9
2026-07-11T10:15:07Z	borg	d2f3de2a30d9	selfcompile	-O2	4673.7
2026-07-11T10:15:07Z	borg	d2f3de2a30d9	selfcompile	-O3	4222.3
2026-07-11T10:45:38Z	borg	d06b06aad7d8	mandelbrot	-O0	114.0
2026-07-11T10:45:38Z	borg	d06b06aad7d8	mandelbrot	-O2	114.0
2026-07-11T10:45:38Z	borg	d06b06aad7d8	mandelbrot	-O3	114.0
2026-07-11T10:45:38Z	borg	d06b06aad7d8	raytracer	-O0	14443.2
2026-07-11T10:45:38Z	borg	d06b06aad7d8	raytracer	-O2	9182.4
2026-07-11T10:45:38Z	borg	d06b06aad7d8	raytracer	-O3	8382.2
2026-07-11T10:45:38Z	borg	d06b06aad7d8	sieve	-O0	114.1
2026-07-11T10:45:38Z	borg	d06b06aad7d8	sieve	-O2	114.1
2026-07-11T10:45:38Z	borg	d06b06aad7d8	sieve	-O3	114.0
2026-07-11T10:45:38Z	borg	d06b06aad7d8	selfcompile	-O0	5274.2
2026-07-11T10:45:38Z	borg	d06b06aad7d8	selfcompile	-O2	3972.7
2026-07-11T10:45:38Z	borg	d06b06aad7d8	selfcompile	-O3	4072.1
2026-07-11T10:57:05Z	borg	3a9669af0a53	mandelbrot	-O0	114.0
2026-07-11T10:57:05Z	borg	3a9669af0a53	mandelbrot	-O2	113.9
2026-07-11T10:57:05Z	borg	3a9669af0a53	mandelbrot	-O3	114.1
2026-07-11T10:57:05Z	borg	3a9669af0a53	raytracer	-O0	15094.9
2026-07-11T10:57:05Z	borg	3a9669af0a53	raytracer	-O2	9082.7
2026-07-11T10:57:05Z	borg	3a9669af0a53	raytracer	-O3	8383.0
2026-07-11T10:57:05Z	borg	3a9669af0a53	sieve	-O0	114.1
2026-07-11T10:57:05Z	borg	3a9669af0a53	sieve	-O2	114.0
2026-07-11T10:57:05Z	borg	3a9669af0a53	sieve	-O3	114.1
2026-07-11T10:57:05Z	borg	3a9669af0a53	selfcompile	-O0	5324.4
2026-07-11T10:57:05Z	borg	3a9669af0a53	selfcompile	-O2	3773.2
2026-07-11T10:57:05Z	borg	3a9669af0a53	selfcompile	-O3	3871.7
2026-07-11T11:13:07Z	borg	98306ac8581b	mandelbrot	-O0	114.1
2026-07-11T11:13:07Z	borg	98306ac8581b	mandelbrot	-O2	113.9
2026-07-11T11:13:07Z	borg	98306ac8581b	mandelbrot	-O3	114.0
2026-07-11T11:13:07Z	borg	98306ac8581b	raytracer	-O0	14695.9
2026-07-11T11:13:07Z	borg	98306ac8581b	raytracer	-O2	9686.2
2026-07-11T11:13:07Z	borg	98306ac8581b	raytracer	-O3	8432.1
2026-07-11T11:13:07Z	borg	98306ac8581b	sieve	-O0	114.1
2026-07-11T11:13:07Z	borg	98306ac8581b	sieve	-O2	114.0
2026-07-11T11:13:07Z	borg	98306ac8581b	sieve	-O3	114.1
2026-07-11T11:13:07Z	borg	98306ac8581b	selfcompile	-O0	5578.9
2026-07-11T11:13:07Z	borg	98306ac8581b	selfcompile	-O2	4474.4
2026-07-11T11:13:07Z	borg	98306ac8581b	selfcompile	-O3	4022.2
2026-07-11T11:33:03Z	borg	122022551316	mandelbrot	-O0	114.0
2026-07-11T11:33:03Z	borg	122022551316	mandelbrot	-O2	114.0
2026-07-11T11:33:03Z	borg	122022551316	mandelbrot	-O3	113.9
2026-07-11T11:33:03Z	borg	122022551316	raytracer	-O0	13141.7
2026-07-11T11:33:03Z	borg	122022551316	raytracer	-O2	8233.5
2026-07-11T11:33:03Z	borg	122022551316	raytracer	-O3	7179.1
2026-07-11T11:33:03Z	borg	122022551316	sieve	-O0	114.0
2026-07-11T11:33:03Z	borg	122022551316	sieve	-O2	63.9
2026-07-11T11:33:03Z	borg	122022551316	sieve	-O3	63.9
2026-07-11T11:33:03Z	borg	122022551316	selfcompile	-O0	4423.9
2026-07-11T11:33:03Z	borg	122022551316	selfcompile	-O2	3321.5
2026-07-11T11:33:03Z	borg	122022551316	selfcompile	-O3	3321.0
2026-07-11T11:41:24Z	borg	d56e24bf4f8b	mandelbrot	-O0	114.1
2026-07-11T11:41:24Z	borg	d56e24bf4f8b	mandelbrot	-O2	114.0
2026-07-11T11:41:24Z	borg	d56e24bf4f8b	mandelbrot	-O3	113.9
2026-07-11T11:41:24Z	borg	d56e24bf4f8b	raytracer	-O0	12493.8
2026-07-11T11:41:24Z	borg	d56e24bf4f8b	raytracer	-O2	8082.9
2026-07-11T11:41:24Z	borg	d56e24bf4f8b	raytracer	-O3	7180.4
2026-07-11T11:41:24Z	borg	d56e24bf4f8b	sieve	-O0	114.0
2026-07-11T11:41:24Z	borg	d56e24bf4f8b	sieve	-O2	63.8
2026-07-11T11:41:24Z	borg	d56e24bf4f8b	sieve	-O3	64.0
2026-07-11T11:41:24Z	borg	d56e24bf4f8b	selfcompile	-O0	4324.1
2026-07-11T11:41:24Z	borg	d56e24bf4f8b	selfcompile	-O2	3271.6
2026-07-11T11:41:24Z	borg	d56e24bf4f8b	selfcompile	-O3	3220.9
2026-07-11T12:05:40Z	borg	aa0337244999	mandelbrot	-O0	114.0
2026-07-11T12:05:40Z	borg	aa0337244999	mandelbrot	-O2	114.1
2026-07-11T12:05:40Z	borg	aa0337244999	mandelbrot	-O3	114.1
2026-07-11T12:05:40Z	borg	aa0337244999	raytracer	-O0	13996.5
2026-07-11T12:05:40Z	borg	aa0337244999	raytracer	-O2	9083.7
2026-07-11T12:05:40Z	borg	aa0337244999	raytracer	-O3	7982.3
2026-07-11T12:05:40Z	borg	aa0337244999	sieve	-O0	114.0
2026-07-11T12:05:40Z	borg	aa0337244999	sieve	-O2	114.0
2026-07-11T12:05:40Z	borg	aa0337244999	sieve	-O3	114.1
2026-07-11T12:05:40Z	borg	aa0337244999	selfcompile	-O0	5627.5
2026-07-11T12:05:40Z	borg	aa0337244999	selfcompile	-O2	4022.6
2026-07-11T12:05:40Z	borg	aa0337244999	selfcompile	-O3	3671.4
2026-07-11T12:22:31Z	borg	0d3a531d2f9b	mandelbrot	-O0	114.0
2026-07-11T12:22:31Z	borg	0d3a531d2f9b	mandelbrot	-O2	114.0
2026-07-11T12:22:31Z	borg	0d3a531d2f9b	mandelbrot	-O3	114.0
2026-07-11T12:22:31Z	borg	0d3a531d2f9b	raytracer	-O0	13645.4
2026-07-11T12:22:31Z	borg	0d3a531d2f9b	raytracer	-O2	8382.3
2026-07-11T12:22:31Z	borg	0d3a531d2f9b	raytracer	-O3	7480.4
2026-07-11T12:22:31Z	borg	0d3a531d2f9b	sieve	-O0	114.0
2026-07-11T12:22:31Z	borg	0d3a531d2f9b	sieve	-O2	63.9
2026-07-11T12:22:31Z	borg	0d3a531d2f9b	sieve	-O3	63.9
2026-07-11T12:22:31Z	borg	0d3a531d2f9b	selfcompile	-O0	4673.7
2026-07-11T12:22:31Z	borg	0d3a531d2f9b	selfcompile	-O2	3672.2
2026-07-11T12:22:31Z	borg	0d3a531d2f9b	selfcompile	-O3	3470.8
2026-07-11T13:16:43Z	borg	394fa3cc2c20	mandelbrot	-O0	113.9
2026-07-11T13:16:43Z	borg	394fa3cc2c20	mandelbrot	-O2	113.9
2026-07-11T13:16:43Z	borg	394fa3cc2c20	mandelbrot	-O3	113.9
2026-07-11T13:16:43Z	borg	394fa3cc2c20	raytracer	-O0	14440.4
2026-07-11T13:16:43Z	borg	394fa3cc2c20	raytracer	-O2	9331.8
2026-07-11T13:16:43Z	borg	394fa3cc2c20	raytracer	-O3	8031.4
2026-07-11T13:16:43Z	borg	394fa3cc2c20	sieve	-O0	114.0
2026-07-11T13:16:43Z	borg	394fa3cc2c20	sieve	-O2	64.0
2026-07-11T13:16:43Z	borg	394fa3cc2c20	sieve	-O3	113.9
2026-07-11T13:16:43Z	borg	394fa3cc2c20	nbody	-O0	615.1
2026-07-11T13:16:43Z	borg	394fa3cc2c20	nbody	-O2	565.1
2026-07-11T13:16:43Z	borg	394fa3cc2c20	nbody	-O3	564.7
2026-07-11T13:16:43Z	borg	394fa3cc2c20	nbody	fpc	63.9
2026-07-11T13:16:43Z	borg	394fa3cc2c20	selfcompile	-O0	4774.1
2026-07-11T13:16:43Z	borg	394fa3cc2c20	selfcompile	-O2	3621.4
2026-07-11T13:16:43Z	borg	394fa3cc2c20	selfcompile	-O3	3321.3
2026-07-11T14:02:52Z	borg	de0cfeeeaf7d	mandelbrot	-O0	1316.6
2026-07-11T14:02:52Z	borg	de0cfeeeaf7d	mandelbrot	-O2	1266.3
2026-07-11T14:02:52Z	borg	de0cfeeeaf7d	mandelbrot	-O3	1066.1
2026-07-11T14:02:52Z	borg	de0cfeeeaf7d	raytracer	-O0	12690.8
2026-07-11T14:02:52Z	borg	de0cfeeeaf7d	raytracer	-O2	8285.5
2026-07-11T14:02:52Z	borg	de0cfeeeaf7d	raytracer	-O3	7230.5
2026-07-11T14:02:52Z	borg	de0cfeeeaf7d	sieve	-O0	114.2
2026-07-11T14:02:52Z	borg	de0cfeeeaf7d	sieve	-O2	114.1
2026-07-11T14:02:52Z	borg	de0cfeeeaf7d	sieve	-O3	114.2
2026-07-11T14:02:52Z	borg	de0cfeeeaf7d	nbody	-O0	615.2
2026-07-11T14:02:52Z	borg	de0cfeeeaf7d	nbody	-O2	565.1
2026-07-11T14:02:52Z	borg	de0cfeeeaf7d	nbody	-O3	565.1
2026-07-11T14:02:52Z	borg	de0cfeeeaf7d	nbody	fpc	64.1
2026-07-11T14:02:52Z	borg	de0cfeeeaf7d	fib	-O0	264.4
2026-07-11T14:02:52Z	borg	de0cfeeeaf7d	fib	-O2	164.3
2026-07-11T14:02:52Z	borg	de0cfeeeaf7d	fib	-O3	164.3
2026-07-11T14:02:52Z	borg	de0cfeeeaf7d	fib	fpc	114.2
2026-07-11T14:02:52Z	borg	de0cfeeeaf7d	selfcompile	-O0	4624.1
2026-07-11T14:02:52Z	borg	de0cfeeeaf7d	selfcompile	-O2	3521.5
2026-07-11T14:02:52Z	borg	de0cfeeeaf7d	selfcompile	-O3	3271.6
2026-07-11T14:13:46Z	borg	310e031672de	mandelbrot	-O0	1366.9
2026-07-11T14:13:46Z	borg	310e031672de	mandelbrot	-O2	1316.8
2026-07-11T14:13:46Z	borg	310e031672de	mandelbrot	-O3	1116.0
2026-07-11T14:13:46Z	borg	310e031672de	raytracer	-O0	12843.6
2026-07-11T14:13:46Z	borg	310e031672de	raytracer	-O2	7983.2
2026-07-11T14:13:46Z	borg	310e031672de	raytracer	-O3	7080.1
2026-07-11T14:13:46Z	borg	310e031672de	sieve	-O0	114.0
2026-07-11T14:13:46Z	borg	310e031672de	sieve	-O2	64.0
2026-07-11T14:13:46Z	borg	310e031672de	sieve	-O3	114.1
2026-07-11T14:13:46Z	borg	310e031672de	nbody	-O0	615.3
2026-07-11T14:13:46Z	borg	310e031672de	nbody	-O2	565.1
2026-07-11T14:13:46Z	borg	310e031672de	nbody	-O3	514.9
2026-07-11T14:13:46Z	borg	310e031672de	nbody	fpc	63.9
2026-07-11T14:13:46Z	borg	310e031672de	fib	-O0	264.1
2026-07-11T14:13:46Z	borg	310e031672de	fib	-O2	164.2
2026-07-11T14:13:46Z	borg	310e031672de	fib	-O3	164.3
2026-07-11T14:13:46Z	borg	310e031672de	fib	fpc	114.0
2026-07-11T14:13:46Z	borg	310e031672de	selfcompile	-O0	4473.6
2026-07-11T14:13:46Z	borg	310e031672de	selfcompile	-O2	3471.5
2026-07-11T14:13:46Z	borg	310e031672de	selfcompile	-O3	3321.2
2026-07-11T17:53:30Z	borg	8b65847f995a	mandelbrot	-O0	1417.1
2026-07-11T17:53:30Z	borg	8b65847f995a	mandelbrot	-O2	1416.6
2026-07-11T17:53:30Z	borg	8b65847f995a	mandelbrot	-O3	1266.2
2026-07-11T17:53:30Z	borg	8b65847f995a	raytracer	-O0	15244.7
2026-07-11T17:53:30Z	borg	8b65847f995a	raytracer	-O2	9792.7
2026-07-11T17:53:30Z	borg	8b65847f995a	raytracer	-O3	8233.1
2026-07-11T17:53:30Z	borg	8b65847f995a	sieve	-O0	114.0
2026-07-11T17:53:30Z	borg	8b65847f995a	sieve	-O2	114.0
2026-07-11T17:53:30Z	borg	8b65847f995a	sieve	-O3	113.9
2026-07-11T17:53:30Z	borg	8b65847f995a	nbody	-O0	765.3
2026-07-11T17:53:30Z	borg	8b65847f995a	nbody	-O2	715.2
2026-07-11T17:53:30Z	borg	8b65847f995a	nbody	-O3	564.8
2026-07-11T17:53:30Z	borg	8b65847f995a	nbody	fpc	113.9
2026-07-11T17:53:30Z	borg	8b65847f995a	fib	-O0	314.4
2026-07-11T17:53:30Z	borg	8b65847f995a	fib	-O2	214.1
2026-07-11T17:53:30Z	borg	8b65847f995a	fib	-O3	214.2
2026-07-11T17:53:30Z	borg	8b65847f995a	fib	fpc	114.1
2026-07-11T17:53:30Z	borg	8b65847f995a	selfcompile	-O0	5574.5
2026-07-11T17:53:30Z	borg	8b65847f995a	selfcompile	-O2	3621.8
2026-07-11T17:53:30Z	borg	8b65847f995a	selfcompile	-O3	3521.7
2026-07-11T18:03:55Z	borg	fe67acbe6fea	mandelbrot	-O0	1366.9
2026-07-11T18:03:55Z	borg	fe67acbe6fea	mandelbrot	-O2	1316.7
2026-07-11T18:03:55Z	borg	fe67acbe6fea	mandelbrot	-O3	1116.2
2026-07-11T18:03:55Z	borg	fe67acbe6fea	raytracer	-O0	13292.9
2026-07-11T18:03:55Z	borg	fe67acbe6fea	raytracer	-O2	8229.7
2026-07-11T18:03:55Z	borg	fe67acbe6fea	raytracer	-O3	7281.4
2026-07-11T18:03:55Z	borg	fe67acbe6fea	sieve	-O0	114.0
2026-07-11T18:03:55Z	borg	fe67acbe6fea	sieve	-O2	63.9
2026-07-11T18:03:55Z	borg	fe67acbe6fea	sieve	-O3	63.9
2026-07-11T18:03:55Z	borg	fe67acbe6fea	nbody	-O0	615.3
2026-07-11T18:03:55Z	borg	fe67acbe6fea	nbody	-O2	565.1
2026-07-11T18:03:55Z	borg	fe67acbe6fea	nbody	-O3	564.8
2026-07-11T18:03:55Z	borg	fe67acbe6fea	nbody	fpc	64.0
2026-07-11T18:03:55Z	borg	fe67acbe6fea	fib	-O0	264.3
2026-07-11T18:03:55Z	borg	fe67acbe6fea	fib	-O2	164.1
2026-07-11T18:03:55Z	borg	fe67acbe6fea	fib	-O3	214.3
2026-07-11T18:03:55Z	borg	fe67acbe6fea	fib	fpc	114.1
2026-07-11T18:03:55Z	borg	fe67acbe6fea	selfcompile	-O0	4574.5
2026-07-11T18:03:55Z	borg	fe67acbe6fea	selfcompile	-O2	3571.6
2026-07-11T18:03:55Z	borg	fe67acbe6fea	selfcompile	-O3	3421.2
2026-07-11T19:25:52Z	borg	ba5ddd15a4df	mandelbrot	-O0	1366.5
2026-07-11T19:25:52Z	borg	ba5ddd15a4df	mandelbrot	-O2	1366.6
2026-07-11T19:25:52Z	borg	ba5ddd15a4df	mandelbrot	-O3	1116.6
2026-07-11T19:25:52Z	borg	ba5ddd15a4df	raytracer	-O0	13793.6
2026-07-11T19:25:52Z	borg	ba5ddd15a4df	raytracer	-O2	8482.7
2026-07-11T19:25:52Z	borg	ba5ddd15a4df	raytracer	-O3	7480.6
2026-07-11T19:25:52Z	borg	ba5ddd15a4df	sieve	-O0	114.0
2026-07-11T19:25:52Z	borg	ba5ddd15a4df	sieve	-O2	114.2
2026-07-11T19:25:52Z	borg	ba5ddd15a4df	sieve	-O3	114.1
2026-07-11T19:25:52Z	borg	ba5ddd15a4df	nbody	-O0	665.2
2026-07-11T19:25:52Z	borg	ba5ddd15a4df	nbody	-O2	615.1
2026-07-11T19:25:52Z	borg	ba5ddd15a4df	nbody	-O3	565.0
2026-07-11T19:25:52Z	borg	ba5ddd15a4df	nbody	fpc	64.0
2026-07-11T19:25:52Z	borg	ba5ddd15a4df	fib	-O0	264.2
2026-07-11T19:25:52Z	borg	ba5ddd15a4df	fib	-O2	164.1
2026-07-11T19:25:52Z	borg	ba5ddd15a4df	fib	-O3	164.3
2026-07-11T19:25:52Z	borg	ba5ddd15a4df	fib	fpc	114.1
2026-07-11T19:25:52Z	borg	ba5ddd15a4df	selfcompile	-O0	4675.0
2026-07-11T19:25:52Z	borg	ba5ddd15a4df	selfcompile	-O2	3572.3
2026-07-11T19:25:52Z	borg	ba5ddd15a4df	selfcompile	-O3	3372.1
2026-07-11T19:35:28Z	borg	320f3408d107	mandelbrot	-O0	1367.0
2026-07-11T19:35:28Z	borg	320f3408d107	mandelbrot	-O2	1316.8
2026-07-11T19:35:28Z	borg	320f3408d107	mandelbrot	-O3	1116.2
2026-07-11T19:35:28Z	borg	320f3408d107	raytracer	-O0	13193.4
2026-07-11T19:35:28Z	borg	320f3408d107	raytracer	-O2	8184.9
2026-07-11T19:35:28Z	borg	320f3408d107	raytracer	-O3	7280.5
2026-07-11T19:35:28Z	borg	320f3408d107	sieve	-O0	114.1
2026-07-11T19:35:28Z	borg	320f3408d107	sieve	-O2	64.1
2026-07-11T19:35:28Z	borg	320f3408d107	sieve	-O3	63.9
2026-07-11T19:35:28Z	borg	320f3408d107	nbody	-O0	615.3
2026-07-11T19:35:28Z	borg	320f3408d107	nbody	-O2	564.8
2026-07-11T19:35:28Z	borg	320f3408d107	nbody	-O3	565.1
2026-07-11T19:35:28Z	borg	320f3408d107	nbody	fpc	64.0
2026-07-11T19:35:28Z	borg	320f3408d107	fib	-O0	264.4
2026-07-11T19:35:28Z	borg	320f3408d107	fib	-O2	164.2
2026-07-11T19:35:28Z	borg	320f3408d107	fib	-O3	164.3
2026-07-11T19:35:28Z	borg	320f3408d107	fib	fpc	114.0
2026-07-11T19:35:28Z	borg	320f3408d107	selfcompile	-O0	4623.9
2026-07-11T19:35:28Z	borg	320f3408d107	selfcompile	-O2	3521.3
2026-07-11T19:35:28Z	borg	320f3408d107	selfcompile	-O3	3371.6
2026-07-11T19:50:10Z	borg	ae44d4d4c003	mandelbrot	-O0	1416.5
2026-07-11T19:50:10Z	borg	ae44d4d4c003	mandelbrot	-O2	1317.0
2026-07-11T19:50:10Z	borg	ae44d4d4c003	mandelbrot	-O3	1116.1
2026-07-11T19:50:10Z	borg	ae44d4d4c003	raytracer	-O0	13193.2
2026-07-11T19:50:10Z	borg	ae44d4d4c003	raytracer	-O2	8381.9
2026-07-11T19:50:10Z	borg	ae44d4d4c003	raytracer	-O3	7380.4
2026-07-11T19:50:10Z	borg	ae44d4d4c003	sieve	-O0	114.0
2026-07-11T19:50:10Z	borg	ae44d4d4c003	sieve	-O2	63.9
2026-07-11T19:50:10Z	borg	ae44d4d4c003	sieve	-O3	64.2
2026-07-11T19:50:10Z	borg	ae44d4d4c003	nbody	-O0	665.3
2026-07-11T19:50:10Z	borg	ae44d4d4c003	nbody	-O2	565.2
2026-07-11T19:50:10Z	borg	ae44d4d4c003	nbody	-O3	565.1
2026-07-11T19:50:10Z	borg	ae44d4d4c003	nbody	fpc	64.1
2026-07-11T19:50:10Z	borg	ae44d4d4c003	fib	-O0	264.5
2026-07-11T19:50:10Z	borg	ae44d4d4c003	fib	-O2	164.2
2026-07-11T19:50:10Z	borg	ae44d4d4c003	fib	-O3	164.1
2026-07-11T19:50:10Z	borg	ae44d4d4c003	fib	fpc	114.1
2026-07-11T19:50:10Z	borg	ae44d4d4c003	selfcompile	-O0	4524.5
2026-07-11T19:50:10Z	borg	ae44d4d4c003	selfcompile	-O2	3422.4
2026-07-11T19:50:10Z	borg	ae44d4d4c003	selfcompile	-O3	3371.4
2026-07-11T20:01:16Z	borg	60ad659b9b68	mandelbrot	-O0	1366.7
2026-07-11T20:01:16Z	borg	60ad659b9b68	mandelbrot	-O2	1316.0
2026-07-11T20:01:16Z	borg	60ad659b9b68	mandelbrot	-O3	1116.5
2026-07-11T20:01:16Z	borg	60ad659b9b68	raytracer	-O0	13095.3
2026-07-11T20:01:16Z	borg	60ad659b9b68	raytracer	-O2	8283.2
2026-07-11T20:01:16Z	borg	60ad659b9b68	raytracer	-O3	7281.5
2026-07-11T20:01:16Z	borg	60ad659b9b68	sieve	-O0	114.0
2026-07-11T20:01:16Z	borg	60ad659b9b68	sieve	-O2	114.1
2026-07-11T20:01:16Z	borg	60ad659b9b68	sieve	-O3	64.0
2026-07-11T20:01:16Z	borg	60ad659b9b68	nbody	-O0	615.2
2026-07-11T20:01:16Z	borg	60ad659b9b68	nbody	-O2	565.0
2026-07-11T20:01:16Z	borg	60ad659b9b68	nbody	-O3	565.1
2026-07-11T20:01:16Z	borg	60ad659b9b68	nbody	fpc	64.0
2026-07-11T20:01:16Z	borg	60ad659b9b68	fib	-O0	264.5
2026-07-11T20:01:16Z	borg	60ad659b9b68	fib	-O2	164.2
2026-07-11T20:01:16Z	borg	60ad659b9b68	fib	-O3	164.2
2026-07-11T20:01:16Z	borg	60ad659b9b68	fib	fpc	114.1
2026-07-11T20:01:16Z	borg	60ad659b9b68	selfcompile	-O0	4574.8
2026-07-11T20:01:16Z	borg	60ad659b9b68	selfcompile	-O2	3471.9
2026-07-11T20:01:16Z	borg	60ad659b9b68	selfcompile	-O3	3371.5
2026-07-11T20:41:36Z	borg	e70adddaa8e4	mandelbrot	-O0	1367.0
2026-07-11T20:41:36Z	borg	e70adddaa8e4	mandelbrot	-O2	1366.3
2026-07-11T20:41:36Z	borg	e70adddaa8e4	mandelbrot	-O3	1165.9
2026-07-11T20:41:36Z	borg	e70adddaa8e4	raytracer	-O0	13093.7
2026-07-11T20:41:36Z	borg	e70adddaa8e4	raytracer	-O2	8233.4
2026-07-11T20:41:36Z	borg	e70adddaa8e4	raytracer	-O3	7530.6
2026-07-11T20:41:36Z	borg	e70adddaa8e4	sieve	-O0	114.2
2026-07-11T20:41:36Z	borg	e70adddaa8e4	sieve	-O2	114.1
2026-07-11T20:41:36Z	borg	e70adddaa8e4	sieve	-O3	64.1
2026-07-11T20:41:36Z	borg	e70adddaa8e4	nbody	-O0	615.1
2026-07-11T20:41:36Z	borg	e70adddaa8e4	nbody	-O2	565.3
2026-07-11T20:41:36Z	borg	e70adddaa8e4	nbody	-O3	565.1
2026-07-11T20:41:36Z	borg	e70adddaa8e4	nbody	fpc	64.0
2026-07-11T20:41:36Z	borg	e70adddaa8e4	fib	-O0	264.4
2026-07-11T20:41:36Z	borg	e70adddaa8e4	fib	-O2	164.3
2026-07-11T20:41:36Z	borg	e70adddaa8e4	fib	-O3	164.2
2026-07-11T20:41:36Z	borg	e70adddaa8e4	fib	fpc	114.0
2026-07-11T20:41:36Z	borg	e70adddaa8e4	selfcompile	-O0	4574.2
2026-07-11T20:41:36Z	borg	e70adddaa8e4	selfcompile	-O2	3471.7
2026-07-11T20:41:36Z	borg	e70adddaa8e4	selfcompile	-O3	3420.5
2026-07-11T20:59:12Z	borg	96456a43059b	mandelbrot	-O0	1366.9
2026-07-11T20:59:12Z	borg	96456a43059b	mandelbrot	-O2	1316.3
2026-07-11T20:59:12Z	borg	96456a43059b	mandelbrot	-O3	1116.3
2026-07-11T20:59:12Z	borg	96456a43059b	raytracer	-O0	13144.2
2026-07-11T20:59:12Z	borg	96456a43059b	raytracer	-O2	8383.8
2026-07-11T20:59:12Z	borg	96456a43059b	raytracer	-O3	7280.1
2026-07-11T20:59:12Z	borg	96456a43059b	sieve	-O0	114.1
2026-07-11T20:59:12Z	borg	96456a43059b	sieve	-O2	64.0
2026-07-11T20:59:12Z	borg	96456a43059b	sieve	-O3	64.0
2026-07-11T20:59:12Z	borg	96456a43059b	nbody	-O0	615.1
2026-07-11T20:59:12Z	borg	96456a43059b	nbody	-O2	565.2
2026-07-11T20:59:12Z	borg	96456a43059b	nbody	-O3	565.0
2026-07-11T20:59:12Z	borg	96456a43059b	nbody	fpc	64.0
2026-07-11T20:59:12Z	borg	96456a43059b	fib	-O0	264.4
2026-07-11T20:59:12Z	borg	96456a43059b	fib	-O2	164.2
2026-07-11T20:59:12Z	borg	96456a43059b	fib	-O3	164.3
2026-07-11T20:59:12Z	borg	96456a43059b	fib	fpc	114.1
2026-07-11T20:59:12Z	borg	96456a43059b	selfcompile	-O0	4625.4
2026-07-11T20:59:12Z	borg	96456a43059b	selfcompile	-O2	3521.6
2026-07-11T20:59:12Z	borg	96456a43059b	selfcompile	-O3	3421.5
2026-07-11T21:12:14Z	borg	7b95a7470ebc	mandelbrot	-O0	1366.9
2026-07-11T21:12:14Z	borg	7b95a7470ebc	mandelbrot	-O2	1317.2
2026-07-11T21:12:14Z	borg	7b95a7470ebc	mandelbrot	-O3	1116.1
2026-07-11T21:12:14Z	borg	7b95a7470ebc	raytracer	-O0	13292.9
2026-07-11T21:12:14Z	borg	7b95a7470ebc	raytracer	-O2	8483.0
2026-07-11T21:12:14Z	borg	7b95a7470ebc	raytracer	-O3	7279.3
2026-07-11T21:12:14Z	borg	7b95a7470ebc	sieve	-O0	114.1
2026-07-11T21:12:14Z	borg	7b95a7470ebc	sieve	-O2	64.1
2026-07-11T21:12:14Z	borg	7b95a7470ebc	sieve	-O3	114.1
2026-07-11T21:12:14Z	borg	7b95a7470ebc	nbody	-O0	615.3
2026-07-11T21:12:14Z	borg	7b95a7470ebc	nbody	-O2	565.0
2026-07-11T21:12:14Z	borg	7b95a7470ebc	nbody	-O3	564.9
2026-07-11T21:12:14Z	borg	7b95a7470ebc	nbody	fpc	63.9
2026-07-11T21:12:14Z	borg	7b95a7470ebc	fib	-O0	264.4
2026-07-11T21:12:14Z	borg	7b95a7470ebc	fib	-O2	164.2
2026-07-11T21:12:14Z	borg	7b95a7470ebc	fib	-O3	164.3
2026-07-11T21:12:14Z	borg	7b95a7470ebc	fib	fpc	114.1
2026-07-11T21:12:14Z	borg	7b95a7470ebc	selfcompile	-O0	4624.2
2026-07-11T21:12:14Z	borg	7b95a7470ebc	selfcompile	-O2	3522.1
2026-07-11T21:12:14Z	borg	7b95a7470ebc	selfcompile	-O3	3421.8
2026-07-11T21:48:36Z	borg	163ffea562fa	mandelbrot	-O0	1366.5
2026-07-11T21:48:36Z	borg	163ffea562fa	mandelbrot	-O2	1316.6
2026-07-11T21:48:36Z	borg	163ffea562fa	mandelbrot	-O3	1116.3
2026-07-11T21:48:36Z	borg	163ffea562fa	raytracer	-O0	13192.8
2026-07-11T21:48:36Z	borg	163ffea562fa	raytracer	-O2	8283.3
2026-07-11T21:48:36Z	borg	163ffea562fa	raytracer	-O3	7281.5
2026-07-11T21:48:36Z	borg	163ffea562fa	sieve	-O0	114.0
2026-07-11T21:48:36Z	borg	163ffea562fa	sieve	-O2	64.0
2026-07-11T21:48:36Z	borg	163ffea562fa	sieve	-O3	114.1
2026-07-11T21:48:36Z	borg	163ffea562fa	nbody	-O0	615.2
2026-07-11T21:48:36Z	borg	163ffea562fa	nbody	-O2	565.1
2026-07-11T21:48:36Z	borg	163ffea562fa	nbody	-O3	565.1
2026-07-11T21:48:36Z	borg	163ffea562fa	nbody	fpc	64.0
2026-07-11T21:48:36Z	borg	163ffea562fa	fib	-O0	264.4
2026-07-11T21:48:36Z	borg	163ffea562fa	fib	-O2	164.2
2026-07-11T21:48:36Z	borg	163ffea562fa	fib	-O3	164.1
2026-07-11T21:48:36Z	borg	163ffea562fa	fib	fpc	114.0
2026-07-11T21:48:36Z	borg	163ffea562fa	selfcompile	-O0	4573.6
2026-07-11T21:48:36Z	borg	163ffea562fa	selfcompile	-O2	3471.9
2026-07-11T21:48:36Z	borg	163ffea562fa	selfcompile	-O3	3371.4
2026-07-11T21:57:53Z	borg	ddac677a8f90	mandelbrot	-O0	1366.6
2026-07-11T21:57:53Z	borg	ddac677a8f90	mandelbrot	-O2	1316.6
2026-07-11T21:57:53Z	borg	ddac677a8f90	mandelbrot	-O3	1116.2
2026-07-11T21:57:53Z	borg	ddac677a8f90	raytracer	-O0	13044.8
2026-07-11T21:57:53Z	borg	ddac677a8f90	raytracer	-O2	8283.2
2026-07-11T21:57:53Z	borg	ddac677a8f90	raytracer	-O3	7327.9
2026-07-11T21:57:53Z	borg	ddac677a8f90	sieve	-O0	114.1
2026-07-11T21:57:53Z	borg	ddac677a8f90	sieve	-O2	114.1
2026-07-11T21:57:53Z	borg	ddac677a8f90	sieve	-O3	114.0
2026-07-11T21:57:53Z	borg	ddac677a8f90	nbody	-O0	615.2
2026-07-11T21:57:53Z	borg	ddac677a8f90	nbody	-O2	565.1
2026-07-11T21:57:53Z	borg	ddac677a8f90	nbody	-O3	565.1
2026-07-11T21:57:53Z	borg	ddac677a8f90	nbody	fpc	63.9
2026-07-11T21:57:53Z	borg	ddac677a8f90	fib	-O0	264.4
2026-07-11T21:57:53Z	borg	ddac677a8f90	fib	-O2	164.1
2026-07-11T21:57:53Z	borg	ddac677a8f90	fib	-O3	164.2
2026-07-11T21:57:53Z	borg	ddac677a8f90	fib	fpc	114.1
2026-07-11T21:57:53Z	borg	ddac677a8f90	selfcompile	-O0	4625.0
2026-07-11T21:57:53Z	borg	ddac677a8f90	selfcompile	-O2	3471.8
2026-07-11T21:57:53Z	borg	ddac677a8f90	selfcompile	-O3	3371.5
2026-07-11T22:18:42Z	borg	9acff526fae3	mandelbrot	-O0	1316.5
2026-07-11T22:18:42Z	borg	9acff526fae3	mandelbrot	-O2	1316.3
2026-07-11T22:18:42Z	borg	9acff526fae3	mandelbrot	-O3	1066.2
2026-07-11T22:18:42Z	borg	9acff526fae3	raytracer	-O0	12694.1
2026-07-11T22:18:42Z	borg	9acff526fae3	raytracer	-O2	7981.9
2026-07-11T22:18:42Z	borg	9acff526fae3	raytracer	-O3	7280.1
2026-07-11T22:18:42Z	borg	9acff526fae3	sieve	-O0	113.9
2026-07-11T22:18:42Z	borg	9acff526fae3	sieve	-O2	63.8
2026-07-11T22:18:42Z	borg	9acff526fae3	sieve	-O3	63.9
2026-07-11T22:18:42Z	borg	9acff526fae3	nbody	-O0	615.2
2026-07-11T22:18:42Z	borg	9acff526fae3	nbody	-O2	565.0
2026-07-11T22:18:42Z	borg	9acff526fae3	nbody	-O3	515.0
2026-07-11T22:18:42Z	borg	9acff526fae3	nbody	fpc	64.0
2026-07-11T22:18:42Z	borg	9acff526fae3	fib	-O0	264.3
2026-07-11T22:18:42Z	borg	9acff526fae3	fib	-O2	164.1
2026-07-11T22:18:42Z	borg	9acff526fae3	fib	-O3	164.1
2026-07-11T22:18:42Z	borg	9acff526fae3	fib	fpc	114.1
2026-07-11T22:18:42Z	borg	9acff526fae3	selfcompile	-O0	4523.8
2026-07-11T22:18:42Z	borg	9acff526fae3	selfcompile	-O2	3419.8
2026-07-11T22:18:42Z	borg	9acff526fae3	selfcompile	-O3	3321.1
2026-07-12T04:12:58Z	borg	7bf9e80393ed	mandelbrot	-O0	1466.8
2026-07-12T04:12:58Z	borg	7bf9e80393ed	mandelbrot	-O2	1416.8
2026-07-12T04:12:58Z	borg	7bf9e80393ed	mandelbrot	-O3	1266.5
2026-07-12T04:12:58Z	borg	7bf9e80393ed	raytracer	-O0	15195.1
2026-07-12T04:12:58Z	borg	7bf9e80393ed	raytracer	-O2	8933.5
2026-07-12T04:12:58Z	borg	7bf9e80393ed	raytracer	-O3	7830.8
2026-07-12T04:12:58Z	borg	7bf9e80393ed	sieve	-O0	114.1
2026-07-12T04:12:58Z	borg	7bf9e80393ed	sieve	-O2	113.9
2026-07-12T04:12:58Z	borg	7bf9e80393ed	sieve	-O3	114.1
2026-07-12T04:12:58Z	borg	7bf9e80393ed	nbody	-O0	665.3
2026-07-12T04:12:58Z	borg	7bf9e80393ed	nbody	-O2	615.2
2026-07-12T04:12:58Z	borg	7bf9e80393ed	nbody	-O3	616.6
2026-07-12T04:12:58Z	borg	7bf9e80393ed	nbody	fpc	114.3
2026-07-12T04:12:58Z	borg	7bf9e80393ed	fib	-O0	314.5
2026-07-12T04:12:58Z	borg	7bf9e80393ed	fib	-O2	216.6
2026-07-12T04:12:58Z	borg	7bf9e80393ed	fib	-O3	264.4
2026-07-12T04:12:58Z	borg	7bf9e80393ed	fib	fpc	114.1
2026-07-12T04:12:58Z	borg	7bf9e80393ed	selfcompile	-O0	5526.3
2026-07-12T04:12:58Z	borg	7bf9e80393ed	selfcompile	-O2	4423.9
2026-07-12T04:12:58Z	borg	7bf9e80393ed	selfcompile	-O3	4073.1
2026-07-12T04:30:18Z	borg	83006e927e35	mandelbrot	-O0	1417.0
2026-07-12T04:30:18Z	borg	83006e927e35	mandelbrot	-O2	1366.4
2026-07-12T04:30:18Z	borg	83006e927e35	mandelbrot	-O3	1366.7
2026-07-12T04:30:18Z	borg	83006e927e35	raytracer	-O0	14695.5
2026-07-12T04:30:18Z	borg	83006e927e35	raytracer	-O2	9282.8
2026-07-12T04:30:18Z	borg	83006e927e35	raytracer	-O3	8231.0
2026-07-12T04:30:18Z	borg	83006e927e35	sieve	-O0	114.0
2026-07-12T04:30:18Z	borg	83006e927e35	sieve	-O2	64.1
2026-07-12T04:30:18Z	borg	83006e927e35	sieve	-O3	114.1
2026-07-12T04:30:18Z	borg	83006e927e35	nbody	-O0	665.2
2026-07-12T04:30:18Z	borg	83006e927e35	nbody	-O2	615.0
2026-07-12T04:30:18Z	borg	83006e927e35	nbody	-O3	564.9
2026-07-12T04:30:18Z	borg	83006e927e35	nbody	fpc	113.9
2026-07-12T04:30:18Z	borg	83006e927e35	fib	-O0	264.3
2026-07-12T04:30:18Z	borg	83006e927e35	fib	-O2	214.3
2026-07-12T04:30:18Z	borg	83006e927e35	fib	-O3	214.3
2026-07-12T04:30:18Z	borg	83006e927e35	fib	fpc	114.0
2026-07-12T04:30:18Z	borg	83006e927e35	selfcompile	-O0	5227.0
2026-07-12T04:30:18Z	borg	83006e927e35	selfcompile	-O2	3972.4
2026-07-12T04:30:18Z	borg	83006e927e35	selfcompile	-O3	3921.5
2026-07-12T05:18:23Z	borg	3db9cbaad744	mandelbrot	-O0	1416.4
2026-07-12T05:18:23Z	borg	3db9cbaad744	mandelbrot	-O2	1466.6
2026-07-12T05:18:23Z	borg	3db9cbaad744	mandelbrot	-O3	1216.5
2026-07-12T05:18:23Z	borg	3db9cbaad744	raytracer	-O0	15095.9
2026-07-12T05:18:23Z	borg	3db9cbaad744	raytracer	-O2	9383.5
2026-07-12T05:18:23Z	borg	3db9cbaad744	raytracer	-O3	8381.7
2026-07-12T05:18:23Z	borg	3db9cbaad744	sieve	-O0	114.0
2026-07-12T05:18:23Z	borg	3db9cbaad744	sieve	-O2	114.1
2026-07-12T05:18:23Z	borg	3db9cbaad744	sieve	-O3	114.0
2026-07-12T05:18:23Z	borg	3db9cbaad744	nbody	-O0	665.3
2026-07-12T05:18:23Z	borg	3db9cbaad744	nbody	-O2	615.1
2026-07-12T05:18:23Z	borg	3db9cbaad744	nbody	-O3	565.0
2026-07-12T05:18:23Z	borg	3db9cbaad744	nbody	fpc	114.1
2026-07-12T05:18:23Z	borg	3db9cbaad744	fib	-O0	264.3
2026-07-12T05:18:23Z	borg	3db9cbaad744	fib	-O2	164.2
2026-07-12T05:18:23Z	borg	3db9cbaad744	fib	-O3	214.2
2026-07-12T05:18:23Z	borg	3db9cbaad744	fib	fpc	164.1
2026-07-12T05:18:23Z	borg	3db9cbaad744	selfcompile	-O0	5224.2
2026-07-12T05:18:23Z	borg	3db9cbaad744	selfcompile	-O2	3973.2
2026-07-12T05:18:23Z	borg	3db9cbaad744	selfcompile	-O3	3521.0
2026-07-12T05:32:49Z	borg	33f5b545fa39	mandelbrot	-O0	2034.3
2026-07-12T05:32:49Z	borg	33f5b545fa39	mandelbrot	-O2	2275.0
2026-07-12T05:32:49Z	borg	33f5b545fa39	mandelbrot	-O3	1925.1
2026-07-12T05:32:49Z	borg	33f5b545fa39	raytracer	-O0	15250.3
2026-07-12T05:32:49Z	borg	33f5b545fa39	raytracer	-O2	9333.4
2026-07-12T05:32:49Z	borg	33f5b545fa39	raytracer	-O3	8231.0
2026-07-12T05:32:49Z	borg	33f5b545fa39	sieve	-O0	114.0
2026-07-12T05:32:49Z	borg	33f5b545fa39	sieve	-O2	114.0
2026-07-12T05:32:49Z	borg	33f5b545fa39	sieve	-O3	114.0
2026-07-12T05:32:49Z	borg	33f5b545fa39	nbody	-O0	665.2
2026-07-12T05:32:49Z	borg	33f5b545fa39	nbody	-O2	615.1
2026-07-12T05:32:49Z	borg	33f5b545fa39	nbody	-O3	564.9
2026-07-12T05:32:49Z	borg	33f5b545fa39	nbody	fpc	114.0
2026-07-12T05:32:49Z	borg	33f5b545fa39	fib	-O0	264.3
2026-07-12T05:32:49Z	borg	33f5b545fa39	fib	-O2	164.1
2026-07-12T05:32:49Z	borg	33f5b545fa39	fib	-O3	214.3
2026-07-12T05:32:49Z	borg	33f5b545fa39	fib	fpc	113.9
2026-07-12T05:32:49Z	borg	33f5b545fa39	selfcompile	-O0	4874.3
2026-07-12T05:32:49Z	borg	33f5b545fa39	selfcompile	-O2	3822.1
2026-07-12T05:32:49Z	borg	33f5b545fa39	selfcompile	-O3	3771.4
2026-07-12T05:43:44Z	borg	fdeff9c97289	mandelbrot	-O0	1416.6
2026-07-12T05:43:44Z	borg	fdeff9c97289	mandelbrot	-O2	1416.3
2026-07-12T05:43:44Z	borg	fdeff9c97289	mandelbrot	-O3	1166.2
2026-07-12T05:43:44Z	borg	fdeff9c97289	raytracer	-O0	14693.3
2026-07-12T05:43:44Z	borg	fdeff9c97289	raytracer	-O2	9283.1
2026-07-12T05:43:44Z	borg	fdeff9c97289	raytracer	-O3	8283.0
2026-07-12T05:43:44Z	borg	fdeff9c97289	sieve	-O0	114.1
2026-07-12T05:43:44Z	borg	fdeff9c97289	sieve	-O2	114.1
2026-07-12T05:43:44Z	borg	fdeff9c97289	sieve	-O3	114.1
2026-07-12T05:43:44Z	borg	fdeff9c97289	nbody	-O0	875.1
2026-07-12T05:43:44Z	borg	fdeff9c97289	nbody	-O2	819.3
2026-07-12T05:43:44Z	borg	fdeff9c97289	nbody	-O3	919.2
2026-07-12T05:43:44Z	borg	fdeff9c97289	nbody	fpc	114.2
2026-07-12T05:43:44Z	borg	fdeff9c97289	fib	-O0	314.7
2026-07-12T05:43:44Z	borg	fdeff9c97289	fib	-O2	214.4
2026-07-12T05:43:44Z	borg	fdeff9c97289	fib	-O3	267.0
2026-07-12T05:43:44Z	borg	fdeff9c97289	fib	fpc	164.1
2026-07-12T05:43:44Z	borg	fdeff9c97289	selfcompile	-O0	6191.6
2026-07-12T05:43:44Z	borg	fdeff9c97289	selfcompile	-O2	4583.8
2026-07-12T05:43:44Z	borg	fdeff9c97289	selfcompile	-O3	3772.7
2026-07-12T05:54:41Z	borg	492d369d9150	mandelbrot	-O0	1367.0
2026-07-12T05:54:41Z	borg	492d369d9150	mandelbrot	-O2	1366.8
2026-07-12T05:54:41Z	borg	492d369d9150	mandelbrot	-O3	1166.4
2026-07-12T05:54:41Z	borg	492d369d9150	raytracer	-O0	13943.8
2026-07-12T05:54:41Z	borg	492d369d9150	raytracer	-O2	8631.7
2026-07-12T05:54:41Z	borg	492d369d9150	raytracer	-O3	8031.1
2026-07-12T05:54:41Z	borg	492d369d9150	sieve	-O0	114.0
2026-07-12T05:54:41Z	borg	492d369d9150	sieve	-O2	114.0
2026-07-12T05:54:41Z	borg	492d369d9150	sieve	-O3	114.1
2026-07-12T05:54:41Z	borg	492d369d9150	nbody	-O0	665.1
2026-07-12T05:54:41Z	borg	492d369d9150	nbody	-O2	615.2
2026-07-12T05:54:41Z	borg	492d369d9150	nbody	-O3	564.8
2026-07-12T05:54:41Z	borg	492d369d9150	nbody	fpc	114.0
2026-07-12T05:54:41Z	borg	492d369d9150	fib	-O0	264.3
2026-07-12T05:54:41Z	borg	492d369d9150	fib	-O2	164.3
2026-07-12T05:54:41Z	borg	492d369d9150	fib	-O3	164.2
2026-07-12T05:54:41Z	borg	492d369d9150	fib	fpc	114.0
2026-07-12T05:54:41Z	borg	492d369d9150	selfcompile	-O0	4774.3
2026-07-12T05:54:41Z	borg	492d369d9150	selfcompile	-O2	3671.3
2026-07-12T05:54:41Z	borg	492d369d9150	selfcompile	-O3	3621.5
2026-07-12T06:17:14Z	borg	14d46e33ca01	mandelbrot	-O0	1417.1
2026-07-12T06:17:14Z	borg	14d46e33ca01	mandelbrot	-O2	1366.8
2026-07-12T06:17:14Z	borg	14d46e33ca01	mandelbrot	-O3	1165.7
2026-07-12T06:17:14Z	borg	14d46e33ca01	raytracer	-O0	14497.2
2026-07-12T06:17:14Z	borg	14d46e33ca01	raytracer	-O2	9082.8
2026-07-12T06:17:14Z	borg	14d46e33ca01	raytracer	-O3	8030.9
2026-07-12T06:17:14Z	borg	14d46e33ca01	sieve	-O0	114.0
2026-07-12T06:17:14Z	borg	14d46e33ca01	sieve	-O2	113.9
2026-07-12T06:17:14Z	borg	14d46e33ca01	sieve	-O3	114.1
2026-07-12T06:17:14Z	borg	14d46e33ca01	nbody	-O0	665.0
2026-07-12T06:17:14Z	borg	14d46e33ca01	nbody	-O2	615.1
2026-07-12T06:17:14Z	borg	14d46e33ca01	nbody	-O3	565.0
2026-07-12T06:17:14Z	borg	14d46e33ca01	nbody	fpc	114.1
2026-07-12T06:17:14Z	borg	14d46e33ca01	fib	-O0	264.4
2026-07-12T06:17:14Z	borg	14d46e33ca01	fib	-O2	214.3
2026-07-12T06:17:14Z	borg	14d46e33ca01	fib	-O3	214.3
2026-07-12T06:17:14Z	borg	14d46e33ca01	fib	fpc	114.0
2026-07-12T06:17:14Z	borg	14d46e33ca01	selfcompile	-O0	5174.2
2026-07-12T06:17:14Z	borg	14d46e33ca01	selfcompile	-O2	3872.1
2026-07-12T06:17:14Z	borg	14d46e33ca01	selfcompile	-O3	3574.6
2026-07-12T07:15:35Z	borg	541f8fda690f	mandelbrot	-O0	1416.7
2026-07-12T07:15:35Z	borg	541f8fda690f	mandelbrot	-O2	1416.7
2026-07-12T07:15:35Z	borg	541f8fda690f	mandelbrot	-O3	1217.1
2026-07-12T07:15:35Z	borg	541f8fda690f	raytracer	-O0	14794.8
2026-07-12T07:15:35Z	borg	541f8fda690f	raytracer	-O2	9333.7
2026-07-12T07:15:35Z	borg	541f8fda690f	raytracer	-O3	8080.7
2026-07-12T07:15:35Z	borg	541f8fda690f	sieve	-O0	114.1
2026-07-12T07:15:35Z	borg	541f8fda690f	sieve	-O2	114.1
2026-07-12T07:15:35Z	borg	541f8fda690f	sieve	-O3	114.1
2026-07-12T07:15:35Z	borg	541f8fda690f	nbody	-O0	765.2
2026-07-12T07:15:35Z	borg	541f8fda690f	nbody	-O2	615.3
2026-07-12T07:15:35Z	borg	541f8fda690f	nbody	-O3	564.9
2026-07-12T07:15:35Z	borg	541f8fda690f	nbody	fpc	114.1
2026-07-12T07:15:35Z	borg	541f8fda690f	fib	-O0	314.5
2026-07-12T07:15:35Z	borg	541f8fda690f	fib	-O2	214.2
2026-07-12T07:15:35Z	borg	541f8fda690f	fib	-O3	214.3
2026-07-12T07:15:35Z	borg	541f8fda690f	fib	fpc	114.1
2026-07-12T07:15:35Z	borg	541f8fda690f	selfcompile	-O0	5274.6
2026-07-12T07:15:35Z	borg	541f8fda690f	selfcompile	-O2	4224.4
2026-07-12T07:15:35Z	borg	541f8fda690f	selfcompile	-O3	3872.0
2026-07-12T07:32:27Z	borg	2b2a0c29fdc0	mandelbrot	-O0	1416.7
2026-07-12T07:32:27Z	borg	2b2a0c29fdc0	mandelbrot	-O2	1416.9
2026-07-12T07:32:27Z	borg	2b2a0c29fdc0	mandelbrot	-O3	1216.3
2026-07-12T07:32:27Z	borg	2b2a0c29fdc0	raytracer	-O0	14094.7
2026-07-12T07:32:27Z	borg	2b2a0c29fdc0	raytracer	-O2	8632.1
2026-07-12T07:32:27Z	borg	2b2a0c29fdc0	raytracer	-O3	8030.2
2026-07-12T07:32:27Z	borg	2b2a0c29fdc0	sieve	-O0	114.1
2026-07-12T07:32:27Z	borg	2b2a0c29fdc0	sieve	-O2	64.0
2026-07-12T07:32:27Z	borg	2b2a0c29fdc0	sieve	-O3	114.0
2026-07-12T07:32:27Z	borg	2b2a0c29fdc0	nbody	-O0	665.2
2026-07-12T07:32:27Z	borg	2b2a0c29fdc0	nbody	-O2	615.0
2026-07-12T07:32:27Z	borg	2b2a0c29fdc0	nbody	-O3	564.7
2026-07-12T07:32:27Z	borg	2b2a0c29fdc0	nbody	fpc	64.0
2026-07-12T07:32:27Z	borg	2b2a0c29fdc0	fib	-O0	264.4
2026-07-12T07:32:27Z	borg	2b2a0c29fdc0	fib	-O2	164.2
2026-07-12T07:32:27Z	borg	2b2a0c29fdc0	fib	-O3	214.3
2026-07-12T07:32:27Z	borg	2b2a0c29fdc0	fib	fpc	114.1
2026-07-12T07:32:27Z	borg	2b2a0c29fdc0	selfcompile	-O0	4724.4
2026-07-12T07:32:27Z	borg	2b2a0c29fdc0	selfcompile	-O2	3621.7
2026-07-12T07:32:27Z	borg	2b2a0c29fdc0	selfcompile	-O3	3571.0
2026-07-12T07:50:15Z	borg	754c52709349	mandelbrot	-O0	1466.9
2026-07-12T07:50:15Z	borg	754c52709349	mandelbrot	-O2	1516.9
2026-07-12T07:50:15Z	borg	754c52709349	mandelbrot	-O3	1216.4
2026-07-12T07:50:15Z	borg	754c52709349	raytracer	-O0	16752.5
2026-07-12T07:50:15Z	borg	754c52709349	raytracer	-O2	9688.8
2026-07-12T07:50:15Z	borg	754c52709349	raytracer	-O3	7430.0
2026-07-12T07:50:15Z	borg	754c52709349	sieve	-O0	114.1
2026-07-12T07:50:15Z	borg	754c52709349	sieve	-O2	114.0
2026-07-12T07:50:15Z	borg	754c52709349	sieve	-O3	114.1
2026-07-12T07:50:15Z	borg	754c52709349	nbody	-O0	665.1
2026-07-12T07:50:15Z	borg	754c52709349	nbody	-O2	615.3
2026-07-12T07:50:15Z	borg	754c52709349	nbody	-O3	565.0
2026-07-12T07:50:15Z	borg	754c52709349	nbody	fpc	114.0
2026-07-12T07:50:15Z	borg	754c52709349	fib	-O0	264.3
2026-07-12T07:50:15Z	borg	754c52709349	fib	-O2	164.1
2026-07-12T07:50:15Z	borg	754c52709349	fib	-O3	214.3
2026-07-12T07:50:15Z	borg	754c52709349	fib	fpc	114.1
2026-07-12T07:50:15Z	borg	754c52709349	selfcompile	-O0	4773.9
2026-07-12T07:50:15Z	borg	754c52709349	selfcompile	-O2	3671.5
2026-07-12T07:50:15Z	borg	754c52709349	selfcompile	-O3	3571.7
2026-07-12T09:26:30Z	borg	ff6b7ac1c920	mandelbrot	-O0	1316.9
2026-07-12T09:26:30Z	borg	ff6b7ac1c920	mandelbrot	-O2	1316.6
2026-07-12T09:26:30Z	borg	ff6b7ac1c920	mandelbrot	-O3	1116.1
2026-07-12T09:26:30Z	borg	ff6b7ac1c920	raytracer	-O0	13242.2
2026-07-12T09:26:30Z	borg	ff6b7ac1c920	raytracer	-O2	8231.9
2026-07-12T09:26:30Z	borg	ff6b7ac1c920	raytracer	-O3	7179.9
2026-07-12T09:26:30Z	borg	ff6b7ac1c920	sieve	-O0	113.9
2026-07-12T09:26:30Z	borg	ff6b7ac1c920	sieve	-O2	114.1
2026-07-12T09:26:30Z	borg	ff6b7ac1c920	sieve	-O3	114.1
2026-07-12T09:26:30Z	borg	ff6b7ac1c920	nbody	-O0	615.2
2026-07-12T09:26:30Z	borg	ff6b7ac1c920	nbody	-O2	565.0
2026-07-12T09:26:30Z	borg	ff6b7ac1c920	nbody	-O3	565.1
2026-07-12T09:26:30Z	borg	ff6b7ac1c920	nbody	fpc	63.9
2026-07-12T09:26:30Z	borg	ff6b7ac1c920	fib	-O0	264.4
2026-07-12T09:26:30Z	borg	ff6b7ac1c920	fib	-O2	164.1
2026-07-12T09:26:30Z	borg	ff6b7ac1c920	fib	-O3	164.2
2026-07-12T09:26:30Z	borg	ff6b7ac1c920	fib	fpc	114.0
2026-07-12T09:26:30Z	borg	ff6b7ac1c920	selfcompile	-O0	4772.7
2026-07-12T09:26:30Z	borg	ff6b7ac1c920	selfcompile	-O2	3372.4
2026-07-12T09:26:30Z	borg	ff6b7ac1c920	selfcompile	-O3	3671.5
2026-07-12T10:53:03Z	borg	663a19759045	mandelbrot	-O0	1317.1
2026-07-12T10:53:03Z	borg	663a19759045	mandelbrot	-O2	1316.7
2026-07-12T10:53:03Z	borg	663a19759045	mandelbrot	-O3	1116.2
2026-07-12T10:53:03Z	borg	663a19759045	raytracer	-O0	13492.8
2026-07-12T10:53:03Z	borg	663a19759045	raytracer	-O2	8281.0
2026-07-12T10:53:03Z	borg	663a19759045	raytracer	-O3	7231.3
2026-07-12T10:53:03Z	borg	663a19759045	sieve	-O0	114.0
2026-07-12T10:53:03Z	borg	663a19759045	sieve	-O2	114.1
2026-07-12T10:53:03Z	borg	663a19759045	sieve	-O3	63.9
2026-07-12T10:53:03Z	borg	663a19759045	nbody	-O0	615.3
2026-07-12T10:53:03Z	borg	663a19759045	nbody	-O2	565.3
2026-07-12T10:53:03Z	borg	663a19759045	nbody	-O3	565.1
2026-07-12T10:53:03Z	borg	663a19759045	nbody	fpc	63.9
2026-07-12T10:53:03Z	borg	663a19759045	fib	-O0	264.4
2026-07-12T10:53:03Z	borg	663a19759045	fib	-O2	164.2
2026-07-12T10:53:03Z	borg	663a19759045	fib	-O3	164.3
2026-07-12T10:53:03Z	borg	663a19759045	fib	fpc	114.1
2026-07-12T10:53:03Z	borg	663a19759045	selfcompile	-O0	4974.5
2026-07-12T10:53:03Z	borg	663a19759045	selfcompile	-O2	3421.7
2026-07-12T10:53:03Z	borg	663a19759045	selfcompile	-O3	3421.6
2026-07-12T11:14:08Z	borg	73a2f2347fb6	mandelbrot	-O0	1367.2
2026-07-12T11:14:08Z	borg	73a2f2347fb6	mandelbrot	-O2	1317.0
2026-07-12T11:14:08Z	borg	73a2f2347fb6	mandelbrot	-O3	1115.9
2026-07-12T11:14:08Z	borg	73a2f2347fb6	raytracer	-O0	12994.5
2026-07-12T11:14:08Z	borg	73a2f2347fb6	raytracer	-O2	8383.0
2026-07-12T11:14:08Z	borg	73a2f2347fb6	raytracer	-O3	8080.6
2026-07-12T11:14:08Z	borg	73a2f2347fb6	sieve	-O0	114.1
2026-07-12T11:14:08Z	borg	73a2f2347fb6	sieve	-O2	113.9
2026-07-12T11:14:08Z	borg	73a2f2347fb6	sieve	-O3	114.0
2026-07-12T11:14:08Z	borg	73a2f2347fb6	nbody	-O0	665.2
2026-07-12T11:14:08Z	borg	73a2f2347fb6	nbody	-O2	615.1
2026-07-12T11:14:08Z	borg	73a2f2347fb6	nbody	-O3	564.7
2026-07-12T11:14:08Z	borg	73a2f2347fb6	nbody	fpc	64.0
2026-07-12T11:14:08Z	borg	73a2f2347fb6	fib	-O0	314.4
2026-07-12T11:14:08Z	borg	73a2f2347fb6	fib	-O2	214.3
2026-07-12T11:14:08Z	borg	73a2f2347fb6	fib	-O3	164.2
2026-07-12T11:14:08Z	borg	73a2f2347fb6	fib	fpc	114.0
2026-07-12T11:14:08Z	borg	73a2f2347fb6	selfcompile	-O0	5174.8
2026-07-12T11:14:08Z	borg	73a2f2347fb6	selfcompile	-O2	5082.6
2026-07-12T11:14:08Z	borg	73a2f2347fb6	selfcompile	-O3	6154.6
2026-07-12T11:25:38Z	borg	de6be84a7061	mandelbrot	-O0	1316.9
2026-07-12T11:25:38Z	borg	de6be84a7061	mandelbrot	-O2	1366.8
2026-07-12T11:25:38Z	borg	de6be84a7061	mandelbrot	-O3	1116.3
2026-07-12T11:25:38Z	borg	de6be84a7061	raytracer	-O0	13443.3
2026-07-12T11:25:38Z	borg	de6be84a7061	raytracer	-O2	8534.5
2026-07-12T11:25:38Z	borg	de6be84a7061	raytracer	-O3	7929.6
2026-07-12T11:25:38Z	borg	de6be84a7061	sieve	-O0	114.0
2026-07-12T11:25:38Z	borg	de6be84a7061	sieve	-O2	114.0
2026-07-12T11:25:38Z	borg	de6be84a7061	sieve	-O3	114.0
2026-07-12T11:25:38Z	borg	de6be84a7061	nbody	-O0	665.2
2026-07-12T11:25:38Z	borg	de6be84a7061	nbody	-O2	665.1
2026-07-12T11:25:38Z	borg	de6be84a7061	nbody	-O3	565.1
2026-07-12T11:25:38Z	borg	de6be84a7061	nbody	fpc	64.1
2026-07-12T11:25:38Z	borg	de6be84a7061	fib	-O0	264.2
2026-07-12T11:25:38Z	borg	de6be84a7061	fib	-O2	164.1
2026-07-12T11:25:38Z	borg	de6be84a7061	fib	-O3	214.3
2026-07-12T11:25:38Z	borg	de6be84a7061	fib	fpc	114.1
2026-07-12T11:25:38Z	borg	de6be84a7061	selfcompile	-O0	5075.1
2026-07-12T11:25:38Z	borg	de6be84a7061	selfcompile	-O2	3671.9
2026-07-12T11:25:38Z	borg	de6be84a7061	selfcompile	-O3	7008.2
2026-07-12T11:40:59Z	borg	13a980b93ff8	mandelbrot	-O0	1367.0
2026-07-12T11:40:59Z	borg	13a980b93ff8	mandelbrot	-O2	1316.6
2026-07-12T11:40:59Z	borg	13a980b93ff8	mandelbrot	-O3	1116.2
2026-07-12T11:40:59Z	borg	13a980b93ff8	raytracer	-O0	13195.0
2026-07-12T11:40:59Z	borg	13a980b93ff8	raytracer	-O2	8383.0
2026-07-12T11:40:59Z	borg	13a980b93ff8	raytracer	-O3	8131.8
2026-07-12T11:40:59Z	borg	13a980b93ff8	sieve	-O0	114.0
2026-07-12T11:40:59Z	borg	13a980b93ff8	sieve	-O2	64.0
2026-07-12T11:40:59Z	borg	13a980b93ff8	sieve	-O3	114.0
2026-07-12T11:40:59Z	borg	13a980b93ff8	nbody	-O0	665.1
2026-07-12T11:40:59Z	borg	13a980b93ff8	nbody	-O2	614.9
2026-07-12T11:40:59Z	borg	13a980b93ff8	nbody	-O3	564.7
2026-07-12T11:40:59Z	borg	13a980b93ff8	nbody	fpc	113.9
2026-07-12T11:40:59Z	borg	13a980b93ff8	fib	-O0	264.3
2026-07-12T11:40:59Z	borg	13a980b93ff8	fib	-O2	164.1
2026-07-12T11:40:59Z	borg	13a980b93ff8	fib	-O3	164.1
2026-07-12T11:40:59Z	borg	13a980b93ff8	fib	fpc	164.3
2026-07-12T11:40:59Z	borg	13a980b93ff8	selfcompile	-O0	5074.7
2026-07-12T11:40:59Z	borg	13a980b93ff8	selfcompile	-O2	3772.5
2026-07-12T11:40:59Z	borg	13a980b93ff8	selfcompile	-O3	7242.8
2026-07-12T11:55:03Z	borg	1211c9f264f9	mandelbrot	-O0	1366.8
2026-07-12T11:55:03Z	borg	1211c9f264f9	mandelbrot	-O2	1316.0
2026-07-12T11:55:03Z	borg	1211c9f264f9	mandelbrot	-O3	1116.2
2026-07-12T11:55:03Z	borg	1211c9f264f9	raytracer	-O0	13345.8
2026-07-12T11:55:03Z	borg	1211c9f264f9	raytracer	-O2	9032.6
2026-07-12T11:55:03Z	borg	1211c9f264f9	raytracer	-O3	10236.8
2026-07-12T11:55:03Z	borg	1211c9f264f9	sieve	-O0	165.6
2026-07-12T11:55:03Z	borg	1211c9f264f9	sieve	-O2	116.6
2026-07-12T11:55:03Z	borg	1211c9f264f9	sieve	-O3	165.0
2026-07-12T11:55:03Z	borg	1211c9f264f9	nbody	-O0	969.2
2026-07-12T11:55:03Z	borg	1211c9f264f9	nbody	-O2	615.2
2026-07-12T11:55:03Z	borg	1211c9f264f9	nbody	-O3	715.6
2026-07-12T11:55:03Z	borg	1211c9f264f9	nbody	fpc	114.1
2026-07-12T11:55:03Z	borg	1211c9f264f9	fib	-O0	314.4
2026-07-12T11:55:03Z	borg	1211c9f264f9	fib	-O2	164.1
2026-07-12T11:55:03Z	borg	1211c9f264f9	fib	-O3	214.3
2026-07-12T11:55:03Z	borg	1211c9f264f9	fib	fpc	114.2
2026-07-12T11:55:03Z	borg	1211c9f264f9	selfcompile	-O0	5231.2
2026-07-12T11:55:03Z	borg	1211c9f264f9	selfcompile	-O2	3924.3
2026-07-12T11:55:03Z	borg	1211c9f264f9	selfcompile	-O3	3521.0
2026-07-12T12:10:27Z	borg	54208634196d	mandelbrot	-O0	1466.8
2026-07-12T12:10:27Z	borg	54208634196d	mandelbrot	-O2	1466.9
2026-07-12T12:10:27Z	borg	54208634196d	mandelbrot	-O3	1717.3
2026-07-12T12:10:27Z	borg	54208634196d	raytracer	-O0	15704.1
2026-07-12T12:10:27Z	borg	54208634196d	raytracer	-O2	8382.5
2026-07-12T12:10:27Z	borg	54208634196d	raytracer	-O3	7330.6
2026-07-12T12:10:27Z	borg	54208634196d	sieve	-O0	114.1
2026-07-12T12:10:27Z	borg	54208634196d	sieve	-O2	63.8
2026-07-12T12:10:27Z	borg	54208634196d	sieve	-O3	64.2
2026-07-12T12:10:27Z	borg	54208634196d	nbody	-O0	615.0
2026-07-12T12:10:27Z	borg	54208634196d	nbody	-O2	565.0
2026-07-12T12:10:27Z	borg	54208634196d	nbody	-O3	564.9
2026-07-12T12:10:27Z	borg	54208634196d	nbody	fpc	64.1
2026-07-12T12:10:27Z	borg	54208634196d	fib	-O0	264.4
2026-07-12T12:10:27Z	borg	54208634196d	fib	-O2	164.2
2026-07-12T12:10:27Z	borg	54208634196d	fib	-O3	164.1
2026-07-12T12:10:27Z	borg	54208634196d	fib	fpc	114.1
2026-07-12T12:10:27Z	borg	54208634196d	selfcompile	-O0	4674.3
2026-07-12T12:10:27Z	borg	54208634196d	selfcompile	-O2	3521.3
2026-07-12T12:10:27Z	borg	54208634196d	selfcompile	-O3	3471.7
2026-07-12T12:27:27Z	borg	a38a53361acc	mandelbrot	-O0	1416.8
2026-07-12T12:27:27Z	borg	a38a53361acc	mandelbrot	-O2	1466.9
2026-07-12T12:27:27Z	borg	a38a53361acc	mandelbrot	-O3	1166.0
2026-07-12T12:27:27Z	borg	a38a53361acc	raytracer	-O0	16950.7
2026-07-12T12:27:27Z	borg	a38a53361acc	raytracer	-O2	8382.3
2026-07-12T12:27:27Z	borg	a38a53361acc	raytracer	-O3	7330.9
2026-07-12T12:27:27Z	borg	a38a53361acc	sieve	-O0	114.1
2026-07-12T12:27:27Z	borg	a38a53361acc	sieve	-O2	114.1
2026-07-12T12:27:27Z	borg	a38a53361acc	sieve	-O3	64.0
2026-07-12T12:27:27Z	borg	a38a53361acc	nbody	-O0	665.1
2026-07-12T12:27:27Z	borg	a38a53361acc	nbody	-O2	565.0
2026-07-12T12:27:27Z	borg	a38a53361acc	nbody	-O3	515.0
2026-07-12T12:27:27Z	borg	a38a53361acc	nbody	fpc	64.1
2026-07-12T12:27:27Z	borg	a38a53361acc	fib	-O0	264.3
2026-07-12T12:27:27Z	borg	a38a53361acc	fib	-O2	164.2
2026-07-12T12:27:27Z	borg	a38a53361acc	fib	-O3	164.2
2026-07-12T12:27:27Z	borg	a38a53361acc	fib	fpc	114.2
2026-07-12T12:27:27Z	borg	a38a53361acc	selfcompile	-O0	4674.2
2026-07-12T12:27:27Z	borg	a38a53361acc	selfcompile	-O2	3571.9
2026-07-12T12:27:27Z	borg	a38a53361acc	selfcompile	-O3	3471.5
2026-07-12T12:39:22Z	borg	e15a3705efc2	mandelbrot	-O0	1316.9
2026-07-12T12:39:22Z	borg	e15a3705efc2	mandelbrot	-O2	1316.6
2026-07-12T12:39:22Z	borg	e15a3705efc2	mandelbrot	-O3	1116.4
2026-07-12T12:39:22Z	borg	e15a3705efc2	raytracer	-O0	13044.6
2026-07-12T12:39:22Z	borg	e15a3705efc2	raytracer	-O2	8482.9
2026-07-12T12:39:22Z	borg	e15a3705efc2	raytracer	-O3	7282.0
2026-07-12T12:39:22Z	borg	e15a3705efc2	sieve	-O0	114.0
2026-07-12T12:39:22Z	borg	e15a3705efc2	sieve	-O2	113.9
2026-07-12T12:39:22Z	borg	e15a3705efc2	sieve	-O3	113.9
2026-07-12T12:39:22Z	borg	e15a3705efc2	nbody	-O0	665.2
2026-07-12T12:39:22Z	borg	e15a3705efc2	nbody	-O2	615.1
2026-07-12T12:39:22Z	borg	e15a3705efc2	nbody	-O3	564.8
2026-07-12T12:39:22Z	borg	e15a3705efc2	nbody	fpc	114.0
2026-07-12T12:39:22Z	borg	e15a3705efc2	fib	-O0	264.3
2026-07-12T12:39:22Z	borg	e15a3705efc2	fib	-O2	164.1
2026-07-12T12:39:22Z	borg	e15a3705efc2	fib	-O3	164.1
2026-07-12T12:39:22Z	borg	e15a3705efc2	fib	fpc	113.9
2026-07-12T12:39:22Z	borg	e15a3705efc2	selfcompile	-O0	5174.6
2026-07-12T12:39:22Z	borg	e15a3705efc2	selfcompile	-O2	3924.0
2026-07-12T12:39:22Z	borg	e15a3705efc2	selfcompile	-O3	3571.6
2026-07-12T12:55:51Z	borg	f030f885b4d6	mandelbrot	-O0	1516.8
2026-07-12T12:55:51Z	borg	f030f885b4d6	mandelbrot	-O2	1470.0
2026-07-12T12:55:51Z	borg	f030f885b4d6	mandelbrot	-O3	1318.5
2026-07-12T12:55:51Z	borg	f030f885b4d6	raytracer	-O0	15904.4
2026-07-12T12:55:51Z	borg	f030f885b4d6	raytracer	-O2	14059.3
2026-07-12T12:55:51Z	borg	f030f885b4d6	raytracer	-O3	9759.7
2026-07-12T12:55:51Z	borg	f030f885b4d6	sieve	-O0	114.1
2026-07-12T12:55:51Z	borg	f030f885b4d6	sieve	-O2	114.1
2026-07-12T12:55:51Z	borg	f030f885b4d6	sieve	-O3	114.1
2026-07-12T12:55:51Z	borg	f030f885b4d6	nbody	-O0	665.1
2026-07-12T12:55:51Z	borg	f030f885b4d6	nbody	-O2	615.0
2026-07-12T12:55:51Z	borg	f030f885b4d6	nbody	-O3	564.8
2026-07-12T12:55:51Z	borg	f030f885b4d6	nbody	fpc	114.2
2026-07-12T12:55:51Z	borg	f030f885b4d6	fib	-O0	264.3
2026-07-12T12:55:51Z	borg	f030f885b4d6	fib	-O2	164.1
2026-07-12T12:55:51Z	borg	f030f885b4d6	fib	-O3	214.1
2026-07-12T12:55:51Z	borg	f030f885b4d6	fib	fpc	114.1
2026-07-12T12:55:51Z	borg	f030f885b4d6	selfcompile	-O0	5225.1
2026-07-12T12:55:51Z	borg	f030f885b4d6	selfcompile	-O2	3872.3
2026-07-12T12:55:51Z	borg	f030f885b4d6	selfcompile	-O3	3672.4
2026-07-12T13:07:39Z	borg	2e08399339f1	mandelbrot	-O0	1466.9
2026-07-12T13:07:39Z	borg	2e08399339f1	mandelbrot	-O2	1516.8
2026-07-12T13:07:39Z	borg	2e08399339f1	mandelbrot	-O3	1216.2
2026-07-12T13:07:39Z	borg	2e08399339f1	raytracer	-O0	15697.6
2026-07-12T13:07:39Z	borg	2e08399339f1	raytracer	-O2	15102.4
2026-07-12T13:07:39Z	borg	2e08399339f1	raytracer	-O3	10194.0
2026-07-12T13:07:39Z	borg	2e08399339f1	sieve	-O0	114.0
2026-07-12T13:07:39Z	borg	2e08399339f1	sieve	-O2	114.0
2026-07-12T13:07:39Z	borg	2e08399339f1	sieve	-O3	114.1
2026-07-12T13:07:39Z	borg	2e08399339f1	nbody	-O0	665.4
2026-07-12T13:07:39Z	borg	2e08399339f1	nbody	-O2	615.0
2026-07-12T13:07:39Z	borg	2e08399339f1	nbody	-O3	565.0
2026-07-12T13:07:39Z	borg	2e08399339f1	nbody	fpc	114.0
2026-07-12T13:07:39Z	borg	2e08399339f1	fib	-O0	264.3
2026-07-12T13:07:39Z	borg	2e08399339f1	fib	-O2	164.2
2026-07-12T13:07:39Z	borg	2e08399339f1	fib	-O3	214.2
2026-07-12T13:07:39Z	borg	2e08399339f1	fib	fpc	113.9
2026-07-12T13:07:39Z	borg	2e08399339f1	selfcompile	-O0	5226.0
2026-07-12T13:07:39Z	borg	2e08399339f1	selfcompile	-O2	3771.7
2026-07-12T13:07:39Z	borg	2e08399339f1	selfcompile	-O3	3721.8
2026-07-12T13:19:48Z	borg	01a36a1ac6cc	mandelbrot	-O0	1925.1
2026-07-12T13:19:48Z	borg	01a36a1ac6cc	mandelbrot	-O2	1828.6
2026-07-12T13:19:48Z	borg	01a36a1ac6cc	mandelbrot	-O3	1418.9
2026-07-12T13:19:48Z	borg	01a36a1ac6cc	raytracer	-O0	14801.5
2026-07-12T13:19:48Z	borg	01a36a1ac6cc	raytracer	-O2	9088.1
2026-07-12T13:19:48Z	borg	01a36a1ac6cc	raytracer	-O3	7781.5
2026-07-12T13:19:48Z	borg	01a36a1ac6cc	sieve	-O0	114.1
2026-07-12T13:19:48Z	borg	01a36a1ac6cc	sieve	-O2	114.1
2026-07-12T13:19:48Z	borg	01a36a1ac6cc	sieve	-O3	114.1
2026-07-12T13:19:48Z	borg	01a36a1ac6cc	nbody	-O0	665.0
2026-07-12T13:19:48Z	borg	01a36a1ac6cc	nbody	-O2	615.0
2026-07-12T13:19:48Z	borg	01a36a1ac6cc	nbody	-O3	565.0
2026-07-12T13:19:48Z	borg	01a36a1ac6cc	nbody	fpc	114.1
2026-07-12T13:19:48Z	borg	01a36a1ac6cc	fib	-O0	264.4
2026-07-12T13:19:48Z	borg	01a36a1ac6cc	fib	-O2	164.2
2026-07-12T13:19:48Z	borg	01a36a1ac6cc	fib	-O3	214.4
2026-07-12T13:19:48Z	borg	01a36a1ac6cc	fib	fpc	114.1
2026-07-12T13:19:48Z	borg	01a36a1ac6cc	selfcompile	-O0	5124.6
2026-07-12T13:19:48Z	borg	01a36a1ac6cc	selfcompile	-O2	3773.4
2026-07-12T13:19:48Z	borg	01a36a1ac6cc	selfcompile	-O3	3723.6
2026-07-12T13:31:54Z	borg	51f2a8a3258f	mandelbrot	-O0	1469.7
2026-07-12T13:31:54Z	borg	51f2a8a3258f	mandelbrot	-O2	1770.5
2026-07-12T13:31:54Z	borg	51f2a8a3258f	mandelbrot	-O3	1469.6
2026-07-12T13:31:54Z	borg	51f2a8a3258f	raytracer	-O0	14192.6
2026-07-12T13:31:54Z	borg	51f2a8a3258f	raytracer	-O2	9233.9
2026-07-12T13:31:54Z	borg	51f2a8a3258f	raytracer	-O3	7830.4
2026-07-12T13:31:54Z	borg	51f2a8a3258f	sieve	-O0	114.1
2026-07-12T13:31:54Z	borg	51f2a8a3258f	sieve	-O2	114.1
2026-07-12T13:31:54Z	borg	51f2a8a3258f	sieve	-O3	63.9
2026-07-12T13:31:54Z	borg	51f2a8a3258f	nbody	-O0	665.2
2026-07-12T13:31:54Z	borg	51f2a8a3258f	nbody	-O2	615.0
2026-07-12T13:31:54Z	borg	51f2a8a3258f	nbody	-O3	565.1
2026-07-12T13:31:54Z	borg	51f2a8a3258f	nbody	fpc	114.1
2026-07-12T13:31:54Z	borg	51f2a8a3258f	fib	-O0	264.3
2026-07-12T13:31:54Z	borg	51f2a8a3258f	fib	-O2	164.2
2026-07-12T13:31:54Z	borg	51f2a8a3258f	fib	-O3	164.2
2026-07-12T13:31:54Z	borg	51f2a8a3258f	fib	fpc	114.0
2026-07-12T13:31:54Z	borg	51f2a8a3258f	selfcompile	-O0	5725.6
2026-07-12T13:31:54Z	borg	51f2a8a3258f	selfcompile	-O2	3871.9
2026-07-12T13:31:54Z	borg	51f2a8a3258f	selfcompile	-O3	3871.8
2026-07-12T13:42:42Z	borg	893cec14d707	mandelbrot	-O0	1466.7
2026-07-12T13:42:42Z	borg	893cec14d707	mandelbrot	-O2	1667.2
2026-07-12T13:42:42Z	borg	893cec14d707	mandelbrot	-O3	1216.3
2026-07-12T13:42:42Z	borg	893cec14d707	raytracer	-O0	16048.7
2026-07-12T13:42:42Z	borg	893cec14d707	raytracer	-O2	10586.8
2026-07-12T13:42:42Z	borg	893cec14d707	raytracer	-O3	8233.5
2026-07-12T13:42:42Z	borg	893cec14d707	sieve	-O0	114.0
2026-07-12T13:42:42Z	borg	893cec14d707	sieve	-O2	114.0
2026-07-12T13:42:42Z	borg	893cec14d707	sieve	-O3	114.0
2026-07-12T13:42:42Z	borg	893cec14d707	nbody	-O0	665.1
2026-07-12T13:42:42Z	borg	893cec14d707	nbody	-O2	615.1
2026-07-12T13:42:42Z	borg	893cec14d707	nbody	-O3	665.1
2026-07-12T13:42:42Z	borg	893cec14d707	nbody	fpc	114.0
2026-07-12T13:42:42Z	borg	893cec14d707	fib	-O0	264.3
2026-07-12T13:42:42Z	borg	893cec14d707	fib	-O2	214.2
2026-07-12T13:42:42Z	borg	893cec14d707	fib	-O3	214.2
2026-07-12T13:42:42Z	borg	893cec14d707	fib	fpc	164.2
2026-07-12T13:42:42Z	borg	893cec14d707	selfcompile	-O0	5527.3
2026-07-12T13:42:42Z	borg	893cec14d707	selfcompile	-O2	4172.2
2026-07-12T13:42:42Z	borg	893cec14d707	selfcompile	-O3	3874.0
2026-07-12T13:54:40Z	borg	3c3f65d98b2d	mandelbrot	-O0	1416.7
2026-07-12T13:54:40Z	borg	3c3f65d98b2d	mandelbrot	-O2	1566.9
2026-07-12T13:54:40Z	borg	3c3f65d98b2d	mandelbrot	-O3	1727.5
2026-07-12T13:54:40Z	borg	3c3f65d98b2d	raytracer	-O0	17535.8
2026-07-12T13:54:40Z	borg	3c3f65d98b2d	raytracer	-O2	8682.4
2026-07-12T13:54:40Z	borg	3c3f65d98b2d	raytracer	-O3	7680.6
2026-07-12T13:54:40Z	borg	3c3f65d98b2d	sieve	-O0	114.1
2026-07-12T13:54:40Z	borg	3c3f65d98b2d	sieve	-O2	114.0
2026-07-12T13:54:40Z	borg	3c3f65d98b2d	sieve	-O3	114.1
2026-07-12T13:54:40Z	borg	3c3f65d98b2d	nbody	-O0	664.9
2026-07-12T13:54:40Z	borg	3c3f65d98b2d	nbody	-O2	614.9
2026-07-12T13:54:40Z	borg	3c3f65d98b2d	nbody	-O3	564.9
2026-07-12T13:54:40Z	borg	3c3f65d98b2d	nbody	fpc	114.0
2026-07-12T13:54:40Z	borg	3c3f65d98b2d	fib	-O0	264.5
2026-07-12T13:54:40Z	borg	3c3f65d98b2d	fib	-O2	164.0
2026-07-12T13:54:40Z	borg	3c3f65d98b2d	fib	-O3	164.3
2026-07-12T13:54:40Z	borg	3c3f65d98b2d	fib	fpc	114.1
2026-07-12T13:54:40Z	borg	3c3f65d98b2d	selfcompile	-O0	4925.8
2026-07-12T13:54:40Z	borg	3c3f65d98b2d	selfcompile	-O2	3771.5
2026-07-12T13:54:40Z	borg	3c3f65d98b2d	selfcompile	-O3	3821.7
2026-07-12T14:07:13Z	borg	15f50987daf4	mandelbrot	-O0	1416.3
2026-07-12T14:07:13Z	borg	15f50987daf4	mandelbrot	-O2	1516.8
2026-07-12T14:07:13Z	borg	15f50987daf4	mandelbrot	-O3	1216.5
2026-07-12T14:07:13Z	borg	15f50987daf4	raytracer	-O0	14144.0
2026-07-12T14:07:13Z	borg	15f50987daf4	raytracer	-O2	9633.5
2026-07-12T14:07:13Z	borg	15f50987daf4	raytracer	-O3	8731.4
2026-07-12T14:07:13Z	borg	15f50987daf4	sieve	-O0	114.1
2026-07-12T14:07:13Z	borg	15f50987daf4	sieve	-O2	114.0
2026-07-12T14:07:13Z	borg	15f50987daf4	sieve	-O3	114.0
2026-07-12T14:07:13Z	borg	15f50987daf4	nbody	-O0	665.1
2026-07-12T14:07:13Z	borg	15f50987daf4	nbody	-O2	615.2
2026-07-12T14:07:13Z	borg	15f50987daf4	nbody	-O3	564.9
2026-07-12T14:07:13Z	borg	15f50987daf4	nbody	fpc	114.0
2026-07-12T14:07:13Z	borg	15f50987daf4	fib	-O0	314.4
2026-07-12T14:07:13Z	borg	15f50987daf4	fib	-O2	214.3
2026-07-12T14:07:13Z	borg	15f50987daf4	fib	-O3	214.3
2026-07-12T14:07:13Z	borg	15f50987daf4	fib	fpc	114.1
2026-07-12T14:07:13Z	borg	15f50987daf4	selfcompile	-O0	5725.1
2026-07-12T14:07:13Z	borg	15f50987daf4	selfcompile	-O2	3822.7
2026-07-12T14:07:13Z	borg	15f50987daf4	selfcompile	-O3	3671.3
2026-07-12T14:18:32Z	borg	e0232c1e10de	mandelbrot	-O0	1919.8
2026-07-12T14:18:32Z	borg	e0232c1e10de	mandelbrot	-O2	1721.1
2026-07-12T14:18:32Z	borg	e0232c1e10de	mandelbrot	-O3	1216.3
2026-07-12T14:18:32Z	borg	e0232c1e10de	raytracer	-O0	15412.6
2026-07-12T14:18:32Z	borg	e0232c1e10de	raytracer	-O2	10302.3
2026-07-12T14:18:32Z	borg	e0232c1e10de	raytracer	-O3	7879.4
2026-07-12T14:18:32Z	borg	e0232c1e10de	sieve	-O0	114.0
2026-07-12T14:18:32Z	borg	e0232c1e10de	sieve	-O2	114.0
2026-07-12T14:18:32Z	borg	e0232c1e10de	sieve	-O3	114.0
2026-07-12T14:18:32Z	borg	e0232c1e10de	nbody	-O0	665.3
2026-07-12T14:18:32Z	borg	e0232c1e10de	nbody	-O2	665.1
2026-07-12T14:18:32Z	borg	e0232c1e10de	nbody	-O3	564.8
2026-07-12T14:18:32Z	borg	e0232c1e10de	nbody	fpc	114.0
2026-07-12T14:18:32Z	borg	e0232c1e10de	fib	-O0	264.4
2026-07-12T14:18:32Z	borg	e0232c1e10de	fib	-O2	164.2
2026-07-12T14:18:32Z	borg	e0232c1e10de	fib	-O3	214.1
2026-07-12T14:18:32Z	borg	e0232c1e10de	fib	fpc	114.0
2026-07-12T14:18:32Z	borg	e0232c1e10de	selfcompile	-O0	5875.7
2026-07-12T14:18:32Z	borg	e0232c1e10de	selfcompile	-O2	3721.7
2026-07-12T14:18:32Z	borg	e0232c1e10de	selfcompile	-O3	4023.3
2026-07-12T14:40:34Z	borg	b291a6d0296c	mandelbrot	-O0	1316.6
2026-07-12T14:40:34Z	borg	b291a6d0296c	mandelbrot	-O2	1316.6
2026-07-12T14:40:34Z	borg	b291a6d0296c	mandelbrot	-O3	1066.0
2026-07-12T14:40:34Z	borg	b291a6d0296c	raytracer	-O0	12642.5
2026-07-12T14:40:34Z	borg	b291a6d0296c	raytracer	-O2	8033.6
2026-07-12T14:40:34Z	borg	b291a6d0296c	raytracer	-O3	6979.0
2026-07-12T14:40:34Z	borg	b291a6d0296c	sieve	-O0	114.1
2026-07-12T14:40:34Z	borg	b291a6d0296c	sieve	-O2	63.9
2026-07-12T14:40:34Z	borg	b291a6d0296c	sieve	-O3	64.0
2026-07-12T14:40:34Z	borg	b291a6d0296c	nbody	-O0	615.1
2026-07-12T14:40:34Z	borg	b291a6d0296c	nbody	-O2	565.0
2026-07-12T14:40:34Z	borg	b291a6d0296c	nbody	-O3	515.1
2026-07-12T14:40:34Z	borg	b291a6d0296c	nbody	fpc	63.9
2026-07-12T14:40:34Z	borg	b291a6d0296c	fib	-O0	264.3
2026-07-12T14:40:34Z	borg	b291a6d0296c	fib	-O2	164.2
2026-07-12T14:40:34Z	borg	b291a6d0296c	fib	-O3	164.2
2026-07-12T14:40:34Z	borg	b291a6d0296c	fib	fpc	114.0
2026-07-12T14:40:34Z	borg	b291a6d0296c	selfcompile	-O0	4574.1
2026-07-12T14:40:34Z	borg	b291a6d0296c	selfcompile	-O2	3372.0
2026-07-12T14:40:34Z	borg	b291a6d0296c	selfcompile	-O3	3371.5
2026-07-12T15:02:55Z	borg	3f5aa914cac5	mandelbrot	-O0	1516.9
2026-07-12T15:02:55Z	borg	3f5aa914cac5	mandelbrot	-O2	1466.8
2026-07-12T15:02:55Z	borg	3f5aa914cac5	mandelbrot	-O3	1266.1
2026-07-12T15:02:55Z	borg	3f5aa914cac5	raytracer	-O0	14294.3
2026-07-12T15:02:55Z	borg	3f5aa914cac5	raytracer	-O2	9182.5
2026-07-12T15:02:55Z	borg	3f5aa914cac5	raytracer	-O3	8031.0
2026-07-12T15:02:55Z	borg	3f5aa914cac5	sieve	-O0	114.0
2026-07-12T15:02:55Z	borg	3f5aa914cac5	sieve	-O2	114.1
2026-07-12T15:02:55Z	borg	3f5aa914cac5	sieve	-O3	113.9
2026-07-12T15:02:55Z	borg	3f5aa914cac5	nbody	-O0	665.0
2026-07-12T15:02:55Z	borg	3f5aa914cac5	nbody	-O2	615.0
2026-07-12T15:02:55Z	borg	3f5aa914cac5	nbody	-O3	615.1
2026-07-12T15:02:55Z	borg	3f5aa914cac5	nbody	fpc	114.0
2026-07-12T15:02:55Z	borg	3f5aa914cac5	fib	-O0	314.4
2026-07-12T15:02:55Z	borg	3f5aa914cac5	fib	-O2	214.2
2026-07-12T15:02:55Z	borg	3f5aa914cac5	fib	-O3	214.2
2026-07-12T15:02:55Z	borg	3f5aa914cac5	fib	fpc	164.1
2026-07-12T15:02:55Z	borg	3f5aa914cac5	selfcompile	-O0	5374.9
2026-07-12T15:02:55Z	borg	3f5aa914cac5	selfcompile	-O2	4223.0
2026-07-12T15:02:55Z	borg	3f5aa914cac5	selfcompile	-O3	3922.0
2026-07-12T17:41:00Z	borg	96b6bac331d9	mandelbrot	-O0	1416.9
2026-07-12T17:41:00Z	borg	96b6bac331d9	mandelbrot	-O2	1366.8
2026-07-12T17:41:00Z	borg	96b6bac331d9	mandelbrot	-O3	1166.1
2026-07-12T17:41:00Z	borg	96b6bac331d9	raytracer	-O0	13293.2
2026-07-12T17:41:00Z	borg	96b6bac331d9	raytracer	-O2	8431.1
2026-07-12T17:41:00Z	borg	96b6bac331d9	raytracer	-O3	7378.7
2026-07-12T17:41:00Z	borg	96b6bac331d9	sieve	-O0	114.1
2026-07-12T17:41:00Z	borg	96b6bac331d9	sieve	-O2	114.1
2026-07-12T17:41:00Z	borg	96b6bac331d9	sieve	-O3	114.1
2026-07-12T17:41:00Z	borg	96b6bac331d9	nbody	-O0	665.2
2026-07-12T17:41:00Z	borg	96b6bac331d9	nbody	-O2	615.1
2026-07-12T17:41:00Z	borg	96b6bac331d9	nbody	-O3	565.0
2026-07-12T17:41:00Z	borg	96b6bac331d9	nbody	fpc	64.0
2026-07-12T17:41:00Z	borg	96b6bac331d9	fib	-O0	264.3
2026-07-12T17:41:00Z	borg	96b6bac331d9	fib	-O2	164.2
2026-07-12T17:41:00Z	borg	96b6bac331d9	fib	-O3	164.1
2026-07-12T17:41:00Z	borg	96b6bac331d9	fib	fpc	114.0
2026-07-12T17:41:00Z	borg	96b6bac331d9	selfcompile	-O0	4773.5
2026-07-12T17:41:00Z	borg	96b6bac331d9	selfcompile	-O2	3571.6
2026-07-12T17:41:00Z	borg	96b6bac331d9	selfcompile	-O3	3520.7
2026-07-12T18:11:36Z	borg	2ec53989d21f	mandelbrot	-O0	1366.8
2026-07-12T18:11:36Z	borg	2ec53989d21f	mandelbrot	-O2	1366.9
2026-07-12T18:11:36Z	borg	2ec53989d21f	mandelbrot	-O3	1116.4
2026-07-12T18:11:36Z	borg	2ec53989d21f	raytracer	-O0	13492.9
2026-07-12T18:11:36Z	borg	2ec53989d21f	raytracer	-O2	8481.3
2026-07-12T18:11:36Z	borg	2ec53989d21f	raytracer	-O3	7480.1
2026-07-12T18:11:36Z	borg	2ec53989d21f	sieve	-O0	114.0
2026-07-12T18:11:36Z	borg	2ec53989d21f	sieve	-O2	113.9
2026-07-12T18:11:36Z	borg	2ec53989d21f	sieve	-O3	114.0
2026-07-12T18:11:36Z	borg	2ec53989d21f	nbody	-O0	665.4
2026-07-12T18:11:36Z	borg	2ec53989d21f	nbody	-O2	565.0
2026-07-12T18:11:36Z	borg	2ec53989d21f	nbody	-O3	564.9
2026-07-12T18:11:36Z	borg	2ec53989d21f	nbody	fpc	63.9
2026-07-12T18:11:36Z	borg	2ec53989d21f	fib	-O0	264.4
2026-07-12T18:11:36Z	borg	2ec53989d21f	fib	-O2	164.1
2026-07-12T18:11:36Z	borg	2ec53989d21f	fib	-O3	164.3
2026-07-12T18:11:36Z	borg	2ec53989d21f	fib	fpc	114.1
2026-07-12T18:11:36Z	borg	2ec53989d21f	selfcompile	-O0	4874.5
2026-07-12T18:11:36Z	borg	2ec53989d21f	selfcompile	-O2	3821.8
2026-07-12T18:11:36Z	borg	2ec53989d21f	selfcompile	-O3	3821.8
2026-07-12T18:11:36Z	borg	2ec53989d21f	selfcompile	fpc	3020.5
2026-07-12T18:27:13Z	borg	64ed1af4759e	mandelbrot	-O0	1366.9
2026-07-12T18:27:13Z	borg	64ed1af4759e	mandelbrot	-O2	1366.8
2026-07-12T18:27:13Z	borg	64ed1af4759e	mandelbrot	-O3	1166.4
2026-07-12T18:27:13Z	borg	64ed1af4759e	raytracer	-O0	13341.6
2026-07-12T18:27:13Z	borg	64ed1af4759e	raytracer	-O2	8483.4
2026-07-12T18:27:13Z	borg	64ed1af4759e	raytracer	-O3	7880.6
2026-07-12T18:27:13Z	borg	64ed1af4759e	sieve	-O0	114.1
2026-07-12T18:27:13Z	borg	64ed1af4759e	sieve	-O2	64.1
2026-07-12T18:27:13Z	borg	64ed1af4759e	sieve	-O3	114.0
2026-07-12T18:27:13Z	borg	64ed1af4759e	nbody	-O0	665.0
2026-07-12T18:27:13Z	borg	64ed1af4759e	nbody	-O2	615.2
2026-07-12T18:27:13Z	borg	64ed1af4759e	nbody	-O3	565.0
2026-07-12T18:27:13Z	borg	64ed1af4759e	nbody	fpc	114.1
2026-07-12T18:27:13Z	borg	64ed1af4759e	fib	-O0	264.3
2026-07-12T18:27:13Z	borg	64ed1af4759e	fib	-O2	164.1
2026-07-12T18:27:13Z	borg	64ed1af4759e	fib	-O3	164.2
2026-07-12T18:27:13Z	borg	64ed1af4759e	fib	fpc	113.9
2026-07-12T18:27:13Z	borg	64ed1af4759e	selfcompile	-O0	4823.5
2026-07-12T18:27:13Z	borg	64ed1af4759e	selfcompile	-O2	3621.3
2026-07-12T18:27:13Z	borg	64ed1af4759e	selfcompile	-O3	3521.5
2026-07-12T18:27:13Z	borg	64ed1af4759e	selfcompile	fpc	2970.3
2026-07-12T18:41:55Z	borg	b97ff72d38c2	mandelbrot	-O0	1366.8
2026-07-12T18:41:55Z	borg	b97ff72d38c2	mandelbrot	-O2	1366.7
2026-07-12T18:41:55Z	borg	b97ff72d38c2	mandelbrot	-O3	1166.3
2026-07-12T18:41:55Z	borg	b97ff72d38c2	raytracer	-O0	13543.7
2026-07-12T18:41:55Z	borg	b97ff72d38c2	raytracer	-O2	8632.7
2026-07-12T18:41:55Z	borg	b97ff72d38c2	raytracer	-O3	8876.0
2026-07-12T18:41:55Z	borg	b97ff72d38c2	sieve	-O0	114.0
2026-07-12T18:41:55Z	borg	b97ff72d38c2	sieve	-O2	114.0
2026-07-12T18:41:55Z	borg	b97ff72d38c2	sieve	-O3	114.1
2026-07-12T18:41:55Z	borg	b97ff72d38c2	nbody	-O0	665.1
2026-07-12T18:41:55Z	borg	b97ff72d38c2	nbody	-O2	616.2
2026-07-12T18:41:55Z	borg	b97ff72d38c2	nbody	-O3	564.9
2026-07-12T18:41:55Z	borg	b97ff72d38c2	nbody	fpc	114.1
2026-07-12T18:41:55Z	borg	b97ff72d38c2	fib	-O0	264.3
2026-07-12T18:41:55Z	borg	b97ff72d38c2	fib	-O2	164.2
2026-07-12T18:41:55Z	borg	b97ff72d38c2	fib	-O3	214.3
2026-07-12T18:41:55Z	borg	b97ff72d38c2	fib	fpc	113.9
2026-07-12T18:41:55Z	borg	b97ff72d38c2	selfcompile	-O0	4924.3
2026-07-12T18:41:55Z	borg	b97ff72d38c2	selfcompile	-O2	3772.5
2026-07-12T18:41:55Z	borg	b97ff72d38c2	selfcompile	-O3	3671.7
2026-07-12T18:41:55Z	borg	b97ff72d38c2	selfcompile	fpc	3170.2
2026-07-12T19:00:00Z	borg	c55e013bd397	mandelbrot	-O0	1416.9
2026-07-12T19:00:00Z	borg	c55e013bd397	mandelbrot	-O2	1366.6
2026-07-12T19:00:00Z	borg	c55e013bd397	mandelbrot	-O3	1166.0
2026-07-12T19:00:00Z	borg	c55e013bd397	raytracer	-O0	13593.4
2026-07-12T19:00:00Z	borg	c55e013bd397	raytracer	-O2	8832.7
2026-07-12T19:00:00Z	borg	c55e013bd397	raytracer	-O3	8083.6
2026-07-12T19:00:00Z	borg	c55e013bd397	sieve	-O0	164.2
2026-07-12T19:00:00Z	borg	c55e013bd397	sieve	-O2	114.0
2026-07-12T19:00:00Z	borg	c55e013bd397	sieve	-O3	114.1
2026-07-12T19:00:00Z	borg	c55e013bd397	nbody	-O0	765.2
2026-07-12T19:00:00Z	borg	c55e013bd397	nbody	-O2	614.8
2026-07-12T19:00:00Z	borg	c55e013bd397	nbody	-O3	665.1
2026-07-12T19:00:00Z	borg	c55e013bd397	nbody	fpc	114.0
2026-07-12T19:00:00Z	borg	c55e013bd397	fib	-O0	314.5
2026-07-12T19:00:00Z	borg	c55e013bd397	fib	-O2	164.1
2026-07-12T19:00:00Z	borg	c55e013bd397	fib	-O3	214.2
2026-07-12T19:00:00Z	borg	c55e013bd397	fib	fpc	114.0
2026-07-12T19:00:00Z	borg	c55e013bd397	selfcompile	-O0	5126.3
2026-07-12T19:00:00Z	borg	c55e013bd397	selfcompile	-O2	4422.9
2026-07-12T19:00:00Z	borg	c55e013bd397	selfcompile	-O3	3571.3
2026-07-12T19:00:00Z	borg	c55e013bd397	selfcompile	fpc	2970.5
2026-07-12T19:13:59Z	borg	d0bb640f7b72	mandelbrot	-O0	1366.6
2026-07-12T19:13:59Z	borg	d0bb640f7b72	mandelbrot	-O2	1366.6
2026-07-12T19:13:59Z	borg	d0bb640f7b72	mandelbrot	-O3	1116.4
2026-07-12T19:13:59Z	borg	d0bb640f7b72	raytracer	-O0	13343.0
2026-07-12T19:13:59Z	borg	d0bb640f7b72	raytracer	-O2	8482.3
2026-07-12T19:13:59Z	borg	d0bb640f7b72	raytracer	-O3	7479.8
2026-07-12T19:13:59Z	borg	d0bb640f7b72	sieve	-O0	114.0
2026-07-12T19:13:59Z	borg	d0bb640f7b72	sieve	-O2	114.1
2026-07-12T19:13:59Z	borg	d0bb640f7b72	sieve	-O3	114.0
2026-07-12T19:13:59Z	borg	d0bb640f7b72	nbody	-O0	665.4
2026-07-12T19:13:59Z	borg	d0bb640f7b72	nbody	-O2	565.1
2026-07-12T19:13:59Z	borg	d0bb640f7b72	nbody	-O3	565.0
2026-07-12T19:13:59Z	borg	d0bb640f7b72	nbody	fpc	114.0
2026-07-12T19:13:59Z	borg	d0bb640f7b72	fib	-O0	264.2
2026-07-12T19:13:59Z	borg	d0bb640f7b72	fib	-O2	164.1
2026-07-12T19:13:59Z	borg	d0bb640f7b72	fib	-O3	164.0
2026-07-12T19:13:59Z	borg	d0bb640f7b72	fib	fpc	114.1
2026-07-12T19:13:59Z	borg	d0bb640f7b72	selfcompile	-O0	4824.1
2026-07-12T19:13:59Z	borg	d0bb640f7b72	selfcompile	-O2	3671.5
2026-07-12T19:13:59Z	borg	d0bb640f7b72	selfcompile	-O3	3521.7
2026-07-12T19:13:59Z	borg	d0bb640f7b72	selfcompile	fpc	2970.3
2026-07-12T20:39:10Z	borg	2e6af610149f	mandelbrot	-O0	1416.5
2026-07-12T20:39:10Z	borg	2e6af610149f	mandelbrot	-O2	1416.5
2026-07-12T20:39:10Z	borg	2e6af610149f	mandelbrot	-O3	1166.3
2026-07-12T20:39:10Z	borg	2e6af610149f	raytracer	-O0	13592.8
2026-07-12T20:39:10Z	borg	2e6af610149f	raytracer	-O2	8632.4
2026-07-12T20:39:10Z	borg	2e6af610149f	raytracer	-O3	7629.1
2026-07-12T20:39:10Z	borg	2e6af610149f	sieve	-O0	114.0
2026-07-12T20:39:10Z	borg	2e6af610149f	sieve	-O2	114.0
2026-07-12T20:39:10Z	borg	2e6af610149f	sieve	-O3	114.0
2026-07-12T20:39:10Z	borg	2e6af610149f	nbody	-O0	665.0
2026-07-12T20:39:10Z	borg	2e6af610149f	nbody	-O2	615.5
2026-07-12T20:39:10Z	borg	2e6af610149f	nbody	-O3	565.0
2026-07-12T20:39:10Z	borg	2e6af610149f	nbody	fpc	114.0
2026-07-12T20:39:10Z	borg	2e6af610149f	fib	-O0	264.3
2026-07-12T20:39:10Z	borg	2e6af610149f	fib	-O2	164.2
2026-07-12T20:39:10Z	borg	2e6af610149f	fib	-O3	214.2
2026-07-12T20:39:10Z	borg	2e6af610149f	fib	fpc	114.0
2026-07-12T20:39:10Z	borg	2e6af610149f	selfcompile	-O0	4874.6
2026-07-12T20:39:10Z	borg	2e6af610149f	selfcompile	-O2	3721.6
2026-07-12T20:39:10Z	borg	2e6af610149f	selfcompile	-O3	3622.2
2026-07-12T20:39:10Z	borg	2e6af610149f	selfcompile	fpc	3122.0
2026-07-12T20:59:42Z	borg	aecb0de89001	mandelbrot	-O0	1416.9
2026-07-12T20:59:42Z	borg	aecb0de89001	mandelbrot	-O2	1366.9
2026-07-12T20:59:42Z	borg	aecb0de89001	mandelbrot	-O3	1166.1
2026-07-12T20:59:42Z	borg	aecb0de89001	raytracer	-O0	14793.4
2026-07-12T20:59:42Z	borg	aecb0de89001	raytracer	-O2	9283.6
2026-07-12T20:59:42Z	borg	aecb0de89001	raytracer	-O3	9796.3
2026-07-12T20:59:42Z	borg	aecb0de89001	sieve	-O0	114.1
2026-07-12T20:59:42Z	borg	aecb0de89001	sieve	-O2	114.1
2026-07-12T20:59:42Z	borg	aecb0de89001	sieve	-O3	114.0
2026-07-12T20:59:42Z	borg	aecb0de89001	nbody	-O0	665.0
2026-07-12T20:59:42Z	borg	aecb0de89001	nbody	-O2	615.1
2026-07-12T20:59:42Z	borg	aecb0de89001	nbody	-O3	564.8
2026-07-12T20:59:42Z	borg	aecb0de89001	nbody	fpc	114.0
2026-07-12T20:59:42Z	borg	aecb0de89001	fib	-O0	264.2
2026-07-12T20:59:42Z	borg	aecb0de89001	fib	-O2	164.0
2026-07-12T20:59:42Z	borg	aecb0de89001	fib	-O3	214.3
2026-07-12T20:59:42Z	borg	aecb0de89001	fib	fpc	114.1
2026-07-12T20:59:42Z	borg	aecb0de89001	selfcompile	-O0	4874.2
2026-07-12T20:59:42Z	borg	aecb0de89001	selfcompile	-O2	3771.9
2026-07-12T20:59:42Z	borg	aecb0de89001	selfcompile	-O3	3621.4
2026-07-12T20:59:42Z	borg	aecb0de89001	selfcompile	fpc	3120.4
2026-07-12T21:11:08Z	borg	05dbf96d6929	mandelbrot	-O0	1416.8
2026-07-12T21:11:08Z	borg	05dbf96d6929	mandelbrot	-O2	1416.6
2026-07-12T21:11:08Z	borg	05dbf96d6929	mandelbrot	-O3	1166.3
2026-07-12T21:11:08Z	borg	05dbf96d6929	raytracer	-O0	13743.2
2026-07-12T21:11:08Z	borg	05dbf96d6929	raytracer	-O2	8631.5
2026-07-12T21:11:08Z	borg	05dbf96d6929	raytracer	-O3	7880.5
2026-07-12T21:11:08Z	borg	05dbf96d6929	sieve	-O0	114.1
2026-07-12T21:11:08Z	borg	05dbf96d6929	sieve	-O2	114.1
2026-07-12T21:11:08Z	borg	05dbf96d6929	sieve	-O3	114.1
2026-07-12T21:11:08Z	borg	05dbf96d6929	nbody	-O0	665.2
2026-07-12T21:11:08Z	borg	05dbf96d6929	nbody	-O2	615.1
2026-07-12T21:11:08Z	borg	05dbf96d6929	nbody	-O3	565.1
2026-07-12T21:11:08Z	borg	05dbf96d6929	nbody	fpc	114.0
2026-07-12T21:11:08Z	borg	05dbf96d6929	fib	-O0	264.4
2026-07-12T21:11:08Z	borg	05dbf96d6929	fib	-O2	164.1
2026-07-12T21:11:08Z	borg	05dbf96d6929	fib	-O3	214.3
2026-07-12T21:11:08Z	borg	05dbf96d6929	fib	fpc	113.9
2026-07-12T21:11:08Z	borg	05dbf96d6929	selfcompile	-O0	5124.5
2026-07-12T21:11:08Z	borg	05dbf96d6929	selfcompile	-O2	3771.3
2026-07-12T21:11:08Z	borg	05dbf96d6929	selfcompile	-O3	3671.8
2026-07-12T21:11:08Z	borg	05dbf96d6929	selfcompile	fpc	3070.3
2026-07-12T21:29:48Z	borg	512fd76fb4bb	mandelbrot	-O0	1416.4
2026-07-12T21:29:48Z	borg	512fd76fb4bb	mandelbrot	-O2	1416.9
2026-07-12T21:29:48Z	borg	512fd76fb4bb	mandelbrot	-O3	1266.3
2026-07-12T21:29:48Z	borg	512fd76fb4bb	raytracer	-O0	13792.6
2026-07-12T21:29:48Z	borg	512fd76fb4bb	raytracer	-O2	9332.2
2026-07-12T21:29:48Z	borg	512fd76fb4bb	raytracer	-O3	7680.0
2026-07-12T21:29:48Z	borg	512fd76fb4bb	sieve	-O0	114.1
2026-07-12T21:29:48Z	borg	512fd76fb4bb	sieve	-O2	114.1
2026-07-12T21:29:48Z	borg	512fd76fb4bb	sieve	-O3	114.1
2026-07-12T21:29:48Z	borg	512fd76fb4bb	nbody	-O0	665.2
2026-07-12T21:29:48Z	borg	512fd76fb4bb	nbody	-O2	614.9
2026-07-12T21:29:48Z	borg	512fd76fb4bb	nbody	-O3	565.2
2026-07-12T21:29:48Z	borg	512fd76fb4bb	nbody	fpc	114.0
2026-07-12T21:29:48Z	borg	512fd76fb4bb	fib	-O0	264.4
2026-07-12T21:29:48Z	borg	512fd76fb4bb	fib	-O2	164.1
2026-07-12T21:29:48Z	borg	512fd76fb4bb	fib	-O3	164.2
2026-07-12T21:29:48Z	borg	512fd76fb4bb	fib	fpc	164.2
2026-07-12T21:29:48Z	borg	512fd76fb4bb	selfcompile	-O0	5374.6
2026-07-12T21:29:48Z	borg	512fd76fb4bb	selfcompile	-O2	4022.2
2026-07-12T21:29:48Z	borg	512fd76fb4bb	selfcompile	-O3	3971.8
2026-07-12T21:29:48Z	borg	512fd76fb4bb	selfcompile	fpc	3370.8
2026-07-12T21:49:33Z	borg	4d2664947bbe	mandelbrot	-O0	1471.4
2026-07-12T21:49:33Z	borg	4d2664947bbe	mandelbrot	-O2	2077.6
2026-07-12T21:49:33Z	borg	4d2664947bbe	mandelbrot	-O3	1975.9
2026-07-12T21:49:33Z	borg	4d2664947bbe	raytracer	-O0	19358.8
2026-07-12T21:49:33Z	borg	4d2664947bbe	raytracer	-O2	8682.8
2026-07-12T21:49:33Z	borg	4d2664947bbe	raytracer	-O3	7580.1
2026-07-12T21:49:33Z	borg	4d2664947bbe	sieve	-O0	114.1
2026-07-12T21:49:33Z	borg	4d2664947bbe	sieve	-O2	114.0
2026-07-12T21:49:33Z	borg	4d2664947bbe	sieve	-O3	114.0
2026-07-12T21:49:33Z	borg	4d2664947bbe	nbody	-O0	664.9
2026-07-12T21:49:33Z	borg	4d2664947bbe	nbody	-O2	615.1
2026-07-12T21:49:33Z	borg	4d2664947bbe	nbody	-O3	565.0
2026-07-12T21:49:33Z	borg	4d2664947bbe	nbody	fpc	114.1
2026-07-12T21:49:33Z	borg	4d2664947bbe	fib	-O0	264.4
2026-07-12T21:49:33Z	borg	4d2664947bbe	fib	-O2	164.2
2026-07-12T21:49:33Z	borg	4d2664947bbe	fib	-O3	214.2
2026-07-12T21:49:33Z	borg	4d2664947bbe	fib	fpc	114.0
2026-07-12T21:49:33Z	borg	4d2664947bbe	selfcompile	-O0	4924.1
2026-07-12T21:49:33Z	borg	4d2664947bbe	selfcompile	-O2	3722.1
2026-07-12T21:49:33Z	borg	4d2664947bbe	selfcompile	-O3	3721.9
2026-07-12T21:49:33Z	borg	4d2664947bbe	selfcompile	fpc	3070.5
2026-07-12T22:01:42Z	borg	fbb0fdb52c18	mandelbrot	-O0	1466.8
2026-07-12T22:01:42Z	borg	fbb0fdb52c18	mandelbrot	-O2	1416.7
2026-07-12T22:01:42Z	borg	fbb0fdb52c18	mandelbrot	-O3	1266.1
2026-07-12T22:01:42Z	borg	fbb0fdb52c18	raytracer	-O0	15697.7
2026-07-12T22:01:42Z	borg	fbb0fdb52c18	raytracer	-O2	10862.2
2026-07-12T22:01:42Z	borg	fbb0fdb52c18	raytracer	-O3	8681.5
2026-07-12T22:01:42Z	borg	fbb0fdb52c18	sieve	-O0	114.1
2026-07-12T22:01:42Z	borg	fbb0fdb52c18	sieve	-O2	114.1
2026-07-12T22:01:42Z	borg	fbb0fdb52c18	sieve	-O3	114.0
2026-07-12T22:01:42Z	borg	fbb0fdb52c18	nbody	-O0	665.1
2026-07-12T22:01:42Z	borg	fbb0fdb52c18	nbody	-O2	615.1
2026-07-12T22:01:42Z	borg	fbb0fdb52c18	nbody	-O3	564.9
2026-07-12T22:01:42Z	borg	fbb0fdb52c18	nbody	fpc	114.1
2026-07-12T22:01:42Z	borg	fbb0fdb52c18	fib	-O0	264.4
2026-07-12T22:01:42Z	borg	fbb0fdb52c18	fib	-O2	164.0
2026-07-12T22:01:42Z	borg	fbb0fdb52c18	fib	-O3	164.2
2026-07-12T22:01:42Z	borg	fbb0fdb52c18	fib	fpc	114.1
2026-07-12T22:01:42Z	borg	fbb0fdb52c18	selfcompile	-O0	5124.4
2026-07-12T22:01:42Z	borg	fbb0fdb52c18	selfcompile	-O2	3721.7
2026-07-12T22:01:42Z	borg	fbb0fdb52c18	selfcompile	-O3	3671.5
2026-07-12T22:01:42Z	borg	fbb0fdb52c18	selfcompile	fpc	3019.6
2026-07-12T22:14:09Z	borg	76afad24abbd	mandelbrot	-O0	1416.2
2026-07-12T22:14:09Z	borg	76afad24abbd	mandelbrot	-O2	1466.8
2026-07-12T22:14:09Z	borg	76afad24abbd	mandelbrot	-O3	1316.2
2026-07-12T22:14:09Z	borg	76afad24abbd	raytracer	-O0	19107.8
2026-07-12T22:14:09Z	borg	76afad24abbd	raytracer	-O2	10060.2
2026-07-12T22:14:09Z	borg	76afad24abbd	raytracer	-O3	7728.5
2026-07-12T22:14:09Z	borg	76afad24abbd	sieve	-O0	114.1
2026-07-12T22:14:09Z	borg	76afad24abbd	sieve	-O2	114.0
2026-07-12T22:14:09Z	borg	76afad24abbd	sieve	-O3	114.0
2026-07-12T22:14:09Z	borg	76afad24abbd	nbody	-O0	664.9
2026-07-12T22:14:09Z	borg	76afad24abbd	nbody	-O2	615.0
2026-07-12T22:14:09Z	borg	76afad24abbd	nbody	-O3	564.9
2026-07-12T22:14:09Z	borg	76afad24abbd	nbody	fpc	114.0
2026-07-12T22:14:09Z	borg	76afad24abbd	fib	-O0	264.3
2026-07-12T22:14:09Z	borg	76afad24abbd	fib	-O2	164.2
2026-07-12T22:14:09Z	borg	76afad24abbd	fib	-O3	164.3
2026-07-12T22:14:09Z	borg	76afad24abbd	fib	fpc	114.1
2026-07-12T22:14:09Z	borg	76afad24abbd	selfcompile	-O0	5024.8
2026-07-12T22:14:09Z	borg	76afad24abbd	selfcompile	-O2	3771.5
2026-07-12T22:14:09Z	borg	76afad24abbd	selfcompile	-O3	3671.5
2026-07-12T22:14:09Z	borg	76afad24abbd	selfcompile	fpc	3070.6
2026-07-12T22:26:41Z	borg	b5efb0cbafbe	mandelbrot	-O0	2478.5
2026-07-12T22:26:41Z	borg	b5efb0cbafbe	mandelbrot	-O2	2277.4
2026-07-12T22:26:41Z	borg	b5efb0cbafbe	mandelbrot	-O3	1776.1
2026-07-12T22:26:41Z	borg	b5efb0cbafbe	raytracer	-O0	17374.1
2026-07-12T22:26:41Z	borg	b5efb0cbafbe	raytracer	-O2	9032.4
2026-07-12T22:26:41Z	borg	b5efb0cbafbe	raytracer	-O3	7579.8
2026-07-12T22:26:41Z	borg	b5efb0cbafbe	sieve	-O0	114.1
2026-07-12T22:26:41Z	borg	b5efb0cbafbe	sieve	-O2	114.1
2026-07-12T22:26:41Z	borg	b5efb0cbafbe	sieve	-O3	114.1
2026-07-12T22:26:41Z	borg	b5efb0cbafbe	nbody	-O0	665.3
2026-07-12T22:26:41Z	borg	b5efb0cbafbe	nbody	-O2	615.1
2026-07-12T22:26:41Z	borg	b5efb0cbafbe	nbody	-O3	565.0
2026-07-12T22:26:41Z	borg	b5efb0cbafbe	nbody	fpc	114.0
2026-07-12T22:26:41Z	borg	b5efb0cbafbe	fib	-O0	264.3
2026-07-12T22:26:41Z	borg	b5efb0cbafbe	fib	-O2	214.3
2026-07-12T22:26:41Z	borg	b5efb0cbafbe	fib	-O3	164.2
2026-07-12T22:26:41Z	borg	b5efb0cbafbe	fib	fpc	114.1
2026-07-12T22:26:41Z	borg	b5efb0cbafbe	selfcompile	-O0	4973.8
2026-07-12T22:26:41Z	borg	b5efb0cbafbe	selfcompile	-O2	5080.8
2026-07-12T22:26:41Z	borg	b5efb0cbafbe	selfcompile	-O3	8608.6
2026-07-12T22:26:41Z	borg	b5efb0cbafbe	selfcompile	fpc	6336.9
2026-07-12T22:42:09Z	borg	b06dff128f40	mandelbrot	-O0	1416.7
2026-07-12T22:42:09Z	borg	b06dff128f40	mandelbrot	-O2	1418.9
2026-07-12T22:42:09Z	borg	b06dff128f40	mandelbrot	-O3	1783.2
2026-07-12T22:42:09Z	borg	b06dff128f40	raytracer	-O0	19603.5
2026-07-12T22:42:09Z	borg	b06dff128f40	raytracer	-O2	10261.5
2026-07-12T22:42:09Z	borg	b06dff128f40	raytracer	-O3	7679.7
2026-07-12T22:42:09Z	borg	b06dff128f40	sieve	-O0	114.1
2026-07-12T22:42:09Z	borg	b06dff128f40	sieve	-O2	64.0
2026-07-12T22:42:09Z	borg	b06dff128f40	sieve	-O3	114.1
2026-07-12T22:42:09Z	borg	b06dff128f40	nbody	-O0	665.3
2026-07-12T22:42:09Z	borg	b06dff128f40	nbody	-O2	615.2
2026-07-12T22:42:09Z	borg	b06dff128f40	nbody	-O3	564.9
2026-07-12T22:42:09Z	borg	b06dff128f40	nbody	fpc	114.0
2026-07-12T22:42:09Z	borg	b06dff128f40	fib	-O0	264.4
2026-07-12T22:42:09Z	borg	b06dff128f40	fib	-O2	164.2
2026-07-12T22:42:09Z	borg	b06dff128f40	fib	-O3	214.3
2026-07-12T22:42:09Z	borg	b06dff128f40	fib	fpc	114.2
2026-07-12T22:42:09Z	borg	b06dff128f40	selfcompile	-O0	5023.9
2026-07-12T22:42:09Z	borg	b06dff128f40	selfcompile	-O2	3771.6
2026-07-12T22:42:09Z	borg	b06dff128f40	selfcompile	-O3	3721.8
2026-07-12T22:42:09Z	borg	b06dff128f40	selfcompile	fpc	3070.2
2026-07-12T23:24:24Z	borg	4c394324afaf	mandelbrot	-O0	1519.9
2026-07-12T23:24:24Z	borg	4c394324afaf	mandelbrot	-O2	1721.4
2026-07-12T23:24:24Z	borg	4c394324afaf	mandelbrot	-O3	1267.9
2026-07-12T23:24:24Z	borg	4c394324afaf	raytracer	-O0	13293.8
2026-07-12T23:24:24Z	borg	4c394324afaf	raytracer	-O2	7481.2
2026-07-12T23:24:24Z	borg	4c394324afaf	raytracer	-O3	15411.0
2026-07-12T23:24:24Z	borg	4c394324afaf	sieve	-O0	114.0
2026-07-12T23:24:24Z	borg	4c394324afaf	sieve	-O2	114.2
2026-07-12T23:24:24Z	borg	4c394324afaf	sieve	-O3	114.1
2026-07-12T23:24:24Z	borg	4c394324afaf	nbody	-O0	821.1
2026-07-12T23:24:24Z	borg	4c394324afaf	nbody	-O2	984.1
2026-07-12T23:24:24Z	borg	4c394324afaf	nbody	-O3	666.9
2026-07-12T23:24:24Z	borg	4c394324afaf	nbody	fpc	114.1
2026-07-12T23:24:24Z	borg	4c394324afaf	fib	-O0	264.4
2026-07-12T23:24:24Z	borg	4c394324afaf	fib	-O2	164.2
2026-07-12T23:24:24Z	borg	4c394324afaf	fib	-O3	214.2
2026-07-12T23:24:24Z	borg	4c394324afaf	fib	fpc	113.9
2026-07-12T23:24:24Z	borg	4c394324afaf	selfcompile	-O0	6844.9
2026-07-12T23:24:24Z	borg	4c394324afaf	selfcompile	-O2	4433.0
2026-07-12T23:24:24Z	borg	4c394324afaf	selfcompile	-O3	3871.8
2026-07-12T23:24:24Z	borg	4c394324afaf	selfcompile	fpc	3070.7
2026-07-12T23:36:47Z	borg	f71bba0a3341	mandelbrot	-O0	1416.5
2026-07-12T23:36:47Z	borg	f71bba0a3341	mandelbrot	-O2	1416.3
2026-07-12T23:36:47Z	borg	f71bba0a3341	mandelbrot	-O3	1165.8
2026-07-12T23:36:47Z	borg	f71bba0a3341	raytracer	-O0	12489.7
2026-07-12T23:36:47Z	borg	f71bba0a3341	raytracer	-O2	7830.1
2026-07-12T23:36:47Z	borg	f71bba0a3341	raytracer	-O3	7528.2
2026-07-12T23:36:47Z	borg	f71bba0a3341	sieve	-O0	114.1
2026-07-12T23:36:47Z	borg	f71bba0a3341	sieve	-O2	114.0
2026-07-12T23:36:47Z	borg	f71bba0a3341	sieve	-O3	114.0
2026-07-12T23:36:47Z	borg	f71bba0a3341	nbody	-O0	665.2
2026-07-12T23:36:47Z	borg	f71bba0a3341	nbody	-O2	614.9
2026-07-12T23:36:47Z	borg	f71bba0a3341	nbody	-O3	615.2
2026-07-12T23:36:47Z	borg	f71bba0a3341	nbody	fpc	114.1
2026-07-12T23:36:47Z	borg	f71bba0a3341	fib	-O0	264.3
2026-07-12T23:36:47Z	borg	f71bba0a3341	fib	-O2	164.1
2026-07-12T23:36:47Z	borg	f71bba0a3341	fib	-O3	214.1
2026-07-12T23:36:47Z	borg	f71bba0a3341	fib	fpc	114.1
2026-07-12T23:36:47Z	borg	f71bba0a3341	selfcompile	-O0	4773.7
2026-07-12T23:36:47Z	borg	f71bba0a3341	selfcompile	-O2	3570.8
2026-07-12T23:36:47Z	borg	f71bba0a3341	selfcompile	-O3	3771.6
2026-07-12T23:36:47Z	borg	f71bba0a3341	selfcompile	fpc	3370.4
2026-07-12T23:54:40Z	borg	7681b6e33b0c	mandelbrot	-O0	1619.5
2026-07-12T23:54:40Z	borg	7681b6e33b0c	mandelbrot	-O2	1570.1
2026-07-12T23:54:40Z	borg	7681b6e33b0c	mandelbrot	-O3	1520.8
2026-07-12T23:54:40Z	borg	7681b6e33b0c	raytracer	-O0	12689.3
2026-07-12T23:54:40Z	borg	7681b6e33b0c	raytracer	-O2	13518.4
2026-07-12T23:54:40Z	borg	7681b6e33b0c	raytracer	-O3	9303.7
2026-07-12T23:54:40Z	borg	7681b6e33b0c	sieve	-O0	114.0
2026-07-12T23:54:40Z	borg	7681b6e33b0c	sieve	-O2	114.0
2026-07-12T23:54:40Z	borg	7681b6e33b0c	sieve	-O3	114.1
2026-07-12T23:54:40Z	borg	7681b6e33b0c	nbody	-O0	766.1
2026-07-12T23:54:40Z	borg	7681b6e33b0c	nbody	-O2	615.1
2026-07-12T23:54:40Z	borg	7681b6e33b0c	nbody	-O3	566.6
2026-07-12T23:54:40Z	borg	7681b6e33b0c	nbody	fpc	114.1
2026-07-12T23:54:40Z	borg	7681b6e33b0c	fib	-O0	266.2
2026-07-12T23:54:40Z	borg	7681b6e33b0c	fib	-O2	164.2
2026-07-12T23:54:40Z	borg	7681b6e33b0c	fib	-O3	164.1
2026-07-12T23:54:40Z	borg	7681b6e33b0c	fib	fpc	114.1
2026-07-12T23:54:40Z	borg	7681b6e33b0c	selfcompile	-O0	5124.8
2026-07-12T23:54:40Z	borg	7681b6e33b0c	selfcompile	-O2	3772.2
2026-07-12T23:54:40Z	borg	7681b6e33b0c	selfcompile	-O3	5582.1
2026-07-12T23:54:40Z	borg	7681b6e33b0c	selfcompile	fpc	4728.9
2026-07-13T00:13:39Z	borg	90ae846bda82	mandelbrot	-O0	1466.9
2026-07-13T00:13:39Z	borg	90ae846bda82	mandelbrot	-O2	1416.6
2026-07-13T00:13:39Z	borg	90ae846bda82	mandelbrot	-O3	1416.9
2026-07-13T00:13:39Z	borg	90ae846bda82	raytracer	-O0	12740.9
2026-07-13T00:13:39Z	borg	90ae846bda82	raytracer	-O2	7428.9
2026-07-13T00:13:39Z	borg	90ae846bda82	raytracer	-O3	7178.8
2026-07-13T00:13:39Z	borg	90ae846bda82	sieve	-O0	114.1
2026-07-13T00:13:39Z	borg	90ae846bda82	sieve	-O2	114.0
2026-07-13T00:13:39Z	borg	90ae846bda82	sieve	-O3	114.0
2026-07-13T00:13:39Z	borg	90ae846bda82	nbody	-O0	665.1
2026-07-13T00:13:39Z	borg	90ae846bda82	nbody	-O2	615.0
2026-07-13T00:13:39Z	borg	90ae846bda82	nbody	-O3	564.9
2026-07-13T00:13:39Z	borg	90ae846bda82	nbody	fpc	114.1
2026-07-13T00:13:39Z	borg	90ae846bda82	fib	-O0	264.5
2026-07-13T00:13:39Z	borg	90ae846bda82	fib	-O2	164.2
2026-07-13T00:13:39Z	borg	90ae846bda82	fib	-O3	214.2
2026-07-13T00:13:39Z	borg	90ae846bda82	fib	fpc	114.0
2026-07-13T00:13:39Z	borg	90ae846bda82	selfcompile	-O0	5274.2
2026-07-13T00:13:39Z	borg	90ae846bda82	selfcompile	-O2	3871.2
2026-07-13T00:13:39Z	borg	90ae846bda82	selfcompile	-O3	3821.4
2026-07-13T00:13:39Z	borg	90ae846bda82	selfcompile	fpc	3270.9
2026-07-13T00:27:02Z	borg	f7bd4a180eb4	mandelbrot	-O0	1466.6
2026-07-13T00:27:02Z	borg	f7bd4a180eb4	mandelbrot	-O2	1466.7
2026-07-13T00:27:02Z	borg	f7bd4a180eb4	mandelbrot	-O3	1166.3
2026-07-13T00:27:02Z	borg	f7bd4a180eb4	raytracer	-O0	13192.5
2026-07-13T00:27:02Z	borg	f7bd4a180eb4	raytracer	-O2	6978.2
2026-07-13T00:27:02Z	borg	f7bd4a180eb4	raytracer	-O3	11351.8
2026-07-13T00:27:02Z	borg	f7bd4a180eb4	sieve	-O0	114.0
2026-07-13T00:27:02Z	borg	f7bd4a180eb4	sieve	-O2	114.0
2026-07-13T00:27:02Z	borg	f7bd4a180eb4	sieve	-O3	114.3
2026-07-13T00:27:02Z	borg	f7bd4a180eb4	nbody	-O0	815.5
2026-07-13T00:27:02Z	borg	f7bd4a180eb4	nbody	-O2	815.7
2026-07-13T00:27:02Z	borg	f7bd4a180eb4	nbody	-O3	665.2
2026-07-13T00:27:02Z	borg	f7bd4a180eb4	nbody	fpc	115.6
2026-07-13T00:27:02Z	borg	f7bd4a180eb4	fib	-O0	415.1
2026-07-13T00:27:02Z	borg	f7bd4a180eb4	fib	-O2	214.3
2026-07-13T00:27:02Z	borg	f7bd4a180eb4	fib	-O3	265.2
2026-07-13T00:27:02Z	borg	f7bd4a180eb4	fib	fpc	164.3
2026-07-13T00:27:02Z	borg	f7bd4a180eb4	selfcompile	-O0	7344.9
2026-07-13T00:27:02Z	borg	f7bd4a180eb4	selfcompile	-O2	4022.3
2026-07-13T00:27:02Z	borg	f7bd4a180eb4	selfcompile	-O3	4523.5
2026-07-13T00:27:02Z	borg	f7bd4a180eb4	selfcompile	fpc	3270.5
2026-07-13T00:41:13Z	borg	274107637813	mandelbrot	-O0	1416.6
2026-07-13T00:41:13Z	borg	274107637813	mandelbrot	-O2	1466.5
2026-07-13T00:41:13Z	borg	274107637813	mandelbrot	-O3	1216.2
2026-07-13T00:41:13Z	borg	274107637813	raytracer	-O0	13191.8
2026-07-13T00:41:13Z	borg	274107637813	raytracer	-O2	9791.8
2026-07-13T00:41:13Z	borg	274107637813	raytracer	-O3	7880.5
2026-07-13T00:41:13Z	borg	274107637813	sieve	-O0	113.9
2026-07-13T00:41:13Z	borg	274107637813	sieve	-O2	114.0
2026-07-13T00:41:13Z	borg	274107637813	sieve	-O3	114.1
2026-07-13T00:41:13Z	borg	274107637813	nbody	-O0	665.3
2026-07-13T00:41:13Z	borg	274107637813	nbody	-O2	715.4
2026-07-13T00:41:13Z	borg	274107637813	nbody	-O3	564.9
2026-07-13T00:41:13Z	borg	274107637813	nbody	fpc	114.0
2026-07-13T00:41:13Z	borg	274107637813	fib	-O0	314.5
2026-07-13T00:41:13Z	borg	274107637813	fib	-O2	214.3
2026-07-13T00:41:13Z	borg	274107637813	fib	-O3	264.4
2026-07-13T00:41:13Z	borg	274107637813	fib	fpc	164.3
2026-07-13T00:41:13Z	borg	274107637813	selfcompile	-O0	5526.6
2026-07-13T00:41:13Z	borg	274107637813	selfcompile	-O2	3771.6
2026-07-13T00:41:13Z	borg	274107637813	selfcompile	-O3	4072.0
2026-07-13T00:41:13Z	borg	274107637813	selfcompile	fpc	3070.4
2026-07-13T00:53:59Z	borg	2cd89b32f5b7	mandelbrot	-O0	1416.5
2026-07-13T00:53:59Z	borg	2cd89b32f5b7	mandelbrot	-O2	1416.6
2026-07-13T00:53:59Z	borg	2cd89b32f5b7	mandelbrot	-O3	1165.8
2026-07-13T00:53:59Z	borg	2cd89b32f5b7	raytracer	-O0	12489.9
2026-07-13T00:53:59Z	borg	2cd89b32f5b7	raytracer	-O2	6927.5
2026-07-13T00:53:59Z	borg	2cd89b32f5b7	raytracer	-O3	6877.5
2026-07-13T00:53:59Z	borg	2cd89b32f5b7	sieve	-O0	114.0
2026-07-13T00:53:59Z	borg	2cd89b32f5b7	sieve	-O2	114.1
2026-07-13T00:53:59Z	borg	2cd89b32f5b7	sieve	-O3	64.1
2026-07-13T00:53:59Z	borg	2cd89b32f5b7	nbody	-O0	665.3
2026-07-13T00:53:59Z	borg	2cd89b32f5b7	nbody	-O2	615.1
2026-07-13T00:53:59Z	borg	2cd89b32f5b7	nbody	-O3	564.8
2026-07-13T00:53:59Z	borg	2cd89b32f5b7	nbody	fpc	64.0
2026-07-13T00:53:59Z	borg	2cd89b32f5b7	fib	-O0	264.3
2026-07-13T00:53:59Z	borg	2cd89b32f5b7	fib	-O2	164.1
2026-07-13T00:53:59Z	borg	2cd89b32f5b7	fib	-O3	214.1
2026-07-13T00:53:59Z	borg	2cd89b32f5b7	fib	fpc	114.0
2026-07-13T00:53:59Z	borg	2cd89b32f5b7	selfcompile	-O0	4824.6
2026-07-13T00:53:59Z	borg	2cd89b32f5b7	selfcompile	-O2	3572.0
2026-07-13T00:53:59Z	borg	2cd89b32f5b7	selfcompile	-O3	3771.4
2026-07-13T00:53:59Z	borg	2cd89b32f5b7	selfcompile	fpc	3370.4
2026-07-13T01:12:06Z	borg	35c57c37b5cb	mandelbrot	-O0	1466.5
2026-07-13T01:12:06Z	borg	35c57c37b5cb	mandelbrot	-O2	1467.3
2026-07-13T01:12:06Z	borg	35c57c37b5cb	mandelbrot	-O3	1216.4
2026-07-13T01:12:06Z	borg	35c57c37b5cb	raytracer	-O0	15966.6
2026-07-13T01:12:06Z	borg	35c57c37b5cb	raytracer	-O2	7979.3
2026-07-13T01:12:06Z	borg	35c57c37b5cb	raytracer	-O3	8231.4
2026-07-13T01:12:06Z	borg	35c57c37b5cb	sieve	-O0	114.0
2026-07-13T01:12:06Z	borg	35c57c37b5cb	sieve	-O2	114.0
2026-07-13T01:12:06Z	borg	35c57c37b5cb	sieve	-O3	114.1
2026-07-13T01:12:06Z	borg	35c57c37b5cb	nbody	-O0	665.4
2026-07-13T01:12:06Z	borg	35c57c37b5cb	nbody	-O2	614.9
2026-07-13T01:12:06Z	borg	35c57c37b5cb	nbody	-O3	564.8
2026-07-13T01:12:06Z	borg	35c57c37b5cb	nbody	fpc	114.0
2026-07-13T01:12:06Z	borg	35c57c37b5cb	fib	-O0	264.4
2026-07-13T01:12:06Z	borg	35c57c37b5cb	fib	-O2	164.0
2026-07-13T01:12:06Z	borg	35c57c37b5cb	fib	-O3	214.1
2026-07-13T01:12:06Z	borg	35c57c37b5cb	fib	fpc	113.9
2026-07-13T01:12:06Z	borg	35c57c37b5cb	selfcompile	-O0	5376.2
2026-07-13T01:12:06Z	borg	35c57c37b5cb	selfcompile	-O2	3671.6
2026-07-13T01:12:06Z	borg	35c57c37b5cb	selfcompile	-O3	3671.3
2026-07-13T01:12:06Z	borg	35c57c37b5cb	selfcompile	fpc	3270.4
2026-07-13T01:25:17Z	borg	3f4b6ce3d74e	mandelbrot	-O0	1873.4
2026-07-13T01:25:17Z	borg	3f4b6ce3d74e	mandelbrot	-O2	1767.2
2026-07-13T01:25:17Z	borg	3f4b6ce3d74e	mandelbrot	-O3	1520.6
2026-07-13T01:25:17Z	borg	3f4b6ce3d74e	raytracer	-O0	15147.3
2026-07-13T01:25:17Z	borg	3f4b6ce3d74e	raytracer	-O2	7378.8
2026-07-13T01:25:17Z	borg	3f4b6ce3d74e	raytracer	-O3	7427.8
2026-07-13T01:25:17Z	borg	3f4b6ce3d74e	sieve	-O0	114.1
2026-07-13T01:25:17Z	borg	3f4b6ce3d74e	sieve	-O2	114.0
2026-07-13T01:25:17Z	borg	3f4b6ce3d74e	sieve	-O3	114.0
2026-07-13T01:25:17Z	borg	3f4b6ce3d74e	nbody	-O0	665.0
2026-07-13T01:25:17Z	borg	3f4b6ce3d74e	nbody	-O2	615.0
2026-07-13T01:25:17Z	borg	3f4b6ce3d74e	nbody	-O3	565.0
2026-07-13T01:25:17Z	borg	3f4b6ce3d74e	nbody	fpc	114.0
2026-07-13T01:25:17Z	borg	3f4b6ce3d74e	fib	-O0	264.3
2026-07-13T01:25:17Z	borg	3f4b6ce3d74e	fib	-O2	214.2
2026-07-13T01:25:17Z	borg	3f4b6ce3d74e	fib	-O3	214.2
2026-07-13T01:25:17Z	borg	3f4b6ce3d74e	fib	fpc	114.1
2026-07-13T01:25:17Z	borg	3f4b6ce3d74e	selfcompile	-O0	5274.5
2026-07-13T01:25:17Z	borg	3f4b6ce3d74e	selfcompile	-O2	3976.2
2026-07-13T01:25:17Z	borg	3f4b6ce3d74e	selfcompile	-O3	3571.0
2026-07-13T01:25:17Z	borg	3f4b6ce3d74e	selfcompile	fpc	3070.0
2026-07-13T01:42:03Z	borg	99fbd9610a5e	mandelbrot	-O0	1767.4
2026-07-13T01:42:03Z	borg	99fbd9610a5e	mandelbrot	-O2	1817.2
2026-07-13T01:42:03Z	borg	99fbd9610a5e	mandelbrot	-O3	1216.0
2026-07-13T01:42:03Z	borg	99fbd9610a5e	raytracer	-O0	13090.5
2026-07-13T01:42:03Z	borg	99fbd9610a5e	raytracer	-O2	7379.9
2026-07-13T01:42:03Z	borg	99fbd9610a5e	raytracer	-O3	7478.8
2026-07-13T01:42:03Z	borg	99fbd9610a5e	sieve	-O0	113.9
2026-07-13T01:42:03Z	borg	99fbd9610a5e	sieve	-O2	114.0
2026-07-13T01:42:03Z	borg	99fbd9610a5e	sieve	-O3	114.0
2026-07-13T01:42:03Z	borg	99fbd9610a5e	nbody	-O0	665.1
2026-07-13T01:42:03Z	borg	99fbd9610a5e	nbody	-O2	615.0
2026-07-13T01:42:03Z	borg	99fbd9610a5e	nbody	-O3	565.1
2026-07-13T01:42:03Z	borg	99fbd9610a5e	nbody	fpc	114.0
2026-07-13T01:42:03Z	borg	99fbd9610a5e	fib	-O0	264.3
2026-07-13T01:42:03Z	borg	99fbd9610a5e	fib	-O2	164.2
2026-07-13T01:42:03Z	borg	99fbd9610a5e	fib	-O3	164.2
2026-07-13T01:42:03Z	borg	99fbd9610a5e	fib	fpc	114.1
2026-07-13T01:42:03Z	borg	99fbd9610a5e	selfcompile	-O0	5075.0
2026-07-13T01:42:03Z	borg	99fbd9610a5e	selfcompile	-O2	3571.4
2026-07-13T01:42:03Z	borg	99fbd9610a5e	selfcompile	-O3	3621.6
2026-07-13T01:42:03Z	borg	99fbd9610a5e	selfcompile	fpc	3070.3
2026-07-13T01:53:56Z	borg	8997639f144f	mandelbrot	-O0	1717.3
2026-07-13T01:53:56Z	borg	8997639f144f	mandelbrot	-O2	1721.2
2026-07-13T01:53:56Z	borg	8997639f144f	mandelbrot	-O3	1516.7
2026-07-13T01:53:56Z	borg	8997639f144f	raytracer	-O0	12741.6
2026-07-13T01:53:56Z	borg	8997639f144f	raytracer	-O2	7480.5
2026-07-13T01:53:56Z	borg	8997639f144f	raytracer	-O3	7378.7
2026-07-13T01:53:56Z	borg	8997639f144f	sieve	-O0	114.0
2026-07-13T01:53:56Z	borg	8997639f144f	sieve	-O2	114.1
2026-07-13T01:53:56Z	borg	8997639f144f	sieve	-O3	114.0
2026-07-13T01:53:56Z	borg	8997639f144f	nbody	-O0	665.0
2026-07-13T01:53:56Z	borg	8997639f144f	nbody	-O2	615.1
2026-07-13T01:53:56Z	borg	8997639f144f	nbody	-O3	564.9
2026-07-13T01:53:56Z	borg	8997639f144f	nbody	fpc	113.9
2026-07-13T01:53:56Z	borg	8997639f144f	fib	-O0	264.3
2026-07-13T01:53:56Z	borg	8997639f144f	fib	-O2	214.3
2026-07-13T01:53:56Z	borg	8997639f144f	fib	-O3	214.3
2026-07-13T01:53:56Z	borg	8997639f144f	fib	fpc	164.1
2026-07-13T01:53:56Z	borg	8997639f144f	selfcompile	-O0	5073.9
2026-07-13T01:53:56Z	borg	8997639f144f	selfcompile	-O2	3621.0
2026-07-13T01:53:56Z	borg	8997639f144f	selfcompile	-O3	3722.1
2026-07-13T01:53:56Z	borg	8997639f144f	selfcompile	fpc	3070.1
2026-07-13T02:05:29Z	borg	6276d85155ae	mandelbrot	-O0	1467.0
2026-07-13T02:05:29Z	borg	6276d85155ae	mandelbrot	-O2	1567.3
2026-07-13T02:05:29Z	borg	6276d85155ae	mandelbrot	-O3	1572.4
2026-07-13T02:05:29Z	borg	6276d85155ae	raytracer	-O0	17885.4
2026-07-13T02:05:29Z	borg	6276d85155ae	raytracer	-O2	7429.1
2026-07-13T02:05:29Z	borg	6276d85155ae	raytracer	-O3	7529.0
2026-07-13T02:05:29Z	borg	6276d85155ae	sieve	-O0	114.0
2026-07-13T02:05:29Z	borg	6276d85155ae	sieve	-O2	114.1
2026-07-13T02:05:29Z	borg	6276d85155ae	sieve	-O3	114.1
2026-07-13T02:05:29Z	borg	6276d85155ae	nbody	-O0	664.9
2026-07-13T02:05:29Z	borg	6276d85155ae	nbody	-O2	614.9
2026-07-13T02:05:29Z	borg	6276d85155ae	nbody	-O3	564.8
2026-07-13T02:05:29Z	borg	6276d85155ae	nbody	fpc	114.1
2026-07-13T02:05:29Z	borg	6276d85155ae	fib	-O0	264.3
2026-07-13T02:05:29Z	borg	6276d85155ae	fib	-O2	214.2
2026-07-13T02:05:29Z	borg	6276d85155ae	fib	-O3	214.1
2026-07-13T02:05:29Z	borg	6276d85155ae	fib	fpc	114.0
2026-07-13T02:05:29Z	borg	6276d85155ae	selfcompile	-O0	5125.5
2026-07-13T02:05:29Z	borg	6276d85155ae	selfcompile	-O2	3971.7
2026-07-13T02:05:29Z	borg	6276d85155ae	selfcompile	-O3	3972.4
2026-07-13T02:05:29Z	borg	6276d85155ae	selfcompile	fpc	3170.6
2026-07-13T02:18:32Z	borg	6e0395e5495f	mandelbrot	-O0	1467.1
2026-07-13T02:18:32Z	borg	6e0395e5495f	mandelbrot	-O2	1416.6
2026-07-13T02:18:32Z	borg	6e0395e5495f	mandelbrot	-O3	1166.3
2026-07-13T02:18:32Z	borg	6e0395e5495f	raytracer	-O0	11987.9
2026-07-13T02:18:32Z	borg	6e0395e5495f	raytracer	-O2	7028.8
2026-07-13T02:18:32Z	borg	6e0395e5495f	raytracer	-O3	6927.8
2026-07-13T02:18:32Z	borg	6e0395e5495f	sieve	-O0	113.9
2026-07-13T02:18:32Z	borg	6e0395e5495f	sieve	-O2	114.0
2026-07-13T02:18:32Z	borg	6e0395e5495f	sieve	-O3	113.9
2026-07-13T02:18:32Z	borg	6e0395e5495f	nbody	-O0	665.1
2026-07-13T02:18:32Z	borg	6e0395e5495f	nbody	-O2	614.9
2026-07-13T02:18:32Z	borg	6e0395e5495f	nbody	-O3	565.0
2026-07-13T02:18:32Z	borg	6e0395e5495f	nbody	fpc	114.0
2026-07-13T02:18:32Z	borg	6e0395e5495f	fib	-O0	264.3
2026-07-13T02:18:32Z	borg	6e0395e5495f	fib	-O2	164.0
2026-07-13T02:18:32Z	borg	6e0395e5495f	fib	-O3	214.3
2026-07-13T02:18:32Z	borg	6e0395e5495f	fib	fpc	114.0
2026-07-13T02:18:32Z	borg	6e0395e5495f	selfcompile	-O0	5275.0
2026-07-13T02:18:32Z	borg	6e0395e5495f	selfcompile	-O2	3973.0
2026-07-13T02:18:32Z	borg	6e0395e5495f	selfcompile	-O3	3871.5
2026-07-13T02:18:32Z	borg	6e0395e5495f	selfcompile	fpc	3421.0
2026-07-13T02:31:16Z	borg	8cde904cb46f	mandelbrot	-O0	1416.7
2026-07-13T02:31:16Z	borg	8cde904cb46f	mandelbrot	-O2	1416.3
2026-07-13T02:31:16Z	borg	8cde904cb46f	mandelbrot	-O3	1166.0
2026-07-13T02:31:16Z	borg	8cde904cb46f	raytracer	-O0	12038.5
2026-07-13T02:31:16Z	borg	8cde904cb46f	raytracer	-O2	6928.5
2026-07-13T02:31:16Z	borg	8cde904cb46f	raytracer	-O3	7228.6
2026-07-13T02:31:16Z	borg	8cde904cb46f	sieve	-O0	114.1
2026-07-13T02:31:16Z	borg	8cde904cb46f	sieve	-O2	114.0
2026-07-13T02:31:16Z	borg	8cde904cb46f	sieve	-O3	114.0
2026-07-13T02:31:16Z	borg	8cde904cb46f	nbody	-O0	665.2
2026-07-13T02:31:16Z	borg	8cde904cb46f	nbody	-O2	615.1
2026-07-13T02:31:16Z	borg	8cde904cb46f	nbody	-O3	565.0
2026-07-13T02:31:16Z	borg	8cde904cb46f	nbody	fpc	114.1
2026-07-13T02:31:16Z	borg	8cde904cb46f	fib	-O0	264.4
2026-07-13T02:31:16Z	borg	8cde904cb46f	fib	-O2	164.1
2026-07-13T02:31:16Z	borg	8cde904cb46f	fib	-O3	214.2
2026-07-13T02:31:16Z	borg	8cde904cb46f	fib	fpc	114.1
2026-07-13T02:31:16Z	borg	8cde904cb46f	selfcompile	-O0	4873.7
2026-07-13T02:31:16Z	borg	8cde904cb46f	selfcompile	-O2	3771.6
2026-07-13T02:31:16Z	borg	8cde904cb46f	selfcompile	-O3	3621.0
2026-07-13T02:31:16Z	borg	8cde904cb46f	selfcompile	fpc	3120.9
2026-07-13T03:01:01Z	borg	82f4ca7a2ecd	mandelbrot	-O0	1416.8
2026-07-13T03:01:01Z	borg	82f4ca7a2ecd	mandelbrot	-O2	1416.6
2026-07-13T03:01:01Z	borg	82f4ca7a2ecd	mandelbrot	-O3	1166.0
2026-07-13T03:01:01Z	borg	82f4ca7a2ecd	raytracer	-O0	12638.5
2026-07-13T03:01:01Z	borg	82f4ca7a2ecd	raytracer	-O2	6978.8
2026-07-13T03:01:01Z	borg	82f4ca7a2ecd	raytracer	-O3	7578.9
2026-07-13T03:01:01Z	borg	82f4ca7a2ecd	sieve	-O0	114.0
2026-07-13T03:01:01Z	borg	82f4ca7a2ecd	sieve	-O2	114.0
2026-07-13T03:01:01Z	borg	82f4ca7a2ecd	sieve	-O3	114.0
2026-07-13T03:01:01Z	borg	82f4ca7a2ecd	nbody	-O0	765.2
2026-07-13T03:01:01Z	borg	82f4ca7a2ecd	nbody	-O2	614.9
2026-07-13T03:01:01Z	borg	82f4ca7a2ecd	nbody	-O3	564.9
2026-07-13T03:01:01Z	borg	82f4ca7a2ecd	nbody	fpc	114.0
2026-07-13T03:01:01Z	borg	82f4ca7a2ecd	fib	-O0	264.3
2026-07-13T03:01:01Z	borg	82f4ca7a2ecd	fib	-O2	164.1
2026-07-13T03:01:01Z	borg	82f4ca7a2ecd	fib	-O3	214.2
2026-07-13T03:01:01Z	borg	82f4ca7a2ecd	fib	fpc	114.0
2026-07-13T03:01:01Z	borg	82f4ca7a2ecd	selfcompile	-O0	5374.8
2026-07-13T03:01:01Z	borg	82f4ca7a2ecd	selfcompile	-O2	3921.6
2026-07-13T03:01:01Z	borg	82f4ca7a2ecd	selfcompile	-O3	3871.6
2026-07-13T03:40:19Z	borg	070d4102e866	mandelbrot	-O0	1416.7
2026-07-13T03:40:19Z	borg	070d4102e866	mandelbrot	-O2	1416.4
2026-07-13T03:40:19Z	borg	070d4102e866	mandelbrot	-O3	1165.9
2026-07-13T03:40:19Z	borg	070d4102e866	raytracer	-O0	13292.2
2026-07-13T03:40:19Z	borg	070d4102e866	raytracer	-O2	7478.6
2026-07-13T03:40:19Z	borg	070d4102e866	raytracer	-O3	7528.8
2026-07-13T03:40:19Z	borg	070d4102e866	sieve	-O0	114.0
2026-07-13T03:40:19Z	borg	070d4102e866	sieve	-O2	114.1
2026-07-13T03:40:19Z	borg	070d4102e866	sieve	-O3	114.2
2026-07-13T03:40:19Z	borg	070d4102e866	nbody	-O0	1069.7
2026-07-13T03:40:19Z	borg	070d4102e866	nbody	-O2	815.7
2026-07-13T03:40:19Z	borg	070d4102e866	nbody	-O3	665.4
2026-07-13T03:40:19Z	borg	070d4102e866	nbody	fpc	114.1
2026-07-13T03:40:19Z	borg	070d4102e866	fib	-O0	314.3
2026-07-13T03:40:19Z	borg	070d4102e866	fib	-O2	214.3
2026-07-13T03:40:19Z	borg	070d4102e866	fib	-O3	264.4
2026-07-13T03:40:19Z	borg	070d4102e866	fib	fpc	165.2
2026-07-13T03:40:19Z	borg	070d4102e866	selfcompile	-O0	7484.7
2026-07-13T03:40:19Z	borg	070d4102e866	selfcompile	-O2	4123.2
2026-07-13T03:40:19Z	borg	070d4102e866	selfcompile	-O3	3971.8
2026-07-13T03:55:24Z	borg	a755b626a464	mandelbrot	-O0	1416.9
2026-07-13T03:55:24Z	borg	a755b626a464	mandelbrot	-O2	1367.0
2026-07-13T03:55:24Z	borg	a755b626a464	mandelbrot	-O3	1166.4
2026-07-13T03:55:24Z	borg	a755b626a464	raytracer	-O0	11939.1
2026-07-13T03:55:24Z	borg	a755b626a464	raytracer	-O2	6928.1
2026-07-13T03:55:24Z	borg	a755b626a464	raytracer	-O3	6828.0
2026-07-13T03:55:24Z	borg	a755b626a464	sieve	-O0	114.0
2026-07-13T03:55:24Z	borg	a755b626a464	sieve	-O2	114.0
2026-07-13T03:55:24Z	borg	a755b626a464	sieve	-O3	114.1
2026-07-13T03:55:24Z	borg	a755b626a464	nbody	-O0	665.1
2026-07-13T03:55:24Z	borg	a755b626a464	nbody	-O2	614.9
2026-07-13T03:55:24Z	borg	a755b626a464	nbody	-O3	564.9
2026-07-13T03:55:24Z	borg	a755b626a464	nbody	fpc	114.0
2026-07-13T03:55:24Z	borg	a755b626a464	fib	-O0	264.2
2026-07-13T03:55:24Z	borg	a755b626a464	fib	-O2	164.2
2026-07-13T03:55:24Z	borg	a755b626a464	fib	-O3	164.2
2026-07-13T03:55:24Z	borg	a755b626a464	fib	fpc	114.0
2026-07-13T03:55:24Z	borg	a755b626a464	selfcompile	-O0	4824.0
2026-07-13T03:55:24Z	borg	a755b626a464	selfcompile	-O2	3621.4
2026-07-13T03:55:24Z	borg	a755b626a464	selfcompile	-O3	3621.4
2026-07-13T04:49:39Z	borg	d8f55ad6d51b	mandelbrot	-O0	1516.5
2026-07-13T04:49:39Z	borg	d8f55ad6d51b	mandelbrot	-O2	1466.7
2026-07-13T04:49:39Z	borg	d8f55ad6d51b	mandelbrot	-O3	1216.5
2026-07-13T04:49:39Z	borg	d8f55ad6d51b	raytracer	-O0	12840.0
2026-07-13T04:49:39Z	borg	d8f55ad6d51b	raytracer	-O2	7128.4
2026-07-13T04:49:39Z	borg	d8f55ad6d51b	raytracer	-O3	8129.7
2026-07-13T04:49:39Z	borg	d8f55ad6d51b	sieve	-O0	114.0
2026-07-13T04:49:39Z	borg	d8f55ad6d51b	sieve	-O2	114.0
2026-07-13T04:49:39Z	borg	d8f55ad6d51b	sieve	-O3	114.0
2026-07-13T04:49:39Z	borg	d8f55ad6d51b	nbody	-O0	765.3
2026-07-13T04:49:39Z	borg	d8f55ad6d51b	nbody	-O2	665.2
2026-07-13T04:49:39Z	borg	d8f55ad6d51b	nbody	-O3	665.2
2026-07-13T04:49:39Z	borg	d8f55ad6d51b	nbody	fpc	114.0
2026-07-13T04:49:39Z	borg	d8f55ad6d51b	fib	-O0	264.2
2026-07-13T04:49:39Z	borg	d8f55ad6d51b	fib	-O2	214.2
2026-07-13T04:49:39Z	borg	d8f55ad6d51b	fib	-O3	214.3
2026-07-13T04:49:39Z	borg	d8f55ad6d51b	fib	fpc	164.1
2026-07-13T04:49:39Z	borg	d8f55ad6d51b	selfcompile	-O0	5576.6
2026-07-13T04:49:39Z	borg	d8f55ad6d51b	selfcompile	-O2	4222.5
2026-07-13T04:49:39Z	borg	d8f55ad6d51b	selfcompile	-O3	4275.3
2026-07-13T05:06:11Z	borg	7b06e7f7a7fe	mandelbrot	-O0	1466.9
2026-07-13T05:06:11Z	borg	7b06e7f7a7fe	mandelbrot	-O2	1416.6
2026-07-13T05:06:11Z	borg	7b06e7f7a7fe	mandelbrot	-O3	1166.0
2026-07-13T05:06:11Z	borg	7b06e7f7a7fe	raytracer	-O0	13842.6
2026-07-13T05:06:11Z	borg	7b06e7f7a7fe	raytracer	-O2	7478.3
2026-07-13T05:06:11Z	borg	7b06e7f7a7fe	raytracer	-O3	7478.7
2026-07-13T05:06:11Z	borg	7b06e7f7a7fe	sieve	-O0	114.1
2026-07-13T05:06:11Z	borg	7b06e7f7a7fe	sieve	-O2	114.0
2026-07-13T05:06:11Z	borg	7b06e7f7a7fe	sieve	-O3	114.0
2026-07-13T05:06:11Z	borg	7b06e7f7a7fe	nbody	-O0	665.0
2026-07-13T05:06:11Z	borg	7b06e7f7a7fe	nbody	-O2	614.9
2026-07-13T05:06:11Z	borg	7b06e7f7a7fe	nbody	-O3	564.9
2026-07-13T05:06:11Z	borg	7b06e7f7a7fe	nbody	fpc	114.1
2026-07-13T05:06:11Z	borg	7b06e7f7a7fe	fib	-O0	264.3
2026-07-13T05:06:11Z	borg	7b06e7f7a7fe	fib	-O2	214.2
2026-07-13T05:06:11Z	borg	7b06e7f7a7fe	fib	-O3	214.4
2026-07-13T05:06:11Z	borg	7b06e7f7a7fe	fib	fpc	114.0
2026-07-13T05:06:11Z	borg	7b06e7f7a7fe	selfcompile	-O0	5224.2
2026-07-13T05:06:11Z	borg	7b06e7f7a7fe	selfcompile	-O2	4223.0
2026-07-13T05:06:11Z	borg	7b06e7f7a7fe	selfcompile	-O3	4230.4
2026-07-13T05:18:04Z	borg	2593dd2d9e2e	mandelbrot	-O0	1466.6
2026-07-13T05:18:04Z	borg	2593dd2d9e2e	mandelbrot	-O2	1466.5
2026-07-13T05:18:04Z	borg	2593dd2d9e2e	mandelbrot	-O3	1216.0
2026-07-13T05:18:04Z	borg	2593dd2d9e2e	raytracer	-O0	13691.5
2026-07-13T05:18:04Z	borg	2593dd2d9e2e	raytracer	-O2	7128.3
2026-07-13T05:18:04Z	borg	2593dd2d9e2e	raytracer	-O3	7680.8
2026-07-13T05:18:04Z	borg	2593dd2d9e2e	sieve	-O0	114.1
2026-07-13T05:18:04Z	borg	2593dd2d9e2e	sieve	-O2	114.0
2026-07-13T05:18:04Z	borg	2593dd2d9e2e	sieve	-O3	114.0
2026-07-13T05:18:04Z	borg	2593dd2d9e2e	nbody	-O0	815.5
2026-07-13T05:18:04Z	borg	2593dd2d9e2e	nbody	-O2	665.4
2026-07-13T05:18:04Z	borg	2593dd2d9e2e	nbody	-O3	665.1
2026-07-13T05:18:04Z	borg	2593dd2d9e2e	nbody	fpc	113.9
2026-07-13T05:18:04Z	borg	2593dd2d9e2e	fib	-O0	314.4
2026-07-13T05:18:04Z	borg	2593dd2d9e2e	fib	-O2	214.2
2026-07-13T05:18:04Z	borg	2593dd2d9e2e	fib	-O3	264.4
2026-07-13T05:18:04Z	borg	2593dd2d9e2e	fib	fpc	114.0
2026-07-13T05:18:04Z	borg	2593dd2d9e2e	selfcompile	-O0	5574.9
2026-07-13T05:18:04Z	borg	2593dd2d9e2e	selfcompile	-O2	4021.0
2026-07-13T05:18:04Z	borg	2593dd2d9e2e	selfcompile	-O3	3971.2
2026-07-13T05:18:04Z	borg	2593dd2d9e2e	selfcompile	fpc	3621.3
2026-07-13T05:40:50Z	borg	2107bced1a53	mandelbrot	-O0	1416.7
2026-07-13T05:40:50Z	borg	2107bced1a53	mandelbrot	-O2	1416.3
2026-07-13T05:40:50Z	borg	2107bced1a53	mandelbrot	-O3	1166.0
2026-07-13T05:40:50Z	borg	2107bced1a53	raytracer	-O0	13039.9
2026-07-13T05:40:50Z	borg	2107bced1a53	raytracer	-O2	7378.1
2026-07-13T05:40:50Z	borg	2107bced1a53	raytracer	-O3	7178.9
2026-07-13T05:40:50Z	borg	2107bced1a53	sieve	-O0	114.2
2026-07-13T05:40:50Z	borg	2107bced1a53	sieve	-O2	114.2
2026-07-13T05:40:50Z	borg	2107bced1a53	sieve	-O3	114.2
2026-07-13T05:40:50Z	borg	2107bced1a53	nbody	-O0	865.8
2026-07-13T05:40:50Z	borg	2107bced1a53	nbody	-O2	765.5
2026-07-13T05:40:50Z	borg	2107bced1a53	nbody	-O3	765.6
2026-07-13T05:40:50Z	borg	2107bced1a53	nbody	fpc	114.0
2026-07-13T05:40:50Z	borg	2107bced1a53	fib	-O0	315.2
2026-07-13T05:40:50Z	borg	2107bced1a53	fib	-O2	264.3
2026-07-13T05:40:50Z	borg	2107bced1a53	fib	-O3	264.3
2026-07-13T05:40:50Z	borg	2107bced1a53	fib	fpc	164.3
2026-07-13T05:40:50Z	borg	2107bced1a53	selfcompile	-O0	7590.2
2026-07-13T05:40:50Z	borg	2107bced1a53	selfcompile	-O2	5328.6
2026-07-13T05:40:50Z	borg	2107bced1a53	selfcompile	-O3	5633.5
2026-07-13T05:40:50Z	borg	2107bced1a53	selfcompile	fpc	3420.8
2026-07-13T05:56:40Z	borg	a5fc06ee29b6	mandelbrot	-O0	1821.1
2026-07-13T05:56:40Z	borg	a5fc06ee29b6	mandelbrot	-O2	1770.8
2026-07-13T05:56:40Z	borg	a5fc06ee29b6	mandelbrot	-O3	1873.1
2026-07-13T05:56:40Z	borg	a5fc06ee29b6	raytracer	-O0	17073.7
2026-07-13T05:56:40Z	borg	a5fc06ee29b6	raytracer	-O2	7482.8
2026-07-13T05:56:40Z	borg	a5fc06ee29b6	raytracer	-O3	7581.4
2026-07-13T05:56:40Z	borg	a5fc06ee29b6	sieve	-O0	114.1
2026-07-13T05:56:40Z	borg	a5fc06ee29b6	sieve	-O2	114.1
2026-07-13T05:56:40Z	borg	a5fc06ee29b6	sieve	-O3	114.1
2026-07-13T05:56:40Z	borg	a5fc06ee29b6	nbody	-O0	665.1
2026-07-13T05:56:40Z	borg	a5fc06ee29b6	nbody	-O2	615.3
2026-07-13T05:56:40Z	borg	a5fc06ee29b6	nbody	-O3	564.8
2026-07-13T05:56:40Z	borg	a5fc06ee29b6	nbody	fpc	114.1
2026-07-13T05:56:40Z	borg	a5fc06ee29b6	fib	-O0	264.3
2026-07-13T05:56:40Z	borg	a5fc06ee29b6	fib	-O2	164.0
2026-07-13T05:56:40Z	borg	a5fc06ee29b6	fib	-O3	214.2
2026-07-13T05:56:40Z	borg	a5fc06ee29b6	fib	fpc	164.2
2026-07-13T05:56:40Z	borg	a5fc06ee29b6	selfcompile	-O0	4826.4
2026-07-13T05:56:40Z	borg	a5fc06ee29b6	selfcompile	-O2	3721.7
2026-07-13T05:56:40Z	borg	a5fc06ee29b6	selfcompile	-O3	3871.5
2026-07-13T05:56:40Z	borg	a5fc06ee29b6	selfcompile	fpc	2920.9
2026-07-13T06:09:43Z	borg	9b93d1c6139c	mandelbrot	-O0	1366.8
2026-07-13T06:09:43Z	borg	9b93d1c6139c	mandelbrot	-O2	1366.2
2026-07-13T06:09:43Z	borg	9b93d1c6139c	mandelbrot	-O3	1166.2
2026-07-13T06:09:43Z	borg	9b93d1c6139c	raytracer	-O0	12690.0
2026-07-13T06:09:43Z	borg	9b93d1c6139c	raytracer	-O2	7228.7
2026-07-13T06:09:43Z	borg	9b93d1c6139c	raytracer	-O3	7278.7
2026-07-13T06:09:43Z	borg	9b93d1c6139c	sieve	-O0	113.9
2026-07-13T06:09:43Z	borg	9b93d1c6139c	sieve	-O2	113.9
2026-07-13T06:09:43Z	borg	9b93d1c6139c	sieve	-O3	114.0
2026-07-13T06:09:43Z	borg	9b93d1c6139c	nbody	-O0	665.0
2026-07-13T06:09:43Z	borg	9b93d1c6139c	nbody	-O2	565.1
2026-07-13T06:09:43Z	borg	9b93d1c6139c	nbody	-O3	565.0
2026-07-13T06:09:43Z	borg	9b93d1c6139c	nbody	fpc	113.9
2026-07-13T06:09:43Z	borg	9b93d1c6139c	fib	-O0	364.4
2026-07-13T06:09:43Z	borg	9b93d1c6139c	fib	-O2	264.4
2026-07-13T06:09:43Z	borg	9b93d1c6139c	fib	-O3	314.7
2026-07-13T06:09:43Z	borg	9b93d1c6139c	fib	fpc	164.3
2026-07-13T06:09:43Z	borg	9b93d1c6139c	selfcompile	-O0	7034.4
2026-07-13T06:09:43Z	borg	9b93d1c6139c	selfcompile	-O2	4877.8
2026-07-13T06:09:43Z	borg	9b93d1c6139c	selfcompile	-O3	4723.9
2026-07-13T06:09:43Z	borg	9b93d1c6139c	selfcompile	fpc	3872.2
2026-07-13T06:24:43Z	borg	8ffa3414f473	mandelbrot	-O0	1466.8
2026-07-13T06:24:43Z	borg	8ffa3414f473	mandelbrot	-O2	1417.0
2026-07-13T06:24:43Z	borg	8ffa3414f473	mandelbrot	-O3	1567.0
2026-07-13T06:24:43Z	borg	8ffa3414f473	raytracer	-O0	13895.2
2026-07-13T06:24:43Z	borg	8ffa3414f473	raytracer	-O2	7478.3
2026-07-13T06:24:43Z	borg	8ffa3414f473	raytracer	-O3	7327.8
2026-07-13T06:24:43Z	borg	8ffa3414f473	sieve	-O0	114.0
2026-07-13T06:24:43Z	borg	8ffa3414f473	sieve	-O2	64.1
2026-07-13T06:24:43Z	borg	8ffa3414f473	sieve	-O3	64.0
2026-07-13T06:24:43Z	borg	8ffa3414f473	nbody	-O0	665.0
2026-07-13T06:24:43Z	borg	8ffa3414f473	nbody	-O2	565.1
2026-07-13T06:24:43Z	borg	8ffa3414f473	nbody	-O3	564.9
2026-07-13T06:24:43Z	borg	8ffa3414f473	nbody	fpc	114.0
2026-07-13T06:24:43Z	borg	8ffa3414f473	fib	-O0	264.2
2026-07-13T06:24:43Z	borg	8ffa3414f473	fib	-O2	214.3
2026-07-13T06:24:43Z	borg	8ffa3414f473	fib	-O3	214.3
2026-07-13T06:24:43Z	borg	8ffa3414f473	fib	fpc	114.0
2026-07-13T06:24:43Z	borg	8ffa3414f473	selfcompile	-O0	4973.8
2026-07-13T06:24:43Z	borg	8ffa3414f473	selfcompile	-O2	3821.7
2026-07-13T06:24:43Z	borg	8ffa3414f473	selfcompile	-O3	3625.3
2026-07-13T06:24:43Z	borg	8ffa3414f473	selfcompile	fpc	3070.2
2026-07-13T06:37:34Z	borg	f913bd22ae30	mandelbrot	-O0	1416.4
2026-07-13T06:37:34Z	borg	f913bd22ae30	mandelbrot	-O2	1466.8
2026-07-13T06:37:34Z	borg	f913bd22ae30	mandelbrot	-O3	1116.3
2026-07-13T06:37:34Z	borg	f913bd22ae30	raytracer	-O0	11639.3
2026-07-13T06:37:34Z	borg	f913bd22ae30	raytracer	-O2	6778.2
2026-07-13T06:37:34Z	borg	f913bd22ae30	raytracer	-O3	6678.1
2026-07-13T06:37:34Z	borg	f913bd22ae30	sieve	-O0	114.0
2026-07-13T06:37:34Z	borg	f913bd22ae30	sieve	-O2	64.0
2026-07-13T06:37:34Z	borg	f913bd22ae30	sieve	-O3	64.2
2026-07-13T06:37:34Z	borg	f913bd22ae30	nbody	-O0	615.1
2026-07-13T06:37:34Z	borg	f913bd22ae30	nbody	-O2	564.9
2026-07-13T06:37:34Z	borg	f913bd22ae30	nbody	-O3	515.2
2026-07-13T06:37:34Z	borg	f913bd22ae30	nbody	fpc	63.9
2026-07-13T06:37:34Z	borg	f913bd22ae30	fib	-O0	264.3
2026-07-13T06:37:34Z	borg	f913bd22ae30	fib	-O2	164.1
2026-07-13T06:37:34Z	borg	f913bd22ae30	fib	-O3	164.3
2026-07-13T06:37:34Z	borg	f913bd22ae30	fib	fpc	114.1
2026-07-13T06:37:34Z	borg	f913bd22ae30	selfcompile	-O0	4624.7
2026-07-13T06:37:34Z	borg	f913bd22ae30	selfcompile	-O2	3421.9
2026-07-13T06:37:34Z	borg	f913bd22ae30	selfcompile	-O3	3571.6
2026-07-13T06:37:34Z	borg	f913bd22ae30	selfcompile	fpc	2921.1
2026-07-13T06:48:15Z	borg	65970a28dbc7	mandelbrot	-O0	1366.8
2026-07-13T06:48:15Z	borg	65970a28dbc7	mandelbrot	-O2	1366.8
2026-07-13T06:48:15Z	borg	65970a28dbc7	mandelbrot	-O3	1116.1
2026-07-13T06:48:15Z	borg	65970a28dbc7	raytracer	-O0	11489.7
2026-07-13T06:48:15Z	borg	65970a28dbc7	raytracer	-O2	6728.6
2026-07-13T06:48:15Z	borg	65970a28dbc7	raytracer	-O3	6928.2
2026-07-13T06:48:15Z	borg	65970a28dbc7	sieve	-O0	114.1
2026-07-13T06:48:15Z	borg	65970a28dbc7	sieve	-O2	114.0
2026-07-13T06:48:15Z	borg	65970a28dbc7	sieve	-O3	113.9
2026-07-13T06:48:15Z	borg	65970a28dbc7	nbody	-O0	665.0
2026-07-13T06:48:15Z	borg	65970a28dbc7	nbody	-O2	614.9
2026-07-13T06:48:15Z	borg	65970a28dbc7	nbody	-O3	564.9
2026-07-13T06:48:15Z	borg	65970a28dbc7	nbody	fpc	114.0
2026-07-13T06:48:15Z	borg	65970a28dbc7	fib	-O0	264.2
2026-07-13T06:48:15Z	borg	65970a28dbc7	fib	-O2	214.1
2026-07-13T06:48:15Z	borg	65970a28dbc7	fib	-O3	164.0
2026-07-13T06:48:15Z	borg	65970a28dbc7	fib	fpc	114.0
2026-07-13T06:48:15Z	borg	65970a28dbc7	selfcompile	-O0	5224.9
2026-07-13T06:48:15Z	borg	65970a28dbc7	selfcompile	-O2	3571.0
2026-07-13T06:48:15Z	borg	65970a28dbc7	selfcompile	-O3	3771.4
2026-07-13T06:48:15Z	borg	65970a28dbc7	selfcompile	fpc	3220.5
2026-07-13T07:00:42Z	borg	d7933be5b0d5	mandelbrot	-O0	1466.7
2026-07-13T07:00:42Z	borg	d7933be5b0d5	mandelbrot	-O2	1466.5
2026-07-13T07:00:42Z	borg	d7933be5b0d5	mandelbrot	-O3	1216.2
2026-07-13T07:00:42Z	borg	d7933be5b0d5	raytracer	-O0	12439.1
2026-07-13T07:00:42Z	borg	d7933be5b0d5	raytracer	-O2	7428.5
2026-07-13T07:00:42Z	borg	d7933be5b0d5	raytracer	-O3	7981.8
2026-07-13T07:00:42Z	borg	d7933be5b0d5	sieve	-O0	114.1
2026-07-13T07:00:42Z	borg	d7933be5b0d5	sieve	-O2	114.0
2026-07-13T07:00:42Z	borg	d7933be5b0d5	sieve	-O3	114.0
2026-07-13T07:00:42Z	borg	d7933be5b0d5	nbody	-O0	665.1
2026-07-13T07:00:42Z	borg	d7933be5b0d5	nbody	-O2	614.8
2026-07-13T07:00:42Z	borg	d7933be5b0d5	nbody	-O3	564.7
2026-07-13T07:00:42Z	borg	d7933be5b0d5	nbody	fpc	113.9
2026-07-13T07:00:42Z	borg	d7933be5b0d5	fib	-O0	264.2
2026-07-13T07:00:42Z	borg	d7933be5b0d5	fib	-O2	214.1
2026-07-13T07:00:42Z	borg	d7933be5b0d5	fib	-O3	214.1
2026-07-13T07:00:42Z	borg	d7933be5b0d5	fib	fpc	114.0
2026-07-13T07:00:42Z	borg	d7933be5b0d5	selfcompile	-O0	5475.1
2026-07-13T07:00:42Z	borg	d7933be5b0d5	selfcompile	-O2	3922.2
2026-07-13T07:00:42Z	borg	d7933be5b0d5	selfcompile	-O3	3922.1
2026-07-13T07:00:42Z	borg	d7933be5b0d5	selfcompile	fpc	3170.6
2026-07-13T07:38:59Z	borg	41dc1ce054ba	mandelbrot	-O0	1416.4
2026-07-13T07:38:59Z	borg	41dc1ce054ba	mandelbrot	-O2	1416.8
2026-07-13T07:38:59Z	borg	41dc1ce054ba	mandelbrot	-O3	1166.4
2026-07-13T07:38:59Z	borg	41dc1ce054ba	raytracer	-O0	12639.5
2026-07-13T07:38:59Z	borg	41dc1ce054ba	raytracer	-O2	6978.3
2026-07-13T07:38:59Z	borg	41dc1ce054ba	raytracer	-O3	7178.4
2026-07-13T07:38:59Z	borg	41dc1ce054ba	sieve	-O0	114.1
2026-07-13T07:38:59Z	borg	41dc1ce054ba	sieve	-O2	114.0
2026-07-13T07:38:59Z	borg	41dc1ce054ba	sieve	-O3	114.0
2026-07-13T07:38:59Z	borg	41dc1ce054ba	nbody	-O0	665.0
2026-07-13T07:38:59Z	borg	41dc1ce054ba	nbody	-O2	615.0
2026-07-13T07:38:59Z	borg	41dc1ce054ba	nbody	-O3	565.0
2026-07-13T07:38:59Z	borg	41dc1ce054ba	nbody	fpc	113.9
2026-07-13T07:38:59Z	borg	41dc1ce054ba	fib	-O0	264.4
2026-07-13T07:38:59Z	borg	41dc1ce054ba	fib	-O2	164.2
2026-07-13T07:38:59Z	borg	41dc1ce054ba	fib	-O3	214.1
2026-07-13T07:38:59Z	borg	41dc1ce054ba	fib	fpc	114.0
2026-07-13T07:38:59Z	borg	41dc1ce054ba	selfcompile	-O0	5124.5
2026-07-13T07:38:59Z	borg	41dc1ce054ba	selfcompile	-O2	3871.9
2026-07-13T07:38:59Z	borg	41dc1ce054ba	selfcompile	-O3	3821.7
2026-07-13T07:38:59Z	borg	41dc1ce054ba	selfcompile	fpc	3320.3
2026-07-13T08:00:22Z	borg	e6844ff49085	mandelbrot	-O0	1366.1
2026-07-13T08:00:22Z	borg	e6844ff49085	mandelbrot	-O2	1366.7
2026-07-13T08:00:22Z	borg	e6844ff49085	mandelbrot	-O3	1166.1
2026-07-13T08:00:22Z	borg	e6844ff49085	raytracer	-O0	12889.3
2026-07-13T08:00:22Z	borg	e6844ff49085	raytracer	-O2	7278.8
2026-07-13T08:00:22Z	borg	e6844ff49085	raytracer	-O3	7129.0
2026-07-13T08:00:22Z	borg	e6844ff49085	sieve	-O0	114.0
2026-07-13T08:00:22Z	borg	e6844ff49085	sieve	-O2	64.1
2026-07-13T08:00:22Z	borg	e6844ff49085	sieve	-O3	64.0
2026-07-13T08:00:22Z	borg	e6844ff49085	nbody	-O0	615.2
2026-07-13T08:00:22Z	borg	e6844ff49085	nbody	-O2	565.4
2026-07-13T08:00:22Z	borg	e6844ff49085	nbody	-O3	565.2
2026-07-13T08:00:22Z	borg	e6844ff49085	nbody	fpc	64.1
2026-07-13T08:00:22Z	borg	e6844ff49085	fib	-O0	264.3
2026-07-13T08:00:22Z	borg	e6844ff49085	fib	-O2	164.3
2026-07-13T08:00:22Z	borg	e6844ff49085	fib	-O3	164.2
2026-07-13T08:00:22Z	borg	e6844ff49085	fib	fpc	114.2
2026-07-13T08:00:22Z	borg	e6844ff49085	selfcompile	-O0	5274.7
2026-07-13T08:00:22Z	borg	e6844ff49085	selfcompile	-O2	3721.7
2026-07-13T08:00:22Z	borg	e6844ff49085	selfcompile	-O3	3821.0
2026-07-13T08:12:22Z	borg	6062efc05779	mandelbrot	-O0	1518.7
2026-07-13T08:12:22Z	borg	6062efc05779	mandelbrot	-O2	1466.8
2026-07-13T08:12:22Z	borg	6062efc05779	mandelbrot	-O3	1216.2
2026-07-13T08:12:22Z	borg	6062efc05779	raytracer	-O0	12789.7
2026-07-13T08:12:22Z	borg	6062efc05779	raytracer	-O2	7129.0
2026-07-13T08:12:22Z	borg	6062efc05779	raytracer	-O3	7128.8
2026-07-13T08:12:22Z	borg	6062efc05779	sieve	-O0	114.1
2026-07-13T08:12:22Z	borg	6062efc05779	sieve	-O2	114.0
2026-07-13T08:12:22Z	borg	6062efc05779	sieve	-O3	114.1
2026-07-13T08:12:22Z	borg	6062efc05779	nbody	-O0	665.1
2026-07-13T08:12:22Z	borg	6062efc05779	nbody	-O2	615.2
2026-07-13T08:12:22Z	borg	6062efc05779	nbody	-O3	564.9
2026-07-13T08:12:22Z	borg	6062efc05779	nbody	fpc	114.0
2026-07-13T08:12:22Z	borg	6062efc05779	fib	-O0	264.3
2026-07-13T08:12:22Z	borg	6062efc05779	fib	-O2	164.2
2026-07-13T08:12:22Z	borg	6062efc05779	fib	-O3	214.2
2026-07-13T08:12:22Z	borg	6062efc05779	fib	fpc	114.0
2026-07-13T08:12:22Z	borg	6062efc05779	selfcompile	-O0	5275.2
2026-07-13T08:12:22Z	borg	6062efc05779	selfcompile	-O2	4222.5
2026-07-13T08:12:22Z	borg	6062efc05779	selfcompile	-O3	4223.3
2026-07-13T08:44:08Z	borg	6c7fe31c076f	mandelbrot	-O0	1416.5
2026-07-13T08:44:08Z	borg	6c7fe31c076f	mandelbrot	-O2	1416.5
2026-07-13T08:44:08Z	borg	6c7fe31c076f	mandelbrot	-O3	1216.3
2026-07-13T08:44:08Z	borg	6c7fe31c076f	raytracer	-O0	13090.9
2026-07-13T08:44:08Z	borg	6c7fe31c076f	raytracer	-O2	8232.6
2026-07-13T08:44:08Z	borg	6c7fe31c076f	raytracer	-O3	8481.2
2026-07-13T08:44:08Z	borg	6c7fe31c076f	sieve	-O0	114.1
2026-07-13T08:44:08Z	borg	6c7fe31c076f	sieve	-O2	114.0
2026-07-13T08:44:08Z	borg	6c7fe31c076f	sieve	-O3	114.0
2026-07-13T08:44:08Z	borg	6c7fe31c076f	nbody	-O0	715.8
2026-07-13T08:44:08Z	borg	6c7fe31c076f	nbody	-O2	665.6
2026-07-13T08:44:08Z	borg	6c7fe31c076f	nbody	-O3	614.9
2026-07-13T08:44:08Z	borg	6c7fe31c076f	nbody	fpc	114.0
2026-07-13T08:44:08Z	borg	6c7fe31c076f	fib	-O0	314.4
2026-07-13T08:44:08Z	borg	6c7fe31c076f	fib	-O2	264.5
2026-07-13T08:44:08Z	borg	6c7fe31c076f	fib	-O3	264.3
2026-07-13T08:44:08Z	borg	6c7fe31c076f	fib	fpc	164.1
2026-07-13T08:44:08Z	borg	6c7fe31c076f	selfcompile	-O0	6327.6
2026-07-13T08:44:08Z	borg	6c7fe31c076f	selfcompile	-O2	4172.3
2026-07-13T08:44:08Z	borg	6c7fe31c076f	selfcompile	-O3	4272.9
2026-07-13T08:56:44Z	borg	a7f0b9581ba1	mandelbrot	-O0	1416.8
2026-07-13T08:56:44Z	borg	a7f0b9581ba1	mandelbrot	-O2	1416.8
2026-07-13T08:56:44Z	borg	a7f0b9581ba1	mandelbrot	-O3	1166.1
2026-07-13T08:56:44Z	borg	a7f0b9581ba1	raytracer	-O0	12890.5
2026-07-13T08:56:44Z	borg	a7f0b9581ba1	raytracer	-O2	7682.2
2026-07-13T08:56:44Z	borg	a7f0b9581ba1	raytracer	-O3	7630.0
2026-07-13T08:56:44Z	borg	a7f0b9581ba1	sieve	-O0	114.0
2026-07-13T08:56:44Z	borg	a7f0b9581ba1	sieve	-O2	114.0
2026-07-13T08:56:44Z	borg	a7f0b9581ba1	sieve	-O3	114.0
2026-07-13T08:56:44Z	borg	a7f0b9581ba1	nbody	-O0	665.2
2026-07-13T08:56:44Z	borg	a7f0b9581ba1	nbody	-O2	615.0
2026-07-13T08:56:44Z	borg	a7f0b9581ba1	nbody	-O3	565.1
2026-07-13T08:56:44Z	borg	a7f0b9581ba1	nbody	fpc	114.0
2026-07-13T08:56:44Z	borg	a7f0b9581ba1	fib	-O0	264.2
2026-07-13T08:56:44Z	borg	a7f0b9581ba1	fib	-O2	164.1
2026-07-13T08:56:44Z	borg	a7f0b9581ba1	fib	-O3	214.3
2026-07-13T08:56:44Z	borg	a7f0b9581ba1	fib	fpc	114.0
2026-07-13T08:56:44Z	borg	a7f0b9581ba1	selfcompile	-O0	5625.5
2026-07-13T08:56:44Z	borg	a7f0b9581ba1	selfcompile	-O2	4173.2
2026-07-13T08:56:44Z	borg	a7f0b9581ba1	selfcompile	-O3	4072.3
2026-07-13T09:21:48Z	borg	2eaced377605	mandelbrot	-O0	1518.5
2026-07-13T09:21:48Z	borg	2eaced377605	mandelbrot	-O2	1466.5
2026-07-13T09:21:48Z	borg	2eaced377605	mandelbrot	-O3	1216.1
2026-07-13T09:21:48Z	borg	2eaced377605	raytracer	-O0	12598.1
2026-07-13T09:21:48Z	borg	2eaced377605	raytracer	-O2	7028.0
2026-07-13T09:21:48Z	borg	2eaced377605	raytracer	-O3	7078.1
2026-07-13T09:21:48Z	borg	2eaced377605	sieve	-O0	114.1
2026-07-13T09:21:48Z	borg	2eaced377605	sieve	-O2	114.1
2026-07-13T09:21:48Z	borg	2eaced377605	sieve	-O3	114.0
2026-07-13T09:21:48Z	borg	2eaced377605	nbody	-O0	665.3
2026-07-13T09:21:48Z	borg	2eaced377605	nbody	-O2	615.0
2026-07-13T09:21:48Z	borg	2eaced377605	nbody	-O3	565.0
2026-07-13T09:21:48Z	borg	2eaced377605	nbody	fpc	114.0
2026-07-13T09:21:48Z	borg	2eaced377605	fib	-O0	264.3
2026-07-13T09:21:48Z	borg	2eaced377605	fib	-O2	164.3
2026-07-13T09:21:48Z	borg	2eaced377605	fib	-O3	214.3
2026-07-13T09:21:48Z	borg	2eaced377605	fib	fpc	164.2
2026-07-13T09:21:48Z	borg	2eaced377605	selfcompile	-O0	5275.4
2026-07-13T09:21:48Z	borg	2eaced377605	selfcompile	-O2	4022.2
2026-07-13T09:21:48Z	borg	2eaced377605	selfcompile	-O3	4122.6
2026-07-13T11:20:47Z	borg	adaecd1206f3	mandelbrot	-O0	1416.6
2026-07-13T11:20:47Z	borg	adaecd1206f3	mandelbrot	-O2	1416.6
2026-07-13T11:20:47Z	borg	adaecd1206f3	mandelbrot	-O3	1166.0
2026-07-13T11:20:47Z	borg	adaecd1206f3	raytracer	-O0	12489.7
2026-07-13T11:20:47Z	borg	adaecd1206f3	raytracer	-O2	7178.2
2026-07-13T11:20:47Z	borg	adaecd1206f3	raytracer	-O3	6878.5
2026-07-13T11:20:47Z	borg	adaecd1206f3	sieve	-O0	114.2
2026-07-13T11:20:47Z	borg	adaecd1206f3	sieve	-O2	64.0
2026-07-13T11:20:47Z	borg	adaecd1206f3	sieve	-O3	114.0
2026-07-13T11:20:47Z	borg	adaecd1206f3	nbody	-O0	615.2
2026-07-13T11:20:47Z	borg	adaecd1206f3	nbody	-O2	565.1
2026-07-13T11:20:47Z	borg	adaecd1206f3	nbody	-O3	565.1
2026-07-13T11:20:47Z	borg	adaecd1206f3	nbody	fpc	64.2
2026-07-13T11:20:47Z	borg	adaecd1206f3	fib	-O0	264.4
2026-07-13T11:20:47Z	borg	adaecd1206f3	fib	-O2	164.1
2026-07-13T11:20:47Z	borg	adaecd1206f3	fib	-O3	164.2
2026-07-13T11:20:47Z	borg	adaecd1206f3	fib	fpc	114.1
2026-07-13T11:20:47Z	borg	adaecd1206f3	selfcompile	-O0	5024.8
2026-07-13T11:20:47Z	borg	adaecd1206f3	selfcompile	-O2	4122.5
2026-07-13T11:20:47Z	borg	adaecd1206f3	selfcompile	-O3	3772.1
2026-07-13T11:47:30Z	borg	e530da678bc9	mandelbrot	-O0	1416.5
2026-07-13T11:47:30Z	borg	e530da678bc9	mandelbrot	-O2	1366.8
2026-07-13T11:47:30Z	borg	e530da678bc9	mandelbrot	-O3	1216.3
2026-07-13T11:47:30Z	borg	e530da678bc9	raytracer	-O0	12738.6
2026-07-13T11:47:30Z	borg	e530da678bc9	raytracer	-O2	7428.8
2026-07-13T11:47:30Z	borg	e530da678bc9	raytracer	-O3	7328.5
2026-07-13T11:47:30Z	borg	e530da678bc9	sieve	-O0	114.1
2026-07-13T11:47:30Z	borg	e530da678bc9	sieve	-O2	114.1
2026-07-13T11:47:30Z	borg	e530da678bc9	sieve	-O3	114.1
2026-07-13T11:47:30Z	borg	e530da678bc9	nbody	-O0	865.8
2026-07-13T11:47:30Z	borg	e530da678bc9	nbody	-O2	766.0
2026-07-13T11:47:30Z	borg	e530da678bc9	nbody	-O3	564.8
2026-07-13T11:47:30Z	borg	e530da678bc9	nbody	fpc	114.0
2026-07-13T11:47:30Z	borg	e530da678bc9	fib	-O0	314.4
2026-07-13T11:47:30Z	borg	e530da678bc9	fib	-O2	264.5
2026-07-13T11:47:30Z	borg	e530da678bc9	fib	-O3	264.4
2026-07-13T11:47:30Z	borg	e530da678bc9	fib	fpc	214.4
2026-07-13T11:47:30Z	borg	e530da678bc9	selfcompile	-O0	5725.3
2026-07-13T11:47:30Z	borg	e530da678bc9	selfcompile	-O2	4423.2
2026-07-13T11:47:30Z	borg	e530da678bc9	selfcompile	-O3	4576.4
2026-07-13T12:01:43Z	borg	280fb7390cac	mandelbrot	-O0	1416.9
2026-07-13T12:01:43Z	borg	280fb7390cac	mandelbrot	-O2	1416.3
2026-07-13T12:01:43Z	borg	280fb7390cac	mandelbrot	-O3	1165.9
2026-07-13T12:01:43Z	borg	280fb7390cac	raytracer	-O0	12388.8
2026-07-13T12:01:43Z	borg	280fb7390cac	raytracer	-O2	7078.3
2026-07-13T12:01:43Z	borg	280fb7390cac	raytracer	-O3	7477.9
2026-07-13T12:01:43Z	borg	280fb7390cac	sieve	-O0	114.1
2026-07-13T12:01:43Z	borg	280fb7390cac	sieve	-O2	114.0
2026-07-13T12:01:43Z	borg	280fb7390cac	sieve	-O3	113.9
2026-07-13T12:01:43Z	borg	280fb7390cac	nbody	-O0	665.1
2026-07-13T12:01:43Z	borg	280fb7390cac	nbody	-O2	614.9
2026-07-13T12:01:43Z	borg	280fb7390cac	nbody	-O3	665.2
2026-07-13T12:01:43Z	borg	280fb7390cac	nbody	fpc	114.1
2026-07-13T12:01:43Z	borg	280fb7390cac	fib	-O0	314.4
2026-07-13T12:01:43Z	borg	280fb7390cac	fib	-O2	214.2
2026-07-13T12:01:43Z	borg	280fb7390cac	fib	-O3	214.1
2026-07-13T12:01:43Z	borg	280fb7390cac	fib	fpc	114.1
2026-07-13T12:01:43Z	borg	280fb7390cac	selfcompile	-O0	6929.8
2026-07-13T12:01:43Z	borg	280fb7390cac	selfcompile	-O2	4573.0
2026-07-13T12:01:43Z	borg	280fb7390cac	selfcompile	-O3	4073.0
2026-07-13T13:30:53Z	borg	d53c92dbcfd6	mandelbrot	-O0	1366.9
2026-07-13T13:30:53Z	borg	d53c92dbcfd6	mandelbrot	-O2	1466.8
2026-07-13T13:30:53Z	borg	d53c92dbcfd6	mandelbrot	-O3	1216.4
2026-07-13T13:30:53Z	borg	d53c92dbcfd6	raytracer	-O0	12290.1
2026-07-13T13:30:53Z	borg	d53c92dbcfd6	raytracer	-O2	7328.4
2026-07-13T13:30:53Z	borg	d53c92dbcfd6	raytracer	-O3	6829.3
2026-07-13T13:30:53Z	borg	d53c92dbcfd6	sieve	-O0	114.1
2026-07-13T13:30:53Z	borg	d53c92dbcfd6	sieve	-O2	114.1
2026-07-13T13:30:53Z	borg	d53c92dbcfd6	sieve	-O3	114.0
2026-07-13T13:30:53Z	borg	d53c92dbcfd6	nbody	-O0	665.1
2026-07-13T13:30:53Z	borg	d53c92dbcfd6	nbody	-O2	615.0
2026-07-13T13:30:53Z	borg	d53c92dbcfd6	nbody	-O3	565.1
2026-07-13T13:30:53Z	borg	d53c92dbcfd6	nbody	fpc	114.0
2026-07-13T13:30:53Z	borg	d53c92dbcfd6	fib	-O0	264.3
2026-07-13T13:30:53Z	borg	d53c92dbcfd6	fib	-O2	164.0
2026-07-13T13:30:53Z	borg	d53c92dbcfd6	fib	-O3	214.3
2026-07-13T13:30:53Z	borg	d53c92dbcfd6	fib	fpc	114.0
2026-07-13T13:30:53Z	borg	d53c92dbcfd6	selfcompile	-O0	6176.1
2026-07-13T13:30:53Z	borg	d53c92dbcfd6	selfcompile	-O2	3972.2
2026-07-13T13:30:53Z	borg	d53c92dbcfd6	selfcompile	-O3	3922.1
2026-07-13T14:09:18Z	borg	f57ab8b0d4f7	mandelbrot	-O0	1466.6
2026-07-13T14:09:18Z	borg	f57ab8b0d4f7	mandelbrot	-O2	1466.7
2026-07-13T14:09:18Z	borg	f57ab8b0d4f7	mandelbrot	-O3	1216.3
2026-07-13T14:09:18Z	borg	f57ab8b0d4f7	raytracer	-O0	12889.7
2026-07-13T14:09:18Z	borg	f57ab8b0d4f7	raytracer	-O2	7478.8
2026-07-13T14:09:18Z	borg	f57ab8b0d4f7	raytracer	-O3	7729.3
2026-07-13T14:09:18Z	borg	f57ab8b0d4f7	sieve	-O0	114.1
2026-07-13T14:09:18Z	borg	f57ab8b0d4f7	sieve	-O2	114.0
2026-07-13T14:09:18Z	borg	f57ab8b0d4f7	sieve	-O3	114.1
2026-07-13T14:09:18Z	borg	f57ab8b0d4f7	nbody	-O0	667.7
2026-07-13T14:09:18Z	borg	f57ab8b0d4f7	nbody	-O2	615.1
2026-07-13T14:09:18Z	borg	f57ab8b0d4f7	nbody	-O3	564.9
2026-07-13T14:09:18Z	borg	f57ab8b0d4f7	nbody	fpc	114.0
2026-07-13T14:09:18Z	borg	f57ab8b0d4f7	fib	-O0	264.3
2026-07-13T14:09:18Z	borg	f57ab8b0d4f7	fib	-O2	214.1
2026-07-13T14:09:18Z	borg	f57ab8b0d4f7	fib	-O3	214.2
2026-07-13T14:09:18Z	borg	f57ab8b0d4f7	fib	fpc	164.2
2026-07-13T14:09:18Z	borg	f57ab8b0d4f7	selfcompile	-O0	5926.1
2026-07-13T14:09:18Z	borg	f57ab8b0d4f7	selfcompile	-O2	4272.7
2026-07-13T14:09:18Z	borg	f57ab8b0d4f7	selfcompile	-O3	4172.4
2026-07-13T14:09:18Z	borg	f57ab8b0d4f7	selfcompile	fpc	3472.1
2026-07-13T14:48:05Z	borg	fc508a8376af	mandelbrot	-O0	1416.3
2026-07-13T14:48:05Z	borg	fc508a8376af	mandelbrot	-O2	1516.6
2026-07-13T14:48:05Z	borg	fc508a8376af	mandelbrot	-O3	1166.3
2026-07-13T14:48:05Z	borg	fc508a8376af	raytracer	-O0	13139.6
2026-07-13T14:48:05Z	borg	fc508a8376af	raytracer	-O2	12779.0
2026-07-13T14:48:05Z	borg	fc508a8376af	raytracer	-O3	8598.7
2026-07-13T14:48:05Z	borg	fc508a8376af	sieve	-O0	114.0
2026-07-13T14:48:05Z	borg	fc508a8376af	sieve	-O2	114.0
2026-07-13T14:48:05Z	borg	fc508a8376af	sieve	-O3	113.9
2026-07-13T14:48:05Z	borg	fc508a8376af	nbody	-O0	765.7
2026-07-13T14:48:05Z	borg	fc508a8376af	nbody	-O2	615.0
2026-07-13T14:48:05Z	borg	fc508a8376af	nbody	-O3	666.9
2026-07-13T14:48:05Z	borg	fc508a8376af	nbody	fpc	114.2
2026-07-13T14:48:05Z	borg	fc508a8376af	fib	-O0	314.5
2026-07-13T14:48:05Z	borg	fc508a8376af	fib	-O2	164.1
2026-07-13T14:48:05Z	borg	fc508a8376af	fib	-O3	214.3
2026-07-13T14:48:05Z	borg	fc508a8376af	fib	fpc	164.2
2026-07-13T14:48:05Z	borg	fc508a8376af	selfcompile	-O0	6352.4
2026-07-13T14:48:05Z	borg	fc508a8376af	selfcompile	-O2	5232.4
2026-07-13T14:48:05Z	borg	fc508a8376af	selfcompile	-O3	4980.3
2026-07-13T14:48:05Z	borg	fc508a8376af	selfcompile	fpc	3220.8
2026-07-13T15:03:54Z	borg	83195674244e	mandelbrot	-O0	1518.8
2026-07-13T15:03:54Z	borg	83195674244e	mandelbrot	-O2	1568.7
2026-07-13T15:03:54Z	borg	83195674244e	mandelbrot	-O3	1166.0
2026-07-13T15:03:54Z	borg	83195674244e	raytracer	-O0	14897.3
2026-07-13T15:03:54Z	borg	83195674244e	raytracer	-O2	9751.4
2026-07-13T15:03:54Z	borg	83195674244e	raytracer	-O3	9762.2
2026-07-13T15:03:54Z	borg	83195674244e	sieve	-O0	115.3
2026-07-13T15:03:54Z	borg	83195674244e	sieve	-O2	114.4
2026-07-13T15:03:54Z	borg	83195674244e	sieve	-O3	114.4
2026-07-13T15:03:54Z	borg	83195674244e	nbody	-O0	715.9
2026-07-13T15:03:54Z	borg	83195674244e	nbody	-O2	633.3
2026-07-13T15:03:54Z	borg	83195674244e	nbody	-O3	616.0
2026-07-13T15:03:54Z	borg	83195674244e	nbody	fpc	114.4
2026-07-13T15:03:54Z	borg	83195674244e	fib	-O0	314.9
2026-07-13T15:03:54Z	borg	83195674244e	fib	-O2	214.7
2026-07-13T15:03:54Z	borg	83195674244e	fib	-O3	214.8
2026-07-13T15:03:54Z	borg	83195674244e	fib	fpc	164.7
2026-07-13T15:03:54Z	borg	83195674244e	selfcompile	-O0	7855.7
2026-07-13T15:03:54Z	borg	83195674244e	selfcompile	-O2	4927.2
2026-07-13T15:03:54Z	borg	83195674244e	selfcompile	-O3	4927.8
2026-07-13T15:03:54Z	borg	83195674244e	selfcompile	fpc	4877.4
2026-07-13T15:43:41Z	borg	b8be0b4a4b1d	mandelbrot	-O0	1572.8
2026-07-13T15:43:41Z	borg	b8be0b4a4b1d	mandelbrot	-O2	1516.8
2026-07-13T15:43:41Z	borg	b8be0b4a4b1d	mandelbrot	-O3	1418.6
2026-07-13T15:43:41Z	borg	b8be0b4a4b1d	raytracer	-O0	13594.9
2026-07-13T15:43:41Z	borg	b8be0b4a4b1d	raytracer	-O2	7581.1
2026-07-13T15:43:41Z	borg	b8be0b4a4b1d	raytracer	-O3	7328.9
2026-07-13T15:43:41Z	borg	b8be0b4a4b1d	sieve	-O0	114.1
2026-07-13T15:43:41Z	borg	b8be0b4a4b1d	sieve	-O2	114.0
2026-07-13T15:43:41Z	borg	b8be0b4a4b1d	sieve	-O3	114.0
2026-07-13T15:43:41Z	borg	b8be0b4a4b1d	nbody	-O0	665.1
2026-07-13T15:43:41Z	borg	b8be0b4a4b1d	nbody	-O2	615.0
2026-07-13T15:43:41Z	borg	b8be0b4a4b1d	nbody	-O3	565.0
2026-07-13T15:43:41Z	borg	b8be0b4a4b1d	nbody	fpc	114.1
2026-07-13T15:43:41Z	borg	b8be0b4a4b1d	fib	-O0	264.3
2026-07-13T15:43:41Z	borg	b8be0b4a4b1d	fib	-O2	164.1
2026-07-13T15:43:41Z	borg	b8be0b4a4b1d	fib	-O3	164.1
2026-07-13T15:43:41Z	borg	b8be0b4a4b1d	fib	fpc	114.1
2026-07-13T15:43:41Z	borg	b8be0b4a4b1d	selfcompile	-O0	5675.2
2026-07-13T15:43:41Z	borg	b8be0b4a4b1d	selfcompile	-O2	4776.0
2026-07-13T15:43:41Z	borg	b8be0b4a4b1d	selfcompile	-O3	4472.8
2026-07-13T15:43:41Z	borg	b8be0b4a4b1d	selfcompile	fpc	3621.2
2026-07-13T16:17:08Z	borg	75611469458c	mandelbrot	-O0	1366.6
2026-07-13T16:17:08Z	borg	75611469458c	mandelbrot	-O2	1316.9
2026-07-13T16:17:08Z	borg	75611469458c	mandelbrot	-O3	1116.4
2026-07-13T16:17:08Z	borg	75611469458c	raytracer	-O0	11639.6
2026-07-13T16:17:08Z	borg	75611469458c	raytracer	-O2	7329.1
2026-07-13T16:17:08Z	borg	75611469458c	raytracer	-O3	7278.7
2026-07-13T16:17:08Z	borg	75611469458c	sieve	-O0	114.0
2026-07-13T16:17:08Z	borg	75611469458c	sieve	-O2	114.0
2026-07-13T16:17:08Z	borg	75611469458c	sieve	-O3	114.0
2026-07-13T16:17:08Z	borg	75611469458c	nbody	-O0	665.2
2026-07-13T16:17:08Z	borg	75611469458c	nbody	-O2	615.1
2026-07-13T16:17:08Z	borg	75611469458c	nbody	-O3	564.8
2026-07-13T16:17:08Z	borg	75611469458c	nbody	fpc	114.0
2026-07-13T16:17:08Z	borg	75611469458c	fib	-O0	264.4
2026-07-13T16:17:08Z	borg	75611469458c	fib	-O2	164.1
2026-07-13T16:17:08Z	borg	75611469458c	fib	-O3	164.1
2026-07-13T16:17:08Z	borg	75611469458c	fib	fpc	114.0
2026-07-13T16:17:08Z	borg	75611469458c	selfcompile	-O0	8407.7
2026-07-13T16:17:08Z	borg	75611469458c	selfcompile	-O2	8158.4
2026-07-13T16:17:08Z	borg	75611469458c	selfcompile	-O3	7211.4
2026-07-13T16:17:08Z	borg	75611469458c	selfcompile	fpc	3476.1
2026-07-13T16:38:21Z	borg	37d789442c0f	mandelbrot	-O0	1517.2
2026-07-13T16:38:21Z	borg	37d789442c0f	mandelbrot	-O2	1471.3
2026-07-13T16:38:21Z	borg	37d789442c0f	mandelbrot	-O3	1166.1
2026-07-13T16:38:21Z	borg	37d789442c0f	raytracer	-O0	12902.1
2026-07-13T16:38:21Z	borg	37d789442c0f	raytracer	-O2	6728.3
2026-07-13T16:38:21Z	borg	37d789442c0f	raytracer	-O3	7479.0
2026-07-13T16:38:21Z	borg	37d789442c0f	sieve	-O0	114.1
2026-07-13T16:38:21Z	borg	37d789442c0f	sieve	-O2	113.9
2026-07-13T16:38:21Z	borg	37d789442c0f	sieve	-O3	114.0
2026-07-13T16:38:21Z	borg	37d789442c0f	nbody	-O0	665.2
2026-07-13T16:38:21Z	borg	37d789442c0f	nbody	-O2	615.1
2026-07-13T16:38:21Z	borg	37d789442c0f	nbody	-O3	615.2
2026-07-13T16:38:21Z	borg	37d789442c0f	nbody	fpc	114.1
2026-07-13T16:38:21Z	borg	37d789442c0f	fib	-O0	264.1
2026-07-13T16:38:21Z	borg	37d789442c0f	fib	-O2	164.1
2026-07-13T16:38:21Z	borg	37d789442c0f	fib	-O3	214.2
2026-07-13T16:38:21Z	borg	37d789442c0f	fib	fpc	114.0
2026-07-13T16:38:21Z	borg	37d789442c0f	selfcompile	-O0	5524.6
2026-07-13T16:38:21Z	borg	37d789442c0f	selfcompile	-O2	4172.5
2026-07-13T16:38:21Z	borg	37d789442c0f	selfcompile	-O3	4122.2
2026-07-13T16:38:21Z	borg	37d789442c0f	selfcompile	fpc	3220.8
2026-07-13T16:52:54Z	borg	ff90643ef2a3	mandelbrot	-O0	1416.6
2026-07-13T16:52:54Z	borg	ff90643ef2a3	mandelbrot	-O2	1466.8
2026-07-13T16:52:54Z	borg	ff90643ef2a3	mandelbrot	-O3	1166.2
2026-07-13T16:52:54Z	borg	ff90643ef2a3	raytracer	-O0	12841.2
2026-07-13T16:52:54Z	borg	ff90643ef2a3	raytracer	-O2	7329.6
2026-07-13T16:52:54Z	borg	ff90643ef2a3	raytracer	-O3	7228.9
2026-07-13T16:52:54Z	borg	ff90643ef2a3	sieve	-O0	114.1
2026-07-13T16:52:54Z	borg	ff90643ef2a3	sieve	-O2	114.1
2026-07-13T16:52:54Z	borg	ff90643ef2a3	sieve	-O3	114.1
2026-07-13T16:52:54Z	borg	ff90643ef2a3	nbody	-O0	665.0
2026-07-13T16:52:54Z	borg	ff90643ef2a3	nbody	-O2	615.1
2026-07-13T16:52:54Z	borg	ff90643ef2a3	nbody	-O3	565.1
2026-07-13T16:52:54Z	borg	ff90643ef2a3	nbody	fpc	114.0
2026-07-13T16:52:54Z	borg	ff90643ef2a3	fib	-O0	264.4
2026-07-13T16:52:54Z	borg	ff90643ef2a3	fib	-O2	164.2
2026-07-13T16:52:54Z	borg	ff90643ef2a3	fib	-O3	214.3
2026-07-13T16:52:54Z	borg	ff90643ef2a3	fib	fpc	114.1
2026-07-13T16:52:54Z	borg	ff90643ef2a3	selfcompile	-O0	5375.6
2026-07-13T16:52:54Z	borg	ff90643ef2a3	selfcompile	-O2	4072.2
2026-07-13T16:52:54Z	borg	ff90643ef2a3	selfcompile	-O3	4172.1
2026-07-13T16:52:54Z	borg	ff90643ef2a3	selfcompile	fpc	3924.7
2026-07-13T17:09:09Z	borg	8766dccbd2dd	mandelbrot	-O0	1468.5
2026-07-13T17:09:09Z	borg	8766dccbd2dd	mandelbrot	-O2	1570.7
2026-07-13T17:09:09Z	borg	8766dccbd2dd	mandelbrot	-O3	1216.2
2026-07-13T17:09:09Z	borg	8766dccbd2dd	raytracer	-O0	13895.9
2026-07-13T17:09:09Z	borg	8766dccbd2dd	raytracer	-O2	7729.1
2026-07-13T17:09:09Z	borg	8766dccbd2dd	raytracer	-O3	15187.4
2026-07-13T17:09:09Z	borg	8766dccbd2dd	sieve	-O0	115.4
2026-07-13T17:09:09Z	borg	8766dccbd2dd	sieve	-O2	114.2
2026-07-13T17:09:09Z	borg	8766dccbd2dd	sieve	-O3	164.5
2026-07-13T17:09:09Z	borg	8766dccbd2dd	nbody	-O0	819.6
2026-07-13T17:09:09Z	borg	8766dccbd2dd	nbody	-O2	865.6
2026-07-13T17:09:09Z	borg	8766dccbd2dd	nbody	-O3	615.9
2026-07-13T17:09:09Z	borg	8766dccbd2dd	nbody	fpc	114.0
2026-07-13T17:09:09Z	borg	8766dccbd2dd	fib	-O0	264.3
2026-07-13T17:09:09Z	borg	8766dccbd2dd	fib	-O2	214.2
2026-07-13T17:09:09Z	borg	8766dccbd2dd	fib	-O3	316.5
2026-07-13T17:09:09Z	borg	8766dccbd2dd	fib	fpc	214.4
2026-07-13T17:09:09Z	borg	8766dccbd2dd	selfcompile	-O0	6784.3
2026-07-13T17:09:09Z	borg	8766dccbd2dd	selfcompile	-O2	4527.7
2026-07-13T17:09:09Z	borg	8766dccbd2dd	selfcompile	-O3	4681.0
2026-07-13T17:09:09Z	borg	8766dccbd2dd	selfcompile	fpc	3780.6
2026-07-13T17:32:06Z	borg	a303fb3d090b	mandelbrot	-O0	1466.8
2026-07-13T17:32:06Z	borg	a303fb3d090b	mandelbrot	-O2	1466.7
2026-07-13T17:32:06Z	borg	a303fb3d090b	mandelbrot	-O3	1166.1
2026-07-13T17:32:06Z	borg	a303fb3d090b	raytracer	-O0	22488.2
2026-07-13T17:32:06Z	borg	a303fb3d090b	raytracer	-O2	8603.6
2026-07-13T17:32:06Z	borg	a303fb3d090b	raytracer	-O3	8744.5
2026-07-13T17:32:06Z	borg	a303fb3d090b	sieve	-O0	114.1
2026-07-13T17:32:06Z	borg	a303fb3d090b	sieve	-O2	114.1
2026-07-13T17:32:06Z	borg	a303fb3d090b	sieve	-O3	114.0
2026-07-13T17:32:06Z	borg	a303fb3d090b	nbody	-O0	716.2
2026-07-13T17:32:06Z	borg	a303fb3d090b	nbody	-O2	615.1
2026-07-13T17:32:06Z	borg	a303fb3d090b	nbody	-O3	564.9
2026-07-13T17:32:06Z	borg	a303fb3d090b	nbody	fpc	114.1
2026-07-13T17:32:06Z	borg	a303fb3d090b	fib	-O0	314.5
2026-07-13T17:32:06Z	borg	a303fb3d090b	fib	-O2	214.2
2026-07-13T17:32:06Z	borg	a303fb3d090b	fib	-O3	214.3
2026-07-13T17:32:06Z	borg	a303fb3d090b	fib	fpc	164.2
2026-07-13T17:32:06Z	borg	a303fb3d090b	selfcompile	-O0	5425.2
2026-07-13T17:32:06Z	borg	a303fb3d090b	selfcompile	-O2	4173.3
2026-07-13T17:32:06Z	borg	a303fb3d090b	selfcompile	-O3	4272.5
2026-07-13T17:48:05Z	borg	a239fd76c5e4	mandelbrot	-O0	1467.5
2026-07-13T17:48:05Z	borg	a239fd76c5e4	mandelbrot	-O2	1570.6
2026-07-13T17:48:05Z	borg	a239fd76c5e4	mandelbrot	-O3	1216.9
2026-07-13T17:48:05Z	borg	a239fd76c5e4	raytracer	-O0	12136.6
2026-07-13T17:48:05Z	borg	a239fd76c5e4	raytracer	-O2	7078.5
2026-07-13T17:48:05Z	borg	a239fd76c5e4	raytracer	-O3	7579.3
2026-07-13T17:48:05Z	borg	a239fd76c5e4	sieve	-O0	114.1
2026-07-13T17:48:05Z	borg	a239fd76c5e4	sieve	-O2	114.1
2026-07-13T17:48:05Z	borg	a239fd76c5e4	sieve	-O3	114.1
2026-07-13T17:48:05Z	borg	a239fd76c5e4	nbody	-O0	664.9
2026-07-13T17:48:05Z	borg	a239fd76c5e4	nbody	-O2	615.0
2026-07-13T17:48:05Z	borg	a239fd76c5e4	nbody	-O3	565.0
2026-07-13T17:48:05Z	borg	a239fd76c5e4	nbody	fpc	114.1
2026-07-13T17:48:05Z	borg	a239fd76c5e4	fib	-O0	264.3
2026-07-13T17:48:05Z	borg	a239fd76c5e4	fib	-O2	164.2
2026-07-13T17:48:05Z	borg	a239fd76c5e4	fib	-O3	214.2
2026-07-13T17:48:05Z	borg	a239fd76c5e4	fib	fpc	114.0
2026-07-13T17:48:05Z	borg	a239fd76c5e4	selfcompile	-O0	5425.6
2026-07-13T17:48:05Z	borg	a239fd76c5e4	selfcompile	-O2	4272.4
2026-07-13T17:48:05Z	borg	a239fd76c5e4	selfcompile	-O3	4173.0
2026-07-13T18:00:13Z	borg	5d6d4eaab3b8	mandelbrot	-O0	1416.9
2026-07-13T18:00:13Z	borg	5d6d4eaab3b8	mandelbrot	-O2	1416.5
2026-07-13T18:00:13Z	borg	5d6d4eaab3b8	mandelbrot	-O3	1166.2
2026-07-13T18:00:13Z	borg	5d6d4eaab3b8	raytracer	-O0	12238.1
2026-07-13T18:00:13Z	borg	5d6d4eaab3b8	raytracer	-O2	7078.4
2026-07-13T18:00:13Z	borg	5d6d4eaab3b8	raytracer	-O3	7228.4
2026-07-13T18:00:13Z	borg	5d6d4eaab3b8	sieve	-O0	114.1
2026-07-13T18:00:13Z	borg	5d6d4eaab3b8	sieve	-O2	113.9
2026-07-13T18:00:13Z	borg	5d6d4eaab3b8	sieve	-O3	114.0
2026-07-13T18:00:13Z	borg	5d6d4eaab3b8	nbody	-O0	665.2
2026-07-13T18:00:13Z	borg	5d6d4eaab3b8	nbody	-O2	614.9
2026-07-13T18:00:13Z	borg	5d6d4eaab3b8	nbody	-O3	565.0
2026-07-13T18:00:13Z	borg	5d6d4eaab3b8	nbody	fpc	114.1
2026-07-13T18:00:13Z	borg	5d6d4eaab3b8	fib	-O0	264.3
2026-07-13T18:00:13Z	borg	5d6d4eaab3b8	fib	-O2	164.1
2026-07-13T18:00:13Z	borg	5d6d4eaab3b8	fib	-O3	214.2
2026-07-13T18:00:13Z	borg	5d6d4eaab3b8	fib	fpc	114.0
2026-07-13T18:00:13Z	borg	5d6d4eaab3b8	selfcompile	-O0	5424.7
2026-07-13T18:00:13Z	borg	5d6d4eaab3b8	selfcompile	-O2	4022.3
2026-07-13T18:00:13Z	borg	5d6d4eaab3b8	selfcompile	-O3	4024.1
2026-07-13T18:40:07Z	borg	9252b0ca7d4b	mandelbrot	-O0	2031.2
2026-07-13T18:40:07Z	borg	9252b0ca7d4b	mandelbrot	-O2	2024.2
2026-07-13T18:40:07Z	borg	9252b0ca7d4b	mandelbrot	-O3	1925.8
2026-07-13T18:40:07Z	borg	9252b0ca7d4b	raytracer	-O0	15323.0
2026-07-13T18:40:07Z	borg	9252b0ca7d4b	raytracer	-O2	8651.1
2026-07-13T18:40:07Z	borg	9252b0ca7d4b	raytracer	-O3	7631.9
2026-07-13T18:40:07Z	borg	9252b0ca7d4b	sieve	-O0	164.6
2026-07-13T18:40:07Z	borg	9252b0ca7d4b	sieve	-O2	164.6
2026-07-13T18:40:07Z	borg	9252b0ca7d4b	sieve	-O3	166.1
2026-07-13T18:40:07Z	borg	9252b0ca7d4b	nbody	-O0	1175.7
2026-07-13T18:40:07Z	borg	9252b0ca7d4b	nbody	-O2	1069.5
2026-07-13T18:40:07Z	borg	9252b0ca7d4b	nbody	-O3	1021.1
2026-07-13T18:40:07Z	borg	9252b0ca7d4b	nbody	fpc	167.0
2026-07-13T18:40:07Z	borg	9252b0ca7d4b	fib	-O0	466.8
2026-07-13T18:40:07Z	borg	9252b0ca7d4b	fib	-O2	315.3
2026-07-13T18:40:07Z	borg	9252b0ca7d4b	fib	-O3	365.2
2026-07-13T18:40:07Z	borg	9252b0ca7d4b	fib	fpc	267.1
2026-07-13T18:40:07Z	borg	9252b0ca7d4b	selfcompile	-O0	11487.6
2026-07-13T18:40:07Z	borg	9252b0ca7d4b	selfcompile	-O2	7019.3
2026-07-13T18:40:07Z	borg	9252b0ca7d4b	selfcompile	-O3	5689.2
2026-07-13T19:40:14Z	borg	6cced1da1ae5	mandelbrot	-O0	1416.8
2026-07-13T19:40:14Z	borg	6cced1da1ae5	mandelbrot	-O2	1416.7
2026-07-13T19:40:14Z	borg	6cced1da1ae5	mandelbrot	-O3	1166.0
2026-07-13T19:40:14Z	borg	6cced1da1ae5	raytracer	-O0	12640.2
2026-07-13T19:40:14Z	borg	6cced1da1ae5	raytracer	-O2	7029.5
2026-07-13T19:40:14Z	borg	6cced1da1ae5	raytracer	-O3	7128.6
2026-07-13T19:40:14Z	borg	6cced1da1ae5	sieve	-O0	114.0
2026-07-13T19:40:14Z	borg	6cced1da1ae5	sieve	-O2	113.9
2026-07-13T19:40:14Z	borg	6cced1da1ae5	sieve	-O3	114.2
2026-07-13T19:40:14Z	borg	6cced1da1ae5	nbody	-O0	665.1
2026-07-13T19:40:14Z	borg	6cced1da1ae5	nbody	-O2	615.1
2026-07-13T19:40:14Z	borg	6cced1da1ae5	nbody	-O3	565.0
2026-07-13T19:40:14Z	borg	6cced1da1ae5	nbody	fpc	114.1
2026-07-13T19:40:14Z	borg	6cced1da1ae5	fib	-O0	264.3
2026-07-13T19:40:14Z	borg	6cced1da1ae5	fib	-O2	164.2
2026-07-13T19:40:14Z	borg	6cced1da1ae5	fib	-O3	164.1
2026-07-13T19:40:14Z	borg	6cced1da1ae5	fib	fpc	114.2
2026-07-13T19:40:14Z	borg	6cced1da1ae5	selfcompile	-O0	5524.1
2026-07-13T19:40:14Z	borg	6cced1da1ae5	selfcompile	-O2	4272.6
2026-07-13T19:40:14Z	borg	6cced1da1ae5	selfcompile	-O3	4022.4
2026-07-13T21:25:41Z	borg	d94db8d6b0cc	mandelbrot	-O0	1366.8
2026-07-13T21:25:41Z	borg	d94db8d6b0cc	mandelbrot	-O2	1366.7
2026-07-13T21:25:41Z	borg	d94db8d6b0cc	mandelbrot	-O3	1116.4
2026-07-13T21:25:41Z	borg	d94db8d6b0cc	raytracer	-O0	12240.5
2026-07-13T21:25:41Z	borg	d94db8d6b0cc	raytracer	-O2	6878.6
2026-07-13T21:25:41Z	borg	d94db8d6b0cc	raytracer	-O3	6778.5
2026-07-13T21:25:41Z	borg	d94db8d6b0cc	sieve	-O0	114.1
2026-07-13T21:25:41Z	borg	d94db8d6b0cc	sieve	-O2	64.0
2026-07-13T21:25:41Z	borg	d94db8d6b0cc	sieve	-O3	64.0
2026-07-13T21:25:41Z	borg	d94db8d6b0cc	nbody	-O0	665.2
2026-07-13T21:25:41Z	borg	d94db8d6b0cc	nbody	-O2	615.0
2026-07-13T21:25:41Z	borg	d94db8d6b0cc	nbody	-O3	565.2
2026-07-13T21:25:41Z	borg	d94db8d6b0cc	nbody	fpc	64.3
2026-07-13T21:25:41Z	borg	d94db8d6b0cc	fib	-O0	264.4
2026-07-13T21:25:41Z	borg	d94db8d6b0cc	fib	-O2	164.2
2026-07-13T21:25:41Z	borg	d94db8d6b0cc	fib	-O3	164.2
2026-07-13T21:25:41Z	borg	d94db8d6b0cc	fib	fpc	114.0
2026-07-13T21:25:41Z	borg	d94db8d6b0cc	selfcompile	-O0	5274.0
2026-07-13T21:25:41Z	borg	d94db8d6b0cc	selfcompile	-O2	3972.5
2026-07-13T21:25:41Z	borg	d94db8d6b0cc	selfcompile	-O3	4223.2
2026-07-13T22:06:32Z	borg	f6bcbe6c1237	mandelbrot	-O0	1466.6
2026-07-13T22:06:32Z	borg	f6bcbe6c1237	mandelbrot	-O2	1416.7
2026-07-13T22:06:32Z	borg	f6bcbe6c1237	mandelbrot	-O3	1166.4
2026-07-13T22:06:32Z	borg	f6bcbe6c1237	raytracer	-O0	12338.7
2026-07-13T22:06:32Z	borg	f6bcbe6c1237	raytracer	-O2	7278.7
2026-07-13T22:06:32Z	borg	f6bcbe6c1237	raytracer	-O3	7228.6
2026-07-13T22:06:32Z	borg	f6bcbe6c1237	sieve	-O0	114.0
2026-07-13T22:06:32Z	borg	f6bcbe6c1237	sieve	-O2	114.0
2026-07-13T22:06:32Z	borg	f6bcbe6c1237	sieve	-O3	114.1
2026-07-13T22:06:32Z	borg	f6bcbe6c1237	nbody	-O0	664.9
2026-07-13T22:06:32Z	borg	f6bcbe6c1237	nbody	-O2	715.2
2026-07-13T22:06:32Z	borg	f6bcbe6c1237	nbody	-O3	564.8
2026-07-13T22:06:32Z	borg	f6bcbe6c1237	nbody	fpc	114.0
2026-07-13T22:06:32Z	borg	f6bcbe6c1237	fib	-O0	264.4
2026-07-13T22:06:32Z	borg	f6bcbe6c1237	fib	-O2	164.3
2026-07-13T22:06:32Z	borg	f6bcbe6c1237	fib	-O3	214.2
2026-07-13T22:06:32Z	borg	f6bcbe6c1237	fib	fpc	114.0
2026-07-13T22:06:32Z	borg	f6bcbe6c1237	selfcompile	-O0	5525.1
2026-07-13T22:06:32Z	borg	f6bcbe6c1237	selfcompile	-O2	4272.9
2026-07-13T22:06:32Z	borg	f6bcbe6c1237	selfcompile	-O3	4272.9
2026-07-13T22:19:03Z	borg	04dc65dfc82f	mandelbrot	-O0	1416.8
2026-07-13T22:19:03Z	borg	04dc65dfc82f	mandelbrot	-O2	1366.0
2026-07-13T22:19:03Z	borg	04dc65dfc82f	mandelbrot	-O3	1166.2
2026-07-13T22:19:03Z	borg	04dc65dfc82f	raytracer	-O0	11888.4
2026-07-13T22:19:03Z	borg	04dc65dfc82f	raytracer	-O2	6728.6
2026-07-13T22:19:03Z	borg	04dc65dfc82f	raytracer	-O3	6677.7
2026-07-13T22:19:03Z	borg	04dc65dfc82f	sieve	-O0	114.0
2026-07-13T22:19:03Z	borg	04dc65dfc82f	sieve	-O2	64.0
2026-07-13T22:19:03Z	borg	04dc65dfc82f	sieve	-O3	64.0
2026-07-13T22:19:03Z	borg	04dc65dfc82f	nbody	-O0	615.0
2026-07-13T22:19:03Z	borg	04dc65dfc82f	nbody	-O2	565.1
2026-07-13T22:19:03Z	borg	04dc65dfc82f	nbody	-O3	515.0
2026-07-13T22:19:03Z	borg	04dc65dfc82f	nbody	fpc	63.8
2026-07-13T22:19:03Z	borg	04dc65dfc82f	fib	-O0	264.4
2026-07-13T22:19:03Z	borg	04dc65dfc82f	fib	-O2	164.3
2026-07-13T22:19:03Z	borg	04dc65dfc82f	fib	-O3	164.2
2026-07-13T22:19:03Z	borg	04dc65dfc82f	fib	fpc	113.9
2026-07-13T22:19:03Z	borg	04dc65dfc82f	selfcompile	-O0	5676.2
2026-07-13T22:19:03Z	borg	04dc65dfc82f	selfcompile	-O2	4023.4
2026-07-13T22:19:03Z	borg	04dc65dfc82f	selfcompile	-O3	3972.7
2026-07-13T22:29:46Z	borg	2cbc89b733a9	mandelbrot	-O0	1316.6
2026-07-13T22:29:46Z	borg	2cbc89b733a9	mandelbrot	-O2	1316.5
2026-07-13T22:29:46Z	borg	2cbc89b733a9	mandelbrot	-O3	1066.2
2026-07-13T22:29:46Z	borg	2cbc89b733a9	raytracer	-O0	11188.7
2026-07-13T22:29:46Z	borg	2cbc89b733a9	raytracer	-O2	6728.4
2026-07-13T22:29:46Z	borg	2cbc89b733a9	raytracer	-O3	6628.3
2026-07-13T22:29:46Z	borg	2cbc89b733a9	sieve	-O0	114.1
2026-07-13T22:29:46Z	borg	2cbc89b733a9	sieve	-O2	64.0
2026-07-13T22:29:46Z	borg	2cbc89b733a9	sieve	-O3	64.0
2026-07-13T22:29:46Z	borg	2cbc89b733a9	nbody	-O0	615.2
2026-07-13T22:29:46Z	borg	2cbc89b733a9	nbody	-O2	565.2
2026-07-13T22:29:46Z	borg	2cbc89b733a9	nbody	-O3	515.0
2026-07-13T22:29:46Z	borg	2cbc89b733a9	nbody	fpc	64.0
2026-07-13T22:29:46Z	borg	2cbc89b733a9	fib	-O0	264.4
2026-07-13T22:29:46Z	borg	2cbc89b733a9	fib	-O2	164.1
2026-07-13T22:29:46Z	borg	2cbc89b733a9	fib	-O3	164.3
2026-07-13T22:29:46Z	borg	2cbc89b733a9	fib	fpc	114.1
2026-07-13T22:29:46Z	borg	2cbc89b733a9	selfcompile	-O0	5576.1
2026-07-13T22:29:46Z	borg	2cbc89b733a9	selfcompile	-O2	4073.5
2026-07-13T22:29:46Z	borg	2cbc89b733a9	selfcompile	-O3	4122.9
2026-07-13T22:53:29Z	borg	f50901f4a37d	mandelbrot	-O0	1366.9
2026-07-13T22:53:29Z	borg	f50901f4a37d	mandelbrot	-O2	1316.9
2026-07-13T22:53:29Z	borg	f50901f4a37d	mandelbrot	-O3	1116.3
2026-07-13T22:53:29Z	borg	f50901f4a37d	raytracer	-O0	11489.9
2026-07-13T22:53:29Z	borg	f50901f4a37d	raytracer	-O2	6679.0
2026-07-13T22:53:29Z	borg	f50901f4a37d	raytracer	-O3	6628.2
2026-07-13T22:53:29Z	borg	f50901f4a37d	sieve	-O0	114.0
2026-07-13T22:53:29Z	borg	f50901f4a37d	sieve	-O2	114.0
2026-07-13T22:53:29Z	borg	f50901f4a37d	sieve	-O3	64.1
2026-07-13T22:53:29Z	borg	f50901f4a37d	nbody	-O0	615.3
2026-07-13T22:53:29Z	borg	f50901f4a37d	nbody	-O2	565.1
2026-07-13T22:53:29Z	borg	f50901f4a37d	nbody	-O3	565.0
2026-07-13T22:53:29Z	borg	f50901f4a37d	nbody	fpc	63.9
2026-07-13T22:53:29Z	borg	f50901f4a37d	fib	-O0	264.4
2026-07-13T22:53:29Z	borg	f50901f4a37d	fib	-O2	164.2
2026-07-13T22:53:29Z	borg	f50901f4a37d	fib	-O3	164.1
2026-07-13T22:53:29Z	borg	f50901f4a37d	fib	fpc	114.1
2026-07-13T22:53:29Z	borg	f50901f4a37d	selfcompile	-O0	5526.1
2026-07-13T22:53:29Z	borg	f50901f4a37d	selfcompile	-O2	4172.2
2026-07-13T22:53:29Z	borg	f50901f4a37d	selfcompile	-O3	4073.4
2026-07-13T23:22:57Z	borg	906038a93015	mandelbrot	-O0	1316.6
2026-07-13T23:22:57Z	borg	906038a93015	mandelbrot	-O2	1316.4
2026-07-13T23:22:57Z	borg	906038a93015	mandelbrot	-O3	1066.0
2026-07-13T23:22:57Z	borg	906038a93015	raytracer	-O0	11187.2
2026-07-13T23:22:57Z	borg	906038a93015	raytracer	-O2	6677.5
2026-07-13T23:22:57Z	borg	906038a93015	raytracer	-O3	6476.5
2026-07-13T23:22:57Z	borg	906038a93015	sieve	-O0	114.0
2026-07-13T23:22:57Z	borg	906038a93015	sieve	-O2	64.0
2026-07-13T23:22:57Z	borg	906038a93015	sieve	-O3	63.9
2026-07-13T23:22:57Z	borg	906038a93015	nbody	-O0	615.0
2026-07-13T23:22:57Z	borg	906038a93015	nbody	-O2	564.9
2026-07-13T23:22:57Z	borg	906038a93015	nbody	-O3	514.9
2026-07-13T23:22:57Z	borg	906038a93015	nbody	fpc	64.0
2026-07-13T23:22:57Z	borg	906038a93015	fib	-O0	264.4
2026-07-13T23:22:57Z	borg	906038a93015	fib	-O2	164.2
2026-07-13T23:22:57Z	borg	906038a93015	fib	-O3	164.2
2026-07-13T23:22:57Z	borg	906038a93015	fib	fpc	114.0
2026-07-13T23:22:57Z	borg	906038a93015	selfcompile	-O0	5325.8
2026-07-13T23:22:57Z	borg	906038a93015	selfcompile	-O2	4072.1
2026-07-13T23:22:57Z	borg	906038a93015	selfcompile	-O3	4020.4
2026-07-14T05:43:15Z	borg	45de58e9df07	mandelbrot	-O0	1567.1
2026-07-14T05:43:15Z	borg	45de58e9df07	mandelbrot	-O2	1516.7
2026-07-14T05:43:15Z	borg	45de58e9df07	mandelbrot	-O3	1216.3
2026-07-14T05:43:15Z	borg	45de58e9df07	raytracer	-O0	13043.6
2026-07-14T05:43:15Z	borg	45de58e9df07	raytracer	-O2	8282.2
2026-07-14T05:43:15Z	borg	45de58e9df07	raytracer	-O3	8537.6
2026-07-14T05:43:15Z	borg	45de58e9df07	sieve	-O0	114.0
2026-07-14T05:43:15Z	borg	45de58e9df07	sieve	-O2	114.0
2026-07-14T05:43:15Z	borg	45de58e9df07	sieve	-O3	114.1
2026-07-14T05:43:15Z	borg	45de58e9df07	nbody	-O0	716.1
2026-07-14T05:43:15Z	borg	45de58e9df07	nbody	-O2	715.1
2026-07-14T05:43:15Z	borg	45de58e9df07	nbody	-O3	565.0
2026-07-14T05:43:15Z	borg	45de58e9df07	nbody	fpc	114.0
2026-07-14T05:43:15Z	borg	45de58e9df07	fib	-O0	364.7
2026-07-14T05:43:15Z	borg	45de58e9df07	fib	-O2	214.3
2026-07-14T05:43:15Z	borg	45de58e9df07	fib	-O3	264.3
2026-07-14T05:43:15Z	borg	45de58e9df07	fib	fpc	114.1
2026-07-14T05:43:15Z	borg	45de58e9df07	selfcompile	-O0	7032.0
2026-07-14T05:43:15Z	borg	45de58e9df07	selfcompile	-O2	7960.2
2026-07-14T05:43:15Z	borg	45de58e9df07	selfcompile	-O3	9568.0
2026-07-14T06:07:30Z	borg	4c89f21b0548	mandelbrot	-O0	1466.5
2026-07-14T06:07:30Z	borg	4c89f21b0548	mandelbrot	-O2	1416.9
2026-07-14T06:07:30Z	borg	4c89f21b0548	mandelbrot	-O3	1166.1
2026-07-14T06:07:30Z	borg	4c89f21b0548	raytracer	-O0	12387.5
2026-07-14T06:07:30Z	borg	4c89f21b0548	raytracer	-O2	6978.4
2026-07-14T06:07:30Z	borg	4c89f21b0548	raytracer	-O3	7227.8
2026-07-14T06:07:30Z	borg	4c89f21b0548	sieve	-O0	113.9
2026-07-14T06:07:30Z	borg	4c89f21b0548	sieve	-O2	114.1
2026-07-14T06:07:30Z	borg	4c89f21b0548	sieve	-O3	114.0
2026-07-14T06:07:30Z	borg	4c89f21b0548	nbody	-O0	665.1
2026-07-14T06:07:30Z	borg	4c89f21b0548	nbody	-O2	614.9
2026-07-14T06:07:30Z	borg	4c89f21b0548	nbody	-O3	665.0
2026-07-14T06:07:30Z	borg	4c89f21b0548	nbody	fpc	114.1
2026-07-14T06:07:30Z	borg	4c89f21b0548	fib	-O0	264.3
2026-07-14T06:07:30Z	borg	4c89f21b0548	fib	-O2	214.2
2026-07-14T06:07:30Z	borg	4c89f21b0548	fib	-O3	214.2
2026-07-14T06:07:30Z	borg	4c89f21b0548	fib	fpc	114.1
2026-07-14T06:07:30Z	borg	4c89f21b0548	selfcompile	-O0	5876.5
2026-07-14T06:07:30Z	borg	4c89f21b0548	selfcompile	-O2	4372.2
2026-07-14T06:07:30Z	borg	4c89f21b0548	selfcompile	-O3	5027.0
2026-07-14T06:41:18Z	borg	cd07a3d8ff60	mandelbrot	-O0	1466.7
2026-07-14T06:41:18Z	borg	cd07a3d8ff60	mandelbrot	-O2	1516.8
2026-07-14T06:41:18Z	borg	cd07a3d8ff60	mandelbrot	-O3	1466.8
2026-07-14T06:41:18Z	borg	cd07a3d8ff60	raytracer	-O0	14900.6
2026-07-14T06:41:18Z	borg	cd07a3d8ff60	raytracer	-O2	8635.1
2026-07-14T06:41:18Z	borg	cd07a3d8ff60	raytracer	-O3	8182.7
2026-07-14T06:41:18Z	borg	cd07a3d8ff60	sieve	-O0	114.1
2026-07-14T06:41:18Z	borg	cd07a3d8ff60	sieve	-O2	114.1
2026-07-14T06:41:18Z	borg	cd07a3d8ff60	sieve	-O3	114.1
2026-07-14T06:41:18Z	borg	cd07a3d8ff60	nbody	-O0	715.4
2026-07-14T06:41:18Z	borg	cd07a3d8ff60	nbody	-O2	615.0
2026-07-14T06:41:18Z	borg	cd07a3d8ff60	nbody	-O3	665.0
2026-07-14T06:41:18Z	borg	cd07a3d8ff60	nbody	fpc	114.1
2026-07-14T06:41:18Z	borg	cd07a3d8ff60	fib	-O0	264.4
2026-07-14T06:41:18Z	borg	cd07a3d8ff60	fib	-O2	214.3
2026-07-14T06:41:18Z	borg	cd07a3d8ff60	fib	-O3	214.2
2026-07-14T06:41:18Z	borg	cd07a3d8ff60	fib	fpc	164.2
2026-07-14T06:41:18Z	borg	cd07a3d8ff60	selfcompile	-O0	6426.1
2026-07-14T06:41:18Z	borg	cd07a3d8ff60	selfcompile	-O2	4775.6
2026-07-14T06:41:18Z	borg	cd07a3d8ff60	selfcompile	-O3	4825.7
2026-07-14T06:54:05Z	borg	4f77f07ef34c	mandelbrot	-O0	1417.1
2026-07-14T06:54:05Z	borg	4f77f07ef34c	mandelbrot	-O2	1416.6
2026-07-14T06:54:05Z	borg	4f77f07ef34c	mandelbrot	-O3	1166.5
2026-07-14T06:54:05Z	borg	4f77f07ef34c	raytracer	-O0	12889.3
2026-07-14T06:54:05Z	borg	4f77f07ef34c	raytracer	-O2	7378.2
2026-07-14T06:54:05Z	borg	4f77f07ef34c	raytracer	-O3	7277.9
2026-07-14T06:54:05Z	borg	4f77f07ef34c	sieve	-O0	114.0
2026-07-14T06:54:05Z	borg	4f77f07ef34c	sieve	-O2	114.0
2026-07-14T06:54:05Z	borg	4f77f07ef34c	sieve	-O3	113.9
2026-07-14T06:54:05Z	borg	4f77f07ef34c	nbody	-O0	665.1
2026-07-14T06:54:05Z	borg	4f77f07ef34c	nbody	-O2	615.0
2026-07-14T06:54:05Z	borg	4f77f07ef34c	nbody	-O3	665.1
2026-07-14T06:54:05Z	borg	4f77f07ef34c	nbody	fpc	114.0
2026-07-14T06:54:05Z	borg	4f77f07ef34c	fib	-O0	264.3
2026-07-14T06:54:05Z	borg	4f77f07ef34c	fib	-O2	164.1
2026-07-14T06:54:05Z	borg	4f77f07ef34c	fib	-O3	164.1
2026-07-14T06:54:05Z	borg	4f77f07ef34c	fib	fpc	114.0
2026-07-14T06:54:05Z	borg	4f77f07ef34c	selfcompile	-O0	6075.6
2026-07-14T06:54:05Z	borg	4f77f07ef34c	selfcompile	-O2	4173.1
2026-07-14T06:54:05Z	borg	4f77f07ef34c	selfcompile	-O3	4473.6
2026-07-14T07:08:21Z	borg	79f9ed52f131	mandelbrot	-O0	1416.9
2026-07-14T07:08:21Z	borg	79f9ed52f131	mandelbrot	-O2	1416.5
2026-07-14T07:08:21Z	borg	79f9ed52f131	mandelbrot	-O3	1216.5
2026-07-14T07:08:21Z	borg	79f9ed52f131	raytracer	-O0	13592.1
2026-07-14T07:08:21Z	borg	79f9ed52f131	raytracer	-O2	7782.2
2026-07-14T07:08:21Z	borg	79f9ed52f131	raytracer	-O3	7529.6
2026-07-14T07:08:21Z	borg	79f9ed52f131	sieve	-O0	114.0
2026-07-14T07:08:21Z	borg	79f9ed52f131	sieve	-O2	114.0
2026-07-14T07:08:21Z	borg	79f9ed52f131	sieve	-O3	114.0
2026-07-14T07:08:21Z	borg	79f9ed52f131	nbody	-O0	665.2
2026-07-14T07:08:21Z	borg	79f9ed52f131	nbody	-O2	615.0
2026-07-14T07:08:21Z	borg	79f9ed52f131	nbody	-O3	665.2
2026-07-14T07:08:21Z	borg	79f9ed52f131	nbody	fpc	113.8
2026-07-14T07:08:21Z	borg	79f9ed52f131	fib	-O0	264.3
2026-07-14T07:08:21Z	borg	79f9ed52f131	fib	-O2	214.3
2026-07-14T07:08:21Z	borg	79f9ed52f131	fib	-O3	214.1
2026-07-14T07:08:21Z	borg	79f9ed52f131	fib	fpc	164.1
2026-07-14T07:08:21Z	borg	79f9ed52f131	selfcompile	-O0	6326.9
2026-07-14T07:08:21Z	borg	79f9ed52f131	selfcompile	-O2	4623.2
2026-07-14T07:08:21Z	borg	79f9ed52f131	selfcompile	-O3	4523.1
2026-07-14T07:24:53Z	borg	4e55e07dda02	mandelbrot	-O0	1516.6
2026-07-14T07:24:53Z	borg	4e55e07dda02	mandelbrot	-O2	1466.7
2026-07-14T07:24:53Z	borg	4e55e07dda02	mandelbrot	-O3	1266.3
2026-07-14T07:24:53Z	borg	4e55e07dda02	raytracer	-O0	13744.0
2026-07-14T07:24:53Z	borg	4e55e07dda02	raytracer	-O2	7279.1
2026-07-14T07:24:53Z	borg	4e55e07dda02	raytracer	-O3	7430.2
2026-07-14T07:24:53Z	borg	4e55e07dda02	sieve	-O0	114.0
2026-07-14T07:24:53Z	borg	4e55e07dda02	sieve	-O2	114.0
2026-07-14T07:24:53Z	borg	4e55e07dda02	sieve	-O3	114.0
2026-07-14T07:24:53Z	borg	4e55e07dda02	nbody	-O0	665.1
2026-07-14T07:24:53Z	borg	4e55e07dda02	nbody	-O2	615.0
2026-07-14T07:24:53Z	borg	4e55e07dda02	nbody	-O3	665.3
2026-07-14T07:24:53Z	borg	4e55e07dda02	nbody	fpc	114.1
2026-07-14T07:24:53Z	borg	4e55e07dda02	fib	-O0	264.4
2026-07-14T07:24:53Z	borg	4e55e07dda02	fib	-O2	164.1
2026-07-14T07:24:53Z	borg	4e55e07dda02	fib	-O3	214.2
2026-07-14T07:24:53Z	borg	4e55e07dda02	fib	fpc	164.2
2026-07-14T07:24:53Z	borg	4e55e07dda02	selfcompile	-O0	6176.6
2026-07-14T07:24:53Z	borg	4e55e07dda02	selfcompile	-O2	4523.4
2026-07-14T07:24:53Z	borg	4e55e07dda02	selfcompile	-O3	4723.9
2026-07-14T07:37:58Z	borg	5128fed0d8d1	mandelbrot	-O0	1416.2
2026-07-14T07:37:58Z	borg	5128fed0d8d1	mandelbrot	-O2	1416.5
2026-07-14T07:37:58Z	borg	5128fed0d8d1	mandelbrot	-O3	1216.2
2026-07-14T07:37:58Z	borg	5128fed0d8d1	raytracer	-O0	11789.1
2026-07-14T07:37:58Z	borg	5128fed0d8d1	raytracer	-O2	6729.4
2026-07-14T07:37:58Z	borg	5128fed0d8d1	raytracer	-O3	7078.5
2026-07-14T07:37:58Z	borg	5128fed0d8d1	sieve	-O0	113.9
2026-07-14T07:37:58Z	borg	5128fed0d8d1	sieve	-O2	64.0
2026-07-14T07:37:58Z	borg	5128fed0d8d1	sieve	-O3	64.0
2026-07-14T07:37:58Z	borg	5128fed0d8d1	nbody	-O0	665.0
2026-07-14T07:37:58Z	borg	5128fed0d8d1	nbody	-O2	565.1
2026-07-14T07:37:58Z	borg	5128fed0d8d1	nbody	-O3	615.1
2026-07-14T07:37:58Z	borg	5128fed0d8d1	nbody	fpc	64.1
2026-07-14T07:37:58Z	borg	5128fed0d8d1	fib	-O0	264.5
2026-07-14T07:37:58Z	borg	5128fed0d8d1	fib	-O2	164.1
2026-07-14T07:37:58Z	borg	5128fed0d8d1	fib	-O3	164.2
2026-07-14T07:37:58Z	borg	5128fed0d8d1	fib	fpc	114.0
2026-07-14T07:37:58Z	borg	5128fed0d8d1	selfcompile	-O0	5626.3
2026-07-14T07:37:58Z	borg	5128fed0d8d1	selfcompile	-O2	4123.7
2026-07-14T07:37:58Z	borg	5128fed0d8d1	selfcompile	-O3	4173.2
2026-07-14T07:56:27Z	borg	7dc1ab65082c	mandelbrot	-O0	1316.3
2026-07-14T07:56:27Z	borg	7dc1ab65082c	mandelbrot	-O2	1316.4
2026-07-14T07:56:27Z	borg	7dc1ab65082c	mandelbrot	-O3	1116.1
2026-07-14T07:56:27Z	borg	7dc1ab65082c	raytracer	-O0	11386.9
2026-07-14T07:56:27Z	borg	7dc1ab65082c	raytracer	-O2	6727.3
2026-07-14T07:56:27Z	borg	7dc1ab65082c	raytracer	-O3	6377.5
2026-07-14T07:56:27Z	borg	7dc1ab65082c	sieve	-O0	114.1
2026-07-14T07:56:27Z	borg	7dc1ab65082c	sieve	-O2	64.0
2026-07-14T07:56:27Z	borg	7dc1ab65082c	sieve	-O3	64.0
2026-07-14T07:56:27Z	borg	7dc1ab65082c	nbody	-O0	615.1
2026-07-14T07:56:27Z	borg	7dc1ab65082c	nbody	-O2	565.0
2026-07-14T07:56:27Z	borg	7dc1ab65082c	nbody	-O3	615.1
2026-07-14T07:56:27Z	borg	7dc1ab65082c	nbody	fpc	63.9
2026-07-14T07:56:27Z	borg	7dc1ab65082c	fib	-O0	264.3
2026-07-14T07:56:27Z	borg	7dc1ab65082c	fib	-O2	164.1
2026-07-14T07:56:27Z	borg	7dc1ab65082c	fib	-O3	164.3
2026-07-14T07:56:27Z	borg	7dc1ab65082c	fib	fpc	114.1
2026-07-14T07:56:27Z	borg	7dc1ab65082c	selfcompile	-O0	5425.5
2026-07-14T07:56:27Z	borg	7dc1ab65082c	selfcompile	-O2	4172.8
2026-07-14T07:56:27Z	borg	7dc1ab65082c	selfcompile	-O3	4173.3
2026-07-14T10:33:05Z	borg	20e1232ca866	mandelbrot	-O0	1417.0
2026-07-14T10:33:05Z	borg	20e1232ca866	mandelbrot	-O2	1416.8
2026-07-14T10:33:05Z	borg	20e1232ca866	mandelbrot	-O3	1166.4
2026-07-14T10:33:05Z	borg	20e1232ca866	raytracer	-O0	12189.4
2026-07-14T10:33:05Z	borg	20e1232ca866	raytracer	-O2	7178.3
2026-07-14T10:33:05Z	borg	20e1232ca866	raytracer	-O3	7078.1
2026-07-14T10:33:05Z	borg	20e1232ca866	sieve	-O0	114.1
2026-07-14T10:33:05Z	borg	20e1232ca866	sieve	-O2	114.1
2026-07-14T10:33:05Z	borg	20e1232ca866	sieve	-O3	114.0
2026-07-14T10:33:05Z	borg	20e1232ca866	nbody	-O0	665.1
2026-07-14T10:33:05Z	borg	20e1232ca866	nbody	-O2	614.9
2026-07-14T10:33:05Z	borg	20e1232ca866	nbody	-O3	665.0
2026-07-14T10:33:05Z	borg	20e1232ca866	nbody	fpc	114.0
2026-07-14T10:33:05Z	borg	20e1232ca866	fib	-O0	264.3
2026-07-14T10:33:05Z	borg	20e1232ca866	fib	-O2	164.2
2026-07-14T10:33:05Z	borg	20e1232ca866	fib	-O3	264.5
2026-07-14T10:33:05Z	borg	20e1232ca866	fib	fpc	164.2
2026-07-14T10:33:05Z	borg	20e1232ca866	selfcompile	-O0	6276.7
2026-07-14T10:33:05Z	borg	20e1232ca866	selfcompile	-O2	4522.8
2026-07-14T10:33:05Z	borg	20e1232ca866	selfcompile	-O3	4574.2
2026-07-14T10:54:46Z	borg	5649c74950c1	mandelbrot	-O0	1466.7
2026-07-14T10:54:46Z	borg	5649c74950c1	mandelbrot	-O2	1466.7
2026-07-14T10:54:46Z	borg	5649c74950c1	mandelbrot	-O3	1216.4
2026-07-14T10:54:46Z	borg	5649c74950c1	raytracer	-O0	12939.9
2026-07-14T10:54:46Z	borg	5649c74950c1	raytracer	-O2	7629.2
2026-07-14T10:54:46Z	borg	5649c74950c1	raytracer	-O3	7529.4
2026-07-14T10:54:46Z	borg	5649c74950c1	sieve	-O0	114.1
2026-07-14T10:54:46Z	borg	5649c74950c1	sieve	-O2	114.0
2026-07-14T10:54:46Z	borg	5649c74950c1	sieve	-O3	114.1
2026-07-14T10:54:46Z	borg	5649c74950c1	nbody	-O0	665.1
2026-07-14T10:54:46Z	borg	5649c74950c1	nbody	-O2	615.1
2026-07-14T10:54:46Z	borg	5649c74950c1	nbody	-O3	665.0
2026-07-14T10:54:46Z	borg	5649c74950c1	nbody	fpc	114.0
2026-07-14T10:54:46Z	borg	5649c74950c1	fib	-O0	264.3
2026-07-14T10:54:46Z	borg	5649c74950c1	fib	-O2	214.2
2026-07-14T10:54:46Z	borg	5649c74950c1	fib	-O3	214.3
2026-07-14T10:54:46Z	borg	5649c74950c1	fib	fpc	114.0
2026-07-14T10:54:46Z	borg	5649c74950c1	selfcompile	-O0	6176.2
2026-07-14T10:54:46Z	borg	5649c74950c1	selfcompile	-O2	4874.4
2026-07-14T10:54:46Z	borg	5649c74950c1	selfcompile	-O3	4976.5
2026-07-14T11:51:48Z	borg	e54f3e4cd550	mandelbrot	-O0	1466.7
2026-07-14T11:51:48Z	borg	e54f3e4cd550	mandelbrot	-O2	1416.7
2026-07-14T11:51:48Z	borg	e54f3e4cd550	mandelbrot	-O3	1166.2
2026-07-14T11:51:48Z	borg	e54f3e4cd550	raytracer	-O0	12689.5
2026-07-14T11:51:48Z	borg	e54f3e4cd550	raytracer	-O2	7128.8
2026-07-14T11:51:48Z	borg	e54f3e4cd550	raytracer	-O3	7428.2
2026-07-14T11:51:48Z	borg	e54f3e4cd550	sieve	-O0	114.1
2026-07-14T11:51:48Z	borg	e54f3e4cd550	sieve	-O2	113.9
2026-07-14T11:51:48Z	borg	e54f3e4cd550	sieve	-O3	114.0
2026-07-14T11:51:48Z	borg	e54f3e4cd550	nbody	-O0	665.3
2026-07-14T11:51:48Z	borg	e54f3e4cd550	nbody	-O2	615.1
2026-07-14T11:51:48Z	borg	e54f3e4cd550	nbody	-O3	564.7
2026-07-14T11:51:48Z	borg	e54f3e4cd550	nbody	fpc	114.1
2026-07-14T11:51:48Z	borg	e54f3e4cd550	fib	-O0	314.4
2026-07-14T11:51:48Z	borg	e54f3e4cd550	fib	-O2	214.3
2026-07-14T11:51:48Z	borg	e54f3e4cd550	fib	-O3	214.2
2026-07-14T11:51:48Z	borg	e54f3e4cd550	fib	fpc	164.1
2026-07-14T11:51:48Z	borg	e54f3e4cd550	selfcompile	-O0	6379.6
2026-07-14T11:51:48Z	borg	e54f3e4cd550	selfcompile	-O2	4623.6
2026-07-14T11:51:48Z	borg	e54f3e4cd550	selfcompile	-O3	4473.1
2026-07-14T12:17:10Z	borg	50fc083e25d0	mandelbrot	-O0	1416.9
2026-07-14T12:17:10Z	borg	50fc083e25d0	mandelbrot	-O2	1416.7
2026-07-14T12:17:10Z	borg	50fc083e25d0	mandelbrot	-O3	1166.1
2026-07-14T12:17:10Z	borg	50fc083e25d0	raytracer	-O0	12539.4
2026-07-14T12:17:10Z	borg	50fc083e25d0	raytracer	-O2	6978.6
2026-07-14T12:17:10Z	borg	50fc083e25d0	raytracer	-O3	7278.6
2026-07-14T12:17:10Z	borg	50fc083e25d0	sieve	-O0	114.0
2026-07-14T12:17:10Z	borg	50fc083e25d0	sieve	-O2	114.0
2026-07-14T12:17:10Z	borg	50fc083e25d0	sieve	-O3	114.0
2026-07-14T12:17:10Z	borg	50fc083e25d0	nbody	-O0	665.2
2026-07-14T12:17:10Z	borg	50fc083e25d0	nbody	-O2	615.0
2026-07-14T12:17:10Z	borg	50fc083e25d0	nbody	-O3	564.8
2026-07-14T12:17:10Z	borg	50fc083e25d0	nbody	fpc	114.1
2026-07-14T12:17:10Z	borg	50fc083e25d0	fib	-O0	264.5
2026-07-14T12:17:10Z	borg	50fc083e25d0	fib	-O2	164.1
2026-07-14T12:17:10Z	borg	50fc083e25d0	fib	-O3	214.2
2026-07-14T12:17:10Z	borg	50fc083e25d0	fib	fpc	114.1
2026-07-14T12:17:10Z	borg	50fc083e25d0	selfcompile	-O0	6126.2
2026-07-14T12:17:10Z	borg	50fc083e25d0	selfcompile	-O2	4523.6
2026-07-14T12:17:10Z	borg	50fc083e25d0	selfcompile	-O3	5424.4
2026-07-14T12:45:21Z	borg	ced335f51312	mandelbrot	-O0	1366.9
2026-07-14T12:45:21Z	borg	ced335f51312	mandelbrot	-O2	1316.3
2026-07-14T12:45:21Z	borg	ced335f51312	mandelbrot	-O3	1116.0
2026-07-14T12:45:21Z	borg	ced335f51312	raytracer	-O0	11639.3
2026-07-14T12:45:21Z	borg	ced335f51312	raytracer	-O2	6881.9
2026-07-14T12:45:21Z	borg	ced335f51312	raytracer	-O3	6726.3
2026-07-14T12:45:21Z	borg	ced335f51312	sieve	-O0	114.0
2026-07-14T12:45:21Z	borg	ced335f51312	sieve	-O2	114.0
2026-07-14T12:45:21Z	borg	ced335f51312	sieve	-O3	114.1
2026-07-14T12:45:21Z	borg	ced335f51312	nbody	-O0	665.1
2026-07-14T12:45:21Z	borg	ced335f51312	nbody	-O2	614.9
2026-07-14T12:45:21Z	borg	ced335f51312	nbody	-O3	615.0
2026-07-14T12:45:21Z	borg	ced335f51312	nbody	fpc	114.0
2026-07-14T12:45:21Z	borg	ced335f51312	fib	-O0	264.3
2026-07-14T12:45:21Z	borg	ced335f51312	fib	-O2	214.3
2026-07-14T12:45:21Z	borg	ced335f51312	fib	-O3	214.4
2026-07-14T12:45:21Z	borg	ced335f51312	fib	fpc	113.9
2026-07-14T12:45:21Z	borg	ced335f51312	selfcompile	-O0	6026.5
2026-07-14T12:45:21Z	borg	ced335f51312	selfcompile	-O2	4423.1
2026-07-14T12:45:21Z	borg	ced335f51312	selfcompile	-O3	4726.4
2026-07-14T13:42:50Z	borg	857903930528	mandelbrot	-O0	1416.8
2026-07-14T13:42:50Z	borg	857903930528	mandelbrot	-O2	1416.8
2026-07-14T13:42:50Z	borg	857903930528	mandelbrot	-O3	1166.4
2026-07-14T13:42:50Z	borg	857903930528	raytracer	-O0	13091.4
2026-07-14T13:42:50Z	borg	857903930528	raytracer	-O2	7028.7
2026-07-14T13:42:50Z	borg	857903930528	raytracer	-O3	7078.6
2026-07-14T13:42:50Z	borg	857903930528	sieve	-O0	114.0
2026-07-14T13:42:50Z	borg	857903930528	sieve	-O2	114.0
2026-07-14T13:42:50Z	borg	857903930528	sieve	-O3	113.9
2026-07-14T13:42:50Z	borg	857903930528	nbody	-O0	665.2
2026-07-14T13:42:50Z	borg	857903930528	nbody	-O2	615.1
2026-07-14T13:42:50Z	borg	857903930528	nbody	-O3	565.2
2026-07-14T13:42:50Z	borg	857903930528	nbody	fpc	114.1
2026-07-14T13:42:50Z	borg	857903930528	fib	-O0	264.4
2026-07-14T13:42:50Z	borg	857903930528	fib	-O2	214.2
2026-07-14T13:42:50Z	borg	857903930528	fib	-O3	214.3
2026-07-14T13:42:50Z	borg	857903930528	fib	fpc	114.1
2026-07-14T13:42:50Z	borg	857903930528	selfcompile	-O0	6276.7
2026-07-14T13:42:50Z	borg	857903930528	selfcompile	-O2	4623.2
2026-07-14T13:42:50Z	borg	857903930528	selfcompile	-O3	4172.4
2026-07-14T14:23:55Z	borg	2d31a7cb9ef2	mandelbrot	-O0	1416.6
2026-07-14T14:23:55Z	borg	2d31a7cb9ef2	mandelbrot	-O2	1667.8
2026-07-14T14:23:55Z	borg	2d31a7cb9ef2	mandelbrot	-O3	1216.7
2026-07-14T14:23:55Z	borg	2d31a7cb9ef2	raytracer	-O0	12841.8
2026-07-14T14:23:55Z	borg	2d31a7cb9ef2	raytracer	-O2	7881.9
2026-07-14T14:23:55Z	borg	2d31a7cb9ef2	raytracer	-O3	7429.0
2026-07-14T14:23:55Z	borg	2d31a7cb9ef2	sieve	-O0	114.0
2026-07-14T14:23:55Z	borg	2d31a7cb9ef2	sieve	-O2	114.0
2026-07-14T14:23:55Z	borg	2d31a7cb9ef2	sieve	-O3	114.0
2026-07-14T14:23:55Z	borg	2d31a7cb9ef2	nbody	-O0	664.9
2026-07-14T14:23:55Z	borg	2d31a7cb9ef2	nbody	-O2	615.0
2026-07-14T14:23:55Z	borg	2d31a7cb9ef2	nbody	-O3	564.9
2026-07-14T14:23:55Z	borg	2d31a7cb9ef2	nbody	fpc	114.0
2026-07-14T14:23:55Z	borg	2d31a7cb9ef2	fib	-O0	264.2
2026-07-14T14:23:55Z	borg	2d31a7cb9ef2	fib	-O2	164.2
2026-07-14T14:23:55Z	borg	2d31a7cb9ef2	fib	-O3	164.2
2026-07-14T14:23:55Z	borg	2d31a7cb9ef2	fib	fpc	114.1
2026-07-14T14:23:55Z	borg	2d31a7cb9ef2	selfcompile	-O0	6026.5
2026-07-14T14:23:55Z	borg	2d31a7cb9ef2	selfcompile	-O2	4222.7
2026-07-14T14:23:55Z	borg	2d31a7cb9ef2	selfcompile	-O3	4375.5
2026-07-14T14:49:00Z	borg	811b20fb702f	mandelbrot	-O0	1466.6
2026-07-14T14:49:00Z	borg	811b20fb702f	mandelbrot	-O2	1416.7
2026-07-14T14:49:00Z	borg	811b20fb702f	mandelbrot	-O3	1166.1
2026-07-14T14:49:00Z	borg	811b20fb702f	raytracer	-O0	12739.3
2026-07-14T14:49:00Z	borg	811b20fb702f	raytracer	-O2	7428.5
2026-07-14T14:49:00Z	borg	811b20fb702f	raytracer	-O3	7279.0
2026-07-14T14:49:00Z	borg	811b20fb702f	sieve	-O0	114.0
2026-07-14T14:49:00Z	borg	811b20fb702f	sieve	-O2	113.9
2026-07-14T14:49:00Z	borg	811b20fb702f	sieve	-O3	113.9
2026-07-14T14:49:00Z	borg	811b20fb702f	nbody	-O0	615.4
2026-07-14T14:49:00Z	borg	811b20fb702f	nbody	-O2	565.0
2026-07-14T14:49:00Z	borg	811b20fb702f	nbody	-O3	564.9
2026-07-14T14:49:00Z	borg	811b20fb702f	nbody	fpc	64.0
2026-07-14T14:49:00Z	borg	811b20fb702f	fib	-O0	264.3
2026-07-14T14:49:00Z	borg	811b20fb702f	fib	-O2	164.1
2026-07-14T14:49:00Z	borg	811b20fb702f	fib	-O3	164.1
2026-07-14T14:49:00Z	borg	811b20fb702f	fib	fpc	114.1
2026-07-14T14:49:00Z	borg	811b20fb702f	selfcompile	-O0	6026.5
2026-07-14T14:49:00Z	borg	811b20fb702f	selfcompile	-O2	4224.0
2026-07-14T14:49:00Z	borg	811b20fb702f	selfcompile	-O3	4224.4
2026-07-14T15:08:10Z	borg	940b261f8678	mandelbrot	-O0	1416.7
2026-07-14T15:08:10Z	borg	940b261f8678	mandelbrot	-O2	1416.7
2026-07-14T15:08:10Z	borg	940b261f8678	mandelbrot	-O3	1166.0
2026-07-14T15:08:10Z	borg	940b261f8678	raytracer	-O0	12391.0
2026-07-14T15:08:10Z	borg	940b261f8678	raytracer	-O2	6978.7
2026-07-14T15:08:10Z	borg	940b261f8678	raytracer	-O3	7279.3
2026-07-14T15:08:10Z	borg	940b261f8678	sieve	-O0	114.0
2026-07-14T15:08:10Z	borg	940b261f8678	sieve	-O2	114.0
2026-07-14T15:08:10Z	borg	940b261f8678	sieve	-O3	114.0
2026-07-14T15:08:10Z	borg	940b261f8678	nbody	-O0	665.1
2026-07-14T15:08:10Z	borg	940b261f8678	nbody	-O2	615.0
2026-07-14T15:08:10Z	borg	940b261f8678	nbody	-O3	565.1
2026-07-14T15:08:10Z	borg	940b261f8678	nbody	fpc	114.0
2026-07-14T15:08:10Z	borg	940b261f8678	fib	-O0	264.3
2026-07-14T15:08:10Z	borg	940b261f8678	fib	-O2	164.1
2026-07-14T15:08:10Z	borg	940b261f8678	fib	-O3	214.1
2026-07-14T15:08:10Z	borg	940b261f8678	fib	fpc	114.0
2026-07-14T15:08:10Z	borg	940b261f8678	selfcompile	-O0	5975.8
2026-07-14T15:08:10Z	borg	940b261f8678	selfcompile	-O2	4473.2
2026-07-14T15:08:10Z	borg	940b261f8678	selfcompile	-O3	4974.5
2026-07-14T15:20:47Z	borg	8f80bf00f65e	mandelbrot	-O0	1416.7
2026-07-14T15:20:47Z	borg	8f80bf00f65e	mandelbrot	-O2	1367.1
2026-07-14T15:20:47Z	borg	8f80bf00f65e	mandelbrot	-O3	1166.3
2026-07-14T15:20:47Z	borg	8f80bf00f65e	raytracer	-O0	12039.0
2026-07-14T15:20:47Z	borg	8f80bf00f65e	raytracer	-O2	6928.2
2026-07-14T15:20:47Z	borg	8f80bf00f65e	raytracer	-O3	7028.3
2026-07-14T15:20:47Z	borg	8f80bf00f65e	sieve	-O0	114.1
2026-07-14T15:20:47Z	borg	8f80bf00f65e	sieve	-O2	114.1
2026-07-14T15:20:47Z	borg	8f80bf00f65e	sieve	-O3	114.0
2026-07-14T15:20:47Z	borg	8f80bf00f65e	nbody	-O0	665.0
2026-07-14T15:20:47Z	borg	8f80bf00f65e	nbody	-O2	615.1
2026-07-14T15:20:47Z	borg	8f80bf00f65e	nbody	-O3	565.1
2026-07-14T15:20:47Z	borg	8f80bf00f65e	nbody	fpc	64.0
2026-07-14T15:20:47Z	borg	8f80bf00f65e	fib	-O0	264.4
2026-07-14T15:20:47Z	borg	8f80bf00f65e	fib	-O2	164.2
2026-07-14T15:20:47Z	borg	8f80bf00f65e	fib	-O3	214.2
2026-07-14T15:20:47Z	borg	8f80bf00f65e	fib	fpc	114.1
2026-07-14T15:20:47Z	borg	8f80bf00f65e	selfcompile	-O0	5825.9
2026-07-14T15:20:47Z	borg	8f80bf00f65e	selfcompile	-O2	4573.6
2026-07-14T15:20:47Z	borg	8f80bf00f65e	selfcompile	-O3	4473.1
2026-07-14T16:36:31Z	borg	b04fd56b6646	mandelbrot	-O0	1416.5
2026-07-14T16:36:31Z	borg	b04fd56b6646	mandelbrot	-O2	1416.8
2026-07-14T16:36:31Z	borg	b04fd56b6646	mandelbrot	-O3	1166.4
2026-07-14T16:36:31Z	borg	b04fd56b6646	raytracer	-O0	12039.0
2026-07-14T16:36:31Z	borg	b04fd56b6646	raytracer	-O2	7028.7
2026-07-14T16:36:31Z	borg	b04fd56b6646	raytracer	-O3	6978.6
2026-07-14T16:36:31Z	borg	b04fd56b6646	sieve	-O0	114.0
2026-07-14T16:36:31Z	borg	b04fd56b6646	sieve	-O2	114.0
2026-07-14T16:36:31Z	borg	b04fd56b6646	sieve	-O3	114.1
2026-07-14T16:36:31Z	borg	b04fd56b6646	nbody	-O0	665.0
2026-07-14T16:36:31Z	borg	b04fd56b6646	nbody	-O2	615.1
2026-07-14T16:36:31Z	borg	b04fd56b6646	nbody	-O3	565.0
2026-07-14T16:36:31Z	borg	b04fd56b6646	nbody	fpc	64.0
2026-07-14T16:36:31Z	borg	b04fd56b6646	fib	-O0	264.2
2026-07-14T16:36:31Z	borg	b04fd56b6646	fib	-O2	164.1
2026-07-14T16:36:31Z	borg	b04fd56b6646	fib	-O3	214.2
2026-07-14T16:36:31Z	borg	b04fd56b6646	fib	fpc	164.2
2026-07-14T16:36:31Z	borg	b04fd56b6646	selfcompile	-O0	5826.2
2026-07-14T16:36:31Z	borg	b04fd56b6646	selfcompile	-O2	4473.5
2026-07-14T16:36:31Z	borg	b04fd56b6646	selfcompile	-O3	4422.8
2026-07-14T17:03:49Z	borg	8479f4aff5dc	mandelbrot	-O0	1366.9
2026-07-14T17:03:49Z	borg	8479f4aff5dc	mandelbrot	-O2	1366.6
2026-07-14T17:03:49Z	borg	8479f4aff5dc	mandelbrot	-O3	1116.1
2026-07-14T17:03:49Z	borg	8479f4aff5dc	raytracer	-O0	12089.7
2026-07-14T17:03:49Z	borg	8479f4aff5dc	raytracer	-O2	6879.1
2026-07-14T17:03:49Z	borg	8479f4aff5dc	raytracer	-O3	6778.6
2026-07-14T17:03:49Z	borg	8479f4aff5dc	sieve	-O0	114.0
2026-07-14T17:03:49Z	borg	8479f4aff5dc	sieve	-O2	114.1
2026-07-14T17:03:49Z	borg	8479f4aff5dc	sieve	-O3	114.1
2026-07-14T17:03:49Z	borg	8479f4aff5dc	nbody	-O0	665.0
2026-07-14T17:03:49Z	borg	8479f4aff5dc	nbody	-O2	614.8
2026-07-14T17:03:49Z	borg	8479f4aff5dc	nbody	-O3	615.1
2026-07-14T17:03:49Z	borg	8479f4aff5dc	nbody	fpc	114.0
2026-07-14T17:03:49Z	borg	8479f4aff5dc	fib	-O0	264.3
2026-07-14T17:03:49Z	borg	8479f4aff5dc	fib	-O2	164.1
2026-07-14T17:03:49Z	borg	8479f4aff5dc	fib	-O3	214.4
2026-07-14T17:03:49Z	borg	8479f4aff5dc	fib	fpc	164.6
2026-07-14T17:03:49Z	borg	8479f4aff5dc	selfcompile	-O0	5726.6
2026-07-14T17:03:49Z	borg	8479f4aff5dc	selfcompile	-O2	4323.7
2026-07-14T17:03:49Z	borg	8479f4aff5dc	selfcompile	-O3	4373.3
2026-07-14T17:26:49Z	borg	dbbcc912715f	mandelbrot	-O0	1366.4
2026-07-14T17:26:49Z	borg	dbbcc912715f	mandelbrot	-O2	1366.8
2026-07-14T17:26:49Z	borg	dbbcc912715f	mandelbrot	-O3	1115.8
2026-07-14T17:26:49Z	borg	dbbcc912715f	raytracer	-O0	11484.7
2026-07-14T17:26:49Z	borg	dbbcc912715f	raytracer	-O2	6477.8
2026-07-14T17:26:49Z	borg	dbbcc912715f	raytracer	-O3	6527.7
2026-07-14T17:26:49Z	borg	dbbcc912715f	sieve	-O0	114.1
2026-07-14T17:26:49Z	borg	dbbcc912715f	sieve	-O2	114.0
2026-07-14T17:26:49Z	borg	dbbcc912715f	sieve	-O3	114.1
2026-07-14T17:26:49Z	borg	dbbcc912715f	nbody	-O0	615.1
2026-07-14T17:26:49Z	borg	dbbcc912715f	nbody	-O2	565.0
2026-07-14T17:26:49Z	borg	dbbcc912715f	nbody	-O3	515.1
2026-07-14T17:26:49Z	borg	dbbcc912715f	nbody	fpc	64.1
2026-07-14T17:26:49Z	borg	dbbcc912715f	fib	-O0	264.4
2026-07-14T17:26:49Z	borg	dbbcc912715f	fib	-O2	164.1
2026-07-14T17:26:49Z	borg	dbbcc912715f	fib	-O3	164.2
2026-07-14T17:26:49Z	borg	dbbcc912715f	fib	fpc	114.0
2026-07-14T17:26:49Z	borg	dbbcc912715f	selfcompile	-O0	5777.9
2026-07-14T17:26:49Z	borg	dbbcc912715f	selfcompile	-O2	4624.1
2026-07-14T17:26:49Z	borg	dbbcc912715f	selfcompile	-O3	4622.3
2026-07-14T17:58:36Z	borg	e37b5fec4caa	mandelbrot	-O0	1316.8
2026-07-14T17:58:36Z	borg	e37b5fec4caa	mandelbrot	-O2	1316.7
2026-07-14T17:58:36Z	borg	e37b5fec4caa	mandelbrot	-O3	1116.0
2026-07-14T17:58:36Z	borg	e37b5fec4caa	raytracer	-O0	11688.6
2026-07-14T17:58:36Z	borg	e37b5fec4caa	raytracer	-O2	6628.1
2026-07-14T17:58:36Z	borg	e37b5fec4caa	raytracer	-O3	6627.2
2026-07-14T17:58:36Z	borg	e37b5fec4caa	sieve	-O0	114.1
2026-07-14T17:58:36Z	borg	e37b5fec4caa	sieve	-O2	64.1
2026-07-14T17:58:36Z	borg	e37b5fec4caa	sieve	-O3	64.1
2026-07-14T17:58:36Z	borg	e37b5fec4caa	nbody	-O0	615.1
2026-07-14T17:58:36Z	borg	e37b5fec4caa	nbody	-O2	565.0
2026-07-14T17:58:36Z	borg	e37b5fec4caa	nbody	-O3	515.1
2026-07-14T17:58:36Z	borg	e37b5fec4caa	nbody	fpc	64.1
2026-07-14T17:58:36Z	borg	e37b5fec4caa	fib	-O0	264.5
2026-07-14T17:58:36Z	borg	e37b5fec4caa	fib	-O2	164.1
2026-07-14T17:58:36Z	borg	e37b5fec4caa	fib	-O3	164.2
2026-07-14T17:58:36Z	borg	e37b5fec4caa	fib	fpc	114.1
2026-07-14T17:58:36Z	borg	e37b5fec4caa	selfcompile	-O0	5927.2
2026-07-14T17:58:36Z	borg	e37b5fec4caa	selfcompile	-O2	4673.5
2026-07-14T17:58:36Z	borg	e37b5fec4caa	selfcompile	-O3	4623.5
2026-07-14T18:26:59Z	borg	bc320635e7bf	mandelbrot	-O0	1366.7
2026-07-14T18:26:59Z	borg	bc320635e7bf	mandelbrot	-O2	1316.8
2026-07-14T18:26:59Z	borg	bc320635e7bf	mandelbrot	-O3	1116.3
2026-07-14T18:26:59Z	borg	bc320635e7bf	raytracer	-O0	11590.0
2026-07-14T18:26:59Z	borg	bc320635e7bf	raytracer	-O2	6728.9
2026-07-14T18:26:59Z	borg	bc320635e7bf	raytracer	-O3	6678.3
2026-07-14T18:26:59Z	borg	bc320635e7bf	sieve	-O0	114.2
2026-07-14T18:26:59Z	borg	bc320635e7bf	sieve	-O2	63.8
2026-07-14T18:26:59Z	borg	bc320635e7bf	sieve	-O3	114.1
2026-07-14T18:26:59Z	borg	bc320635e7bf	nbody	-O0	615.1
2026-07-14T18:26:59Z	borg	bc320635e7bf	nbody	-O2	565.0
2026-07-14T18:26:59Z	borg	bc320635e7bf	nbody	-O3	514.6
2026-07-14T18:26:59Z	borg	bc320635e7bf	nbody	fpc	64.1
2026-07-14T18:26:59Z	borg	bc320635e7bf	fib	-O0	264.4
2026-07-14T18:26:59Z	borg	bc320635e7bf	fib	-O2	164.2
2026-07-14T18:26:59Z	borg	bc320635e7bf	fib	-O3	164.2
2026-07-14T18:26:59Z	borg	bc320635e7bf	fib	fpc	114.0
2026-07-14T18:26:59Z	borg	bc320635e7bf	selfcompile	-O0	5626.9
2026-07-14T18:26:59Z	borg	bc320635e7bf	selfcompile	-O2	4323.4
2026-07-14T18:26:59Z	borg	bc320635e7bf	selfcompile	-O3	4523.8
2026-07-14T18:31:15Z	borg	bc320635e7bf	mandelbrot	-O0	1367.0
2026-07-14T18:31:15Z	borg	bc320635e7bf	mandelbrot	-O2	1366.9
2026-07-14T18:31:15Z	borg	bc320635e7bf	mandelbrot	-O3	1166.0
2026-07-14T18:31:15Z	borg	bc320635e7bf	raytracer	-O0	11691.0
2026-07-14T18:31:15Z	borg	bc320635e7bf	raytracer	-O2	6928.5
2026-07-14T18:31:15Z	borg	bc320635e7bf	raytracer	-O3	6728.2
2026-07-14T18:31:15Z	borg	bc320635e7bf	sieve	-O0	114.1
2026-07-14T18:31:15Z	borg	bc320635e7bf	sieve	-O2	114.0
2026-07-14T18:31:15Z	borg	bc320635e7bf	sieve	-O3	114.0
2026-07-14T18:31:15Z	borg	bc320635e7bf	sieve	fpc	31.8
2026-07-14T18:31:15Z	borg	bc320635e7bf	nbody	-O0	615.3
2026-07-14T18:31:15Z	borg	bc320635e7bf	nbody	-O2	565.0
2026-07-14T18:31:15Z	borg	bc320635e7bf	nbody	-O3	565.1
2026-07-14T18:31:15Z	borg	bc320635e7bf	nbody	fpc	64.0
2026-07-14T18:31:15Z	borg	bc320635e7bf	fib	-O0	264.3
2026-07-14T18:31:15Z	borg	bc320635e7bf	fib	-O2	164.2
2026-07-14T18:31:15Z	borg	bc320635e7bf	fib	-O3	164.1
2026-07-14T18:31:15Z	borg	bc320635e7bf	fib	fpc	114.1
2026-07-14T18:31:15Z	borg	bc320635e7bf	selfcompile	-O0	5676.9
2026-07-14T18:31:15Z	borg	bc320635e7bf	selfcompile	-O2	4323.2
2026-07-14T18:31:15Z	borg	bc320635e7bf	selfcompile	-O3	4473.6
2026-07-14T18:42:32Z	borg	563db6059ca4	mandelbrot	-O0	1367.1
2026-07-14T18:42:32Z	borg	563db6059ca4	mandelbrot	-O2	1416.6
2026-07-14T18:42:32Z	borg	563db6059ca4	mandelbrot	-O3	1166.0
2026-07-14T18:42:32Z	borg	563db6059ca4	mandelbrot-p	-O0	1366.8
2026-07-14T18:42:32Z	borg	563db6059ca4	mandelbrot-p	-O2	1366.7
2026-07-14T18:42:32Z	borg	563db6059ca4	mandelbrot-p	-O3	1165.8
2026-07-14T18:42:32Z	borg	563db6059ca4	mandelbrot-p	fpc	364.4
2026-07-14T18:42:32Z	borg	563db6059ca4	raytracer	-O0	20029.8
2026-07-14T18:42:32Z	borg	563db6059ca4	raytracer	-O2	7278.0
2026-07-14T18:42:32Z	borg	563db6059ca4	raytracer	-O3	7329.5
2026-07-14T18:42:32Z	borg	563db6059ca4	sieve	-O0	114.0
2026-07-14T18:42:32Z	borg	563db6059ca4	sieve	-O2	113.9
2026-07-14T18:42:32Z	borg	563db6059ca4	sieve	-O3	114.0
2026-07-14T18:42:32Z	borg	563db6059ca4	sieve	fpc	31.7
2026-07-14T18:42:32Z	borg	563db6059ca4	nbody	-O0	664.8
2026-07-14T18:42:32Z	borg	563db6059ca4	nbody	-O2	614.8
2026-07-14T18:42:32Z	borg	563db6059ca4	nbody	-O3	564.6
2026-07-14T18:42:32Z	borg	563db6059ca4	nbody	fpc	113.9
2026-07-14T18:42:32Z	borg	563db6059ca4	fib	-O0	264.1
2026-07-14T18:42:32Z	borg	563db6059ca4	fib	-O2	214.1
2026-07-14T18:42:32Z	borg	563db6059ca4	fib	-O3	164.1
2026-07-14T18:42:32Z	borg	563db6059ca4	fib	fpc	113.9
2026-07-14T18:42:32Z	borg	563db6059ca4	selfcompile	-O0	6526.5
2026-07-14T18:42:32Z	borg	563db6059ca4	selfcompile	-O2	5024.1
2026-07-14T18:42:32Z	borg	563db6059ca4	selfcompile	-O3	4974.1
2026-07-15T04:23:15Z	borg	0b28fdabbd47	mandelbrot	-O0	1416.5
2026-07-15T04:23:15Z	borg	0b28fdabbd47	mandelbrot	-O2	1416.5
2026-07-15T04:23:15Z	borg	0b28fdabbd47	mandelbrot	-O3	1166.1
2026-07-15T04:23:15Z	borg	0b28fdabbd47	mandelbrot-p	-O0	1466.7
2026-07-15T04:23:15Z	borg	0b28fdabbd47	mandelbrot-p	-O2	1366.5
2026-07-15T04:23:15Z	borg	0b28fdabbd47	mandelbrot-p	-O3	1166.2
2026-07-15T04:23:15Z	borg	0b28fdabbd47	mandelbrot-p	fpc	364.5
2026-07-15T04:23:15Z	borg	0b28fdabbd47	raytracer	-O0	12539.2
2026-07-15T04:23:15Z	borg	0b28fdabbd47	raytracer	-O2	7227.3
2026-07-15T04:23:15Z	borg	0b28fdabbd47	raytracer	-O3	7580.2
2026-07-15T04:23:15Z	borg	0b28fdabbd47	sieve	-O0	114.1
2026-07-15T04:23:15Z	borg	0b28fdabbd47	sieve	-O2	114.1
2026-07-15T04:23:15Z	borg	0b28fdabbd47	sieve	-O3	114.1
2026-07-15T04:23:15Z	borg	0b28fdabbd47	sieve	fpc	63.9
2026-07-15T04:23:15Z	borg	0b28fdabbd47	nbody	-O0	665.2
2026-07-15T04:23:15Z	borg	0b28fdabbd47	nbody	-O2	615.0
2026-07-15T04:23:15Z	borg	0b28fdabbd47	nbody	-O3	565.1
2026-07-15T04:23:15Z	borg	0b28fdabbd47	nbody	fpc	114.1
2026-07-15T04:23:15Z	borg	0b28fdabbd47	fib	-O0	264.3
2026-07-15T04:23:15Z	borg	0b28fdabbd47	fib	-O2	164.1
2026-07-15T04:23:15Z	borg	0b28fdabbd47	fib	-O3	214.1
2026-07-15T04:23:15Z	borg	0b28fdabbd47	fib	fpc	114.0
2026-07-15T04:23:15Z	borg	0b28fdabbd47	selfcompile	-O0	6677.5
2026-07-15T04:23:15Z	borg	0b28fdabbd47	selfcompile	-O2	4873.6
2026-07-15T04:23:15Z	borg	0b28fdabbd47	selfcompile	-O3	4823.4
2026-07-15T04:47:40Z	borg	0bef32368d1e	mandelbrot	-O0	1416.6
2026-07-15T04:47:40Z	borg	0bef32368d1e	mandelbrot	-O2	1416.9
2026-07-15T04:47:40Z	borg	0bef32368d1e	mandelbrot	-O3	1166.0
2026-07-15T04:47:40Z	borg	0bef32368d1e	mandelbrot-p	-O0	1416.4
2026-07-15T04:47:40Z	borg	0bef32368d1e	mandelbrot-p	-O2	1366.1
2026-07-15T04:47:40Z	borg	0bef32368d1e	mandelbrot-p	-O3	1216.0
2026-07-15T04:47:40Z	borg	0bef32368d1e	mandelbrot-p	fpc	364.6
2026-07-15T04:47:40Z	borg	0bef32368d1e	raytracer	-O0	12688.0
2026-07-15T04:47:40Z	borg	0bef32368d1e	raytracer	-O2	6928.2
2026-07-15T04:47:40Z	borg	0bef32368d1e	raytracer	-O3	6928.7
2026-07-15T04:47:40Z	borg	0bef32368d1e	sieve	-O0	114.0
2026-07-15T04:47:40Z	borg	0bef32368d1e	sieve	-O2	114.1
2026-07-15T04:47:40Z	borg	0bef32368d1e	sieve	-O3	114.1
2026-07-15T04:47:40Z	borg	0bef32368d1e	sieve	fpc	31.8
2026-07-15T04:47:40Z	borg	0bef32368d1e	nbody	-O0	665.1
2026-07-15T04:47:40Z	borg	0bef32368d1e	nbody	-O2	615.1
2026-07-15T04:47:40Z	borg	0bef32368d1e	nbody	-O3	564.8
2026-07-15T04:47:40Z	borg	0bef32368d1e	nbody	fpc	114.0
2026-07-15T04:47:40Z	borg	0bef32368d1e	fib	-O0	264.3
2026-07-15T04:47:40Z	borg	0bef32368d1e	fib	-O2	164.1
2026-07-15T04:47:40Z	borg	0bef32368d1e	fib	-O3	214.2
2026-07-15T04:47:40Z	borg	0bef32368d1e	fib	fpc	114.1
2026-07-15T04:47:40Z	borg	0bef32368d1e	selfcompile	-O0	6427.2
2026-07-15T04:47:40Z	borg	0bef32368d1e	selfcompile	-O2	5024.7
2026-07-15T04:47:40Z	borg	0bef32368d1e	selfcompile	-O3	5074.2
2026-07-15T05:20:48Z	borg	660ad0310795	mandelbrot	-O0	1466.9
2026-07-15T05:20:48Z	borg	660ad0310795	mandelbrot	-O2	1466.7
2026-07-15T05:20:48Z	borg	660ad0310795	mandelbrot	-O3	1166.3
2026-07-15T05:20:48Z	borg	660ad0310795	mandelbrot-p	-O0	1568.3
2026-07-15T05:20:48Z	borg	660ad0310795	mandelbrot-p	-O2	1416.5
2026-07-15T05:20:48Z	borg	660ad0310795	mandelbrot-p	-O3	1216.5
2026-07-15T05:20:48Z	borg	660ad0310795	mandelbrot-p	fpc	364.4
2026-07-15T05:20:48Z	borg	660ad0310795	raytracer	-O0	13140.6
2026-07-15T05:20:48Z	borg	660ad0310795	raytracer	-O2	7529.0
2026-07-15T05:20:48Z	borg	660ad0310795	raytracer	-O3	7729.3
2026-07-15T05:20:48Z	borg	660ad0310795	sieve	-O0	114.1
2026-07-15T05:20:48Z	borg	660ad0310795	sieve	-O2	114.0
2026-07-15T05:20:48Z	borg	660ad0310795	sieve	-O3	114.1
2026-07-15T05:20:48Z	borg	660ad0310795	sieve	fpc	63.9
2026-07-15T05:20:48Z	borg	660ad0310795	nbody	-O0	665.1
2026-07-15T05:20:48Z	borg	660ad0310795	nbody	-O2	615.1
2026-07-15T05:20:48Z	borg	660ad0310795	nbody	-O3	564.8
2026-07-15T05:20:48Z	borg	660ad0310795	nbody	fpc	114.1
2026-07-15T05:20:48Z	borg	660ad0310795	fib	-O0	264.4
2026-07-15T05:20:48Z	borg	660ad0310795	fib	-O2	214.2
2026-07-15T05:20:48Z	borg	660ad0310795	fib	-O3	214.3
2026-07-15T05:20:48Z	borg	660ad0310795	fib	fpc	113.9
2026-07-15T05:20:48Z	borg	660ad0310795	selfcompile	-O0	6928.5
2026-07-15T05:20:48Z	borg	660ad0310795	selfcompile	-O2	5124.4
2026-07-15T05:20:48Z	borg	660ad0310795	selfcompile	-O3	5074.2
2026-07-15T05:35:01Z	borg	35b8d3305dbc	mandelbrot	-O0	1466.8
2026-07-15T05:35:01Z	borg	35b8d3305dbc	mandelbrot	-O2	1416.5
2026-07-15T05:35:01Z	borg	35b8d3305dbc	mandelbrot	-O3	1166.0
2026-07-15T05:35:01Z	borg	35b8d3305dbc	mandelbrot-p	-O0	1516.9
2026-07-15T05:35:01Z	borg	35b8d3305dbc	mandelbrot-p	-O2	1466.5
2026-07-15T05:35:01Z	borg	35b8d3305dbc	mandelbrot-p	-O3	1216.3
2026-07-15T05:35:01Z	borg	35b8d3305dbc	mandelbrot-p	fpc	414.6
2026-07-15T05:35:01Z	borg	35b8d3305dbc	raytracer	-O0	14292.0
2026-07-15T05:35:01Z	borg	35b8d3305dbc	raytracer	-O2	7779.2
2026-07-15T05:35:01Z	borg	35b8d3305dbc	raytracer	-O3	8230.1
2026-07-15T05:35:01Z	borg	35b8d3305dbc	sieve	-O0	114.0
2026-07-15T05:35:01Z	borg	35b8d3305dbc	sieve	-O2	114.0
2026-07-15T05:35:01Z	borg	35b8d3305dbc	sieve	-O3	114.2
2026-07-15T05:35:01Z	borg	35b8d3305dbc	sieve	fpc	64.0
2026-07-15T05:35:01Z	borg	35b8d3305dbc	nbody	-O0	665.1
2026-07-15T05:35:01Z	borg	35b8d3305dbc	nbody	-O2	615.0
2026-07-15T05:35:01Z	borg	35b8d3305dbc	nbody	-O3	614.9
2026-07-15T05:35:01Z	borg	35b8d3305dbc	nbody	fpc	114.0
2026-07-15T05:35:01Z	borg	35b8d3305dbc	fib	-O0	314.5
2026-07-15T05:35:01Z	borg	35b8d3305dbc	fib	-O2	214.2
2026-07-15T05:35:01Z	borg	35b8d3305dbc	fib	-O3	214.2
2026-07-15T05:35:01Z	borg	35b8d3305dbc	fib	fpc	114.0
2026-07-15T05:35:01Z	borg	35b8d3305dbc	selfcompile	-O0	7484.5
2026-07-15T05:35:01Z	borg	35b8d3305dbc	selfcompile	-O2	5073.1
2026-07-15T05:35:01Z	borg	35b8d3305dbc	selfcompile	-O3	5074.5
2026-07-15T07:01:35Z	borg	e703f6dcdd8e	mandelbrot	-O0	1317.0
2026-07-15T07:01:35Z	borg	e703f6dcdd8e	mandelbrot	-O2	1316.6
2026-07-15T07:01:35Z	borg	e703f6dcdd8e	mandelbrot	-O3	1115.8
2026-07-15T07:01:35Z	borg	e703f6dcdd8e	mandelbrot-p	-O0	1316.8
2026-07-15T07:01:35Z	borg	e703f6dcdd8e	mandelbrot-p	-O2	1316.6
2026-07-15T07:01:35Z	borg	e703f6dcdd8e	mandelbrot-p	-O3	1116.4
2026-07-15T07:01:35Z	borg	e703f6dcdd8e	mandelbrot-p	fpc	314.5
2026-07-15T07:01:35Z	borg	e703f6dcdd8e	raytracer	-O0	12139.8
2026-07-15T07:01:35Z	borg	e703f6dcdd8e	raytracer	-O2	6679.0
2026-07-15T07:01:35Z	borg	e703f6dcdd8e	raytracer	-O3	6677.4
2026-07-15T07:01:35Z	borg	e703f6dcdd8e	sieve	-O0	114.1
2026-07-15T07:01:35Z	borg	e703f6dcdd8e	sieve	-O2	114.0
2026-07-15T07:01:35Z	borg	e703f6dcdd8e	sieve	-O3	64.0
2026-07-15T07:01:35Z	borg	e703f6dcdd8e	sieve	fpc	31.8
2026-07-15T07:01:35Z	borg	e703f6dcdd8e	nbody	-O0	615.3
2026-07-15T07:01:35Z	borg	e703f6dcdd8e	nbody	-O2	565.2
2026-07-15T07:01:35Z	borg	e703f6dcdd8e	nbody	-O3	515.0
2026-07-15T07:01:35Z	borg	e703f6dcdd8e	nbody	fpc	64.0
2026-07-15T07:01:35Z	borg	e703f6dcdd8e	fib	-O0	264.5
2026-07-15T07:01:35Z	borg	e703f6dcdd8e	fib	-O2	164.2
2026-07-15T07:01:35Z	borg	e703f6dcdd8e	fib	-O3	164.2
2026-07-15T07:01:35Z	borg	e703f6dcdd8e	fib	fpc	114.1
2026-07-15T07:01:35Z	borg	e703f6dcdd8e	selfcompile	-O0	5927.7
2026-07-15T07:01:35Z	borg	e703f6dcdd8e	selfcompile	-O2	4623.7
2026-07-15T07:01:35Z	borg	e703f6dcdd8e	selfcompile	-O3	4524.4
2026-07-15T07:56:32Z	borg	65de64196285	mandelbrot	-O0	1317.0
2026-07-15T07:56:32Z	borg	65de64196285	mandelbrot	-O2	1316.7
2026-07-15T07:56:32Z	borg	65de64196285	mandelbrot	-O3	1115.9
2026-07-15T07:56:32Z	borg	65de64196285	mandelbrot-p	-O0	1366.7
2026-07-15T07:56:32Z	borg	65de64196285	mandelbrot-p	-O2	1316.7
2026-07-15T07:56:32Z	borg	65de64196285	mandelbrot-p	-O3	1116.2
2026-07-15T07:56:32Z	borg	65de64196285	mandelbrot-p	fpc	314.5
2026-07-15T07:56:32Z	borg	65de64196285	raytracer	-O0	11389.2
2026-07-15T07:56:32Z	borg	65de64196285	raytracer	-O2	6628.3
2026-07-15T07:56:32Z	borg	65de64196285	raytracer	-O3	6528.6
2026-07-15T07:56:32Z	borg	65de64196285	raytracer-p	-O0	364.5
2026-07-15T07:56:32Z	borg	65de64196285	raytracer-p	-O2	314.5
2026-07-15T07:56:32Z	borg	65de64196285	raytracer-p	-O3	314.6
2026-07-15T07:56:32Z	borg	65de64196285	raytracer-p	fpc	31.8
2026-07-15T07:56:32Z	borg	65de64196285	sieve	-O0	114.1
2026-07-15T07:56:32Z	borg	65de64196285	sieve	-O2	64.1
2026-07-15T07:56:32Z	borg	65de64196285	sieve	-O3	114.1
2026-07-15T07:56:32Z	borg	65de64196285	sieve	fpc	32.0
2026-07-15T07:56:32Z	borg	65de64196285	nbody	-O0	615.3
2026-07-15T07:56:32Z	borg	65de64196285	nbody	-O2	565.1
2026-07-15T07:56:32Z	borg	65de64196285	nbody	-O3	515.1
2026-07-15T07:56:32Z	borg	65de64196285	nbody	fpc	64.0
2026-07-15T07:56:32Z	borg	65de64196285	fib	-O0	264.4
2026-07-15T07:56:32Z	borg	65de64196285	fib	-O2	164.1
2026-07-15T07:56:32Z	borg	65de64196285	fib	-O3	164.2
2026-07-15T07:56:32Z	borg	65de64196285	fib	fpc	114.1
2026-07-15T07:56:32Z	borg	65de64196285	selfcompile	-O0	5977.5
2026-07-15T07:56:32Z	borg	65de64196285	selfcompile	-O2	4673.9
2026-07-15T07:56:32Z	borg	65de64196285	selfcompile	-O3	4526.4
2026-07-15T08:15:09Z	borg	39e49cb22798	mandelbrot	-O0	1366.6
2026-07-15T08:15:09Z	borg	39e49cb22798	mandelbrot	-O2	1316.7
2026-07-15T08:15:09Z	borg	39e49cb22798	mandelbrot	-O3	1116.7
2026-07-15T08:15:09Z	borg	39e49cb22798	mandelbrot-p	-O0	1366.6
2026-07-15T08:15:09Z	borg	39e49cb22798	mandelbrot-p	-O2	1316.7
2026-07-15T08:15:09Z	borg	39e49cb22798	mandelbrot-p	-O3	1116.1
2026-07-15T08:15:09Z	borg	39e49cb22798	mandelbrot-p	fpc	314.5
2026-07-15T08:15:09Z	borg	39e49cb22798	raytracer	-O0	11388.6
2026-07-15T08:15:09Z	borg	39e49cb22798	raytracer	-O2	6727.7
2026-07-15T08:15:09Z	borg	39e49cb22798	raytracer	-O3	6478.4
2026-07-15T08:15:09Z	borg	39e49cb22798	raytracer-p	-O0	314.7
2026-07-15T08:15:09Z	borg	39e49cb22798	raytracer-p	-O2	314.6
2026-07-15T08:15:09Z	borg	39e49cb22798	raytracer-p	-O3	314.6
2026-07-15T08:15:09Z	borg	39e49cb22798	raytracer-p	fpc	31.9
2026-07-15T08:15:09Z	borg	39e49cb22798	sieve	-O0	114.0
2026-07-15T08:15:09Z	borg	39e49cb22798	sieve	-O2	64.0
2026-07-15T08:15:09Z	borg	39e49cb22798	sieve	-O3	63.9
2026-07-15T08:15:09Z	borg	39e49cb22798	sieve	fpc	31.9
2026-07-15T08:15:09Z	borg	39e49cb22798	nbody	-O0	665.2
2026-07-15T08:15:09Z	borg	39e49cb22798	nbody	-O2	614.9
2026-07-15T08:15:09Z	borg	39e49cb22798	nbody	-O3	515.0
2026-07-15T08:15:09Z	borg	39e49cb22798	nbody	fpc	114.1
2026-07-15T08:15:09Z	borg	39e49cb22798	fib	-O0	264.4
2026-07-15T08:15:09Z	borg	39e49cb22798	fib	-O2	164.1
2026-07-15T08:15:09Z	borg	39e49cb22798	fib	-O3	164.3
2026-07-15T08:15:09Z	borg	39e49cb22798	fib	fpc	114.0
2026-07-15T08:15:09Z	borg	39e49cb22798	selfcompile	-O0	5877.3
2026-07-15T08:15:09Z	borg	39e49cb22798	selfcompile	-O2	4522.1
2026-07-15T08:15:09Z	borg	39e49cb22798	selfcompile	-O3	4724.4
2026-07-15T08:38:21Z	borg	6ad4e1ba4667	mandelbrot	-O0	1366.6
2026-07-15T08:38:21Z	borg	6ad4e1ba4667	mandelbrot	-O2	1316.7
2026-07-15T08:38:21Z	borg	6ad4e1ba4667	mandelbrot	-O3	1116.1
2026-07-15T08:38:21Z	borg	6ad4e1ba4667	mandelbrot-p	-O0	1316.8
2026-07-15T08:38:21Z	borg	6ad4e1ba4667	mandelbrot-p	-O2	1316.7
2026-07-15T08:38:21Z	borg	6ad4e1ba4667	mandelbrot-p	-O3	1116.2
2026-07-15T08:38:21Z	borg	6ad4e1ba4667	mandelbrot-p	fpc	314.7
2026-07-15T08:38:21Z	borg	6ad4e1ba4667	raytracer	-O0	11489.0
2026-07-15T08:38:21Z	borg	6ad4e1ba4667	raytracer	-O2	6427.2
2026-07-15T08:38:21Z	borg	6ad4e1ba4667	raytracer	-O3	6376.4
2026-07-15T08:38:21Z	borg	6ad4e1ba4667	raytracer-p	-O0	314.6
2026-07-15T08:38:21Z	borg	6ad4e1ba4667	raytracer-p	-O2	314.5
2026-07-15T08:38:21Z	borg	6ad4e1ba4667	raytracer-p	-O3	314.5
2026-07-15T08:38:21Z	borg	6ad4e1ba4667	raytracer-p	fpc	31.7
2026-07-15T08:38:21Z	borg	6ad4e1ba4667	sieve	-O0	114.0
2026-07-15T08:38:21Z	borg	6ad4e1ba4667	sieve	-O2	64.0
2026-07-15T08:38:21Z	borg	6ad4e1ba4667	sieve	-O3	63.9
2026-07-15T08:38:21Z	borg	6ad4e1ba4667	sieve	fpc	31.8
2026-07-15T08:38:21Z	borg	6ad4e1ba4667	nbody	-O0	615.2
2026-07-15T08:38:21Z	borg	6ad4e1ba4667	nbody	-O2	565.0
2026-07-15T08:38:21Z	borg	6ad4e1ba4667	nbody	-O3	514.8
2026-07-15T08:38:21Z	borg	6ad4e1ba4667	nbody	fpc	64.1
2026-07-15T08:38:21Z	borg	6ad4e1ba4667	fib	-O0	264.3
2026-07-15T08:38:21Z	borg	6ad4e1ba4667	fib	-O2	164.2
2026-07-15T08:38:21Z	borg	6ad4e1ba4667	fib	-O3	164.2
2026-07-15T08:38:21Z	borg	6ad4e1ba4667	fib	fpc	114.0
2026-07-15T08:38:21Z	borg	6ad4e1ba4667	selfcompile	-O0	5926.3
2026-07-15T08:38:21Z	borg	6ad4e1ba4667	selfcompile	-O2	4473.4
2026-07-15T08:38:21Z	borg	6ad4e1ba4667	selfcompile	-O3	4473.5
2026-07-15T08:50:31Z	borg	41ee31436656	mandelbrot	-O0	1316.5
2026-07-15T08:50:31Z	borg	41ee31436656	mandelbrot	-O2	1316.6
2026-07-15T08:50:31Z	borg	41ee31436656	mandelbrot	-O3	1066.0
2026-07-15T08:50:31Z	borg	41ee31436656	mandelbrot-p	-O0	1316.6
2026-07-15T08:50:31Z	borg	41ee31436656	mandelbrot-p	-O2	1266.4
2026-07-15T08:50:31Z	borg	41ee31436656	mandelbrot-p	-O3	1065.5
2026-07-15T08:50:31Z	borg	41ee31436656	mandelbrot-p	fpc	314.5
2026-07-15T08:50:31Z	borg	41ee31436656	raytracer	-O0	11336.3
2026-07-15T08:50:31Z	borg	41ee31436656	raytracer	-O2	6676.7
2026-07-15T08:50:31Z	borg	41ee31436656	raytracer	-O3	6426.4
2026-07-15T08:50:31Z	borg	41ee31436656	raytracer-p	-O0	314.4
2026-07-15T08:50:31Z	borg	41ee31436656	raytracer-p	-O2	314.6
2026-07-15T08:50:31Z	borg	41ee31436656	raytracer-p	-O3	314.5
2026-07-15T08:50:31Z	borg	41ee31436656	raytracer-p	fpc	31.8
2026-07-15T08:50:31Z	borg	41ee31436656	sieve	-O0	114.0
2026-07-15T08:50:31Z	borg	41ee31436656	sieve	-O2	63.9
2026-07-15T08:50:31Z	borg	41ee31436656	sieve	-O3	63.8
2026-07-15T08:50:31Z	borg	41ee31436656	sieve	fpc	31.8
2026-07-15T08:50:31Z	borg	41ee31436656	nbody	-O0	615.2
2026-07-15T08:50:31Z	borg	41ee31436656	nbody	-O2	565.0
2026-07-15T08:50:31Z	borg	41ee31436656	nbody	-O3	514.9
2026-07-15T08:50:31Z	borg	41ee31436656	nbody	fpc	64.0
2026-07-15T08:50:31Z	borg	41ee31436656	fib	-O0	264.4
2026-07-15T08:50:31Z	borg	41ee31436656	fib	-O2	164.2
2026-07-15T08:50:31Z	borg	41ee31436656	fib	-O3	164.2
2026-07-15T08:50:31Z	borg	41ee31436656	fib	fpc	114.0
2026-07-15T08:50:31Z	borg	41ee31436656	selfcompile	-O0	5726.5
2026-07-15T08:50:31Z	borg	41ee31436656	selfcompile	-O2	4423.7
2026-07-15T08:50:31Z	borg	41ee31436656	selfcompile	-O3	4423.1
2026-07-15T10:30:50Z	borg	8d4300323300	mandelbrot	-O0	1366.2
2026-07-15T10:30:50Z	borg	8d4300323300	mandelbrot	-O2	1366.5
2026-07-15T10:30:50Z	borg	8d4300323300	mandelbrot	-O3	1116.1
2026-07-15T10:30:50Z	borg	8d4300323300	mandelbrot-p	-O0	1366.0
2026-07-15T10:30:50Z	borg	8d4300323300	mandelbrot-p	-O2	1316.7
2026-07-15T10:30:50Z	borg	8d4300323300	mandelbrot-p	-O3	1116.0
2026-07-15T10:30:50Z	borg	8d4300323300	mandelbrot-p	fpc	314.6
2026-07-15T10:30:50Z	borg	8d4300323300	raytracer	-O0	11638.5
2026-07-15T10:30:50Z	borg	8d4300323300	raytracer	-O2	6827.3
2026-07-15T10:30:50Z	borg	8d4300323300	raytracer	-O3	6725.3
2026-07-15T10:30:50Z	borg	8d4300323300	raytracer-p	-O0	364.3
2026-07-15T10:30:50Z	borg	8d4300323300	raytracer-p	-O2	364.7
2026-07-15T10:30:50Z	borg	8d4300323300	raytracer-p	-O3	314.4
2026-07-15T10:30:50Z	borg	8d4300323300	raytracer-p	fpc	31.8
2026-07-15T10:30:50Z	borg	8d4300323300	sieve	-O0	114.1
2026-07-15T10:30:50Z	borg	8d4300323300	sieve	-O2	64.0
2026-07-15T10:30:50Z	borg	8d4300323300	sieve	-O3	64.0
2026-07-15T10:30:50Z	borg	8d4300323300	sieve	fpc	31.8
2026-07-15T10:30:50Z	borg	8d4300323300	nbody	-O0	615.2
2026-07-15T10:30:50Z	borg	8d4300323300	nbody	-O2	565.2
2026-07-15T10:30:50Z	borg	8d4300323300	nbody	-O3	515.1
2026-07-15T10:30:50Z	borg	8d4300323300	nbody	fpc	64.0
2026-07-15T10:30:50Z	borg	8d4300323300	fib	-O0	264.4
2026-07-15T10:30:50Z	borg	8d4300323300	fib	-O2	164.2
2026-07-15T10:30:50Z	borg	8d4300323300	fib	-O3	164.2
2026-07-15T10:30:50Z	borg	8d4300323300	fib	fpc	114.0
2026-07-15T10:30:50Z	borg	8d4300323300	selfcompile	-O0	6027.5
2026-07-15T10:30:50Z	borg	8d4300323300	selfcompile	-O2	4673.7
2026-07-15T10:30:50Z	borg	8d4300323300	selfcompile	-O3	5225.8
2026-07-15T11:19:39Z	borg	56b166c3b9cf	mandelbrot	-O0	1417.0
2026-07-15T11:19:39Z	borg	56b166c3b9cf	mandelbrot	-O2	1416.8
2026-07-15T11:19:39Z	borg	56b166c3b9cf	mandelbrot	-O3	1166.0
2026-07-15T11:19:39Z	borg	56b166c3b9cf	mandelbrot-p	-O0	1417.0
2026-07-15T11:19:39Z	borg	56b166c3b9cf	mandelbrot-p	-O2	1367.2
2026-07-15T11:19:39Z	borg	56b166c3b9cf	mandelbrot-p	-O3	1166.2
2026-07-15T11:19:39Z	borg	56b166c3b9cf	mandelbrot-p	fpc	365.7
2026-07-15T11:19:39Z	borg	56b166c3b9cf	raytracer	-O0	12240.8
2026-07-15T11:19:39Z	borg	56b166c3b9cf	raytracer	-O2	7028.0
2026-07-15T11:19:39Z	borg	56b166c3b9cf	raytracer	-O3	7178.5
2026-07-15T11:19:39Z	borg	56b166c3b9cf	raytracer-p	-O0	364.4
2026-07-15T11:19:39Z	borg	56b166c3b9cf	raytracer-p	-O2	364.5
2026-07-15T11:19:39Z	borg	56b166c3b9cf	raytracer-p	-O3	314.4
2026-07-15T11:19:39Z	borg	56b166c3b9cf	raytracer-p	fpc	31.7
2026-07-15T11:19:39Z	borg	56b166c3b9cf	sieve	-O0	113.9
2026-07-15T11:19:39Z	borg	56b166c3b9cf	sieve	-O2	114.0
2026-07-15T11:19:39Z	borg	56b166c3b9cf	sieve	-O3	114.0
2026-07-15T11:19:39Z	borg	56b166c3b9cf	sieve	fpc	63.9
2026-07-15T11:19:39Z	borg	56b166c3b9cf	nbody	-O0	665.2
2026-07-15T11:19:39Z	borg	56b166c3b9cf	nbody	-O2	615.1
2026-07-15T11:19:39Z	borg	56b166c3b9cf	nbody	-O3	565.0
2026-07-15T11:19:39Z	borg	56b166c3b9cf	nbody	fpc	114.0
2026-07-15T11:19:39Z	borg	56b166c3b9cf	fib	-O0	264.5
2026-07-15T11:19:39Z	borg	56b166c3b9cf	fib	-O2	164.2
2026-07-15T11:19:39Z	borg	56b166c3b9cf	fib	-O3	214.2
2026-07-15T11:19:39Z	borg	56b166c3b9cf	fib	fpc	114.5
2026-07-15T11:19:39Z	borg	56b166c3b9cf	selfcompile	-O0	6527.2
2026-07-15T11:19:39Z	borg	56b166c3b9cf	selfcompile	-O2	5525.1
2026-07-15T11:19:39Z	borg	56b166c3b9cf	selfcompile	-O3	5124.2
2026-07-15T11:34:45Z	borg	2e16c6438a4b	mandelbrot	-O0	1367.0
2026-07-15T11:34:45Z	borg	2e16c6438a4b	mandelbrot	-O2	1316.7
2026-07-15T11:34:45Z	borg	2e16c6438a4b	mandelbrot	-O3	1116.4
2026-07-15T11:34:45Z	borg	2e16c6438a4b	mandelbrot-p	-O0	1316.7
2026-07-15T11:34:45Z	borg	2e16c6438a4b	mandelbrot-p	-O2	1316.8
2026-07-15T11:34:45Z	borg	2e16c6438a4b	mandelbrot-p	-O3	1116.4
2026-07-15T11:34:45Z	borg	2e16c6438a4b	mandelbrot-p	fpc	364.6
2026-07-15T11:34:45Z	borg	2e16c6438a4b	raytracer	-O0	11489.4
2026-07-15T11:34:45Z	borg	2e16c6438a4b	raytracer	-O2	6728.1
2026-07-15T11:34:45Z	borg	2e16c6438a4b	raytracer	-O3	6578.6
2026-07-15T11:34:45Z	borg	2e16c6438a4b	raytracer-p	-O0	364.6
2026-07-15T11:34:45Z	borg	2e16c6438a4b	raytracer-p	-O2	314.5
2026-07-15T11:34:45Z	borg	2e16c6438a4b	raytracer-p	-O3	314.5
2026-07-15T11:34:45Z	borg	2e16c6438a4b	raytracer-p	fpc	31.8
2026-07-15T11:34:45Z	borg	2e16c6438a4b	sieve	-O0	114.0
2026-07-15T11:34:45Z	borg	2e16c6438a4b	sieve	-O2	63.8
2026-07-15T11:34:45Z	borg	2e16c6438a4b	sieve	-O3	64.1
2026-07-15T11:34:45Z	borg	2e16c6438a4b	sieve	fpc	31.8
2026-07-15T11:34:45Z	borg	2e16c6438a4b	nbody	-O0	615.3
2026-07-15T11:34:45Z	borg	2e16c6438a4b	nbody	-O2	564.9
2026-07-15T11:34:45Z	borg	2e16c6438a4b	nbody	-O3	514.7
2026-07-15T11:34:45Z	borg	2e16c6438a4b	nbody	fpc	64.0
2026-07-15T11:34:45Z	borg	2e16c6438a4b	fib	-O0	264.5
2026-07-15T11:34:45Z	borg	2e16c6438a4b	fib	-O2	164.3
2026-07-15T11:34:45Z	borg	2e16c6438a4b	fib	-O3	164.1
2026-07-15T11:34:45Z	borg	2e16c6438a4b	fib	fpc	113.9
2026-07-15T11:34:45Z	borg	2e16c6438a4b	selfcompile	-O0	6026.3
2026-07-15T11:34:45Z	borg	2e16c6438a4b	selfcompile	-O2	4524.6
2026-07-15T11:34:45Z	borg	2e16c6438a4b	selfcompile	-O3	4824.3
2026-07-15T12:00:39Z	borg	49ea0a392e7f	mandelbrot	-O0	1316.7
2026-07-15T12:00:39Z	borg	49ea0a392e7f	mandelbrot	-O2	1316.0
2026-07-15T12:00:39Z	borg	49ea0a392e7f	mandelbrot	-O3	1066.3
2026-07-15T12:00:39Z	borg	49ea0a392e7f	mandelbrot-p	-O0	1316.7
2026-07-15T12:00:39Z	borg	49ea0a392e7f	mandelbrot-p	-O2	1316.5
2026-07-15T12:00:39Z	borg	49ea0a392e7f	mandelbrot-p	-O3	1116.3
2026-07-15T12:00:39Z	borg	49ea0a392e7f	mandelbrot-p	fpc	314.3
2026-07-15T12:00:39Z	borg	49ea0a392e7f	raytracer	-O0	11489.5
2026-07-15T12:00:39Z	borg	49ea0a392e7f	raytracer	-O2	6728.2
2026-07-15T12:00:39Z	borg	49ea0a392e7f	raytracer	-O3	6578.1
2026-07-15T12:00:39Z	borg	49ea0a392e7f	raytracer-p	-O0	364.7
2026-07-15T12:00:39Z	borg	49ea0a392e7f	raytracer-p	-O2	314.5
2026-07-15T12:00:39Z	borg	49ea0a392e7f	raytracer-p	-O3	314.4
2026-07-15T12:00:39Z	borg	49ea0a392e7f	raytracer-p	fpc	31.9
2026-07-15T12:00:39Z	borg	49ea0a392e7f	sieve	-O0	113.9
2026-07-15T12:00:39Z	borg	49ea0a392e7f	sieve	-O2	64.0
2026-07-15T12:00:39Z	borg	49ea0a392e7f	sieve	-O3	63.9
2026-07-15T12:00:39Z	borg	49ea0a392e7f	sieve	fpc	31.7
2026-07-15T12:00:39Z	borg	49ea0a392e7f	nbody	-O0	615.2
2026-07-15T12:00:39Z	borg	49ea0a392e7f	nbody	-O2	565.0
2026-07-15T12:00:39Z	borg	49ea0a392e7f	nbody	-O3	515.0
2026-07-15T12:00:39Z	borg	49ea0a392e7f	nbody	fpc	64.0
2026-07-15T12:00:39Z	borg	49ea0a392e7f	fib	-O0	264.8
2026-07-15T12:00:39Z	borg	49ea0a392e7f	fib	-O2	164.3
2026-07-15T12:00:39Z	borg	49ea0a392e7f	fib	-O3	164.1
2026-07-15T12:00:39Z	borg	49ea0a392e7f	fib	fpc	114.0
2026-07-15T12:00:39Z	borg	49ea0a392e7f	selfcompile	-O0	6026.9
2026-07-15T12:00:39Z	borg	49ea0a392e7f	selfcompile	-O2	4623.8
2026-07-15T12:00:39Z	borg	49ea0a392e7f	selfcompile	-O3	4522.4
2026-07-15T12:40:40Z	borg	e9e691677ae3	mandelbrot	-O0	1466.7
2026-07-15T12:40:40Z	borg	e9e691677ae3	mandelbrot	-O2	1466.9
2026-07-15T12:40:40Z	borg	e9e691677ae3	mandelbrot	-O3	1216.6
2026-07-15T12:40:40Z	borg	e9e691677ae3	mandelbrot-p	-O0	1469.8
2026-07-15T12:40:40Z	borg	e9e691677ae3	mandelbrot-p	-O2	1416.6
2026-07-15T12:40:40Z	borg	e9e691677ae3	mandelbrot-p	-O3	1166.0
2026-07-15T12:40:40Z	borg	e9e691677ae3	mandelbrot-p	fpc	364.4
2026-07-15T12:40:40Z	borg	e9e691677ae3	raytracer	-O0	12538.5
2026-07-15T12:40:40Z	borg	e9e691677ae3	raytracer	-O2	7479.0
2026-07-15T12:40:40Z	borg	e9e691677ae3	raytracer	-O3	7529.7
2026-07-15T12:40:40Z	borg	e9e691677ae3	raytracer-p	-O0	414.6
2026-07-15T12:40:40Z	borg	e9e691677ae3	raytracer-p	-O2	364.5
2026-07-15T12:40:40Z	borg	e9e691677ae3	raytracer-p	-O3	364.5
2026-07-15T12:40:40Z	borg	e9e691677ae3	raytracer-p	fpc	64.0
2026-07-15T12:40:40Z	borg	e9e691677ae3	sieve	-O0	114.0
2026-07-15T12:40:40Z	borg	e9e691677ae3	sieve	-O2	114.0
2026-07-15T12:40:40Z	borg	e9e691677ae3	sieve	-O3	114.0
2026-07-15T12:40:40Z	borg	e9e691677ae3	sieve	fpc	31.9
2026-07-15T12:40:40Z	borg	e9e691677ae3	nbody	-O0	665.1
2026-07-15T12:40:40Z	borg	e9e691677ae3	nbody	-O2	665.1
2026-07-15T12:40:40Z	borg	e9e691677ae3	nbody	-O3	564.8
2026-07-15T12:40:40Z	borg	e9e691677ae3	nbody	fpc	114.0
2026-07-15T12:40:40Z	borg	e9e691677ae3	fib	-O0	264.2
2026-07-15T12:40:40Z	borg	e9e691677ae3	fib	-O2	164.2
2026-07-15T12:40:40Z	borg	e9e691677ae3	fib	-O3	214.1
2026-07-15T12:40:40Z	borg	e9e691677ae3	fib	fpc	114.2
2026-07-15T12:40:40Z	borg	e9e691677ae3	selfcompile	-O0	7730.2
2026-07-15T12:40:40Z	borg	e9e691677ae3	selfcompile	-O2	5124.8
2026-07-15T12:40:40Z	borg	e9e691677ae3	selfcompile	-O3	4924.7
2026-07-15T13:07:00Z	borg	aad9d2c2c32b	mandelbrot	-O0	1417.8
2026-07-15T13:07:00Z	borg	aad9d2c2c32b	mandelbrot	-O2	1416.9
2026-07-15T13:07:00Z	borg	aad9d2c2c32b	mandelbrot	-O3	1166.2
2026-07-15T13:07:00Z	borg	aad9d2c2c32b	mandelbrot-p	-O0	1417.9
2026-07-15T13:07:00Z	borg	aad9d2c2c32b	mandelbrot-p	-O2	1416.7
2026-07-15T13:07:00Z	borg	aad9d2c2c32b	mandelbrot-p	-O3	1166.3
2026-07-15T13:07:00Z	borg	aad9d2c2c32b	mandelbrot-p	fpc	364.5
2026-07-15T13:07:00Z	borg	aad9d2c2c32b	raytracer	-O0	12492.2
2026-07-15T13:07:00Z	borg	aad9d2c2c32b	raytracer	-O2	7428.6
2026-07-15T13:07:00Z	borg	aad9d2c2c32b	raytracer	-O3	7127.8
2026-07-15T13:07:00Z	borg	aad9d2c2c32b	raytracer-p	-O0	364.6
2026-07-15T13:07:00Z	borg	aad9d2c2c32b	raytracer-p	-O2	364.5
2026-07-15T13:07:00Z	borg	aad9d2c2c32b	raytracer-p	-O3	314.4
2026-07-15T13:07:00Z	borg	aad9d2c2c32b	raytracer-p	fpc	31.9
2026-07-15T13:07:00Z	borg	aad9d2c2c32b	sieve	-O0	114.0
2026-07-15T13:07:00Z	borg	aad9d2c2c32b	sieve	-O2	114.0
2026-07-15T13:07:00Z	borg	aad9d2c2c32b	sieve	-O3	114.0
2026-07-15T13:07:00Z	borg	aad9d2c2c32b	sieve	fpc	31.9
2026-07-15T13:07:00Z	borg	aad9d2c2c32b	nbody	-O0	665.3
2026-07-15T13:07:00Z	borg	aad9d2c2c32b	nbody	-O2	614.9
2026-07-15T13:07:00Z	borg	aad9d2c2c32b	nbody	-O3	564.8
2026-07-15T13:07:00Z	borg	aad9d2c2c32b	nbody	fpc	113.9
2026-07-15T13:07:00Z	borg	aad9d2c2c32b	fib	-O0	264.3
2026-07-15T13:07:00Z	borg	aad9d2c2c32b	fib	-O2	214.1
2026-07-15T13:07:00Z	borg	aad9d2c2c32b	fib	-O3	215.1
2026-07-15T13:07:00Z	borg	aad9d2c2c32b	fib	fpc	114.1
2026-07-15T13:07:00Z	borg	aad9d2c2c32b	selfcompile	-O0	6827.9
2026-07-15T13:07:00Z	borg	aad9d2c2c32b	selfcompile	-O2	4924.8
2026-07-15T13:07:00Z	borg	aad9d2c2c32b	selfcompile	-O3	4923.7
2026-07-15T13:26:50Z	borg	891cdcb20af6	mandelbrot	-O0	1367.1
2026-07-15T13:26:50Z	borg	891cdcb20af6	mandelbrot	-O2	1366.4
2026-07-15T13:26:50Z	borg	891cdcb20af6	mandelbrot	-O3	1116.6
2026-07-15T13:26:50Z	borg	891cdcb20af6	mandelbrot-p	-O0	1366.9
2026-07-15T13:26:50Z	borg	891cdcb20af6	mandelbrot-p	-O2	1366.8
2026-07-15T13:26:50Z	borg	891cdcb20af6	mandelbrot-p	-O3	1166.2
2026-07-15T13:26:50Z	borg	891cdcb20af6	mandelbrot-p	fpc	365.8
2026-07-15T13:26:50Z	borg	891cdcb20af6	raytracer	-O0	12191.8
2026-07-15T13:26:50Z	borg	891cdcb20af6	raytracer	-O2	6977.8
2026-07-15T13:26:50Z	borg	891cdcb20af6	raytracer	-O3	6778.5
2026-07-15T13:26:50Z	borg	891cdcb20af6	raytracer-p	-O0	364.5
2026-07-15T13:26:50Z	borg	891cdcb20af6	raytracer-p	-O2	314.5
2026-07-15T13:26:50Z	borg	891cdcb20af6	raytracer-p	-O3	314.4
2026-07-15T13:26:50Z	borg	891cdcb20af6	raytracer-p	fpc	31.9
2026-07-15T13:26:50Z	borg	891cdcb20af6	sieve	-O0	114.0
2026-07-15T13:26:50Z	borg	891cdcb20af6	sieve	-O2	63.9
2026-07-15T13:26:50Z	borg	891cdcb20af6	sieve	-O3	64.1
2026-07-15T13:26:50Z	borg	891cdcb20af6	sieve	fpc	32.0
2026-07-15T13:26:50Z	borg	891cdcb20af6	nbody	-O0	665.3
2026-07-15T13:26:50Z	borg	891cdcb20af6	nbody	-O2	615.0
2026-07-15T13:26:50Z	borg	891cdcb20af6	nbody	-O3	565.0
2026-07-15T13:26:50Z	borg	891cdcb20af6	nbody	fpc	63.8
2026-07-15T13:26:50Z	borg	891cdcb20af6	fib	-O0	265.6
2026-07-15T13:26:50Z	borg	891cdcb20af6	fib	-O2	164.2
2026-07-15T13:26:50Z	borg	891cdcb20af6	fib	-O3	214.3
2026-07-15T13:26:50Z	borg	891cdcb20af6	fib	fpc	114.0
2026-07-15T13:26:50Z	borg	891cdcb20af6	selfcompile	-O0	6377.7
2026-07-15T13:26:50Z	borg	891cdcb20af6	selfcompile	-O2	4925.3
2026-07-15T13:26:50Z	borg	891cdcb20af6	selfcompile	-O3	4774.3
2026-07-15T13:56:14Z	borg	14300b37bb2a	mandelbrot	-O0	1417.0
2026-07-15T13:56:14Z	borg	14300b37bb2a	mandelbrot	-O2	1367.1
2026-07-15T13:56:14Z	borg	14300b37bb2a	mandelbrot	-O3	1166.2
2026-07-15T13:56:14Z	borg	14300b37bb2a	mandelbrot-p	-O0	1416.7
2026-07-15T13:56:14Z	borg	14300b37bb2a	mandelbrot-p	-O2	1366.7
2026-07-15T13:56:14Z	borg	14300b37bb2a	mandelbrot-p	-O3	1166.2
2026-07-15T13:56:14Z	borg	14300b37bb2a	mandelbrot-p	fpc	365.2
2026-07-15T13:56:14Z	borg	14300b37bb2a	raytracer	-O0	11889.3
2026-07-15T13:56:14Z	borg	14300b37bb2a	raytracer	-O2	7078.1
2026-07-15T13:56:14Z	borg	14300b37bb2a	raytracer	-O3	6929.0
2026-07-15T13:56:14Z	borg	14300b37bb2a	raytracer-p	-O0	364.4
2026-07-15T13:56:14Z	borg	14300b37bb2a	raytracer-p	-O2	314.6
2026-07-15T13:56:14Z	borg	14300b37bb2a	raytracer-p	-O3	314.5
2026-07-15T13:56:14Z	borg	14300b37bb2a	raytracer-p	fpc	32.0
2026-07-15T13:56:14Z	borg	14300b37bb2a	sieve	-O0	114.0
2026-07-15T13:56:14Z	borg	14300b37bb2a	sieve	-O2	63.9
2026-07-15T13:56:14Z	borg	14300b37bb2a	sieve	-O3	114.0
2026-07-15T13:56:14Z	borg	14300b37bb2a	sieve	fpc	31.8
2026-07-15T13:56:14Z	borg	14300b37bb2a	nbody	-O0	665.2
2026-07-15T13:56:14Z	borg	14300b37bb2a	nbody	-O2	615.2
2026-07-15T13:56:14Z	borg	14300b37bb2a	nbody	-O3	565.0
2026-07-15T13:56:14Z	borg	14300b37bb2a	nbody	fpc	114.0
2026-07-15T13:56:14Z	borg	14300b37bb2a	fib	-O0	264.3
2026-07-15T13:56:14Z	borg	14300b37bb2a	fib	-O2	164.1
2026-07-15T13:56:14Z	borg	14300b37bb2a	fib	-O3	214.2
2026-07-15T13:56:14Z	borg	14300b37bb2a	fib	fpc	114.1
2026-07-15T13:56:14Z	borg	14300b37bb2a	selfcompile	-O0	6376.7
2026-07-15T13:56:14Z	borg	14300b37bb2a	selfcompile	-O2	5024.1
2026-07-15T13:56:14Z	borg	14300b37bb2a	selfcompile	-O3	4974.8
2026-07-15T15:05:15Z	borg	b909ba987bf6	mandelbrot	-O0	1417.2
2026-07-15T15:05:15Z	borg	b909ba987bf6	mandelbrot	-O2	1366.5
2026-07-15T15:05:15Z	borg	b909ba987bf6	mandelbrot	-O3	1166.4
2026-07-15T15:05:15Z	borg	b909ba987bf6	mandelbrot-p	-O0	1366.6
2026-07-15T15:05:15Z	borg	b909ba987bf6	mandelbrot-p	-O2	1366.4
2026-07-15T15:05:15Z	borg	b909ba987bf6	mandelbrot-p	-O3	1166.2
2026-07-15T15:05:15Z	borg	b909ba987bf6	mandelbrot-p	fpc	364.6
2026-07-15T15:05:15Z	borg	b909ba987bf6	raytracer	-O0	11837.6
2026-07-15T15:05:15Z	borg	b909ba987bf6	raytracer	-O2	6829.2
2026-07-15T15:05:15Z	borg	b909ba987bf6	raytracer	-O3	6829.0
2026-07-15T15:05:15Z	borg	b909ba987bf6	raytracer-p	-O0	364.4
2026-07-15T15:05:15Z	borg	b909ba987bf6	raytracer-p	-O2	314.7
2026-07-15T15:05:15Z	borg	b909ba987bf6	raytracer-p	-O3	314.5
2026-07-15T15:05:15Z	borg	b909ba987bf6	raytracer-p	fpc	31.8
2026-07-15T15:05:15Z	borg	b909ba987bf6	sieve	-O0	114.0
2026-07-15T15:05:15Z	borg	b909ba987bf6	sieve	-O2	64.0
2026-07-15T15:05:15Z	borg	b909ba987bf6	sieve	-O3	64.0
2026-07-15T15:05:15Z	borg	b909ba987bf6	sieve	fpc	31.9
2026-07-15T15:05:15Z	borg	b909ba987bf6	nbody	-O0	665.3
2026-07-15T15:05:15Z	borg	b909ba987bf6	nbody	-O2	615.2
2026-07-15T15:05:15Z	borg	b909ba987bf6	nbody	-O3	565.0
2026-07-15T15:05:15Z	borg	b909ba987bf6	nbody	fpc	114.1
2026-07-15T15:05:15Z	borg	b909ba987bf6	fib	-O0	265.5
2026-07-15T15:05:15Z	borg	b909ba987bf6	fib	-O2	164.1
2026-07-15T15:05:15Z	borg	b909ba987bf6	fib	-O3	164.0
2026-07-15T15:05:15Z	borg	b909ba987bf6	fib	fpc	113.8
2026-07-15T15:05:15Z	borg	b909ba987bf6	selfcompile	-O0	6278.1
2026-07-15T15:05:15Z	borg	b909ba987bf6	selfcompile	-O2	4823.2
2026-07-15T15:05:15Z	borg	b909ba987bf6	selfcompile	-O3	4824.5
2026-07-15T15:42:54Z	borg	50271d5d3cd4	mandelbrot	-O0	1416.8
2026-07-15T15:42:54Z	borg	50271d5d3cd4	mandelbrot	-O2	1416.6
2026-07-15T15:42:54Z	borg	50271d5d3cd4	mandelbrot	-O3	1166.4
2026-07-15T15:42:54Z	borg	50271d5d3cd4	mandelbrot-p	-O0	1417.0
2026-07-15T15:42:54Z	borg	50271d5d3cd4	mandelbrot-p	-O2	1366.5
2026-07-15T15:42:54Z	borg	50271d5d3cd4	mandelbrot-p	-O3	1216.4
2026-07-15T15:42:54Z	borg	50271d5d3cd4	mandelbrot-p	fpc	365.5
2026-07-15T15:42:54Z	borg	50271d5d3cd4	raytracer	-O0	12339.1
2026-07-15T15:42:54Z	borg	50271d5d3cd4	raytracer	-O2	7278.7
2026-07-15T15:42:54Z	borg	50271d5d3cd4	raytracer	-O3	7027.6
2026-07-15T15:42:54Z	borg	50271d5d3cd4	raytracer-p	-O0	364.6
2026-07-15T15:42:54Z	borg	50271d5d3cd4	raytracer-p	-O2	364.5
2026-07-15T15:42:54Z	borg	50271d5d3cd4	raytracer-p	-O3	314.4
2026-07-15T15:42:54Z	borg	50271d5d3cd4	raytracer-p	fpc	31.9
2026-07-15T15:42:54Z	borg	50271d5d3cd4	sieve	-O0	114.0
2026-07-15T15:42:54Z	borg	50271d5d3cd4	sieve	-O2	64.3
2026-07-15T15:42:54Z	borg	50271d5d3cd4	sieve	-O3	64.2
2026-07-15T15:42:54Z	borg	50271d5d3cd4	sieve	fpc	31.9
2026-07-15T15:42:54Z	borg	50271d5d3cd4	nbody	-O0	665.4
2026-07-15T15:42:54Z	borg	50271d5d3cd4	nbody	-O2	615.2
2026-07-15T15:42:54Z	borg	50271d5d3cd4	nbody	-O3	564.9
2026-07-15T15:42:54Z	borg	50271d5d3cd4	nbody	fpc	114.1
2026-07-15T15:42:54Z	borg	50271d5d3cd4	fib	-O0	264.2
2026-07-15T15:42:54Z	borg	50271d5d3cd4	fib	-O2	164.0
2026-07-15T15:42:54Z	borg	50271d5d3cd4	fib	-O3	164.2
2026-07-15T15:42:54Z	borg	50271d5d3cd4	fib	fpc	114.0
2026-07-15T15:42:54Z	borg	50271d5d3cd4	selfcompile	-O0	6777.8
2026-07-15T15:42:54Z	borg	50271d5d3cd4	selfcompile	-O2	4924.1
2026-07-15T15:42:54Z	borg	50271d5d3cd4	selfcompile	-O3	4975.1
2026-07-15T15:57:25Z	borg	6d5f29270a93	mandelbrot	-O0	1416.9
2026-07-15T15:57:25Z	borg	6d5f29270a93	mandelbrot	-O2	1366.8
2026-07-15T15:57:25Z	borg	6d5f29270a93	mandelbrot	-O3	1116.4
2026-07-15T15:57:25Z	borg	6d5f29270a93	mandelbrot-p	-O0	1367.0
2026-07-15T15:57:25Z	borg	6d5f29270a93	mandelbrot-p	-O2	1366.9
2026-07-15T15:57:25Z	borg	6d5f29270a93	mandelbrot-p	-O3	1166.2
2026-07-15T15:57:25Z	borg	6d5f29270a93	mandelbrot-p	fpc	364.5
2026-07-15T15:57:25Z	borg	6d5f29270a93	raytracer	-O0	12188.8
2026-07-15T15:57:25Z	borg	6d5f29270a93	raytracer	-O2	7228.9
2026-07-15T15:57:25Z	borg	6d5f29270a93	raytracer	-O3	6827.8
2026-07-15T15:57:25Z	borg	6d5f29270a93	raytracer-p	-O0	365.7
2026-07-15T15:57:25Z	borg	6d5f29270a93	raytracer-p	-O2	314.5
2026-07-15T15:57:25Z	borg	6d5f29270a93	raytracer-p	-O3	314.4
2026-07-15T15:57:25Z	borg	6d5f29270a93	raytracer-p	fpc	31.9
2026-07-15T15:57:25Z	borg	6d5f29270a93	sieve	-O0	114.0
2026-07-15T15:57:25Z	borg	6d5f29270a93	sieve	-O2	63.9
2026-07-15T15:57:25Z	borg	6d5f29270a93	sieve	-O3	114.0
2026-07-15T15:57:25Z	borg	6d5f29270a93	sieve	fpc	31.9
2026-07-15T15:57:25Z	borg	6d5f29270a93	nbody	-O0	665.1
2026-07-15T15:57:25Z	borg	6d5f29270a93	nbody	-O2	615.1
2026-07-15T15:57:25Z	borg	6d5f29270a93	nbody	-O3	564.9
2026-07-15T15:57:25Z	borg	6d5f29270a93	nbody	fpc	114.0
2026-07-15T15:57:25Z	borg	6d5f29270a93	fib	-O0	265.6
2026-07-15T15:57:25Z	borg	6d5f29270a93	fib	-O2	164.1
2026-07-15T15:57:25Z	borg	6d5f29270a93	fib	-O3	164.1
2026-07-15T15:57:25Z	borg	6d5f29270a93	fib	fpc	114.1
2026-07-15T15:57:25Z	borg	6d5f29270a93	selfcompile	-O0	6377.4
2026-07-15T15:57:25Z	borg	6d5f29270a93	selfcompile	-O2	4875.0
2026-07-15T15:57:25Z	borg	6d5f29270a93	selfcompile	-O3	4824.2
2026-07-15T16:37:53Z	borg	28e51fa323d9	mandelbrot	-O0	1416.7
2026-07-15T16:37:53Z	borg	28e51fa323d9	mandelbrot	-O2	1366.7
2026-07-15T16:37:53Z	borg	28e51fa323d9	mandelbrot	-O3	1166.3
2026-07-15T16:37:53Z	borg	28e51fa323d9	mandelbrot-p	-O0	1366.7
2026-07-15T16:37:53Z	borg	28e51fa323d9	mandelbrot-p	-O2	1366.4
2026-07-15T16:37:53Z	borg	28e51fa323d9	mandelbrot-p	-O3	1166.3
2026-07-15T16:37:53Z	borg	28e51fa323d9	mandelbrot-p	fpc	364.5
2026-07-15T16:37:53Z	borg	28e51fa323d9	raytracer	-O0	11939.1
2026-07-15T16:37:53Z	borg	28e51fa323d9	raytracer	-O2	6928.4
2026-07-15T16:37:53Z	borg	28e51fa323d9	raytracer	-O3	6877.6
2026-07-15T16:37:53Z	borg	28e51fa323d9	raytracer-p	-O0	365.8
2026-07-15T16:37:53Z	borg	28e51fa323d9	raytracer-p	-O2	364.4
2026-07-15T16:37:53Z	borg	28e51fa323d9	raytracer-p	-O3	314.4
2026-07-15T16:37:53Z	borg	28e51fa323d9	raytracer-p	fpc	31.7
2026-07-15T16:37:53Z	borg	28e51fa323d9	sieve	-O0	115.2
2026-07-15T16:37:53Z	borg	28e51fa323d9	sieve	-O2	64.0
2026-07-15T16:37:53Z	borg	28e51fa323d9	sieve	-O3	64.0
2026-07-15T16:37:53Z	borg	28e51fa323d9	sieve	fpc	31.9
2026-07-15T16:37:53Z	borg	28e51fa323d9	nbody	-O0	665.0
2026-07-15T16:37:53Z	borg	28e51fa323d9	nbody	-O2	615.2
2026-07-15T16:37:53Z	borg	28e51fa323d9	nbody	-O3	564.8
2026-07-15T16:37:53Z	borg	28e51fa323d9	nbody	fpc	64.2
2026-07-15T16:37:53Z	borg	28e51fa323d9	fib	-O0	264.5
2026-07-15T16:37:53Z	borg	28e51fa323d9	fib	-O2	164.2
2026-07-15T16:37:53Z	borg	28e51fa323d9	fib	-O3	214.2
2026-07-15T16:37:53Z	borg	28e51fa323d9	fib	fpc	114.0
2026-07-15T16:37:53Z	borg	28e51fa323d9	selfcompile	-O0	6627.0
2026-07-15T16:37:53Z	borg	28e51fa323d9	selfcompile	-O2	4874.5
2026-07-15T16:37:53Z	borg	28e51fa323d9	selfcompile	-O3	4923.9
2026-07-15T17:49:20Z	borg	2f954291b869	mandelbrot	-O0	1417.2
2026-07-15T17:49:20Z	borg	2f954291b869	mandelbrot	-O2	1416.9
2026-07-15T17:49:20Z	borg	2f954291b869	mandelbrot	-O3	1166.2
2026-07-15T17:49:20Z	borg	2f954291b869	mandelbrot-p	-O0	1416.8
2026-07-15T17:49:20Z	borg	2f954291b869	mandelbrot-p	-O2	1366.9
2026-07-15T17:49:20Z	borg	2f954291b869	mandelbrot-p	-O3	1116.2
2026-07-15T17:49:20Z	borg	2f954291b869	mandelbrot-p	fpc	365.7
2026-07-15T17:49:20Z	borg	2f954291b869	raytracer	-O0	11938.8
2026-07-15T17:49:20Z	borg	2f954291b869	raytracer	-O2	6876.6
2026-07-15T17:49:20Z	borg	2f954291b869	raytracer	-O3	7278.2
2026-07-15T17:49:20Z	borg	2f954291b869	raytracer-p	-O0	364.5
2026-07-15T17:49:20Z	borg	2f954291b869	raytracer-p	-O2	364.4
2026-07-15T17:49:20Z	borg	2f954291b869	raytracer-p	-O3	314.4
2026-07-15T17:49:20Z	borg	2f954291b869	raytracer-p	fpc	31.8
2026-07-15T17:49:20Z	borg	2f954291b869	sieve	-O0	114.0
2026-07-15T17:49:20Z	borg	2f954291b869	sieve	-O2	63.9
2026-07-15T17:49:20Z	borg	2f954291b869	sieve	-O3	114.0
2026-07-15T17:49:20Z	borg	2f954291b869	sieve	fpc	31.8
2026-07-15T17:49:20Z	borg	2f954291b869	nbody	-O0	665.3
2026-07-15T17:49:20Z	borg	2f954291b869	nbody	-O2	615.0
2026-07-15T17:49:20Z	borg	2f954291b869	nbody	-O3	565.0
2026-07-15T17:49:20Z	borg	2f954291b869	nbody	fpc	63.9
2026-07-15T17:49:20Z	borg	2f954291b869	fib	-O0	264.4
2026-07-15T17:49:20Z	borg	2f954291b869	fib	-O2	164.2
2026-07-15T17:49:20Z	borg	2f954291b869	fib	-O3	164.1
2026-07-15T17:49:20Z	borg	2f954291b869	fib	fpc	114.0
2026-07-15T17:49:20Z	borg	2f954291b869	selfcompile	-O0	6677.7
2026-07-15T17:49:20Z	borg	2f954291b869	selfcompile	-O2	4973.7
2026-07-15T17:49:20Z	borg	2f954291b869	selfcompile	-O3	4873.3
2026-07-15T20:19:06Z	borg	702319b5edf3	mandelbrot	-O0	1367.1
2026-07-15T20:19:06Z	borg	702319b5edf3	mandelbrot	-O2	1366.7
2026-07-15T20:19:06Z	borg	702319b5edf3	mandelbrot	-O3	1116.6
2026-07-15T20:19:06Z	borg	702319b5edf3	mandelbrot-p	-O0	1366.9
2026-07-15T20:19:06Z	borg	702319b5edf3	mandelbrot-p	-O2	1367.0
2026-07-15T20:19:06Z	borg	702319b5edf3	mandelbrot-p	-O3	1116.4
2026-07-15T20:19:06Z	borg	702319b5edf3	mandelbrot-p	fpc	364.6
2026-07-15T20:19:06Z	borg	702319b5edf3	raytracer	-O0	11942.4
2026-07-15T20:19:06Z	borg	702319b5edf3	raytracer	-O2	6930.5
2026-07-15T20:19:06Z	borg	702319b5edf3	raytracer	-O3	7532.6
2026-07-15T20:19:06Z	borg	702319b5edf3	raytracer-p	-O0	364.5
2026-07-15T20:19:06Z	borg	702319b5edf3	raytracer-p	-O2	364.4
2026-07-15T20:19:06Z	borg	702319b5edf3	raytracer-p	-O3	364.5
2026-07-15T20:19:06Z	borg	702319b5edf3	raytracer-p	fpc	31.8
2026-07-15T20:19:06Z	borg	702319b5edf3	sieve	-O0	113.9
2026-07-15T20:19:06Z	borg	702319b5edf3	sieve	-O2	64.1
2026-07-15T20:19:06Z	borg	702319b5edf3	sieve	-O3	114.0
2026-07-15T20:19:06Z	borg	702319b5edf3	sieve	fpc	63.9
2026-07-15T20:19:06Z	borg	702319b5edf3	nbody	-O0	665.0
2026-07-15T20:19:06Z	borg	702319b5edf3	nbody	-O2	615.0
2026-07-15T20:19:06Z	borg	702319b5edf3	nbody	-O3	564.7
2026-07-15T20:19:06Z	borg	702319b5edf3	nbody	fpc	114.0
2026-07-15T20:19:06Z	borg	702319b5edf3	fib	-O0	314.5
2026-07-15T20:19:06Z	borg	702319b5edf3	fib	-O2	214.2
2026-07-15T20:19:06Z	borg	702319b5edf3	fib	-O3	214.3
2026-07-15T20:19:06Z	borg	702319b5edf3	fib	fpc	164.1
2026-07-15T20:19:06Z	borg	702319b5edf3	selfcompile	-O0	7028.8
2026-07-15T20:19:06Z	borg	702319b5edf3	selfcompile	-O2	5175.0
2026-07-15T20:19:06Z	borg	702319b5edf3	selfcompile	-O3	5224.4
2026-07-16T05:42:05Z	borg	a9cfede69543	mandelbrot	-O0	1416.8
2026-07-16T05:42:05Z	borg	a9cfede69543	mandelbrot	-O2	1416.6
2026-07-16T05:42:05Z	borg	a9cfede69543	mandelbrot	-O3	1166.0
2026-07-16T05:42:05Z	borg	a9cfede69543	mandelbrot-p	-O0	1416.7
2026-07-16T05:42:05Z	borg	a9cfede69543	mandelbrot-p	-O2	1366.6
2026-07-16T05:42:05Z	borg	a9cfede69543	mandelbrot-p	-O3	1166.1
2026-07-16T05:42:05Z	borg	a9cfede69543	mandelbrot-p	fpc	365.7
2026-07-16T05:42:05Z	borg	a9cfede69543	raytracer	-O0	12039.1
2026-07-16T05:42:05Z	borg	a9cfede69543	raytracer	-O2	7277.6
2026-07-16T05:42:05Z	borg	a9cfede69543	raytracer	-O3	7179.0
2026-07-16T05:42:05Z	borg	a9cfede69543	raytracer-p	-O0	364.6
2026-07-16T05:42:05Z	borg	a9cfede69543	raytracer-p	-O2	366.0
2026-07-16T05:42:05Z	borg	a9cfede69543	raytracer-p	-O3	314.6
2026-07-16T05:42:05Z	borg	a9cfede69543	raytracer-p	fpc	31.9
2026-07-16T05:42:05Z	borg	a9cfede69543	sieve	-O0	114.1
2026-07-16T05:42:05Z	borg	a9cfede69543	sieve	-O2	63.9
2026-07-16T05:42:05Z	borg	a9cfede69543	sieve	-O3	64.1
2026-07-16T05:42:05Z	borg	a9cfede69543	sieve	fpc	63.8
2026-07-16T05:42:05Z	borg	a9cfede69543	nbody	-O0	664.9
2026-07-16T05:42:05Z	borg	a9cfede69543	nbody	-O2	615.0
2026-07-16T05:42:05Z	borg	a9cfede69543	nbody	-O3	565.0
2026-07-16T05:42:05Z	borg	a9cfede69543	nbody	fpc	114.0
2026-07-16T05:42:05Z	borg	a9cfede69543	fib	-O0	264.4
2026-07-16T05:42:05Z	borg	a9cfede69543	fib	-O2	164.1
2026-07-16T05:42:05Z	borg	a9cfede69543	fib	-O3	214.2
2026-07-16T05:42:05Z	borg	a9cfede69543	fib	fpc	114.1
2026-07-16T05:42:05Z	borg	a9cfede69543	selfcompile	-O0	6426.8
2026-07-16T05:42:05Z	borg	a9cfede69543	selfcompile	-O2	5024.3
2026-07-16T05:42:05Z	borg	a9cfede69543	selfcompile	-O3	5074.1
2026-07-16T06:33:49Z	borg	e48592cc9baf	mandelbrot	-O0	1516.6
2026-07-16T06:33:49Z	borg	e48592cc9baf	mandelbrot	-O2	1516.9
2026-07-16T06:33:49Z	borg	e48592cc9baf	mandelbrot	-O3	1166.4
2026-07-16T06:33:49Z	borg	e48592cc9baf	mandelbrot-p	-O0	1567.0
2026-07-16T06:33:49Z	borg	e48592cc9baf	mandelbrot-p	-O2	1416.8
2026-07-16T06:33:49Z	borg	e48592cc9baf	mandelbrot-p	-O3	1266.9
2026-07-16T06:33:49Z	borg	e48592cc9baf	mandelbrot-p	fpc	515.0
2026-07-16T06:33:49Z	borg	e48592cc9baf	raytracer	-O0	13390.7
2026-07-16T06:33:49Z	borg	e48592cc9baf	raytracer	-O2	8080.2
2026-07-16T06:33:49Z	borg	e48592cc9baf	raytracer	-O3	8031.7
2026-07-16T06:33:49Z	borg	e48592cc9baf	raytracer-p	-O0	464.8
2026-07-16T06:33:49Z	borg	e48592cc9baf	raytracer-p	-O2	515.2
2026-07-16T06:33:49Z	borg	e48592cc9baf	raytracer-p	-O3	364.3
2026-07-16T06:33:49Z	borg	e48592cc9baf	raytracer-p	fpc	31.9
2026-07-16T06:33:49Z	borg	e48592cc9baf	sieve	-O0	114.0
2026-07-16T06:33:49Z	borg	e48592cc9baf	sieve	-O2	114.0
2026-07-16T06:33:49Z	borg	e48592cc9baf	sieve	-O3	114.4
2026-07-16T06:33:49Z	borg	e48592cc9baf	sieve	fpc	63.9
2026-07-16T06:33:49Z	borg	e48592cc9baf	nbody	-O0	665.1
2026-07-16T06:33:49Z	borg	e48592cc9baf	nbody	-O2	666.3
2026-07-16T06:33:49Z	borg	e48592cc9baf	nbody	-O3	564.9
2026-07-16T06:33:49Z	borg	e48592cc9baf	nbody	fpc	114.0
2026-07-16T06:33:49Z	borg	e48592cc9baf	fib	-O0	314.6
2026-07-16T06:33:49Z	borg	e48592cc9baf	fib	-O2	214.2
2026-07-16T06:33:49Z	borg	e48592cc9baf	fib	-O3	214.1
2026-07-16T06:33:49Z	borg	e48592cc9baf	fib	fpc	164.1
2026-07-16T06:33:49Z	borg	e48592cc9baf	selfcompile	-O0	7383.0
2026-07-16T06:33:49Z	borg	e48592cc9baf	selfcompile	-O2	5124.1
2026-07-16T06:33:49Z	borg	e48592cc9baf	selfcompile	-O3	5374.7
2026-07-16T10:46:18Z	borg	0d9101dfbd17	mandelbrot	-O0	1416.6
2026-07-16T10:46:18Z	borg	0d9101dfbd17	mandelbrot	-O2	1367.0
2026-07-16T10:46:18Z	borg	0d9101dfbd17	mandelbrot	-O3	1116.6
2026-07-16T10:46:18Z	borg	0d9101dfbd17	mandelbrot-p	-O0	1416.2
2026-07-16T10:46:18Z	borg	0d9101dfbd17	mandelbrot-p	-O2	1366.2
2026-07-16T10:46:18Z	borg	0d9101dfbd17	mandelbrot-p	-O3	1166.5
2026-07-16T10:46:18Z	borg	0d9101dfbd17	mandelbrot-p	fpc	365.8
2026-07-16T10:46:18Z	borg	0d9101dfbd17	raytracer	-O0	11939.5
2026-07-16T10:46:18Z	borg	0d9101dfbd17	raytracer	-O2	6878.4
2026-07-16T10:46:18Z	borg	0d9101dfbd17	raytracer	-O3	6878.4
2026-07-16T10:46:18Z	borg	0d9101dfbd17	raytracer-p	-O0	364.7
2026-07-16T10:46:18Z	borg	0d9101dfbd17	raytracer-p	-O2	314.5
2026-07-16T10:46:18Z	borg	0d9101dfbd17	raytracer-p	-O3	314.5
2026-07-16T10:46:18Z	borg	0d9101dfbd17	raytracer-p	fpc	31.8
2026-07-16T10:46:18Z	borg	0d9101dfbd17	sieve	-O0	114.0
2026-07-16T10:46:18Z	borg	0d9101dfbd17	sieve	-O2	64.0
2026-07-16T10:46:18Z	borg	0d9101dfbd17	sieve	-O3	64.0
2026-07-16T10:46:18Z	borg	0d9101dfbd17	sieve	fpc	31.9
2026-07-16T10:46:18Z	borg	0d9101dfbd17	nbody	-O0	664.9
2026-07-16T10:46:18Z	borg	0d9101dfbd17	nbody	-O2	564.9
2026-07-16T10:46:18Z	borg	0d9101dfbd17	nbody	-O3	565.0
2026-07-16T10:46:18Z	borg	0d9101dfbd17	nbody	fpc	64.0
2026-07-16T10:46:18Z	borg	0d9101dfbd17	fib	-O0	265.5
2026-07-16T10:46:18Z	borg	0d9101dfbd17	fib	-O2	164.1
2026-07-16T10:46:18Z	borg	0d9101dfbd17	fib	-O3	164.2
2026-07-16T10:46:18Z	borg	0d9101dfbd17	fib	fpc	114.1
2026-07-16T10:46:18Z	borg	0d9101dfbd17	selfcompile	-O0	6627.6
2026-07-16T10:46:18Z	borg	0d9101dfbd17	selfcompile	-O2	4773.7
2026-07-16T10:46:18Z	borg	0d9101dfbd17	selfcompile	-O3	4774.9
2026-07-16T12:44:23Z	borg	dcf156cb6be5	mandelbrot	-O0	1416.9
2026-07-16T12:44:23Z	borg	dcf156cb6be5	mandelbrot	-O2	1416.7
2026-07-16T12:44:23Z	borg	dcf156cb6be5	mandelbrot	-O3	1166.0
2026-07-16T12:44:23Z	borg	dcf156cb6be5	mandelbrot-p	-O0	1416.6
2026-07-16T12:44:23Z	borg	dcf156cb6be5	mandelbrot-p	-O2	1418.4
2026-07-16T12:44:23Z	borg	dcf156cb6be5	mandelbrot-p	-O3	1166.1
2026-07-16T12:44:23Z	borg	dcf156cb6be5	mandelbrot-p	fpc	364.5
2026-07-16T12:44:23Z	borg	dcf156cb6be5	raytracer	-O0	12190.1
2026-07-16T12:44:23Z	borg	dcf156cb6be5	raytracer	-O2	7028.0
2026-07-16T12:44:23Z	borg	dcf156cb6be5	raytracer	-O3	7278.6
2026-07-16T12:44:23Z	borg	dcf156cb6be5	raytracer-p	-O0	364.6
2026-07-16T12:44:23Z	borg	dcf156cb6be5	raytracer-p	-O2	365.9
2026-07-16T12:44:23Z	borg	dcf156cb6be5	raytracer-p	-O3	314.4
2026-07-16T12:44:23Z	borg	dcf156cb6be5	raytracer-p	fpc	31.8
2026-07-16T12:44:23Z	borg	dcf156cb6be5	sieve	-O0	114.0
2026-07-16T12:44:23Z	borg	dcf156cb6be5	sieve	-O2	63.9
2026-07-16T12:44:23Z	borg	dcf156cb6be5	sieve	-O3	114.0
2026-07-16T12:44:23Z	borg	dcf156cb6be5	sieve	fpc	31.8
2026-07-16T12:44:23Z	borg	dcf156cb6be5	nbody	-O0	665.1
2026-07-16T12:44:23Z	borg	dcf156cb6be5	nbody	-O2	615.1
2026-07-16T12:44:23Z	borg	dcf156cb6be5	nbody	-O3	564.8
2026-07-16T12:44:23Z	borg	dcf156cb6be5	nbody	fpc	113.9
2026-07-16T12:44:23Z	borg	dcf156cb6be5	fib	-O0	264.4
2026-07-16T12:44:23Z	borg	dcf156cb6be5	fib	-O2	164.1
2026-07-16T12:44:23Z	borg	dcf156cb6be5	fib	-O3	164.1
2026-07-16T12:44:23Z	borg	dcf156cb6be5	fib	fpc	114.0
2026-07-16T12:44:23Z	borg	dcf156cb6be5	selfcompile	-O0	6728.1
2026-07-16T12:44:23Z	borg	dcf156cb6be5	selfcompile	-O2	5425.1
2026-07-16T12:44:23Z	borg	dcf156cb6be5	selfcompile	-O3	4974.5
2026-07-16T13:47:27Z	borg	74206639dec9	mandelbrot	-O0	1666.9
2026-07-16T13:47:27Z	borg	74206639dec9	mandelbrot	-O2	1667.0
2026-07-16T13:47:27Z	borg	74206639dec9	mandelbrot	-O3	1366.6
2026-07-16T13:47:27Z	borg	74206639dec9	mandelbrot-p	-O0	1666.7
2026-07-16T13:47:27Z	borg	74206639dec9	mandelbrot-p	-O2	1566.4
2026-07-16T13:47:27Z	borg	74206639dec9	mandelbrot-p	-O3	1366.5
2026-07-16T13:47:27Z	borg	74206639dec9	mandelbrot-p	fpc	414.7
2026-07-16T13:47:27Z	borg	74206639dec9	raytracer	-O0	14488.0
2026-07-16T13:47:27Z	borg	74206639dec9	raytracer	-O2	8277.4
2026-07-16T13:47:27Z	borg	74206639dec9	raytracer	-O3	8481.0
2026-07-16T13:47:27Z	borg	74206639dec9	raytracer-p	-O0	464.6
2026-07-16T13:47:27Z	borg	74206639dec9	raytracer-p	-O2	364.4
2026-07-16T13:47:27Z	borg	74206639dec9	raytracer-p	-O3	364.5
2026-07-16T13:47:27Z	borg	74206639dec9	raytracer-p	fpc	63.9
2026-07-16T13:47:27Z	borg	74206639dec9	sieve	-O0	113.9
2026-07-16T13:47:27Z	borg	74206639dec9	sieve	-O2	113.9
2026-07-16T13:47:27Z	borg	74206639dec9	sieve	-O3	114.0
2026-07-16T13:47:27Z	borg	74206639dec9	sieve	fpc	63.9
2026-07-16T13:47:27Z	borg	74206639dec9	nbody	-O0	765.0
2026-07-16T13:47:27Z	borg	74206639dec9	nbody	-O2	665.0
2026-07-16T13:47:27Z	borg	74206639dec9	nbody	-O3	614.8
2026-07-16T13:47:27Z	borg	74206639dec9	nbody	fpc	114.2
2026-07-16T13:47:27Z	borg	74206639dec9	fib	-O0	416.2
2026-07-16T13:47:27Z	borg	74206639dec9	fib	-O2	216.8
2026-07-16T13:47:27Z	borg	74206639dec9	fib	-O3	214.2
2026-07-16T13:47:27Z	borg	74206639dec9	fib	fpc	114.1
2026-07-16T13:47:27Z	borg	74206639dec9	selfcompile	-O0	8237.2
2026-07-16T13:47:27Z	borg	74206639dec9	selfcompile	-O2	6228.8
2026-07-16T13:47:27Z	borg	74206639dec9	selfcompile	-O3	5975.8
2026-07-16T14:17:14Z	borg	3bb5fa4db2b9	mandelbrot	-O0	1666.4
2026-07-16T14:17:14Z	borg	3bb5fa4db2b9	mandelbrot	-O2	1616.3
2026-07-16T14:17:14Z	borg	3bb5fa4db2b9	mandelbrot	-O3	1365.9
2026-07-16T14:17:14Z	borg	3bb5fa4db2b9	mandelbrot-p	-O0	1666.5
2026-07-16T14:17:14Z	borg	3bb5fa4db2b9	mandelbrot-p	-O2	1466.3
2026-07-16T14:17:14Z	borg	3bb5fa4db2b9	mandelbrot-p	-O3	1365.9
2026-07-16T14:17:14Z	borg	3bb5fa4db2b9	mandelbrot-p	fpc	414.6
2026-07-16T14:17:14Z	borg	3bb5fa4db2b9	raytracer	-O0	14437.4
2026-07-16T14:17:14Z	borg	3bb5fa4db2b9	raytracer	-O2	8377.2
2026-07-16T14:17:14Z	borg	3bb5fa4db2b9	raytracer	-O3	8428.9
2026-07-16T14:17:14Z	borg	3bb5fa4db2b9	raytracer-p	-O0	414.6
2026-07-16T14:17:14Z	borg	3bb5fa4db2b9	raytracer-p	-O2	414.5
2026-07-16T14:17:14Z	borg	3bb5fa4db2b9	raytracer-p	-O3	364.4
2026-07-16T14:17:14Z	borg	3bb5fa4db2b9	raytracer-p	fpc	63.8
2026-07-16T14:17:14Z	borg	3bb5fa4db2b9	sieve	-O0	114.1
2026-07-16T14:17:14Z	borg	3bb5fa4db2b9	sieve	-O2	113.8
2026-07-16T14:17:14Z	borg	3bb5fa4db2b9	sieve	-O3	113.9
2026-07-16T14:17:14Z	borg	3bb5fa4db2b9	sieve	fpc	63.8
2026-07-16T14:17:14Z	borg	3bb5fa4db2b9	nbody	-O0	815.2
2026-07-16T14:17:14Z	borg	3bb5fa4db2b9	nbody	-O2	664.9
2026-07-16T14:17:14Z	borg	3bb5fa4db2b9	nbody	-O3	614.8
2026-07-16T14:17:14Z	borg	3bb5fa4db2b9	nbody	fpc	113.9
2026-07-16T14:17:14Z	borg	3bb5fa4db2b9	fib	-O0	314.5
2026-07-16T14:17:14Z	borg	3bb5fa4db2b9	fib	-O2	214.1
2026-07-16T14:17:14Z	borg	3bb5fa4db2b9	fib	-O3	214.3
2026-07-16T14:17:14Z	borg	3bb5fa4db2b9	fib	fpc	114.1
2026-07-16T14:17:14Z	borg	3bb5fa4db2b9	selfcompile	-O0	7880.6
2026-07-16T14:17:14Z	borg	3bb5fa4db2b9	selfcompile	-O2	5876.5
2026-07-16T14:17:14Z	borg	3bb5fa4db2b9	selfcompile	-O3	5925.1
2026-07-16T14:53:10Z	borg	658ae7bf9fdd	mandelbrot	-O0	1666.8
2026-07-16T14:53:10Z	borg	658ae7bf9fdd	mandelbrot	-O2	1616.6
2026-07-16T14:53:10Z	borg	658ae7bf9fdd	mandelbrot	-O3	1215.6
2026-07-16T14:53:10Z	borg	658ae7bf9fdd	mandelbrot-p	-O0	1666.6
2026-07-16T14:53:10Z	borg	658ae7bf9fdd	mandelbrot-p	-O2	1616.7
2026-07-16T14:53:10Z	borg	658ae7bf9fdd	mandelbrot-p	-O3	1316.1
2026-07-16T14:53:10Z	borg	658ae7bf9fdd	mandelbrot-p	fpc	414.6
2026-07-16T14:53:10Z	borg	658ae7bf9fdd	raytracer	-O0	14742.7
2026-07-16T14:53:10Z	borg	658ae7bf9fdd	raytracer	-O2	8629.9
2026-07-16T14:53:10Z	borg	658ae7bf9fdd	raytracer	-O3	8580.0
2026-07-16T14:53:10Z	borg	658ae7bf9fdd	raytracer-p	-O0	466.6
2026-07-16T14:53:10Z	borg	658ae7bf9fdd	raytracer-p	-O2	414.6
2026-07-16T14:53:10Z	borg	658ae7bf9fdd	raytracer-p	-O3	364.5
2026-07-16T14:53:10Z	borg	658ae7bf9fdd	raytracer-p	fpc	63.9
2026-07-16T14:53:10Z	borg	658ae7bf9fdd	sieve	-O0	114.1
2026-07-16T14:53:10Z	borg	658ae7bf9fdd	sieve	-O2	114.0
2026-07-16T14:53:10Z	borg	658ae7bf9fdd	sieve	-O3	114.0
2026-07-16T14:53:10Z	borg	658ae7bf9fdd	sieve	fpc	63.8
2026-07-16T14:53:10Z	borg	658ae7bf9fdd	nbody	-O0	765.0
2026-07-16T14:53:10Z	borg	658ae7bf9fdd	nbody	-O2	665.1
2026-07-16T14:53:10Z	borg	658ae7bf9fdd	nbody	-O3	665.0
2026-07-16T14:53:10Z	borg	658ae7bf9fdd	nbody	fpc	113.9
2026-07-16T14:53:10Z	borg	658ae7bf9fdd	fib	-O0	314.4
2026-07-16T14:53:10Z	borg	658ae7bf9fdd	fib	-O2	214.2
2026-07-16T14:53:10Z	borg	658ae7bf9fdd	fib	-O3	214.2
2026-07-16T14:53:10Z	borg	658ae7bf9fdd	fib	fpc	113.9
2026-07-16T14:53:10Z	borg	658ae7bf9fdd	selfcompile	-O0	8132.3
2026-07-16T14:53:10Z	borg	658ae7bf9fdd	selfcompile	-O2	6027.8
2026-07-16T14:53:10Z	borg	658ae7bf9fdd	selfcompile	-O3	5982.8
2026-07-16T15:25:10Z	borg	f6a04cdfb545	mandelbrot	-O0	1768.7
2026-07-16T15:25:10Z	borg	f6a04cdfb545	mandelbrot	-O2	1719.1
2026-07-16T15:25:10Z	borg	f6a04cdfb545	mandelbrot	-O3	1466.8
2026-07-16T15:25:10Z	borg	f6a04cdfb545	mandelbrot-p	-O0	1717.6
2026-07-16T15:25:10Z	borg	f6a04cdfb545	mandelbrot-p	-O2	1668.5
2026-07-16T15:25:10Z	borg	f6a04cdfb545	mandelbrot-p	-O3	1417.0
2026-07-16T15:25:10Z	borg	f6a04cdfb545	mandelbrot-p	fpc	415.4
2026-07-16T15:25:10Z	borg	f6a04cdfb545	raytracer	-O0	16064.8
2026-07-16T15:25:10Z	borg	f6a04cdfb545	raytracer	-O2	8988.3
2026-07-16T15:25:10Z	borg	f6a04cdfb545	raytracer	-O3	8228.5
2026-07-16T15:25:10Z	borg	f6a04cdfb545	raytracer-p	-O0	414.5
2026-07-16T15:25:10Z	borg	f6a04cdfb545	raytracer-p	-O2	364.3
2026-07-16T15:25:10Z	borg	f6a04cdfb545	raytracer-p	-O3	364.3
2026-07-16T15:25:10Z	borg	f6a04cdfb545	raytracer-p	fpc	63.7
2026-07-16T15:25:10Z	borg	f6a04cdfb545	sieve	-O0	114.1
2026-07-16T15:25:10Z	borg	f6a04cdfb545	sieve	-O2	114.2
2026-07-16T15:25:10Z	borg	f6a04cdfb545	sieve	-O3	113.9
2026-07-16T15:25:10Z	borg	f6a04cdfb545	sieve	fpc	63.8
2026-07-16T15:25:10Z	borg	f6a04cdfb545	nbody	-O0	765.0
2026-07-16T15:25:10Z	borg	f6a04cdfb545	nbody	-O2	664.9
2026-07-16T15:25:10Z	borg	f6a04cdfb545	nbody	-O3	614.7
2026-07-16T15:25:10Z	borg	f6a04cdfb545	nbody	fpc	113.9
2026-07-16T15:25:10Z	borg	f6a04cdfb545	fib	-O0	264.0
2026-07-16T15:25:10Z	borg	f6a04cdfb545	fib	-O2	214.0
2026-07-16T15:25:10Z	borg	f6a04cdfb545	fib	-O3	214.1
2026-07-16T15:25:10Z	borg	f6a04cdfb545	fib	fpc	113.9
2026-07-16T15:25:10Z	borg	f6a04cdfb545	selfcompile	-O0	7577.6
2026-07-16T15:25:10Z	borg	f6a04cdfb545	selfcompile	-O2	5924.8
2026-07-16T15:25:10Z	borg	f6a04cdfb545	selfcompile	-O3	5877.5
2026-07-16T15:51:44Z	borg	34b608323a3c	mandelbrot	-O0	1768.0
2026-07-16T15:51:44Z	borg	34b608323a3c	mandelbrot	-O2	1718.6
2026-07-16T15:51:44Z	borg	34b608323a3c	mandelbrot	-O3	1418.8
2026-07-16T15:51:44Z	borg	34b608323a3c	mandelbrot-p	-O0	1718.5
2026-07-16T15:51:44Z	borg	34b608323a3c	mandelbrot-p	-O2	1666.8
2026-07-16T15:51:44Z	borg	34b608323a3c	mandelbrot-p	-O3	1418.1
2026-07-16T15:51:44Z	borg	34b608323a3c	mandelbrot-p	fpc	515.2
2026-07-16T15:51:44Z	borg	34b608323a3c	raytracer	-O0	16057.1
2026-07-16T15:51:44Z	borg	34b608323a3c	raytracer	-O2	9553.0
2026-07-16T15:51:44Z	borg	34b608323a3c	raytracer	-O3	9551.4
2026-07-16T15:51:44Z	borg	34b608323a3c	raytracer-p	-O0	416.0
2026-07-16T15:51:44Z	borg	34b608323a3c	raytracer-p	-O2	414.7
2026-07-16T15:51:44Z	borg	34b608323a3c	raytracer-p	-O3	367.5
2026-07-16T15:51:44Z	borg	34b608323a3c	raytracer-p	fpc	63.9
2026-07-16T15:51:44Z	borg	34b608323a3c	sieve	-O0	114.5
2026-07-16T15:51:44Z	borg	34b608323a3c	sieve	-O2	114.2
2026-07-16T15:51:44Z	borg	34b608323a3c	sieve	-O3	114.0
2026-07-16T15:51:44Z	borg	34b608323a3c	sieve	fpc	63.9
2026-07-16T15:51:44Z	borg	34b608323a3c	nbody	-O0	817.1
2026-07-16T15:51:44Z	borg	34b608323a3c	nbody	-O2	816.7
2026-07-16T15:51:44Z	borg	34b608323a3c	nbody	-O3	664.9
2026-07-16T15:51:44Z	borg	34b608323a3c	nbody	fpc	114.2
2026-07-16T15:51:44Z	borg	34b608323a3c	fib	-O0	314.5
2026-07-16T15:51:44Z	borg	34b608323a3c	fib	-O2	216.1
2026-07-16T15:51:44Z	borg	34b608323a3c	fib	-O3	214.2
2026-07-16T15:51:44Z	borg	34b608323a3c	fib	fpc	164.2
2026-07-16T15:51:44Z	borg	34b608323a3c	selfcompile	-O0	8857.6
2026-07-16T15:51:44Z	borg	34b608323a3c	selfcompile	-O2	6501.9
2026-07-16T15:51:44Z	borg	34b608323a3c	selfcompile	-O3	7304.6
2026-07-16T16:25:22Z	borg	5df694cf966e	mandelbrot	-O0	1666.8
2026-07-16T16:25:22Z	borg	5df694cf966e	mandelbrot	-O2	1667.0
2026-07-16T16:25:22Z	borg	5df694cf966e	mandelbrot	-O3	1267.8
2026-07-16T16:25:22Z	borg	5df694cf966e	mandelbrot-p	-O0	1666.7
2026-07-16T16:25:22Z	borg	5df694cf966e	mandelbrot-p	-O2	1667.0
2026-07-16T16:25:22Z	borg	5df694cf966e	mandelbrot-p	-O3	1366.8
2026-07-16T16:25:22Z	borg	5df694cf966e	mandelbrot-p	fpc	414.5
2026-07-16T16:25:22Z	borg	5df694cf966e	raytracer	-O0	15202.5
2026-07-16T16:25:22Z	borg	5df694cf966e	raytracer	-O2	8532.0
2026-07-16T16:25:22Z	borg	5df694cf966e	raytracer	-O3	8740.0
2026-07-16T16:25:22Z	borg	5df694cf966e	raytracer-p	-O0	414.8
2026-07-16T16:25:22Z	borg	5df694cf966e	raytracer-p	-O2	414.7
2026-07-16T16:25:22Z	borg	5df694cf966e	raytracer-p	-O3	364.5
2026-07-16T16:25:22Z	borg	5df694cf966e	raytracer-p	fpc	63.9
2026-07-16T16:25:22Z	borg	5df694cf966e	sieve	-O0	114.0
2026-07-16T16:25:22Z	borg	5df694cf966e	sieve	-O2	114.0
2026-07-16T16:25:22Z	borg	5df694cf966e	sieve	-O3	114.3
2026-07-16T16:25:22Z	borg	5df694cf966e	sieve	fpc	63.9
2026-07-16T16:25:22Z	borg	5df694cf966e	nbody	-O0	765.7
2026-07-16T16:25:22Z	borg	5df694cf966e	nbody	-O2	715.3
2026-07-16T16:25:22Z	borg	5df694cf966e	nbody	-O3	665.4
2026-07-16T16:25:22Z	borg	5df694cf966e	nbody	fpc	116.8
2026-07-16T16:25:22Z	borg	5df694cf966e	fib	-O0	314.4
2026-07-16T16:25:22Z	borg	5df694cf966e	fib	-O2	214.3
2026-07-16T16:25:22Z	borg	5df694cf966e	fib	-O3	214.5
2026-07-16T16:25:22Z	borg	5df694cf966e	fib	fpc	114.0
2026-07-16T16:25:22Z	borg	5df694cf966e	selfcompile	-O0	8187.6
2026-07-16T16:25:22Z	borg	5df694cf966e	selfcompile	-O2	6330.8
2026-07-16T16:25:22Z	borg	5df694cf966e	selfcompile	-O3	6943.1
2026-07-16T18:02:52Z	borg	fb9346bd4bce	mandelbrot	-O0	1717.9
2026-07-16T18:02:52Z	borg	fb9346bd4bce	mandelbrot	-O2	1718.2
2026-07-16T18:02:52Z	borg	fb9346bd4bce	mandelbrot	-O3	1418.3
2026-07-16T18:02:52Z	borg	fb9346bd4bce	mandelbrot-p	-O0	1719.4
2026-07-16T18:02:52Z	borg	fb9346bd4bce	mandelbrot-p	-O2	1669.1
2026-07-16T18:02:52Z	borg	fb9346bd4bce	mandelbrot-p	-O3	1367.5
2026-07-16T18:02:52Z	borg	fb9346bd4bce	mandelbrot-p	fpc	414.5
2026-07-16T18:02:52Z	borg	fb9346bd4bce	raytracer	-O0	15616.5
2026-07-16T18:02:52Z	borg	fb9346bd4bce	raytracer	-O2	8739.3
2026-07-16T18:02:52Z	borg	fb9346bd4bce	raytracer	-O3	9242.2
2026-07-16T18:02:52Z	borg	fb9346bd4bce	raytracer-p	-O0	414.6
2026-07-16T18:02:52Z	borg	fb9346bd4bce	raytracer-p	-O2	414.7
2026-07-16T18:02:52Z	borg	fb9346bd4bce	raytracer-p	-O3	417.3
2026-07-16T18:02:52Z	borg	fb9346bd4bce	raytracer-p	fpc	64.0
2026-07-16T18:02:52Z	borg	fb9346bd4bce	sieve	-O0	113.9
2026-07-16T18:02:52Z	borg	fb9346bd4bce	sieve	-O2	114.0
2026-07-16T18:02:52Z	borg	fb9346bd4bce	sieve	-O3	114.0
2026-07-16T18:02:52Z	borg	fb9346bd4bce	sieve	fpc	63.9
2026-07-16T18:02:52Z	borg	fb9346bd4bce	nbody	-O0	765.3
2026-07-16T18:02:52Z	borg	fb9346bd4bce	nbody	-O2	715.1
2026-07-16T18:02:52Z	borg	fb9346bd4bce	nbody	-O3	665.2
2026-07-16T18:02:52Z	borg	fb9346bd4bce	nbody	fpc	114.1
2026-07-16T18:02:52Z	borg	fb9346bd4bce	fib	-O0	314.5
2026-07-16T18:02:52Z	borg	fb9346bd4bce	fib	-O2	214.2
2026-07-16T18:02:52Z	borg	fb9346bd4bce	fib	-O3	214.2
2026-07-16T18:02:52Z	borg	fb9346bd4bce	fib	fpc	164.1
2026-07-16T18:02:52Z	borg	fb9346bd4bce	selfcompile	-O0	9192.3
2026-07-16T18:02:52Z	borg	fb9346bd4bce	selfcompile	-O2	6842.4
2026-07-16T18:02:52Z	borg	fb9346bd4bce	selfcompile	-O3	6792.1
2026-07-16T21:00:09Z	borg	ee96c9f2c4fa	mandelbrot	-O0	1666.6
2026-07-16T21:00:09Z	borg	ee96c9f2c4fa	mandelbrot	-O2	1566.0
2026-07-16T21:00:09Z	borg	ee96c9f2c4fa	mandelbrot	-O3	1265.5
2026-07-16T21:00:09Z	borg	ee96c9f2c4fa	mandelbrot-p	-O0	1466.0
2026-07-16T21:00:09Z	borg	ee96c9f2c4fa	mandelbrot-p	-O2	1616.6
2026-07-16T21:00:09Z	borg	ee96c9f2c4fa	mandelbrot-p	-O3	1316.0
2026-07-16T21:00:09Z	borg	ee96c9f2c4fa	mandelbrot-p	fpc	414.6
2026-07-16T21:00:09Z	borg	ee96c9f2c4fa	raytracer	-O0	14186.2
2026-07-16T21:00:09Z	borg	ee96c9f2c4fa	raytracer	-O2	8277.2
2026-07-16T21:00:09Z	borg	ee96c9f2c4fa	raytracer	-O3	8226.8
2026-07-16T21:00:09Z	borg	ee96c9f2c4fa	raytracer-p	-O0	414.5
2026-07-16T21:00:09Z	borg	ee96c9f2c4fa	raytracer-p	-O2	364.4
2026-07-16T21:00:09Z	borg	ee96c9f2c4fa	raytracer-p	-O3	364.3
2026-07-16T21:00:09Z	borg	ee96c9f2c4fa	raytracer-p	fpc	63.8
2026-07-16T21:00:09Z	borg	ee96c9f2c4fa	sieve	-O0	113.8
2026-07-16T21:00:09Z	borg	ee96c9f2c4fa	sieve	-O2	113.9
2026-07-16T21:00:09Z	borg	ee96c9f2c4fa	sieve	-O3	114.1
2026-07-16T21:00:09Z	borg	ee96c9f2c4fa	sieve	fpc	63.8
2026-07-16T21:00:09Z	borg	ee96c9f2c4fa	nbody	-O0	714.7
2026-07-16T21:00:09Z	borg	ee96c9f2c4fa	nbody	-O2	664.8
2026-07-16T21:00:09Z	borg	ee96c9f2c4fa	nbody	-O3	614.6
2026-07-16T21:00:09Z	borg	ee96c9f2c4fa	nbody	fpc	113.9
2026-07-16T21:00:09Z	borg	ee96c9f2c4fa	fib	-O0	264.2
2026-07-16T21:00:09Z	borg	ee96c9f2c4fa	fib	-O2	214.2
2026-07-16T21:00:09Z	borg	ee96c9f2c4fa	fib	-O3	214.2
2026-07-16T21:00:09Z	borg	ee96c9f2c4fa	fib	fpc	114.0
2026-07-16T21:00:09Z	borg	ee96c9f2c4fa	selfcompile	-O0	7478.0
2026-07-16T21:00:09Z	borg	ee96c9f2c4fa	selfcompile	-O2	5724.3
2026-07-16T21:00:09Z	borg	ee96c9f2c4fa	selfcompile	-O3	5824.2
2026-07-17T02:53:02Z	borg	35f1cdd439f6	mandelbrot	-O0	1465.8
2026-07-17T02:53:02Z	borg	35f1cdd439f6	mandelbrot	-O2	1616.3
2026-07-17T02:53:02Z	borg	35f1cdd439f6	mandelbrot	-O3	1165.7
2026-07-17T02:53:02Z	borg	35f1cdd439f6	mandelbrot-p	-O0	1566.2
2026-07-17T02:53:02Z	borg	35f1cdd439f6	mandelbrot-p	-O2	1616.6
2026-07-17T02:53:02Z	borg	35f1cdd439f6	mandelbrot-p	-O3	1315.8
2026-07-17T02:53:02Z	borg	35f1cdd439f6	mandelbrot-p	fpc	414.4
2026-07-17T02:53:02Z	borg	35f1cdd439f6	raytracer	-O0	14286.7
2026-07-17T02:53:02Z	borg	35f1cdd439f6	raytracer	-O2	8276.6
2026-07-17T02:53:02Z	borg	35f1cdd439f6	raytracer	-O3	8226.5
2026-07-17T02:53:02Z	borg	35f1cdd439f6	raytracer-p	-O0	414.5
2026-07-17T02:53:02Z	borg	35f1cdd439f6	raytracer-p	-O2	364.3
2026-07-17T02:53:02Z	borg	35f1cdd439f6	raytracer-p	-O3	364.2
2026-07-17T02:53:02Z	borg	35f1cdd439f6	raytracer-p	fpc	63.8
2026-07-17T02:53:02Z	borg	35f1cdd439f6	sieve	-O0	113.7
2026-07-17T02:53:02Z	borg	35f1cdd439f6	sieve	-O2	113.8
2026-07-17T02:53:02Z	borg	35f1cdd439f6	sieve	-O3	113.8
2026-07-17T02:53:02Z	borg	35f1cdd439f6	sieve	fpc	63.8
2026-07-17T02:53:02Z	borg	35f1cdd439f6	nbody	-O0	715.0
2026-07-17T02:53:02Z	borg	35f1cdd439f6	nbody	-O2	664.9
2026-07-17T02:53:02Z	borg	35f1cdd439f6	nbody	-O3	614.8
2026-07-17T02:53:02Z	borg	35f1cdd439f6	nbody	fpc	113.9
2026-07-17T02:53:02Z	borg	35f1cdd439f6	fib	-O0	264.0
2026-07-17T02:53:02Z	borg	35f1cdd439f6	fib	-O2	214.1
2026-07-17T02:53:02Z	borg	35f1cdd439f6	fib	-O3	214.0
2026-07-17T02:53:02Z	borg	35f1cdd439f6	fib	fpc	113.8
2026-07-17T02:53:02Z	borg	35f1cdd439f6	selfcompile	-O0	7627.5
2026-07-17T02:53:02Z	borg	35f1cdd439f6	selfcompile	-O2	5774.7
2026-07-17T02:53:02Z	borg	35f1cdd439f6	selfcompile	-O3	5824.2
2026-07-17T06:29:37Z	borg	c8a532661264	mandelbrot	-O0	1767.4
2026-07-17T06:29:37Z	borg	c8a532661264	mandelbrot	-O2	1921.2
2026-07-17T06:29:37Z	borg	c8a532661264	mandelbrot	-O3	1419.9
2026-07-17T06:29:37Z	borg	c8a532661264	mandelbrot-p	-O0	1721.6
2026-07-17T06:29:37Z	borg	c8a532661264	mandelbrot-p	-O2	1768.3
2026-07-17T06:29:37Z	borg	c8a532661264	mandelbrot-p	-O3	1471.8
2026-07-17T06:29:37Z	borg	c8a532661264	mandelbrot-p	fpc	417.4
2026-07-17T06:29:37Z	borg	c8a532661264	raytracer	-O0	18979.2
2026-07-17T06:29:37Z	borg	c8a532661264	raytracer	-O2	9041.6
2026-07-17T06:29:37Z	borg	c8a532661264	raytracer	-O3	9754.0
2026-07-17T06:29:37Z	borg	c8a532661264	raytracer-p	-O0	414.7
2026-07-17T06:29:37Z	borg	c8a532661264	raytracer-p	-O2	515.8
2026-07-17T06:29:37Z	borg	c8a532661264	raytracer-p	-O3	415.3
2026-07-17T06:29:37Z	borg	c8a532661264	raytracer-p	fpc	63.9
2026-07-17T06:29:37Z	borg	c8a532661264	sieve	-O0	113.9
2026-07-17T06:29:37Z	borg	c8a532661264	sieve	-O2	114.1
2026-07-17T06:29:37Z	borg	c8a532661264	sieve	-O3	114.1
2026-07-17T06:29:37Z	borg	c8a532661264	sieve	fpc	63.9
2026-07-17T06:29:37Z	borg	c8a532661264	nbody	-O0	819.2
2026-07-17T06:29:37Z	borg	c8a532661264	nbody	-O2	715.4
2026-07-17T06:29:37Z	borg	c8a532661264	nbody	-O3	671.7
2026-07-17T06:29:37Z	borg	c8a532661264	nbody	fpc	164.5
2026-07-17T06:29:37Z	borg	c8a532661264	fib	-O0	315.2
2026-07-17T06:29:37Z	borg	c8a532661264	fib	-O2	214.3
2026-07-17T06:29:37Z	borg	c8a532661264	fib	-O3	214.2
2026-07-17T06:29:37Z	borg	c8a532661264	fib	fpc	164.3
2026-07-17T06:29:37Z	borg	c8a532661264	selfcompile	-O0	9193.7
2026-07-17T06:29:37Z	borg	c8a532661264	selfcompile	-O2	7004.4
2026-07-17T06:29:37Z	borg	c8a532661264	selfcompile	-O3	7300.4
2026-07-17T07:17:23Z	borg	af690ffed186	mandelbrot	-O0	1874.1
2026-07-17T07:17:23Z	borg	af690ffed186	mandelbrot	-O2	1717.3
2026-07-17T07:17:23Z	borg	af690ffed186	mandelbrot	-O3	1416.3
2026-07-17T07:17:23Z	borg	af690ffed186	mandelbrot-p	-O0	1618.2
2026-07-17T07:17:23Z	borg	af690ffed186	mandelbrot-p	-O2	1670.3
2026-07-17T07:17:23Z	borg	af690ffed186	mandelbrot-p	-O3	1416.7
2026-07-17T07:17:23Z	borg	af690ffed186	mandelbrot-p	fpc	414.6
2026-07-17T07:17:23Z	borg	af690ffed186	raytracer	-O0	15262.4
2026-07-17T07:17:23Z	borg	af690ffed186	raytracer	-O2	8794.6
2026-07-17T07:17:23Z	borg	af690ffed186	raytracer	-O3	9137.6
2026-07-17T07:17:23Z	borg	af690ffed186	raytracer-p	-O0	414.8
2026-07-17T07:17:23Z	borg	af690ffed186	raytracer-p	-O2	414.5
2026-07-17T07:17:23Z	borg	af690ffed186	raytracer-p	-O3	364.6
2026-07-17T07:17:23Z	borg	af690ffed186	raytracer-p	fpc	63.8
2026-07-17T07:17:23Z	borg	af690ffed186	sieve	-O0	114.3
2026-07-17T07:17:23Z	borg	af690ffed186	sieve	-O2	114.1
2026-07-17T07:17:23Z	borg	af690ffed186	sieve	-O3	114.0
2026-07-17T07:17:23Z	borg	af690ffed186	sieve	fpc	63.9
2026-07-17T07:17:23Z	borg	af690ffed186	nbody	-O0	765.3
2026-07-17T07:17:23Z	borg	af690ffed186	nbody	-O2	715.2
2026-07-17T07:17:23Z	borg	af690ffed186	nbody	-O3	665.2
2026-07-17T07:17:23Z	borg	af690ffed186	nbody	fpc	114.0
2026-07-17T07:17:23Z	borg	af690ffed186	fib	-O0	314.5
2026-07-17T07:17:23Z	borg	af690ffed186	fib	-O2	214.1
2026-07-17T07:17:23Z	borg	af690ffed186	fib	-O3	264.6
2026-07-17T07:17:23Z	borg	af690ffed186	fib	fpc	164.1
2026-07-17T07:17:23Z	borg	af690ffed186	selfcompile	-O0	8234.0
2026-07-17T07:17:23Z	borg	af690ffed186	selfcompile	-O2	6483.1
2026-07-17T07:17:23Z	borg	af690ffed186	selfcompile	-O3	6282.8
2026-07-17T07:50:51Z	borg	609c8a6c4da6	mandelbrot	-O0	1769.2
2026-07-17T07:50:51Z	borg	609c8a6c4da6	mandelbrot	-O2	1717.0
2026-07-17T07:50:51Z	borg	609c8a6c4da6	mandelbrot	-O3	1368.7
2026-07-17T07:50:51Z	borg	609c8a6c4da6	mandelbrot-p	-O0	1717.5
2026-07-17T07:50:51Z	borg	609c8a6c4da6	mandelbrot-p	-O2	1668.1
2026-07-17T07:50:51Z	borg	609c8a6c4da6	mandelbrot-p	-O3	1416.7
2026-07-17T07:50:51Z	borg	609c8a6c4da6	mandelbrot-p	fpc	418.0
2026-07-17T07:50:51Z	borg	609c8a6c4da6	raytracer	-O0	14389.7
2026-07-17T07:50:51Z	borg	609c8a6c4da6	raytracer	-O2	8841.5
2026-07-17T07:50:51Z	borg	609c8a6c4da6	raytracer	-O3	9088.7
2026-07-17T07:50:51Z	borg	609c8a6c4da6	raytracer-p	-O0	414.6
2026-07-17T07:50:51Z	borg	609c8a6c4da6	raytracer-p	-O2	466.5
2026-07-17T07:50:51Z	borg	609c8a6c4da6	raytracer-p	-O3	364.5
2026-07-17T07:50:51Z	borg	609c8a6c4da6	raytracer-p	fpc	64.0
2026-07-17T07:50:51Z	borg	609c8a6c4da6	sieve	-O0	114.0
2026-07-17T07:50:51Z	borg	609c8a6c4da6	sieve	-O2	114.0
2026-07-17T07:50:51Z	borg	609c8a6c4da6	sieve	-O3	114.1
2026-07-17T07:50:51Z	borg	609c8a6c4da6	sieve	fpc	63.9
2026-07-17T07:50:51Z	borg	609c8a6c4da6	nbody	-O0	765.3
2026-07-17T07:50:51Z	borg	609c8a6c4da6	nbody	-O2	775.4
2026-07-17T07:50:51Z	borg	609c8a6c4da6	nbody	-O3	715.5
2026-07-17T07:50:51Z	borg	609c8a6c4da6	nbody	fpc	113.9
2026-07-17T07:50:51Z	borg	609c8a6c4da6	fib	-O0	317.0
2026-07-17T07:50:51Z	borg	609c8a6c4da6	fib	-O2	214.2
2026-07-17T07:50:51Z	borg	609c8a6c4da6	fib	-O3	269.1
2026-07-17T07:50:51Z	borg	609c8a6c4da6	fib	fpc	166.2
2026-07-17T07:50:51Z	borg	609c8a6c4da6	selfcompile	-O0	8646.1
2026-07-17T07:50:51Z	borg	609c8a6c4da6	selfcompile	-O2	6381.5
2026-07-17T07:50:51Z	borg	609c8a6c4da6	selfcompile	-O3	6752.6
2026-07-17T08:15:17Z	borg	fa9c1e8239bf	mandelbrot	-O0	1716.7
2026-07-17T08:15:17Z	borg	fa9c1e8239bf	mandelbrot	-O2	1666.6
2026-07-17T08:15:17Z	borg	fa9c1e8239bf	mandelbrot	-O3	1316.0
2026-07-17T08:15:17Z	borg	fa9c1e8239bf	mandelbrot-p	-O0	1566.8
2026-07-17T08:15:17Z	borg	fa9c1e8239bf	mandelbrot-p	-O2	1667.2
2026-07-17T08:15:17Z	borg	fa9c1e8239bf	mandelbrot-p	-O3	1216.0
2026-07-17T08:15:17Z	borg	fa9c1e8239bf	mandelbrot-p	fpc	515.1
2026-07-17T08:15:17Z	borg	fa9c1e8239bf	raytracer	-O0	14644.9
2026-07-17T08:15:17Z	borg	fa9c1e8239bf	raytracer	-O2	8786.0
2026-07-17T08:15:17Z	borg	fa9c1e8239bf	raytracer	-O3	8580.2
2026-07-17T08:15:17Z	borg	fa9c1e8239bf	raytracer-p	-O0	464.6
2026-07-17T08:15:17Z	borg	fa9c1e8239bf	raytracer-p	-O2	364.3
2026-07-17T08:15:17Z	borg	fa9c1e8239bf	raytracer-p	-O3	364.2
2026-07-17T08:15:17Z	borg	fa9c1e8239bf	raytracer-p	fpc	63.7
2026-07-17T08:15:17Z	borg	fa9c1e8239bf	sieve	-O0	113.9
2026-07-17T08:15:17Z	borg	fa9c1e8239bf	sieve	-O2	114.0
2026-07-17T08:15:17Z	borg	fa9c1e8239bf	sieve	-O3	114.0
2026-07-17T08:15:17Z	borg	fa9c1e8239bf	sieve	fpc	63.9
2026-07-17T08:15:17Z	borg	fa9c1e8239bf	nbody	-O0	765.1
2026-07-17T08:15:17Z	borg	fa9c1e8239bf	nbody	-O2	715.0
2026-07-17T08:15:17Z	borg	fa9c1e8239bf	nbody	-O3	665.0
2026-07-17T08:15:17Z	borg	fa9c1e8239bf	nbody	fpc	114.0
2026-07-17T08:15:17Z	borg	fa9c1e8239bf	fib	-O0	314.4
2026-07-17T08:15:17Z	borg	fa9c1e8239bf	fib	-O2	214.2
2026-07-17T08:15:17Z	borg	fa9c1e8239bf	fib	-O3	214.1
2026-07-17T08:15:17Z	borg	fa9c1e8239bf	fib	fpc	114.2
2026-07-17T08:15:17Z	borg	fa9c1e8239bf	selfcompile	-O0	8179.6
2026-07-17T08:15:17Z	borg	fa9c1e8239bf	selfcompile	-O2	6025.3
2026-07-17T08:15:17Z	borg	fa9c1e8239bf	selfcompile	-O3	6078.8
2026-07-17T08:37:54Z	borg	840c561549b6	mandelbrot	-O0	1516.3
2026-07-17T08:37:54Z	borg	840c561549b6	mandelbrot	-O2	1667.5
2026-07-17T08:37:54Z	borg	840c561549b6	mandelbrot	-O3	1366.2
2026-07-17T08:37:54Z	borg	840c561549b6	mandelbrot-p	-O0	1570.8
2026-07-17T08:37:54Z	borg	840c561549b6	mandelbrot-p	-O2	1667.0
2026-07-17T08:37:54Z	borg	840c561549b6	mandelbrot-p	-O3	1317.1
2026-07-17T08:37:54Z	borg	840c561549b6	mandelbrot-p	fpc	414.6
2026-07-17T08:37:54Z	borg	840c561549b6	raytracer	-O0	14589.1
2026-07-17T08:37:54Z	borg	840c561549b6	raytracer	-O2	8428.2
2026-07-17T08:37:54Z	borg	840c561549b6	raytracer	-O3	8632.9
2026-07-17T08:37:54Z	borg	840c561549b6	raytracer-p	-O0	414.6
2026-07-17T08:37:54Z	borg	840c561549b6	raytracer-p	-O2	364.5
2026-07-17T08:37:54Z	borg	840c561549b6	raytracer-p	-O3	364.6
2026-07-17T08:37:54Z	borg	840c561549b6	raytracer-p	fpc	63.9
2026-07-17T08:37:54Z	borg	840c561549b6	sieve	-O0	113.8
2026-07-17T08:37:54Z	borg	840c561549b6	sieve	-O2	114.0
2026-07-17T08:37:54Z	borg	840c561549b6	sieve	-O3	114.2
2026-07-17T08:37:54Z	borg	840c561549b6	sieve	fpc	63.9
2026-07-17T08:37:54Z	borg	840c561549b6	nbody	-O0	765.4
2026-07-17T08:37:54Z	borg	840c561549b6	nbody	-O2	664.9
2026-07-17T08:37:54Z	borg	840c561549b6	nbody	-O3	615.0
2026-07-17T08:37:54Z	borg	840c561549b6	nbody	fpc	113.9
2026-07-17T08:37:54Z	borg	840c561549b6	fib	-O0	314.5
2026-07-17T08:37:54Z	borg	840c561549b6	fib	-O2	214.1
2026-07-17T08:37:54Z	borg	840c561549b6	fib	-O3	214.3
2026-07-17T08:37:54Z	borg	840c561549b6	fib	fpc	113.9
2026-07-17T08:37:54Z	borg	840c561549b6	selfcompile	-O0	7829.9
2026-07-17T08:37:54Z	borg	840c561549b6	selfcompile	-O2	5925.0
2026-07-17T08:37:54Z	borg	840c561549b6	selfcompile	-O3	5824.5
2026-07-17T09:42:22Z	borg	452ac1d2bb86	mandelbrot	-O0	1872.9
2026-07-17T09:42:22Z	borg	452ac1d2bb86	mandelbrot	-O2	1721.3
2026-07-17T09:42:22Z	borg	452ac1d2bb86	mandelbrot	-O3	1528.0
2026-07-17T09:42:22Z	borg	452ac1d2bb86	mandelbrot-p	-O0	1768.7
2026-07-17T09:42:22Z	borg	452ac1d2bb86	mandelbrot-p	-O2	1618.7
2026-07-17T09:42:22Z	borg	452ac1d2bb86	mandelbrot-p	-O3	1366.3
2026-07-17T09:42:22Z	borg	452ac1d2bb86	mandelbrot-p	fpc	414.7
2026-07-17T09:42:22Z	borg	452ac1d2bb86	raytracer	-O0	15353.4
2026-07-17T09:42:22Z	borg	452ac1d2bb86	raytracer	-O2	8684.8
2026-07-17T09:42:22Z	borg	452ac1d2bb86	raytracer	-O3	8733.1
2026-07-17T09:42:22Z	borg	452ac1d2bb86	raytracer-p	-O0	416.1
2026-07-17T09:42:22Z	borg	452ac1d2bb86	raytracer-p	-O2	414.5
2026-07-17T09:42:22Z	borg	452ac1d2bb86	raytracer-p	-O3	314.3
2026-07-17T09:42:22Z	borg	452ac1d2bb86	raytracer-p	fpc	64.0
2026-07-17T09:42:22Z	borg	452ac1d2bb86	sieve	-O0	114.0
2026-07-17T09:42:22Z	borg	452ac1d2bb86	sieve	-O2	114.0
2026-07-17T09:42:22Z	borg	452ac1d2bb86	sieve	-O3	114.0
2026-07-17T09:42:22Z	borg	452ac1d2bb86	sieve	fpc	64.0
2026-07-17T09:42:22Z	borg	452ac1d2bb86	nbody	-O0	767.0
2026-07-17T09:42:22Z	borg	452ac1d2bb86	nbody	-O2	715.2
2026-07-17T09:42:22Z	borg	452ac1d2bb86	nbody	-O3	565.4
2026-07-17T09:42:22Z	borg	452ac1d2bb86	nbody	fpc	113.8
2026-07-17T09:42:22Z	borg	452ac1d2bb86	fib	-O0	314.5
2026-07-17T09:42:22Z	borg	452ac1d2bb86	fib	-O2	265.9
2026-07-17T09:42:22Z	borg	452ac1d2bb86	fib	-O3	214.2
2026-07-17T09:42:22Z	borg	452ac1d2bb86	fib	fpc	164.0
2026-07-17T09:42:22Z	borg	452ac1d2bb86	selfcompile	-O0	8182.7
2026-07-17T09:42:22Z	borg	452ac1d2bb86	selfcompile	-O2	6126.4
2026-07-17T09:42:22Z	borg	452ac1d2bb86	selfcompile	-O3	6128.1
2026-07-17T10:05:31Z	borg	a841ce6cbc07	mandelbrot	-O0	1769.6
2026-07-17T10:05:31Z	borg	a841ce6cbc07	mandelbrot	-O2	1720.2
2026-07-17T10:05:31Z	borg	a841ce6cbc07	mandelbrot	-O3	1367.4
2026-07-17T10:05:31Z	borg	a841ce6cbc07	mandelbrot-p	-O0	1623.6
2026-07-17T10:05:31Z	borg	a841ce6cbc07	mandelbrot-p	-O2	1619.1
2026-07-17T10:05:31Z	borg	a841ce6cbc07	mandelbrot-p	-O3	1417.1
2026-07-17T10:05:31Z	borg	a841ce6cbc07	mandelbrot-p	fpc	414.5
2026-07-17T10:05:31Z	borg	a841ce6cbc07	raytracer	-O0	15507.3
2026-07-17T10:05:31Z	borg	a841ce6cbc07	raytracer	-O2	8841.5
2026-07-17T10:05:31Z	borg	a841ce6cbc07	raytracer	-O3	8950.4
2026-07-17T10:05:31Z	borg	a841ce6cbc07	raytracer-p	-O0	414.8
2026-07-17T10:05:31Z	borg	a841ce6cbc07	raytracer-p	-O2	414.7
2026-07-17T10:05:31Z	borg	a841ce6cbc07	raytracer-p	-O3	364.5
2026-07-17T10:05:31Z	borg	a841ce6cbc07	raytracer-p	fpc	63.9
2026-07-17T10:05:31Z	borg	a841ce6cbc07	sieve	-O0	113.9
2026-07-17T10:05:31Z	borg	a841ce6cbc07	sieve	-O2	114.0
2026-07-17T10:05:31Z	borg	a841ce6cbc07	sieve	-O3	114.0
2026-07-17T10:05:31Z	borg	a841ce6cbc07	sieve	fpc	63.9
2026-07-17T10:05:31Z	borg	a841ce6cbc07	nbody	-O0	765.3
2026-07-17T10:05:31Z	borg	a841ce6cbc07	nbody	-O2	715.3
2026-07-17T10:05:31Z	borg	a841ce6cbc07	nbody	-O3	665.8
2026-07-17T10:05:31Z	borg	a841ce6cbc07	nbody	fpc	113.9
2026-07-17T10:05:31Z	borg	a841ce6cbc07	fib	-O0	314.6
2026-07-17T10:05:31Z	borg	a841ce6cbc07	fib	-O2	214.3
2026-07-17T10:05:31Z	borg	a841ce6cbc07	fib	-O3	264.7
2026-07-17T10:05:31Z	borg	a841ce6cbc07	fib	fpc	114.0
2026-07-17T10:05:31Z	borg	a841ce6cbc07	selfcompile	-O0	8340.0
2026-07-17T10:05:31Z	borg	a841ce6cbc07	selfcompile	-O2	6429.7
2026-07-17T10:05:31Z	borg	a841ce6cbc07	selfcompile	-O3	6383.2
2026-07-17T13:38:55Z	borg	d8aba4329f0c	mandelbrot	-O0	1768.0
2026-07-17T13:38:55Z	borg	d8aba4329f0c	mandelbrot	-O2	1717.9
2026-07-17T13:38:55Z	borg	d8aba4329f0c	mandelbrot	-O3	1416.9
2026-07-17T13:38:55Z	borg	d8aba4329f0c	mandelbrot-p	-O0	1619.6
2026-07-17T13:38:55Z	borg	d8aba4329f0c	mandelbrot-p	-O2	1718.2
2026-07-17T13:38:55Z	borg	d8aba4329f0c	mandelbrot-p	-O3	1416.6
2026-07-17T13:38:55Z	borg	d8aba4329f0c	mandelbrot-p	fpc	414.8
2026-07-17T13:38:55Z	borg	d8aba4329f0c	raytracer	-O0	16276.9
2026-07-17T13:38:55Z	borg	d8aba4329f0c	raytracer	-O2	8841.7
2026-07-17T13:38:55Z	borg	d8aba4329f0c	raytracer	-O3	10007.4
2026-07-17T13:38:55Z	borg	d8aba4329f0c	raytracer-p	-O0	414.7
2026-07-17T13:38:55Z	borg	d8aba4329f0c	raytracer-p	-O2	465.0
2026-07-17T13:38:55Z	borg	d8aba4329f0c	raytracer-p	-O3	414.6
2026-07-17T13:38:55Z	borg	d8aba4329f0c	raytracer-p	fpc	63.8
2026-07-17T13:38:55Z	borg	d8aba4329f0c	sieve	-O0	113.9
2026-07-17T13:38:55Z	borg	d8aba4329f0c	sieve	-O2	114.1
2026-07-17T13:38:55Z	borg	d8aba4329f0c	sieve	-O3	114.1
2026-07-17T13:38:55Z	borg	d8aba4329f0c	sieve	fpc	63.9
2026-07-17T13:38:55Z	borg	d8aba4329f0c	nbody	-O0	767.4
2026-07-17T13:38:55Z	borg	d8aba4329f0c	nbody	-O2	715.4
2026-07-17T13:38:55Z	borg	d8aba4329f0c	nbody	-O3	716.0
2026-07-17T13:38:55Z	borg	d8aba4329f0c	nbody	fpc	114.0
2026-07-17T13:38:55Z	borg	d8aba4329f0c	fib	-O0	315.2
2026-07-17T13:38:55Z	borg	d8aba4329f0c	fib	-O2	215.4
2026-07-17T13:38:55Z	borg	d8aba4329f0c	fib	-O3	214.3
2026-07-17T13:38:55Z	borg	d8aba4329f0c	fib	fpc	217.7
2026-07-17T13:38:55Z	borg	d8aba4329f0c	selfcompile	-O0	8395.3
2026-07-17T13:38:55Z	borg	d8aba4329f0c	selfcompile	-O2	7058.5
2026-07-17T13:38:55Z	borg	d8aba4329f0c	selfcompile	-O3	6645.3
2026-07-17T14:06:02Z	borg	acfc3ebe005c	mandelbrot	-O0	1718.2
2026-07-17T14:06:02Z	borg	acfc3ebe005c	mandelbrot	-O2	1667.4
2026-07-17T14:06:02Z	borg	acfc3ebe005c	mandelbrot	-O3	1366.3
2026-07-17T14:06:02Z	borg	acfc3ebe005c	mandelbrot-p	-O0	1720.8
2026-07-17T14:06:02Z	borg	acfc3ebe005c	mandelbrot-p	-O2	1666.8
2026-07-17T14:06:02Z	borg	acfc3ebe005c	mandelbrot-p	-O3	1366.6
2026-07-17T14:06:02Z	borg	acfc3ebe005c	mandelbrot-p	fpc	414.6
2026-07-17T14:06:02Z	borg	acfc3ebe005c	raytracer	-O0	14997.9
2026-07-17T14:06:02Z	borg	acfc3ebe005c	raytracer	-O2	8788.7
2026-07-17T14:06:02Z	borg	acfc3ebe005c	raytracer	-O3	8742.0
2026-07-17T14:06:02Z	borg	acfc3ebe005c	raytracer-p	-O0	364.4
2026-07-17T14:06:02Z	borg	acfc3ebe005c	raytracer-p	-O2	416.0
2026-07-17T14:06:02Z	borg	acfc3ebe005c	raytracer-p	-O3	364.4
2026-07-17T14:06:02Z	borg	acfc3ebe005c	raytracer-p	fpc	63.9
2026-07-17T14:06:02Z	borg	acfc3ebe005c	sieve	-O0	114.0
2026-07-17T14:06:02Z	borg	acfc3ebe005c	sieve	-O2	113.9
2026-07-17T14:06:02Z	borg	acfc3ebe005c	sieve	-O3	113.9
2026-07-17T14:06:02Z	borg	acfc3ebe005c	sieve	fpc	64.0
2026-07-17T14:06:02Z	borg	acfc3ebe005c	nbody	-O0	815.2
2026-07-17T14:06:02Z	borg	acfc3ebe005c	nbody	-O2	665.2
2026-07-17T14:06:02Z	borg	acfc3ebe005c	nbody	-O3	665.0
2026-07-17T14:06:02Z	borg	acfc3ebe005c	nbody	fpc	113.9
2026-07-17T14:06:02Z	borg	acfc3ebe005c	fib	-O0	314.3
2026-07-17T14:06:02Z	borg	acfc3ebe005c	fib	-O2	214.6
2026-07-17T14:06:02Z	borg	acfc3ebe005c	fib	-O3	214.2
2026-07-17T14:06:02Z	borg	acfc3ebe005c	fib	fpc	113.9
2026-07-17T14:06:02Z	borg	acfc3ebe005c	selfcompile	-O0	8034.5
2026-07-17T14:06:02Z	borg	acfc3ebe005c	selfcompile	-O2	6228.6
2026-07-17T14:06:02Z	borg	acfc3ebe005c	selfcompile	-O3	6027.0
2026-07-17T14:26:37Z	borg	0db26c0e830c	mandelbrot	-O0	1720.2
2026-07-17T14:26:37Z	borg	0db26c0e830c	mandelbrot	-O2	1770.2
2026-07-17T14:26:37Z	borg	0db26c0e830c	mandelbrot	-O3	1416.8
2026-07-17T14:26:37Z	borg	0db26c0e830c	mandelbrot-p	-O0	1768.9
2026-07-17T14:26:37Z	borg	0db26c0e830c	mandelbrot-p	-O2	2023.0
2026-07-17T14:26:37Z	borg	0db26c0e830c	mandelbrot-p	-O3	1769.0
2026-07-17T14:26:37Z	borg	0db26c0e830c	mandelbrot-p	fpc	515.1
2026-07-17T14:26:37Z	borg	0db26c0e830c	raytracer	-O0	15650.3
2026-07-17T14:26:37Z	borg	0db26c0e830c	raytracer	-O2	8788.3
2026-07-17T14:26:37Z	borg	0db26c0e830c	raytracer	-O3	8836.4
2026-07-17T14:26:37Z	borg	0db26c0e830c	raytracer-p	-O0	414.7
2026-07-17T14:26:37Z	borg	0db26c0e830c	raytracer-p	-O2	364.4
2026-07-17T14:26:37Z	borg	0db26c0e830c	raytracer-p	-O3	364.5
2026-07-17T14:26:37Z	borg	0db26c0e830c	raytracer-p	fpc	63.9
2026-07-17T14:26:37Z	borg	0db26c0e830c	sieve	-O0	114.0
2026-07-17T14:26:37Z	borg	0db26c0e830c	sieve	-O2	114.0
2026-07-17T14:26:37Z	borg	0db26c0e830c	sieve	-O3	114.1
2026-07-17T14:26:37Z	borg	0db26c0e830c	sieve	fpc	63.9
2026-07-17T14:26:37Z	borg	0db26c0e830c	nbody	-O0	765.3
2026-07-17T14:26:37Z	borg	0db26c0e830c	nbody	-O2	715.3
2026-07-17T14:26:37Z	borg	0db26c0e830c	nbody	-O3	666.7
2026-07-17T14:26:37Z	borg	0db26c0e830c	nbody	fpc	114.3
2026-07-17T14:26:37Z	borg	0db26c0e830c	fib	-O0	315.2
2026-07-17T14:26:37Z	borg	0db26c0e830c	fib	-O2	364.8
2026-07-17T14:26:37Z	borg	0db26c0e830c	fib	-O3	314.7
2026-07-17T14:26:37Z	borg	0db26c0e830c	fib	fpc	265.4
2026-07-17T14:26:37Z	borg	0db26c0e830c	selfcompile	-O0	9711.9
2026-07-17T14:26:37Z	borg	0db26c0e830c	selfcompile	-O2	7960.5
2026-07-17T14:26:37Z	borg	0db26c0e830c	selfcompile	-O3	8860.3
2026-07-17T14:53:19Z	borg	103832e92adc	mandelbrot	-O0	1717.7
2026-07-17T14:53:19Z	borg	103832e92adc	mandelbrot	-O2	1667.2
2026-07-17T14:53:19Z	borg	103832e92adc	mandelbrot	-O3	1316.3
2026-07-17T14:53:19Z	borg	103832e92adc	mandelbrot-p	-O0	1717.8
2026-07-17T14:53:19Z	borg	103832e92adc	mandelbrot-p	-O2	1516.7
2026-07-17T14:53:19Z	borg	103832e92adc	mandelbrot-p	-O3	1416.9
2026-07-17T14:53:19Z	borg	103832e92adc	mandelbrot-p	fpc	414.6
2026-07-17T14:53:19Z	borg	103832e92adc	raytracer	-O0	15310.4
2026-07-17T14:53:19Z	borg	103832e92adc	raytracer	-O2	8834.2
2026-07-17T14:53:19Z	borg	103832e92adc	raytracer	-O3	8683.6
2026-07-17T14:53:19Z	borg	103832e92adc	raytracer-p	-O0	364.5
2026-07-17T14:53:19Z	borg	103832e92adc	raytracer-p	-O2	414.8
2026-07-17T14:53:19Z	borg	103832e92adc	raytracer-p	-O3	364.4
2026-07-17T14:53:19Z	borg	103832e92adc	raytracer-p	fpc	63.8
2026-07-17T14:53:19Z	borg	103832e92adc	sieve	-O0	114.0
2026-07-17T14:53:19Z	borg	103832e92adc	sieve	-O2	113.9
2026-07-17T14:53:19Z	borg	103832e92adc	sieve	-O3	114.1
2026-07-17T14:53:19Z	borg	103832e92adc	sieve	fpc	63.9
2026-07-17T14:53:19Z	borg	103832e92adc	nbody	-O0	765.3
2026-07-17T14:53:19Z	borg	103832e92adc	nbody	-O2	664.8
2026-07-17T14:53:19Z	borg	103832e92adc	nbody	-O3	665.3
2026-07-17T14:53:19Z	borg	103832e92adc	nbody	fpc	114.0
2026-07-17T14:53:19Z	borg	103832e92adc	fib	-O0	314.4
2026-07-17T14:53:19Z	borg	103832e92adc	fib	-O2	214.4
2026-07-17T14:53:19Z	borg	103832e92adc	fib	-O3	214.4
2026-07-17T14:53:19Z	borg	103832e92adc	fib	fpc	164.3
2026-07-17T14:53:19Z	borg	103832e92adc	selfcompile	-O0	8490.5
2026-07-17T14:53:19Z	borg	103832e92adc	selfcompile	-O2	6180.2
2026-07-17T14:53:19Z	borg	103832e92adc	selfcompile	-O3	6433.0
2026-07-17T16:15:09Z	borg	88986014e07d	mandelbrot	-O0	1769.6
2026-07-17T16:15:09Z	borg	88986014e07d	mandelbrot	-O2	1824.8
2026-07-17T16:15:09Z	borg	88986014e07d	mandelbrot	-O3	1467.3
2026-07-17T16:15:09Z	borg	88986014e07d	mandelbrot-p	-O0	1768.4
2026-07-17T16:15:09Z	borg	88986014e07d	mandelbrot-p	-O2	1768.5
2026-07-17T16:15:09Z	borg	88986014e07d	mandelbrot-p	-O3	1467.7
2026-07-17T16:15:09Z	borg	88986014e07d	mandelbrot-p	fpc	415.6
2026-07-17T16:15:09Z	borg	88986014e07d	raytracer	-O0	16611.9
2026-07-17T16:15:09Z	borg	88986014e07d	raytracer	-O2	9087.2
2026-07-17T16:15:09Z	borg	88986014e07d	raytracer	-O3	9302.3
2026-07-17T16:15:09Z	borg	88986014e07d	raytracer-p	-O0	468.9
2026-07-17T16:15:09Z	borg	88986014e07d	raytracer-p	-O2	615.3
2026-07-17T16:15:09Z	borg	88986014e07d	raytracer-p	-O3	466.0
2026-07-17T16:15:09Z	borg	88986014e07d	raytracer-p	fpc	64.0
2026-07-17T16:15:09Z	borg	88986014e07d	sieve	-O0	164.2
2026-07-17T16:15:09Z	borg	88986014e07d	sieve	-O2	114.9
2026-07-17T16:15:09Z	borg	88986014e07d	sieve	-O3	120.8
2026-07-17T16:15:09Z	borg	88986014e07d	sieve	fpc	64.1
2026-07-17T16:15:09Z	borg	88986014e07d	nbody	-O0	916.5
2026-07-17T16:15:09Z	borg	88986014e07d	nbody	-O2	665.0
2026-07-17T16:15:09Z	borg	88986014e07d	nbody	-O3	766.3
2026-07-17T16:15:09Z	borg	88986014e07d	nbody	fpc	164.2
2026-07-17T16:15:09Z	borg	88986014e07d	fib	-O0	314.4
2026-07-17T16:15:09Z	borg	88986014e07d	fib	-O2	214.6
2026-07-17T16:15:09Z	borg	88986014e07d	fib	-O3	214.2
2026-07-17T16:15:09Z	borg	88986014e07d	fib	fpc	164.3
2026-07-17T16:15:09Z	borg	88986014e07d	selfcompile	-O0	9914.3
2026-07-17T16:15:09Z	borg	88986014e07d	selfcompile	-O2	7444.1
2026-07-17T16:15:09Z	borg	88986014e07d	selfcompile	-O3	6480.9
2026-07-17T17:12:21Z	borg	b34929c0e889	mandelbrot	-O0	1717.4
2026-07-17T17:12:21Z	borg	b34929c0e889	mandelbrot	-O2	1669.0
2026-07-17T17:12:21Z	borg	b34929c0e889	mandelbrot	-O3	1467.6
2026-07-17T17:12:21Z	borg	b34929c0e889	mandelbrot-p	-O0	1721.4
2026-07-17T17:12:21Z	borg	b34929c0e889	mandelbrot-p	-O2	1720.2
2026-07-17T17:12:21Z	borg	b34929c0e889	mandelbrot-p	-O3	1470.7
2026-07-17T17:12:21Z	borg	b34929c0e889	mandelbrot-p	fpc	416.3
2026-07-17T17:12:21Z	borg	b34929c0e889	raytracer	-O0	16056.1
2026-07-17T17:12:21Z	borg	b34929c0e889	raytracer	-O2	9239.0
2026-07-17T17:12:21Z	borg	b34929c0e889	raytracer	-O3	9691.1
2026-07-17T17:12:21Z	borg	b34929c0e889	raytracer-p	-O0	414.8
2026-07-17T17:12:21Z	borg	b34929c0e889	raytracer-p	-O2	465.2
2026-07-17T17:12:21Z	borg	b34929c0e889	raytracer-p	-O3	415.0
2026-07-17T17:12:21Z	borg	b34929c0e889	raytracer-p	fpc	64.0
2026-07-17T17:12:21Z	borg	b34929c0e889	sieve	-O0	114.1
2026-07-17T17:12:21Z	borg	b34929c0e889	sieve	-O2	114.1
2026-07-17T17:12:21Z	borg	b34929c0e889	sieve	-O3	114.0
2026-07-17T17:12:21Z	borg	b34929c0e889	sieve	fpc	63.9
2026-07-17T17:12:21Z	borg	b34929c0e889	nbody	-O0	765.1
2026-07-17T17:12:21Z	borg	b34929c0e889	nbody	-O2	716.8
2026-07-17T17:12:21Z	borg	b34929c0e889	nbody	-O3	668.4
2026-07-17T17:12:21Z	borg	b34929c0e889	nbody	fpc	164.2
2026-07-17T17:12:21Z	borg	b34929c0e889	fib	-O0	314.9
2026-07-17T17:12:21Z	borg	b34929c0e889	fib	-O2	220.2
2026-07-17T17:12:21Z	borg	b34929c0e889	fib	-O3	214.2
2026-07-17T17:12:21Z	borg	b34929c0e889	fib	fpc	164.1
2026-07-17T17:12:21Z	borg	b34929c0e889	selfcompile	-O0	9092.5
2026-07-17T17:12:21Z	borg	b34929c0e889	selfcompile	-O2	6641.8
2026-07-17T17:12:21Z	borg	b34929c0e889	selfcompile	-O3	7236.2
2026-07-17T19:22:09Z	borg	bfdbc7d5a07e	mandelbrot	-O0	1823.6
2026-07-17T19:22:09Z	borg	bfdbc7d5a07e	mandelbrot	-O2	1717.5
2026-07-17T19:22:09Z	borg	bfdbc7d5a07e	mandelbrot	-O3	1469.8
2026-07-17T19:22:09Z	borg	bfdbc7d5a07e	mandelbrot-p	-O0	1717.3
2026-07-17T19:22:09Z	borg	bfdbc7d5a07e	mandelbrot-p	-O2	1722.8
2026-07-17T19:22:09Z	borg	bfdbc7d5a07e	mandelbrot-p	-O3	1418.4
2026-07-17T19:22:09Z	borg	bfdbc7d5a07e	mandelbrot-p	fpc	414.9
2026-07-17T19:22:09Z	borg	bfdbc7d5a07e	raytracer	-O0	16533.8
2026-07-17T19:22:09Z	borg	bfdbc7d5a07e	raytracer	-O2	9663.2
2026-07-17T19:22:09Z	borg	bfdbc7d5a07e	raytracer	-O3	10110.6
2026-07-17T19:22:09Z	borg	bfdbc7d5a07e	raytracer-p	-O0	414.8
2026-07-17T19:22:09Z	borg	bfdbc7d5a07e	raytracer-p	-O2	416.2
2026-07-17T19:22:09Z	borg	bfdbc7d5a07e	raytracer-p	-O3	367.3
2026-07-17T19:22:09Z	borg	bfdbc7d5a07e	raytracer-p	fpc	64.0
2026-07-17T19:22:09Z	borg	bfdbc7d5a07e	sieve	-O0	114.2
2026-07-17T19:22:09Z	borg	bfdbc7d5a07e	sieve	-O2	114.2
2026-07-17T19:22:09Z	borg	bfdbc7d5a07e	sieve	-O3	114.0
2026-07-17T19:22:09Z	borg	bfdbc7d5a07e	sieve	fpc	63.9
2026-07-17T19:22:09Z	borg	bfdbc7d5a07e	nbody	-O0	815.8
2026-07-17T19:22:09Z	borg	bfdbc7d5a07e	nbody	-O2	715.2
2026-07-17T19:22:09Z	borg	bfdbc7d5a07e	nbody	-O3	716.0
2026-07-17T19:22:09Z	borg	bfdbc7d5a07e	nbody	fpc	114.0
2026-07-17T19:22:09Z	borg	bfdbc7d5a07e	fib	-O0	314.4
2026-07-17T19:22:09Z	borg	bfdbc7d5a07e	fib	-O2	215.7
2026-07-17T19:22:09Z	borg	bfdbc7d5a07e	fib	-O3	214.5
2026-07-17T19:22:09Z	borg	bfdbc7d5a07e	fib	fpc	164.4
2026-07-17T19:22:09Z	borg	bfdbc7d5a07e	selfcompile	-O0	8901.4
2026-07-17T19:22:09Z	borg	bfdbc7d5a07e	selfcompile	-O2	6894.9
2026-07-17T19:22:09Z	borg	bfdbc7d5a07e	selfcompile	-O3	7036.6
2026-07-17T21:31:25Z	borg	fc5f76ef6c51	mandelbrot	-O0	1867.6
2026-07-17T21:31:25Z	borg	fc5f76ef6c51	mandelbrot	-O2	1671.1
2026-07-17T21:31:25Z	borg	fc5f76ef6c51	mandelbrot	-O3	1416.7
2026-07-17T21:31:25Z	borg	fc5f76ef6c51	mandelbrot-p	-O0	1771.7
2026-07-17T21:31:25Z	borg	fc5f76ef6c51	mandelbrot-p	-O2	1667.0
2026-07-17T21:31:25Z	borg	fc5f76ef6c51	mandelbrot-p	-O3	1367.4
2026-07-17T21:31:25Z	borg	fc5f76ef6c51	mandelbrot-p	fpc	414.7
2026-07-17T21:31:25Z	borg	fc5f76ef6c51	raytracer	-O0	15651.6
2026-07-17T21:31:25Z	borg	fc5f76ef6c51	raytracer	-O2	8786.0
2026-07-17T21:31:25Z	borg	fc5f76ef6c51	raytracer	-O3	8897.7
2026-07-17T21:31:25Z	borg	fc5f76ef6c51	raytracer-p	-O0	415.0
2026-07-17T21:31:25Z	borg	fc5f76ef6c51	raytracer-p	-O2	414.8
2026-07-17T21:31:25Z	borg	fc5f76ef6c51	raytracer-p	-O3	365.4
2026-07-17T21:31:25Z	borg	fc5f76ef6c51	raytracer-p	fpc	63.8
2026-07-17T21:31:25Z	borg	fc5f76ef6c51	sieve	-O0	114.2
2026-07-17T21:31:25Z	borg	fc5f76ef6c51	sieve	-O2	114.0
2026-07-17T21:31:25Z	borg	fc5f76ef6c51	sieve	-O3	114.0
2026-07-17T21:31:25Z	borg	fc5f76ef6c51	sieve	fpc	63.9
2026-07-17T21:31:25Z	borg	fc5f76ef6c51	nbody	-O0	765.4
2026-07-17T21:31:25Z	borg	fc5f76ef6c51	nbody	-O2	664.9
2026-07-17T21:31:25Z	borg	fc5f76ef6c51	nbody	-O3	715.2
2026-07-17T21:31:25Z	borg	fc5f76ef6c51	nbody	fpc	114.4
2026-07-17T21:31:25Z	borg	fc5f76ef6c51	fib	-O0	314.5
2026-07-17T21:31:25Z	borg	fc5f76ef6c51	fib	-O2	214.2
2026-07-17T21:31:25Z	borg	fc5f76ef6c51	fib	-O3	214.1
2026-07-17T21:31:25Z	borg	fc5f76ef6c51	fib	fpc	164.1
2026-07-17T21:31:25Z	borg	fc5f76ef6c51	selfcompile	-O0	8280.6
2026-07-17T21:31:25Z	borg	fc5f76ef6c51	selfcompile	-O2	6276.9
2026-07-17T21:31:25Z	borg	fc5f76ef6c51	selfcompile	-O3	6384.8
2026-07-17T22:09:08Z	borg	a457f01b66eb	mandelbrot	-O0	1767.4
2026-07-17T22:09:08Z	borg	a457f01b66eb	mandelbrot	-O2	1817.5
2026-07-17T22:09:08Z	borg	a457f01b66eb	mandelbrot	-O3	1366.5
2026-07-17T22:09:08Z	borg	a457f01b66eb	mandelbrot-p	-O0	1668.3
2026-07-17T22:09:08Z	borg	a457f01b66eb	mandelbrot-p	-O2	1817.8
2026-07-17T22:09:08Z	borg	a457f01b66eb	mandelbrot-p	-O3	1368.1
2026-07-17T22:09:08Z	borg	a457f01b66eb	mandelbrot-p	fpc	416.6
2026-07-17T22:09:08Z	borg	a457f01b66eb	raytracer	-O0	16261.7
2026-07-17T22:09:08Z	borg	a457f01b66eb	raytracer	-O2	9794.0
2026-07-17T22:09:08Z	borg	a457f01b66eb	raytracer	-O3	9594.4
2026-07-17T22:09:08Z	borg	a457f01b66eb	raytracer-p	-O0	414.6
2026-07-17T22:09:08Z	borg	a457f01b66eb	raytracer-p	-O2	364.4
2026-07-17T22:09:08Z	borg	a457f01b66eb	raytracer-p	-O3	364.5
2026-07-17T22:09:08Z	borg	a457f01b66eb	raytracer-p	fpc	36.5
2026-07-17T22:09:08Z	borg	a457f01b66eb	sieve	-O0	113.9
2026-07-17T22:09:08Z	borg	a457f01b66eb	sieve	-O2	116.7
2026-07-17T22:09:08Z	borg	a457f01b66eb	sieve	-O3	114.0
2026-07-17T22:09:08Z	borg	a457f01b66eb	sieve	fpc	63.8
2026-07-17T22:09:08Z	borg	a457f01b66eb	nbody	-O0	866.8
2026-07-17T22:09:08Z	borg	a457f01b66eb	nbody	-O2	665.2
2026-07-17T22:09:08Z	borg	a457f01b66eb	nbody	-O3	665.3
2026-07-17T22:09:08Z	borg	a457f01b66eb	nbody	fpc	114.0
2026-07-17T22:09:08Z	borg	a457f01b66eb	fib	-O0	314.6
2026-07-17T22:09:08Z	borg	a457f01b66eb	fib	-O2	214.3
2026-07-17T22:09:08Z	borg	a457f01b66eb	fib	-O3	264.5
2026-07-17T22:09:08Z	borg	a457f01b66eb	fib	fpc	164.2
2026-07-17T22:09:08Z	borg	a457f01b66eb	selfcompile	-O0	8489.4
2026-07-17T22:09:08Z	borg	a457f01b66eb	selfcompile	-O2	6874.7
2026-07-17T22:09:08Z	borg	a457f01b66eb	selfcompile	-O3	6484.9
2026-07-17T22:33:42Z	borg	fed71966fed1	mandelbrot	-O0	1716.8
2026-07-17T22:33:42Z	borg	fed71966fed1	mandelbrot	-O2	1667.3
2026-07-17T22:33:42Z	borg	fed71966fed1	mandelbrot	-O3	1317.1
2026-07-17T22:33:42Z	borg	fed71966fed1	mandelbrot-p	-O0	1667.2
2026-07-17T22:33:42Z	borg	fed71966fed1	mandelbrot-p	-O2	1618.7
2026-07-17T22:33:42Z	borg	fed71966fed1	mandelbrot-p	-O3	1366.2
2026-07-17T22:33:42Z	borg	fed71966fed1	mandelbrot-p	fpc	515.1
2026-07-17T22:33:42Z	borg	fed71966fed1	raytracer	-O0	14796.1
2026-07-17T22:33:42Z	borg	fed71966fed1	raytracer	-O2	8631.0
2026-07-17T22:33:42Z	borg	fed71966fed1	raytracer	-O3	8935.2
2026-07-17T22:33:42Z	borg	fed71966fed1	raytracer-p	-O0	464.8
2026-07-17T22:33:42Z	borg	fed71966fed1	raytracer-p	-O2	414.7
2026-07-17T22:33:42Z	borg	fed71966fed1	raytracer-p	-O3	365.5
2026-07-17T22:33:42Z	borg	fed71966fed1	raytracer-p	fpc	63.9
2026-07-17T22:33:42Z	borg	fed71966fed1	sieve	-O0	114.0
2026-07-17T22:33:42Z	borg	fed71966fed1	sieve	-O2	114.2
2026-07-17T22:33:42Z	borg	fed71966fed1	sieve	-O3	114.0
2026-07-17T22:33:42Z	borg	fed71966fed1	sieve	fpc	63.9
2026-07-17T22:33:42Z	borg	fed71966fed1	nbody	-O0	765.4
2026-07-17T22:33:42Z	borg	fed71966fed1	nbody	-O2	665.2
2026-07-17T22:33:42Z	borg	fed71966fed1	nbody	-O3	665.1
2026-07-17T22:33:42Z	borg	fed71966fed1	nbody	fpc	114.1
2026-07-17T22:33:42Z	borg	fed71966fed1	fib	-O0	314.5
2026-07-17T22:33:42Z	borg	fed71966fed1	fib	-O2	214.1
2026-07-17T22:33:42Z	borg	fed71966fed1	fib	-O3	214.1
2026-07-17T22:33:42Z	borg	fed71966fed1	fib	fpc	164.1
2026-07-17T22:33:42Z	borg	fed71966fed1	selfcompile	-O0	8080.5
2026-07-17T22:33:42Z	borg	fed71966fed1	selfcompile	-O2	6127.2
2026-07-17T22:33:42Z	borg	fed71966fed1	selfcompile	-O3	6428.9
2026-07-18T06:24:08Z	borg	4e380fda9a3d	mandelbrot	-O0	1366.3
2026-07-18T06:24:08Z	borg	4e380fda9a3d	mandelbrot	-O2	1316.6
2026-07-18T06:24:08Z	borg	4e380fda9a3d	mandelbrot	-O3	1116.2
2026-07-18T06:24:08Z	borg	4e380fda9a3d	mandelbrot-p	-O0	1315.9
2026-07-18T06:24:08Z	borg	4e380fda9a3d	mandelbrot-p	-O2	1316.9
2026-07-18T06:24:08Z	borg	4e380fda9a3d	mandelbrot-p	-O3	1116.2
2026-07-18T06:24:08Z	borg	4e380fda9a3d	mandelbrot-p	fpc	314.8
2026-07-18T06:24:08Z	borg	4e380fda9a3d	raytracer	-O0	11639.6
2026-07-18T06:24:08Z	borg	4e380fda9a3d	raytracer	-O2	6679.2
2026-07-18T06:24:08Z	borg	4e380fda9a3d	raytracer	-O3	6678.4
2026-07-18T06:24:08Z	borg	4e380fda9a3d	raytracer-p	-O0	365.9
2026-07-18T06:24:08Z	borg	4e380fda9a3d	raytracer-p	-O2	314.6
2026-07-18T06:24:08Z	borg	4e380fda9a3d	raytracer-p	-O3	314.4
2026-07-18T06:24:08Z	borg	4e380fda9a3d	raytracer-p	fpc	31.9
2026-07-18T06:24:08Z	borg	4e380fda9a3d	sieve	-O0	114.1
2026-07-18T06:24:08Z	borg	4e380fda9a3d	sieve	-O2	63.9
2026-07-18T06:24:08Z	borg	4e380fda9a3d	sieve	-O3	64.0
2026-07-18T06:24:08Z	borg	4e380fda9a3d	sieve	fpc	31.9
2026-07-18T06:24:08Z	borg	4e380fda9a3d	nbody	-O0	615.2
2026-07-18T06:24:08Z	borg	4e380fda9a3d	nbody	-O2	565.1
2026-07-18T06:24:08Z	borg	4e380fda9a3d	nbody	-O3	565.1
2026-07-18T06:24:08Z	borg	4e380fda9a3d	nbody	fpc	64.0
2026-07-18T06:24:08Z	borg	4e380fda9a3d	fib	-O0	264.4
2026-07-18T06:24:08Z	borg	4e380fda9a3d	fib	-O2	164.1
2026-07-18T06:24:08Z	borg	4e380fda9a3d	fib	-O3	164.1
2026-07-18T06:24:08Z	borg	4e380fda9a3d	fib	fpc	114.1
2026-07-18T06:24:08Z	borg	4e380fda9a3d	selfcompile	-O0	6478.3
2026-07-18T06:24:08Z	borg	4e380fda9a3d	selfcompile	-O2	4977.2
2026-07-18T06:24:08Z	borg	4e380fda9a3d	selfcompile	-O3	4924.3
2026-07-18T06:38:52Z	borg	3f2828476c6c	mandelbrot	-O0	1366.9
2026-07-18T06:38:52Z	borg	3f2828476c6c	mandelbrot	-O2	1316.9
2026-07-18T06:38:52Z	borg	3f2828476c6c	mandelbrot	-O3	1116.0
2026-07-18T06:38:52Z	borg	3f2828476c6c	mandelbrot-p	-O0	1366.8
2026-07-18T06:38:52Z	borg	3f2828476c6c	mandelbrot-p	-O2	1366.7
2026-07-18T06:38:52Z	borg	3f2828476c6c	mandelbrot-p	-O3	1166.4
2026-07-18T06:38:52Z	borg	3f2828476c6c	mandelbrot-p	fpc	414.8
2026-07-18T06:38:52Z	borg	3f2828476c6c	raytracer	-O0	11589.4
2026-07-18T06:38:52Z	borg	3f2828476c6c	raytracer	-O2	7279.0
2026-07-18T06:38:52Z	borg	3f2828476c6c	raytracer	-O3	6627.8
2026-07-18T06:38:52Z	borg	3f2828476c6c	raytracer-p	-O0	365.0
2026-07-18T06:38:52Z	borg	3f2828476c6c	raytracer-p	-O2	314.3
2026-07-18T06:38:52Z	borg	3f2828476c6c	raytracer-p	-O3	314.4
2026-07-18T06:38:52Z	borg	3f2828476c6c	raytracer-p	fpc	31.8
2026-07-18T06:38:52Z	borg	3f2828476c6c	sieve	-O0	114.1
2026-07-18T06:38:52Z	borg	3f2828476c6c	sieve	-O2	64.0
2026-07-18T06:38:52Z	borg	3f2828476c6c	sieve	-O3	63.9
2026-07-18T06:38:52Z	borg	3f2828476c6c	sieve	fpc	31.9
2026-07-18T06:38:52Z	borg	3f2828476c6c	nbody	-O0	615.0
2026-07-18T06:38:52Z	borg	3f2828476c6c	nbody	-O2	565.0
2026-07-18T06:38:52Z	borg	3f2828476c6c	nbody	-O3	514.9
2026-07-18T06:38:52Z	borg	3f2828476c6c	nbody	fpc	64.0
2026-07-18T06:38:52Z	borg	3f2828476c6c	fib	-O0	264.3
2026-07-18T06:38:52Z	borg	3f2828476c6c	fib	-O2	164.1
2026-07-18T06:38:52Z	borg	3f2828476c6c	fib	-O3	164.2
2026-07-18T06:38:52Z	borg	3f2828476c6c	fib	fpc	114.0
2026-07-18T06:38:52Z	borg	3f2828476c6c	selfcompile	-O0	7029.3
2026-07-18T06:38:52Z	borg	3f2828476c6c	selfcompile	-O2	5376.2
2026-07-18T06:38:52Z	borg	3f2828476c6c	selfcompile	-O3	5475.6
2026-07-18T20:48:54Z	borg	a3f6e70a728f	mandelbrot	-O0	1416.7
2026-07-18T20:48:54Z	borg	a3f6e70a728f	mandelbrot	-O2	1416.9
2026-07-18T20:48:54Z	borg	a3f6e70a728f	mandelbrot	-O3	665.2
2026-07-18T20:48:54Z	borg	a3f6e70a728f	mandelbrot-p	-O0	1466.8
2026-07-18T20:48:54Z	borg	a3f6e70a728f	mandelbrot-p	-O2	1466.8
2026-07-18T20:48:54Z	borg	a3f6e70a728f	mandelbrot-p	-O3	665.0
2026-07-18T20:48:54Z	borg	a3f6e70a728f	mandelbrot-p	fpc	364.5
2026-07-18T20:48:54Z	borg	a3f6e70a728f	raytracer	-O0	12741.4
2026-07-18T20:48:54Z	borg	a3f6e70a728f	raytracer	-O2	7430.4
2026-07-18T20:48:54Z	borg	a3f6e70a728f	raytracer	-O3	7129.0
2026-07-18T20:48:54Z	borg	a3f6e70a728f	raytracer-p	-O0	364.3
2026-07-18T20:48:54Z	borg	a3f6e70a728f	raytracer-p	-O2	364.6
2026-07-18T20:48:54Z	borg	a3f6e70a728f	raytracer-p	-O3	314.4
2026-07-18T20:48:54Z	borg	a3f6e70a728f	raytracer-p	fpc	63.9
2026-07-18T20:48:54Z	borg	a3f6e70a728f	sieve	-O0	114.2
2026-07-18T20:48:54Z	borg	a3f6e70a728f	sieve	-O2	63.9
2026-07-18T20:48:54Z	borg	a3f6e70a728f	sieve	-O3	63.9
2026-07-18T20:48:54Z	borg	a3f6e70a728f	sieve	fpc	63.9
2026-07-18T20:48:54Z	borg	a3f6e70a728f	nbody	-O0	615.2
2026-07-18T20:48:54Z	borg	a3f6e70a728f	nbody	-O2	565.0
2026-07-18T20:48:54Z	borg	a3f6e70a728f	nbody	-O3	364.5
2026-07-18T20:48:54Z	borg	a3f6e70a728f	nbody	fpc	63.9
2026-07-18T20:48:54Z	borg	a3f6e70a728f	fib	-O0	264.3
2026-07-18T20:48:54Z	borg	a3f6e70a728f	fib	-O2	164.3
2026-07-18T20:48:54Z	borg	a3f6e70a728f	fib	-O3	114.0
2026-07-18T20:48:54Z	borg	a3f6e70a728f	fib	fpc	114.0
2026-07-18T20:48:54Z	borg	a3f6e70a728f	selfcompile	-O0	7529.3
2026-07-18T20:48:54Z	borg	a3f6e70a728f	selfcompile	-O2	6077.0
2026-07-18T20:48:54Z	borg	a3f6e70a728f	selfcompile	-O3	6276.1
2026-07-18T20:48:54Z	borg	a3f6e70a728f	selfcompile	fpc	3872.4
2026-07-18T21:40:52Z	borg	5d997ee3114e	mandelbrot	-O0	1366.6
2026-07-18T21:40:52Z	borg	5d997ee3114e	mandelbrot	-O2	1366.8
2026-07-18T21:40:52Z	borg	5d997ee3114e	mandelbrot	-O3	665.4
2026-07-18T21:40:52Z	borg	5d997ee3114e	mandelbrot-p	-O0	1366.7
2026-07-18T21:40:52Z	borg	5d997ee3114e	mandelbrot-p	-O2	1366.5
2026-07-18T21:40:52Z	borg	5d997ee3114e	mandelbrot-p	-O3	665.2
2026-07-18T21:40:52Z	borg	5d997ee3114e	mandelbrot-p	fpc	464.9
2026-07-18T21:40:52Z	borg	5d997ee3114e	raytracer	-O0	12491.0
2026-07-18T21:40:52Z	borg	5d997ee3114e	raytracer	-O2	7028.9
2026-07-18T21:40:52Z	borg	5d997ee3114e	raytracer	-O3	7329.7
2026-07-18T21:40:52Z	borg	5d997ee3114e	raytracer-p	-O0	364.6
2026-07-18T21:40:52Z	borg	5d997ee3114e	raytracer-p	-O2	364.5
2026-07-18T21:40:52Z	borg	5d997ee3114e	raytracer-p	-O3	314.4
2026-07-18T21:40:52Z	borg	5d997ee3114e	raytracer-p	fpc	64.0
2026-07-18T21:40:52Z	borg	5d997ee3114e	sieve	-O0	114.1
2026-07-18T21:40:52Z	borg	5d997ee3114e	sieve	-O2	63.9
2026-07-18T21:40:52Z	borg	5d997ee3114e	sieve	-O3	63.9
2026-07-18T21:40:52Z	borg	5d997ee3114e	sieve	fpc	31.8
2026-07-18T21:40:52Z	borg	5d997ee3114e	nbody	-O0	615.3
2026-07-18T21:40:52Z	borg	5d997ee3114e	nbody	-O2	615.1
2026-07-18T21:40:52Z	borg	5d997ee3114e	nbody	-O3	414.8
2026-07-18T21:40:52Z	borg	5d997ee3114e	nbody	fpc	63.9
2026-07-18T21:40:52Z	borg	5d997ee3114e	fib	-O0	264.2
2026-07-18T21:40:52Z	borg	5d997ee3114e	fib	-O2	214.4
2026-07-18T21:40:52Z	borg	5d997ee3114e	fib	-O3	114.0
2026-07-18T21:40:52Z	borg	5d997ee3114e	fib	fpc	114.0
2026-07-18T21:40:52Z	borg	5d997ee3114e	selfcompile	-O0	7930.4
2026-07-18T21:40:52Z	borg	5d997ee3114e	selfcompile	-O2	6075.7
2026-07-18T21:40:52Z	borg	5d997ee3114e	selfcompile	-O3	5976.7
2026-07-18T21:40:52Z	borg	5d997ee3114e	selfcompile	fpc	3220.8
2026-07-18T22:41:03Z	borg	110835ca0693	mandelbrot	-O0	1315.9
2026-07-18T22:41:03Z	borg	110835ca0693	mandelbrot	-O2	1316.6
2026-07-18T22:41:03Z	borg	110835ca0693	mandelbrot	-O3	615.1
2026-07-18T22:41:03Z	borg	110835ca0693	mandelbrot-p	-O0	1316.7
2026-07-18T22:41:03Z	borg	110835ca0693	mandelbrot-p	-O2	1265.8
2026-07-18T22:41:03Z	borg	110835ca0693	mandelbrot-p	-O3	615.1
2026-07-18T22:41:03Z	borg	110835ca0693	mandelbrot-p	fpc	314.5
2026-07-18T22:41:03Z	borg	110835ca0693	raytracer	-O0	11288.0
2026-07-18T22:41:03Z	borg	110835ca0693	raytracer	-O2	6478.0
2026-07-18T22:41:03Z	borg	110835ca0693	raytracer	-O3	6426.0
2026-07-18T22:41:03Z	borg	110835ca0693	raytracer-p	-O0	314.6
2026-07-18T22:41:03Z	borg	110835ca0693	raytracer-p	-O2	314.5
2026-07-18T22:41:03Z	borg	110835ca0693	raytracer-p	-O3	264.4
2026-07-18T22:41:03Z	borg	110835ca0693	raytracer-p	fpc	31.9
2026-07-18T22:41:03Z	borg	110835ca0693	sieve	-O0	114.0
2026-07-18T22:41:03Z	borg	110835ca0693	sieve	-O2	63.9
2026-07-18T22:41:03Z	borg	110835ca0693	sieve	-O3	64.0
2026-07-18T22:41:03Z	borg	110835ca0693	sieve	fpc	31.8
2026-07-18T22:41:03Z	borg	110835ca0693	nbody	-O0	615.3
2026-07-18T22:41:03Z	borg	110835ca0693	nbody	-O2	564.8
2026-07-18T22:41:03Z	borg	110835ca0693	nbody	-O3	314.5
2026-07-18T22:41:03Z	borg	110835ca0693	nbody	fpc	63.9
2026-07-18T22:41:03Z	borg	110835ca0693	fib	-O0	264.3
2026-07-18T22:41:03Z	borg	110835ca0693	fib	-O2	164.7
2026-07-18T22:41:03Z	borg	110835ca0693	fib	-O3	114.1
2026-07-18T22:41:03Z	borg	110835ca0693	fib	fpc	114.0
2026-07-18T22:41:03Z	borg	110835ca0693	selfcompile	-O0	7029.6
2026-07-18T22:41:03Z	borg	110835ca0693	selfcompile	-O2	5427.1
2026-07-18T22:41:03Z	borg	110835ca0693	selfcompile	-O3	5526.6
2026-07-18T22:41:03Z	borg	110835ca0693	selfcompile	fpc	3071.3
2026-07-19T05:31:38Z	borg	fce8b18dcf08	mandelbrot	-O0	1417.0
2026-07-19T05:31:38Z	borg	fce8b18dcf08	mandelbrot	-O2	1416.9
2026-07-19T05:31:38Z	borg	fce8b18dcf08	mandelbrot	-O3	715.2
2026-07-19T05:31:38Z	borg	fce8b18dcf08	mandelbrot-p	-O0	1416.8
2026-07-19T05:31:38Z	borg	fce8b18dcf08	mandelbrot-p	-O2	1366.7
2026-07-19T05:31:38Z	borg	fce8b18dcf08	mandelbrot-p	-O3	765.4
2026-07-19T05:31:38Z	borg	fce8b18dcf08	mandelbrot-p	fpc	364.7
2026-07-19T05:31:38Z	borg	fce8b18dcf08	raytracer	-O0	12640.2
2026-07-19T05:31:38Z	borg	fce8b18dcf08	raytracer	-O2	7180.2
2026-07-19T05:31:38Z	borg	fce8b18dcf08	raytracer	-O3	7479.2
2026-07-19T05:31:38Z	borg	fce8b18dcf08	raytracer-p	-O0	364.5
2026-07-19T05:31:38Z	borg	fce8b18dcf08	raytracer-p	-O2	364.6
2026-07-19T05:31:38Z	borg	fce8b18dcf08	raytracer-p	-O3	314.6
2026-07-19T05:31:38Z	borg	fce8b18dcf08	raytracer-p	fpc	31.9
2026-07-19T05:31:38Z	borg	fce8b18dcf08	sieve	-O0	113.9
2026-07-19T05:31:38Z	borg	fce8b18dcf08	sieve	-O2	64.0
2026-07-19T05:31:38Z	borg	fce8b18dcf08	sieve	-O3	114.0
2026-07-19T05:31:38Z	borg	fce8b18dcf08	sieve	fpc	31.9
2026-07-19T05:31:38Z	borg	fce8b18dcf08	nbody	-O0	665.1
2026-07-19T05:31:38Z	borg	fce8b18dcf08	nbody	-O2	615.2
2026-07-19T05:31:38Z	borg	fce8b18dcf08	nbody	-O3	364.7
2026-07-19T05:31:38Z	borg	fce8b18dcf08	nbody	fpc	114.1
2026-07-19T05:31:38Z	borg	fce8b18dcf08	fib	-O0	264.3
2026-07-19T05:31:38Z	borg	fce8b18dcf08	fib	-O2	164.0
2026-07-19T05:31:38Z	borg	fce8b18dcf08	fib	-O3	114.1
2026-07-19T05:31:38Z	borg	fce8b18dcf08	fib	fpc	114.2
2026-07-19T05:31:38Z	borg	fce8b18dcf08	selfcompile	-O0	8180.7
2026-07-19T05:31:38Z	borg	fce8b18dcf08	selfcompile	-O2	6377.1
2026-07-19T05:31:38Z	borg	fce8b18dcf08	selfcompile	-O3	5976.2
2026-07-19T05:31:38Z	borg	fce8b18dcf08	selfcompile	fpc	3822.1
2026-07-19T06:21:56Z	borg	6ba85512ab67	mandelbrot	-O0	1416.8
2026-07-19T06:21:56Z	borg	6ba85512ab67	mandelbrot	-O2	1467.1
2026-07-19T06:21:56Z	borg	6ba85512ab67	mandelbrot	-O3	718.3
2026-07-19T06:21:56Z	borg	6ba85512ab67	mandelbrot-p	-O0	1570.1
2026-07-19T06:21:56Z	borg	6ba85512ab67	mandelbrot-p	-O2	1416.6
2026-07-19T06:21:56Z	borg	6ba85512ab67	mandelbrot-p	-O3	665.2
2026-07-19T06:21:56Z	borg	6ba85512ab67	mandelbrot-p	fpc	364.5
2026-07-19T06:21:56Z	borg	6ba85512ab67	raytracer	-O0	12691.5
2026-07-19T06:21:56Z	borg	6ba85512ab67	raytracer	-O2	7179.2
2026-07-19T06:21:56Z	borg	6ba85512ab67	raytracer	-O3	7229.4
2026-07-19T06:21:56Z	borg	6ba85512ab67	raytracer-p	-O0	364.6
2026-07-19T06:21:56Z	borg	6ba85512ab67	raytracer-p	-O2	364.8
2026-07-19T06:21:56Z	borg	6ba85512ab67	raytracer-p	-O3	314.5
2026-07-19T06:21:56Z	borg	6ba85512ab67	raytracer-p	fpc	31.9
2026-07-19T06:21:56Z	borg	6ba85512ab67	sieve	-O0	114.0
2026-07-19T06:21:56Z	borg	6ba85512ab67	sieve	-O2	114.0
2026-07-19T06:21:56Z	borg	6ba85512ab67	sieve	-O3	114.0
2026-07-19T06:21:56Z	borg	6ba85512ab67	sieve	fpc	63.9
2026-07-19T06:21:56Z	borg	6ba85512ab67	nbody	-O0	665.2
2026-07-19T06:21:56Z	borg	6ba85512ab67	nbody	-O2	615.0
2026-07-19T06:21:56Z	borg	6ba85512ab67	nbody	-O3	364.5
2026-07-19T06:21:56Z	borg	6ba85512ab67	nbody	fpc	114.1
2026-07-19T06:21:56Z	borg	6ba85512ab67	fib	-O0	264.4
2026-07-19T06:21:56Z	borg	6ba85512ab67	fib	-O2	164.2
2026-07-19T06:21:56Z	borg	6ba85512ab67	fib	-O3	114.0
2026-07-19T06:21:56Z	borg	6ba85512ab67	fib	fpc	114.3
2026-07-19T06:21:56Z	borg	6ba85512ab67	selfcompile	-O0	8130.8
2026-07-19T06:21:56Z	borg	6ba85512ab67	selfcompile	-O2	6627.2
2026-07-19T06:21:56Z	borg	6ba85512ab67	selfcompile	-O3	7028.5
2026-07-19T06:21:56Z	borg	6ba85512ab67	selfcompile	fpc	3771.8
2026-07-19T07:01:49Z	borg	27b4fd840f7a	mandelbrot	-O0	1416.8
2026-07-19T07:01:49Z	borg	27b4fd840f7a	mandelbrot	-O2	1416.7
2026-07-19T07:01:49Z	borg	27b4fd840f7a	mandelbrot	-O3	665.5
2026-07-19T07:01:49Z	borg	27b4fd840f7a	mandelbrot-p	-O0	1416.7
2026-07-19T07:01:49Z	borg	27b4fd840f7a	mandelbrot-p	-O2	1366.5
2026-07-19T07:01:49Z	borg	27b4fd840f7a	mandelbrot-p	-O3	665.0
2026-07-19T07:01:49Z	borg	27b4fd840f7a	mandelbrot-p	fpc	414.8
2026-07-19T07:01:49Z	borg	27b4fd840f7a	raytracer	-O0	12138.6
2026-07-19T07:01:49Z	borg	27b4fd840f7a	raytracer	-O2	7029.5
2026-07-19T07:01:49Z	borg	27b4fd840f7a	raytracer	-O3	7178.2
2026-07-19T07:01:49Z	borg	27b4fd840f7a	raytracer-p	-O0	364.6
2026-07-19T07:01:49Z	borg	27b4fd840f7a	raytracer-p	-O2	364.5
2026-07-19T07:01:49Z	borg	27b4fd840f7a	raytracer-p	-O3	316.4
2026-07-19T07:01:49Z	borg	27b4fd840f7a	raytracer-p	fpc	31.8
2026-07-19T07:01:49Z	borg	27b4fd840f7a	sieve	-O0	114.1
2026-07-19T07:01:49Z	borg	27b4fd840f7a	sieve	-O2	114.1
2026-07-19T07:01:49Z	borg	27b4fd840f7a	sieve	-O3	114.0
2026-07-19T07:01:49Z	borg	27b4fd840f7a	sieve	fpc	64.0
2026-07-19T07:01:49Z	borg	27b4fd840f7a	nbody	-O0	665.3
2026-07-19T07:01:49Z	borg	27b4fd840f7a	nbody	-O2	615.2
2026-07-19T07:01:49Z	borg	27b4fd840f7a	nbody	-O3	364.7
2026-07-19T07:01:49Z	borg	27b4fd840f7a	nbody	fpc	114.0
2026-07-19T07:01:49Z	borg	27b4fd840f7a	fib	-O0	264.4
2026-07-19T07:01:49Z	borg	27b4fd840f7a	fib	-O2	164.1
2026-07-19T07:01:49Z	borg	27b4fd840f7a	fib	-O3	114.6
2026-07-19T07:01:49Z	borg	27b4fd840f7a	fib	fpc	114.0
2026-07-19T07:01:49Z	borg	27b4fd840f7a	selfcompile	-O0	7729.4
2026-07-19T07:01:49Z	borg	27b4fd840f7a	selfcompile	-O2	6276.8
2026-07-19T07:01:49Z	borg	27b4fd840f7a	selfcompile	-O3	5975.7
2026-07-19T07:01:49Z	borg	27b4fd840f7a	selfcompile	fpc	3471.9
2026-07-19T09:37:48Z	borg	0178c3622bd7	mandelbrot	-O0	1416.6
2026-07-19T09:37:48Z	borg	0178c3622bd7	mandelbrot	-O2	1416.9
2026-07-19T09:37:48Z	borg	0178c3622bd7	mandelbrot	-O3	664.9
2026-07-19T09:37:48Z	borg	0178c3622bd7	mandelbrot-p	-O0	1366.8
2026-07-19T09:37:48Z	borg	0178c3622bd7	mandelbrot-p	-O2	1366.5
2026-07-19T09:37:48Z	borg	0178c3622bd7	mandelbrot-p	-O3	665.1
2026-07-19T09:37:48Z	borg	0178c3622bd7	mandelbrot-p	fpc	364.4
2026-07-19T09:37:48Z	borg	0178c3622bd7	raytracer	-O0	12539.8
2026-07-19T09:37:48Z	borg	0178c3622bd7	raytracer	-O2	6876.3
2026-07-19T09:37:48Z	borg	0178c3622bd7	raytracer	-O3	7028.7
2026-07-19T09:37:48Z	borg	0178c3622bd7	raytracer-p	-O0	364.3
2026-07-19T09:37:48Z	borg	0178c3622bd7	raytracer-p	-O2	314.4
2026-07-19T09:37:48Z	borg	0178c3622bd7	raytracer-p	-O3	314.4
2026-07-19T09:37:48Z	borg	0178c3622bd7	raytracer-p	fpc	31.8
2026-07-19T09:37:48Z	borg	0178c3622bd7	sieve	-O0	114.0
2026-07-19T09:37:48Z	borg	0178c3622bd7	sieve	-O2	63.9
2026-07-19T09:37:48Z	borg	0178c3622bd7	sieve	-O3	63.9
2026-07-19T09:37:48Z	borg	0178c3622bd7	sieve	fpc	31.6
2026-07-19T09:37:48Z	borg	0178c3622bd7	nbody	-O0	664.8
2026-07-19T09:37:48Z	borg	0178c3622bd7	nbody	-O2	565.0
2026-07-19T09:37:48Z	borg	0178c3622bd7	nbody	-O3	364.6
2026-07-19T09:37:48Z	borg	0178c3622bd7	nbody	fpc	63.9
2026-07-19T09:37:48Z	borg	0178c3622bd7	fib	-O0	314.6
2026-07-19T09:37:48Z	borg	0178c3622bd7	fib	-O2	164.0
2026-07-19T09:37:48Z	borg	0178c3622bd7	fib	-O3	114.0
2026-07-19T09:37:48Z	borg	0178c3622bd7	fib	fpc	114.1
2026-07-19T09:37:48Z	borg	0178c3622bd7	selfcompile	-O0	7879.3
2026-07-19T09:37:48Z	borg	0178c3622bd7	selfcompile	-O2	6175.7
2026-07-19T09:37:48Z	borg	0178c3622bd7	selfcompile	-O3	6126.8
2026-07-19T09:37:48Z	borg	0178c3622bd7	selfcompile	fpc	3271.1
2026-07-19T11:33:05Z	borg	bce307bbfb00	mandelbrot	-O0	1416.9
2026-07-19T11:33:05Z	borg	bce307bbfb00	mandelbrot	-O2	1416.6
2026-07-19T11:33:05Z	borg	bce307bbfb00	mandelbrot	-O3	665.2
2026-07-19T11:33:05Z	borg	bce307bbfb00	mandelbrot-p	-O0	1416.5
2026-07-19T11:33:05Z	borg	bce307bbfb00	mandelbrot-p	-O2	1366.3
2026-07-19T11:33:05Z	borg	bce307bbfb00	mandelbrot-p	-O3	665.1
2026-07-19T11:33:05Z	borg	bce307bbfb00	mandelbrot-p	fpc	364.6
2026-07-19T11:33:05Z	borg	bce307bbfb00	raytracer	-O0	12438.1
2026-07-19T11:33:05Z	borg	bce307bbfb00	raytracer	-O2	7028.3
2026-07-19T11:33:05Z	borg	bce307bbfb00	raytracer	-O3	6877.6
2026-07-19T11:33:05Z	borg	bce307bbfb00	raytracer-p	-O0	364.7
2026-07-19T11:33:05Z	borg	bce307bbfb00	raytracer-p	-O2	365.2
2026-07-19T11:33:05Z	borg	bce307bbfb00	raytracer-p	-O3	315.6
2026-07-19T11:33:05Z	borg	bce307bbfb00	raytracer-p	fpc	31.8
2026-07-19T11:33:05Z	borg	bce307bbfb00	sieve	-O0	114.0
2026-07-19T11:33:05Z	borg	bce307bbfb00	sieve	-O2	114.0
2026-07-19T11:33:05Z	borg	bce307bbfb00	sieve	-O3	114.0
2026-07-19T11:33:05Z	borg	bce307bbfb00	sieve	fpc	31.9
2026-07-19T11:33:05Z	borg	bce307bbfb00	nbody	-O0	665.1
2026-07-19T11:33:05Z	borg	bce307bbfb00	nbody	-O2	614.9
2026-07-19T11:33:05Z	borg	bce307bbfb00	nbody	-O3	364.4
2026-07-19T11:33:05Z	borg	bce307bbfb00	nbody	fpc	114.0
2026-07-19T11:33:05Z	borg	bce307bbfb00	fib	-O0	264.3
2026-07-19T11:33:05Z	borg	bce307bbfb00	fib	-O2	164.1
2026-07-19T11:33:05Z	borg	bce307bbfb00	fib	-O3	114.2
2026-07-19T11:33:05Z	borg	bce307bbfb00	fib	fpc	114.1
2026-07-19T11:33:05Z	borg	bce307bbfb00	selfcompile	-O0	8130.8
2026-07-19T11:33:05Z	borg	bce307bbfb00	selfcompile	-O2	6026.2
2026-07-19T11:33:05Z	borg	bce307bbfb00	selfcompile	-O3	5976.7
2026-07-19T11:33:05Z	borg	bce307bbfb00	selfcompile	fpc	3521.3
2026-07-19T12:04:36Z	borg	e6701a685348	mandelbrot	-O0	1416.9
2026-07-19T12:04:36Z	borg	e6701a685348	mandelbrot	-O2	1416.6
2026-07-19T12:04:36Z	borg	e6701a685348	mandelbrot	-O3	715.3
2026-07-19T12:04:36Z	borg	e6701a685348	mandelbrot-p	-O0	1416.7
2026-07-19T12:04:36Z	borg	e6701a685348	mandelbrot-p	-O2	1466.9
2026-07-19T12:04:36Z	borg	e6701a685348	mandelbrot-p	-O3	715.9
2026-07-19T12:04:36Z	borg	e6701a685348	mandelbrot-p	fpc	364.9
2026-07-19T12:04:36Z	borg	e6701a685348	raytracer	-O0	12892.0
2026-07-19T12:04:36Z	borg	e6701a685348	raytracer	-O2	8380.4
2026-07-19T12:04:36Z	borg	e6701a685348	raytracer	-O3	7278.5
2026-07-19T12:04:36Z	borg	e6701a685348	raytracer-p	-O0	364.6
2026-07-19T12:04:36Z	borg	e6701a685348	raytracer-p	-O2	364.6
2026-07-19T12:04:36Z	borg	e6701a685348	raytracer-p	-O3	314.6
2026-07-19T12:04:36Z	borg	e6701a685348	raytracer-p	fpc	31.9
2026-07-19T12:04:36Z	borg	e6701a685348	sieve	-O0	114.1
2026-07-19T12:04:36Z	borg	e6701a685348	sieve	-O2	114.1
2026-07-19T12:04:36Z	borg	e6701a685348	sieve	-O3	114.0
2026-07-19T12:04:36Z	borg	e6701a685348	sieve	fpc	31.9
2026-07-19T12:04:36Z	borg	e6701a685348	nbody	-O0	665.0
2026-07-19T12:04:36Z	borg	e6701a685348	nbody	-O2	614.9
2026-07-19T12:04:36Z	borg	e6701a685348	nbody	-O3	364.6
2026-07-19T12:04:36Z	borg	e6701a685348	nbody	fpc	114.1
2026-07-19T12:04:36Z	borg	e6701a685348	fib	-O0	264.4
2026-07-19T12:04:36Z	borg	e6701a685348	fib	-O2	164.2
2026-07-19T12:04:36Z	borg	e6701a685348	fib	-O3	114.0
2026-07-19T12:04:36Z	borg	e6701a685348	fib	fpc	114.0
2026-07-19T12:04:36Z	borg	e6701a685348	selfcompile	-O0	7680.2
2026-07-19T12:04:36Z	borg	e6701a685348	selfcompile	-O2	6227.5
2026-07-19T12:04:36Z	borg	e6701a685348	selfcompile	-O3	7279.9
2026-07-19T12:04:36Z	borg	e6701a685348	selfcompile	fpc	4172.7
2026-07-19T13:28:53Z	borg	60fca8550d18	mandelbrot	-O0	1316.7
2026-07-19T13:28:53Z	borg	60fca8550d18	mandelbrot	-O2	1316.6
2026-07-19T13:28:53Z	borg	60fca8550d18	mandelbrot	-O3	615.0
2026-07-19T13:28:53Z	borg	60fca8550d18	mandelbrot-p	-O0	1316.5
2026-07-19T13:28:53Z	borg	60fca8550d18	mandelbrot-p	-O2	1266.5
2026-07-19T13:28:53Z	borg	60fca8550d18	mandelbrot-p	-O3	615.1
2026-07-19T13:28:53Z	borg	60fca8550d18	mandelbrot-p	fpc	314.3
2026-07-19T13:28:53Z	borg	60fca8550d18	raytracer	-O0	11434.7
2026-07-19T13:28:53Z	borg	60fca8550d18	raytracer	-O2	6627.0
2026-07-19T13:28:53Z	borg	60fca8550d18	raytracer	-O3	6476.9
2026-07-19T13:28:53Z	borg	60fca8550d18	raytracer-p	-O0	314.4
2026-07-19T13:28:53Z	borg	60fca8550d18	raytracer-p	-O2	314.6
2026-07-19T13:28:53Z	borg	60fca8550d18	raytracer-p	-O3	264.3
2026-07-19T13:28:53Z	borg	60fca8550d18	raytracer-p	fpc	31.8
2026-07-19T13:28:53Z	borg	60fca8550d18	sieve	-O0	114.0
2026-07-19T13:28:53Z	borg	60fca8550d18	sieve	-O2	64.0
2026-07-19T13:28:53Z	borg	60fca8550d18	sieve	-O3	63.9
2026-07-19T13:28:53Z	borg	60fca8550d18	sieve	fpc	31.7
2026-07-19T13:28:53Z	borg	60fca8550d18	nbody	-O0	615.2
2026-07-19T13:28:53Z	borg	60fca8550d18	nbody	-O2	564.9
2026-07-19T13:28:53Z	borg	60fca8550d18	nbody	-O3	365.8
2026-07-19T13:28:53Z	borg	60fca8550d18	nbody	fpc	64.0
2026-07-19T13:28:53Z	borg	60fca8550d18	fib	-O0	264.4
2026-07-19T13:28:53Z	borg	60fca8550d18	fib	-O2	164.3
2026-07-19T13:28:53Z	borg	60fca8550d18	fib	-O3	114.1
2026-07-19T13:28:53Z	borg	60fca8550d18	fib	fpc	114.0
2026-07-19T13:28:53Z	borg	60fca8550d18	selfcompile	-O0	6980.3
2026-07-19T13:28:53Z	borg	60fca8550d18	selfcompile	-O2	5576.5
2026-07-19T13:28:53Z	borg	60fca8550d18	selfcompile	-O3	5476.4
2026-07-19T13:28:53Z	borg	60fca8550d18	selfcompile	fpc	3020.5
2026-07-19T15:50:39Z	borg	69f7bda93ac4	mandelbrot	-O0	2122.0
2026-07-19T15:50:39Z	borg	69f7bda93ac4	mandelbrot	-O2	2126.6
2026-07-19T15:50:39Z	borg	69f7bda93ac4	mandelbrot	-O3	920.4
2026-07-19T15:50:39Z	borg	69f7bda93ac4	mandelbrot-p	-O0	1828.4
2026-07-19T15:50:39Z	borg	69f7bda93ac4	mandelbrot-p	-O2	1722.4
2026-07-19T15:50:39Z	borg	69f7bda93ac4	mandelbrot-p	-O3	715.7
2026-07-19T15:50:39Z	borg	69f7bda93ac4	mandelbrot-p	fpc	364.5
2026-07-19T15:50:39Z	borg	69f7bda93ac4	raytracer	-O0	14149.7
2026-07-19T15:50:39Z	borg	69f7bda93ac4	raytracer	-O2	9253.4
2026-07-19T15:50:39Z	borg	69f7bda93ac4	raytracer	-O3	8735.6
2026-07-19T15:50:39Z	borg	69f7bda93ac4	raytracer-p	-O0	365.6
2026-07-19T15:50:39Z	borg	69f7bda93ac4	raytracer-p	-O2	364.6
2026-07-19T15:50:39Z	borg	69f7bda93ac4	raytracer-p	-O3	364.7
2026-07-19T15:50:39Z	borg	69f7bda93ac4	raytracer-p	fpc	64.0
2026-07-19T15:50:39Z	borg	69f7bda93ac4	sieve	-O0	114.1
2026-07-19T15:50:39Z	borg	69f7bda93ac4	sieve	-O2	64.1
2026-07-19T15:50:39Z	borg	69f7bda93ac4	sieve	-O3	113.9
2026-07-19T15:50:39Z	borg	69f7bda93ac4	sieve	fpc	64.0
2026-07-19T15:50:39Z	borg	69f7bda93ac4	nbody	-O0	765.3
2026-07-19T15:50:39Z	borg	69f7bda93ac4	nbody	-O2	616.1
2026-07-19T15:50:39Z	borg	69f7bda93ac4	nbody	-O3	414.6
2026-07-19T15:50:39Z	borg	69f7bda93ac4	nbody	fpc	114.0
2026-07-19T15:50:39Z	borg	69f7bda93ac4	fib	-O0	314.8
2026-07-19T15:50:39Z	borg	69f7bda93ac4	fib	-O2	214.2
2026-07-19T15:50:39Z	borg	69f7bda93ac4	fib	-O3	170.3
2026-07-19T15:50:39Z	borg	69f7bda93ac4	fib	fpc	114.2
2026-07-19T15:50:39Z	borg	69f7bda93ac4	selfcompile	-O0	9235.5
2026-07-19T15:50:39Z	borg	69f7bda93ac4	selfcompile	-O2	6376.7
2026-07-19T15:50:39Z	borg	69f7bda93ac4	selfcompile	-O3	11806.3
2026-07-19T15:50:39Z	borg	69f7bda93ac4	selfcompile	fpc	4936.7
2026-07-20T03:28:12Z	borg	3d46e52fc733	mandelbrot	-O0	1316.6
2026-07-20T03:28:12Z	borg	3d46e52fc733	mandelbrot	-O2	1316.0
2026-07-20T03:28:12Z	borg	3d46e52fc733	mandelbrot	-O3	615.1
2026-07-20T03:28:12Z	borg	3d46e52fc733	mandelbrot-p	-O0	1316.5
2026-07-20T03:28:12Z	borg	3d46e52fc733	mandelbrot-p	-O2	1265.7
2026-07-20T03:28:12Z	borg	3d46e52fc733	mandelbrot-p	-O3	615.2
2026-07-20T03:28:12Z	borg	3d46e52fc733	mandelbrot-p	fpc	314.5
2026-07-20T03:28:12Z	borg	3d46e52fc733	raytracer	-O0	11086.6
2026-07-20T03:28:12Z	borg	3d46e52fc733	raytracer	-O2	6376.2
2026-07-20T03:28:12Z	borg	3d46e52fc733	raytracer	-O3	6273.7
2026-07-20T03:28:12Z	borg	3d46e52fc733	raytracer-p	-O0	314.4
2026-07-20T03:28:12Z	borg	3d46e52fc733	raytracer-p	-O2	314.4
2026-07-20T03:28:12Z	borg	3d46e52fc733	raytracer-p	-O3	264.4
2026-07-20T03:28:12Z	borg	3d46e52fc733	raytracer-p	fpc	31.9
2026-07-20T03:28:12Z	borg	3d46e52fc733	sieve	-O0	114.0
2026-07-20T03:28:12Z	borg	3d46e52fc733	sieve	-O2	63.8
2026-07-20T03:28:12Z	borg	3d46e52fc733	sieve	-O3	63.9
2026-07-20T03:28:12Z	borg	3d46e52fc733	sieve	fpc	31.8
2026-07-20T03:28:12Z	borg	3d46e52fc733	nbody	-O0	615.2
2026-07-20T03:28:12Z	borg	3d46e52fc733	nbody	-O2	565.0
2026-07-20T03:28:12Z	borg	3d46e52fc733	nbody	-O3	314.5
2026-07-20T03:28:12Z	borg	3d46e52fc733	nbody	fpc	63.9
2026-07-20T03:28:12Z	borg	3d46e52fc733	fib	-O0	264.3
2026-07-20T03:28:12Z	borg	3d46e52fc733	fib	-O2	164.3
2026-07-20T03:28:12Z	borg	3d46e52fc733	fib	-O3	114.1
2026-07-20T03:28:12Z	borg	3d46e52fc733	fib	fpc	114.0
2026-07-20T03:28:12Z	borg	3d46e52fc733	selfcompile	-O0	7180.9
2026-07-20T03:28:12Z	borg	3d46e52fc733	selfcompile	-O2	5577.2
2026-07-20T03:28:12Z	borg	3d46e52fc733	selfcompile	-O3	5527.1
2026-07-20T03:28:12Z	borg	3d46e52fc733	selfcompile	fpc	3071.7
2026-07-20T08:36:40Z	borg	2b47f3662bb8	mandelbrot	-O0	1367.0
2026-07-20T08:36:40Z	borg	2b47f3662bb8	mandelbrot	-O2	1366.7
2026-07-20T08:36:40Z	borg	2b47f3662bb8	mandelbrot	-O3	665.1
2026-07-20T08:36:40Z	borg	2b47f3662bb8	mandelbrot-p	-O0	1366.7
2026-07-20T08:36:40Z	borg	2b47f3662bb8	mandelbrot-p	-O2	1366.6
2026-07-20T08:36:40Z	borg	2b47f3662bb8	mandelbrot-p	-O3	665.3
2026-07-20T08:36:40Z	borg	2b47f3662bb8	mandelbrot-p	fpc	364.5
2026-07-20T08:36:40Z	borg	2b47f3662bb8	raytracer	-O0	12389.4
2026-07-20T08:36:40Z	borg	2b47f3662bb8	raytracer	-O2	7427.9
2026-07-20T08:36:40Z	borg	2b47f3662bb8	raytracer	-O3	7478.8
2026-07-20T08:36:40Z	borg	2b47f3662bb8	raytracer-p	-O0	364.8
2026-07-20T08:36:40Z	borg	2b47f3662bb8	raytracer-p	-O2	365.7
2026-07-20T08:36:40Z	borg	2b47f3662bb8	raytracer-p	-O3	364.6
2026-07-20T08:36:40Z	borg	2b47f3662bb8	raytracer-p	fpc	63.9
2026-07-20T08:36:40Z	borg	2b47f3662bb8	sieve	-O0	113.9
2026-07-20T08:36:40Z	borg	2b47f3662bb8	sieve	-O2	114.0
2026-07-20T08:36:40Z	borg	2b47f3662bb8	sieve	-O3	115.2
2026-07-20T08:36:40Z	borg	2b47f3662bb8	sieve	fpc	63.9
2026-07-20T08:36:40Z	borg	2b47f3662bb8	nbody	-O0	665.2
2026-07-20T08:36:40Z	borg	2b47f3662bb8	nbody	-O2	615.3
2026-07-20T08:36:40Z	borg	2b47f3662bb8	nbody	-O3	364.5
2026-07-20T08:36:40Z	borg	2b47f3662bb8	nbody	fpc	114.0
2026-07-20T08:36:40Z	borg	2b47f3662bb8	fib	-O0	264.4
2026-07-20T08:36:40Z	borg	2b47f3662bb8	fib	-O2	164.3
2026-07-20T08:36:40Z	borg	2b47f3662bb8	fib	-O3	114.0
2026-07-20T08:36:40Z	borg	2b47f3662bb8	fib	fpc	114.0
2026-07-20T08:36:40Z	borg	2b47f3662bb8	selfcompile	-O0	8731.3
2026-07-20T08:36:40Z	borg	2b47f3662bb8	selfcompile	-O2	6877.9
2026-07-20T08:36:40Z	borg	2b47f3662bb8	selfcompile	-O3	6677.7
2026-07-20T08:36:40Z	borg	2b47f3662bb8	selfcompile	fpc	3722.0
2026-07-20T09:22:08Z	borg	67e8862259aa	mandelbrot	-O0	1366.3
2026-07-20T09:22:08Z	borg	67e8862259aa	mandelbrot	-O2	1316.0
2026-07-20T09:22:08Z	borg	67e8862259aa	mandelbrot	-O3	665.1
2026-07-20T09:22:08Z	borg	67e8862259aa	mandelbrot-p	-O0	1366.9
2026-07-20T09:22:08Z	borg	67e8862259aa	mandelbrot-p	-O2	1316.9
2026-07-20T09:22:08Z	borg	67e8862259aa	mandelbrot-p	-O3	665.2
2026-07-20T09:22:08Z	borg	67e8862259aa	mandelbrot-p	fpc	317.3
2026-07-20T09:22:08Z	borg	67e8862259aa	raytracer	-O0	11690.3
2026-07-20T09:22:08Z	borg	67e8862259aa	raytracer	-O2	6928.3
2026-07-20T09:22:08Z	borg	67e8862259aa	raytracer	-O3	7078.8
2026-07-20T09:22:08Z	borg	67e8862259aa	raytracer-p	-O0	364.3
2026-07-20T09:22:08Z	borg	67e8862259aa	raytracer-p	-O2	364.5
2026-07-20T09:22:08Z	borg	67e8862259aa	raytracer-p	-O3	314.5
2026-07-20T09:22:08Z	borg	67e8862259aa	raytracer-p	fpc	31.7
2026-07-20T09:22:08Z	borg	67e8862259aa	sieve	-O0	114.1
2026-07-20T09:22:08Z	borg	67e8862259aa	sieve	-O2	64.0
2026-07-20T09:22:08Z	borg	67e8862259aa	sieve	-O3	114.1
2026-07-20T09:22:08Z	borg	67e8862259aa	sieve	fpc	31.8
2026-07-20T09:22:08Z	borg	67e8862259aa	nbody	-O0	615.3
2026-07-20T09:22:08Z	borg	67e8862259aa	nbody	-O2	565.0
2026-07-20T09:22:08Z	borg	67e8862259aa	nbody	-O3	364.7
2026-07-20T09:22:08Z	borg	67e8862259aa	nbody	fpc	64.0
2026-07-20T09:22:08Z	borg	67e8862259aa	fib	-O0	264.2
2026-07-20T09:22:08Z	borg	67e8862259aa	fib	-O2	164.3
2026-07-20T09:22:08Z	borg	67e8862259aa	fib	-O3	114.2
2026-07-20T09:22:08Z	borg	67e8862259aa	fib	fpc	114.1
2026-07-20T09:22:08Z	borg	67e8862259aa	selfcompile	-O0	7680.0
2026-07-20T09:22:08Z	borg	67e8862259aa	selfcompile	-O2	6077.4
2026-07-20T09:22:08Z	borg	67e8862259aa	selfcompile	-O3	6027.5
2026-07-20T11:49:45Z	borg	ec7cdabea3a9	mandelbrot	-O0	1316.7
2026-07-20T11:49:45Z	borg	ec7cdabea3a9	mandelbrot	-O2	1316.7
2026-07-20T11:49:45Z	borg	ec7cdabea3a9	mandelbrot	-O3	615.0
2026-07-20T11:49:45Z	borg	ec7cdabea3a9	mandelbrot-p	-O0	1316.6
2026-07-20T11:49:45Z	borg	ec7cdabea3a9	mandelbrot-p	-O2	1316.6
2026-07-20T11:49:45Z	borg	ec7cdabea3a9	mandelbrot-p	-O3	665.2
2026-07-20T11:49:45Z	borg	ec7cdabea3a9	mandelbrot-p	fpc	314.5
2026-07-20T11:49:45Z	borg	ec7cdabea3a9	raytracer	-O0	11487.5
2026-07-20T11:49:45Z	borg	ec7cdabea3a9	raytracer	-O2	6677.0
2026-07-20T11:49:45Z	borg	ec7cdabea3a9	raytracer	-O3	6476.5
2026-07-20T11:49:45Z	borg	ec7cdabea3a9	raytracer-p	-O0	314.5
2026-07-20T11:49:45Z	borg	ec7cdabea3a9	raytracer-p	-O2	314.5
2026-07-20T11:49:45Z	borg	ec7cdabea3a9	raytracer-p	-O3	264.5
2026-07-20T11:49:45Z	borg	ec7cdabea3a9	raytracer-p	fpc	31.8
2026-07-20T11:49:45Z	borg	ec7cdabea3a9	sieve	-O0	113.9
2026-07-20T11:49:45Z	borg	ec7cdabea3a9	sieve	-O2	64.0
2026-07-20T11:49:45Z	borg	ec7cdabea3a9	sieve	-O3	63.9
2026-07-20T11:49:45Z	borg	ec7cdabea3a9	sieve	fpc	31.7
2026-07-20T11:49:45Z	borg	ec7cdabea3a9	nbody	-O0	615.0
2026-07-20T11:49:45Z	borg	ec7cdabea3a9	nbody	-O2	565.0
2026-07-20T11:49:45Z	borg	ec7cdabea3a9	nbody	-O3	314.7
2026-07-20T11:49:45Z	borg	ec7cdabea3a9	nbody	fpc	64.0
2026-07-20T11:49:45Z	borg	ec7cdabea3a9	fib	-O0	264.2
2026-07-20T11:49:45Z	borg	ec7cdabea3a9	fib	-O2	164.1
2026-07-20T11:49:45Z	borg	ec7cdabea3a9	fib	-O3	114.0
2026-07-20T11:49:45Z	borg	ec7cdabea3a9	fib	fpc	114.0
2026-07-20T11:49:45Z	borg	ec7cdabea3a9	selfcompile	-O0	7577.8
2026-07-20T11:49:45Z	borg	ec7cdabea3a9	selfcompile	-O2	5877.5
2026-07-20T11:49:45Z	borg	ec7cdabea3a9	selfcompile	-O3	5826.9
2026-07-20T14:14:16Z	borg	ce1b91a7731e	mandelbrot	-O0	1417.3
2026-07-20T14:14:16Z	borg	ce1b91a7731e	mandelbrot	-O2	1416.8
2026-07-20T14:14:16Z	borg	ce1b91a7731e	mandelbrot	-O3	715.3
2026-07-20T14:14:16Z	borg	ce1b91a7731e	mandelbrot-p	-O0	1416.8
2026-07-20T14:14:16Z	borg	ce1b91a7731e	mandelbrot-p	-O2	1416.8
2026-07-20T14:14:16Z	borg	ce1b91a7731e	mandelbrot-p	-O3	715.4
2026-07-20T14:14:16Z	borg	ce1b91a7731e	mandelbrot-p	fpc	365.7
2026-07-20T14:14:16Z	borg	ce1b91a7731e	raytracer	-O0	12188.8
2026-07-20T14:14:16Z	borg	ce1b91a7731e	raytracer	-O2	7128.8
2026-07-20T14:14:16Z	borg	ce1b91a7731e	raytracer	-O3	6878.8
2026-07-20T14:14:16Z	borg	ce1b91a7731e	raytracer-p	-O0	364.7
2026-07-20T14:14:16Z	borg	ce1b91a7731e	raytracer-p	-O2	364.6
2026-07-20T14:14:16Z	borg	ce1b91a7731e	raytracer-p	-O3	314.5
2026-07-20T14:14:16Z	borg	ce1b91a7731e	raytracer-p	fpc	31.6
2026-07-20T14:14:16Z	borg	ce1b91a7731e	sieve	-O0	113.9
2026-07-20T14:14:16Z	borg	ce1b91a7731e	sieve	-O2	114.0
2026-07-20T14:14:16Z	borg	ce1b91a7731e	sieve	-O3	114.0
2026-07-20T14:14:16Z	borg	ce1b91a7731e	sieve	fpc	32.0
2026-07-20T14:14:16Z	borg	ce1b91a7731e	nbody	-O0	665.3
2026-07-20T14:14:16Z	borg	ce1b91a7731e	nbody	-O2	615.1
2026-07-20T14:14:16Z	borg	ce1b91a7731e	nbody	-O3	364.5
2026-07-20T14:14:16Z	borg	ce1b91a7731e	nbody	fpc	114.1
2026-07-20T14:14:16Z	borg	ce1b91a7731e	fib	-O0	264.3
2026-07-20T14:14:16Z	borg	ce1b91a7731e	fib	-O2	214.4
2026-07-20T14:14:16Z	borg	ce1b91a7731e	fib	-O3	114.1
2026-07-20T14:14:16Z	borg	ce1b91a7731e	fib	fpc	114.0
2026-07-20T14:14:16Z	borg	ce1b91a7731e	selfcompile	-O0	8632.2
2026-07-20T14:14:16Z	borg	ce1b91a7731e	selfcompile	-O2	6377.0
2026-07-20T14:14:16Z	borg	ce1b91a7731e	selfcompile	-O3	6377.1
2026-07-20T14:55:31Z	borg	0e26bd30abed	mandelbrot	-O0	1417.0
2026-07-20T14:55:31Z	borg	0e26bd30abed	mandelbrot	-O2	1416.7
2026-07-20T14:55:31Z	borg	0e26bd30abed	mandelbrot	-O3	665.4
2026-07-20T14:55:31Z	borg	0e26bd30abed	mandelbrot-p	-O0	1417.0
2026-07-20T14:55:31Z	borg	0e26bd30abed	mandelbrot-p	-O2	1366.6
2026-07-20T14:55:31Z	borg	0e26bd30abed	mandelbrot-p	-O3	665.2
2026-07-20T14:55:31Z	borg	0e26bd30abed	mandelbrot-p	fpc	365.8
2026-07-20T14:55:31Z	borg	0e26bd30abed	raytracer	-O0	11991.7
2026-07-20T14:55:31Z	borg	0e26bd30abed	raytracer	-O2	7078.2
2026-07-20T14:55:31Z	borg	0e26bd30abed	raytracer	-O3	6778.0
2026-07-20T14:55:31Z	borg	0e26bd30abed	raytracer-p	-O0	414.8
2026-07-20T14:55:31Z	borg	0e26bd30abed	raytracer-p	-O2	365.0
2026-07-20T14:55:31Z	borg	0e26bd30abed	raytracer-p	-O3	315.6
2026-07-20T14:55:31Z	borg	0e26bd30abed	raytracer-p	fpc	31.8
2026-07-20T14:55:31Z	borg	0e26bd30abed	sieve	-O0	114.0
2026-07-20T14:55:31Z	borg	0e26bd30abed	sieve	-O2	114.1
2026-07-20T14:55:31Z	borg	0e26bd30abed	sieve	-O3	114.0
2026-07-20T14:55:31Z	borg	0e26bd30abed	sieve	fpc	31.9
2026-07-20T14:55:31Z	borg	0e26bd30abed	nbody	-O0	665.1
2026-07-20T14:55:31Z	borg	0e26bd30abed	nbody	-O2	615.1
2026-07-20T14:55:31Z	borg	0e26bd30abed	nbody	-O3	364.6
2026-07-20T14:55:31Z	borg	0e26bd30abed	nbody	fpc	114.0
2026-07-20T14:55:31Z	borg	0e26bd30abed	fib	-O0	264.7
2026-07-20T14:55:31Z	borg	0e26bd30abed	fib	-O2	164.1
2026-07-20T14:55:31Z	borg	0e26bd30abed	fib	-O3	114.0
2026-07-20T14:55:31Z	borg	0e26bd30abed	fib	fpc	114.0
2026-07-20T14:55:31Z	borg	0e26bd30abed	selfcompile	-O0	8231.0
2026-07-20T14:55:31Z	borg	0e26bd30abed	selfcompile	-O2	6678.1
2026-07-20T14:55:31Z	borg	0e26bd30abed	selfcompile	-O3	6427.8
2026-07-20T16:01:57Z	borg	8d2cbfdf37c5	mandelbrot	-O0	1417.8
2026-07-20T16:01:57Z	borg	8d2cbfdf37c5	mandelbrot	-O2	1416.5
2026-07-20T16:01:57Z	borg	8d2cbfdf37c5	mandelbrot	-O3	715.3
2026-07-20T16:01:57Z	borg	8d2cbfdf37c5	mandelbrot-p	-O0	1566.9
2026-07-20T16:01:57Z	borg	8d2cbfdf37c5	mandelbrot-p	-O2	1518.2
2026-07-20T16:01:57Z	borg	8d2cbfdf37c5	mandelbrot-p	-O3	715.3
2026-07-20T16:01:57Z	borg	8d2cbfdf37c5	mandelbrot-p	fpc	364.4
2026-07-20T16:01:57Z	borg	8d2cbfdf37c5	raytracer	-O0	12239.5
2026-07-20T16:01:57Z	borg	8d2cbfdf37c5	raytracer	-O2	7028.4
2026-07-20T16:01:57Z	borg	8d2cbfdf37c5	raytracer	-O3	6978.2
2026-07-20T16:01:57Z	borg	8d2cbfdf37c5	raytracer-p	-O0	364.8
2026-07-20T16:01:57Z	borg	8d2cbfdf37c5	raytracer-p	-O2	364.6
2026-07-20T16:01:57Z	borg	8d2cbfdf37c5	raytracer-p	-O3	314.5
2026-07-20T16:01:57Z	borg	8d2cbfdf37c5	raytracer-p	fpc	31.8
2026-07-20T16:01:57Z	borg	8d2cbfdf37c5	sieve	-O0	114.0
2026-07-20T16:01:57Z	borg	8d2cbfdf37c5	sieve	-O2	114.0
2026-07-20T16:01:57Z	borg	8d2cbfdf37c5	sieve	-O3	114.1
2026-07-20T16:01:57Z	borg	8d2cbfdf37c5	sieve	fpc	31.9
2026-07-20T16:01:57Z	borg	8d2cbfdf37c5	nbody	-O0	665.3
2026-07-20T16:01:57Z	borg	8d2cbfdf37c5	nbody	-O2	615.1
2026-07-20T16:01:57Z	borg	8d2cbfdf37c5	nbody	-O3	364.6
2026-07-20T16:01:57Z	borg	8d2cbfdf37c5	nbody	fpc	114.0
2026-07-20T16:01:57Z	borg	8d2cbfdf37c5	fib	-O0	264.6
2026-07-20T16:01:57Z	borg	8d2cbfdf37c5	fib	-O2	164.0
2026-07-20T16:01:57Z	borg	8d2cbfdf37c5	fib	-O3	114.1
2026-07-20T16:01:57Z	borg	8d2cbfdf37c5	fib	fpc	114.0
2026-07-20T16:01:57Z	borg	8d2cbfdf37c5	selfcompile	-O0	8231.0
2026-07-20T16:01:57Z	borg	8d2cbfdf37c5	selfcompile	-O2	6527.0
2026-07-20T16:01:57Z	borg	8d2cbfdf37c5	selfcompile	-O3	6828.0
2026-07-20T17:42:54Z	borg	52f4df5dd504	mandelbrot	-O0	1468.0
2026-07-20T17:42:54Z	borg	52f4df5dd504	mandelbrot	-O2	1618.8
2026-07-20T17:42:54Z	borg	52f4df5dd504	mandelbrot	-O3	715.2
2026-07-20T17:42:54Z	borg	52f4df5dd504	mandelbrot-p	-O0	1466.9
2026-07-20T17:42:54Z	borg	52f4df5dd504	mandelbrot-p	-O2	1416.7
2026-07-20T17:42:54Z	borg	52f4df5dd504	mandelbrot-p	-O3	715.3
2026-07-20T17:42:54Z	borg	52f4df5dd504	mandelbrot-p	fpc	364.7
2026-07-20T17:42:54Z	borg	52f4df5dd504	raytracer	-O0	13347.4
2026-07-20T17:42:54Z	borg	52f4df5dd504	raytracer	-O2	7028.4
2026-07-20T17:42:54Z	borg	52f4df5dd504	raytracer	-O3	7584.2
2026-07-20T17:42:54Z	borg	52f4df5dd504	raytracer-p	-O0	364.6
2026-07-20T17:42:54Z	borg	52f4df5dd504	raytracer-p	-O2	364.7
2026-07-20T17:42:54Z	borg	52f4df5dd504	raytracer-p	-O3	314.5
2026-07-20T17:42:54Z	borg	52f4df5dd504	raytracer-p	fpc	31.8
2026-07-20T17:42:54Z	borg	52f4df5dd504	sieve	-O0	114.0
2026-07-20T17:42:54Z	borg	52f4df5dd504	sieve	-O2	114.0
2026-07-20T17:42:54Z	borg	52f4df5dd504	sieve	-O3	114.0
2026-07-20T17:42:54Z	borg	52f4df5dd504	sieve	fpc	63.9
2026-07-20T17:42:54Z	borg	52f4df5dd504	nbody	-O0	665.1
2026-07-20T17:42:54Z	borg	52f4df5dd504	nbody	-O2	615.1
2026-07-20T17:42:54Z	borg	52f4df5dd504	nbody	-O3	364.5
2026-07-20T17:42:54Z	borg	52f4df5dd504	nbody	fpc	115.3
2026-07-20T17:42:54Z	borg	52f4df5dd504	fib	-O0	314.6
2026-07-20T17:42:54Z	borg	52f4df5dd504	fib	-O2	164.2
2026-07-20T17:42:54Z	borg	52f4df5dd504	fib	-O3	114.1
2026-07-20T17:42:54Z	borg	52f4df5dd504	fib	fpc	114.1
2026-07-20T17:42:54Z	borg	52f4df5dd504	selfcompile	-O0	9331.9
2026-07-20T17:42:54Z	borg	52f4df5dd504	selfcompile	-O2	6978.1
2026-07-20T17:42:54Z	borg	52f4df5dd504	selfcompile	-O3	7178.2
2026-07-20T21:03:21Z	borg	244588252a2c	mandelbrot	-O0	1316.8
2026-07-20T21:03:21Z	borg	244588252a2c	mandelbrot	-O2	1316.6
2026-07-20T21:03:21Z	borg	244588252a2c	mandelbrot	-O3	615.0
2026-07-20T21:03:21Z	borg	244588252a2c	mandelbrot-p	-O0	1316.6
2026-07-20T21:03:21Z	borg	244588252a2c	mandelbrot-p	-O2	1266.4
2026-07-20T21:03:21Z	borg	244588252a2c	mandelbrot-p	-O3	615.0
2026-07-20T21:03:21Z	borg	244588252a2c	mandelbrot-p	fpc	314.6
2026-07-20T21:03:21Z	borg	244588252a2c	raytracer	-O0	11236.5
2026-07-20T21:03:21Z	borg	244588252a2c	raytracer	-O2	6625.9
2026-07-20T21:03:21Z	borg	244588252a2c	raytracer	-O3	6376.8
2026-07-20T21:03:21Z	borg	244588252a2c	raytracer-p	-O0	314.5
2026-07-20T21:03:21Z	borg	244588252a2c	raytracer-p	-O2	314.5
2026-07-20T21:03:21Z	borg	244588252a2c	raytracer-p	-O3	264.4
2026-07-20T21:03:21Z	borg	244588252a2c	raytracer-p	fpc	31.7
2026-07-20T21:03:21Z	borg	244588252a2c	sieve	-O0	114.0
2026-07-20T21:03:21Z	borg	244588252a2c	sieve	-O2	64.0
2026-07-20T21:03:21Z	borg	244588252a2c	sieve	-O3	64.0
2026-07-20T21:03:21Z	borg	244588252a2c	sieve	fpc	31.9
2026-07-20T21:03:21Z	borg	244588252a2c	nbody	-O0	615.2
2026-07-20T21:03:21Z	borg	244588252a2c	nbody	-O2	565.1
2026-07-20T21:03:21Z	borg	244588252a2c	nbody	-O3	314.5
2026-07-20T21:03:21Z	borg	244588252a2c	nbody	fpc	63.9
2026-07-20T21:03:21Z	borg	244588252a2c	fib	-O0	264.4
2026-07-20T21:03:21Z	borg	244588252a2c	fib	-O2	164.1
2026-07-20T21:03:21Z	borg	244588252a2c	fib	-O3	113.9
2026-07-20T21:03:21Z	borg	244588252a2c	fib	fpc	114.1
2026-07-20T21:03:21Z	borg	244588252a2c	selfcompile	-O0	7932.3
2026-07-20T21:03:21Z	borg	244588252a2c	selfcompile	-O2	6377.8
2026-07-20T21:03:21Z	borg	244588252a2c	selfcompile	-O3	6327.8
2026-07-21T00:38:03Z	borg	814f07ce8e1b	mandelbrot	-O0	1316.8
2026-07-21T00:38:03Z	borg	814f07ce8e1b	mandelbrot	-O2	1316.5
2026-07-21T00:38:03Z	borg	814f07ce8e1b	mandelbrot	-O3	665.4
2026-07-21T00:38:03Z	borg	814f07ce8e1b	mandelbrot-p	-O0	1316.8
2026-07-21T00:38:03Z	borg	814f07ce8e1b	mandelbrot-p	-O2	1316.9
2026-07-21T00:38:03Z	borg	814f07ce8e1b	mandelbrot-p	-O3	665.2
2026-07-21T00:38:03Z	borg	814f07ce8e1b	mandelbrot-p	fpc	314.7
2026-07-21T00:38:03Z	borg	814f07ce8e1b	raytracer	-O0	12189.8
2026-07-21T00:38:03Z	borg	814f07ce8e1b	raytracer	-O2	6629.0
2026-07-21T00:38:03Z	borg	814f07ce8e1b	raytracer	-O3	6578.2
2026-07-21T00:38:03Z	borg	814f07ce8e1b	raytracer-p	-O0	364.4
2026-07-21T00:38:03Z	borg	814f07ce8e1b	raytracer-p	-O2	314.7
2026-07-21T00:38:03Z	borg	814f07ce8e1b	raytracer-p	-O3	264.5
2026-07-21T00:38:03Z	borg	814f07ce8e1b	raytracer-p	fpc	31.9
2026-07-21T00:38:03Z	borg	814f07ce8e1b	sieve	-O0	114.0
2026-07-21T00:38:03Z	borg	814f07ce8e1b	sieve	-O2	64.0
2026-07-21T00:38:03Z	borg	814f07ce8e1b	sieve	-O3	114.1
2026-07-21T00:38:03Z	borg	814f07ce8e1b	sieve	fpc	31.9
2026-07-21T00:38:03Z	borg	814f07ce8e1b	nbody	-O0	615.1
2026-07-21T00:38:03Z	borg	814f07ce8e1b	nbody	-O2	565.1
2026-07-21T00:38:03Z	borg	814f07ce8e1b	nbody	-O3	364.6
2026-07-21T00:38:03Z	borg	814f07ce8e1b	nbody	fpc	114.1
2026-07-21T00:38:03Z	borg	814f07ce8e1b	fib	-O0	264.4
2026-07-21T00:38:03Z	borg	814f07ce8e1b	fib	-O2	164.2
2026-07-21T00:38:03Z	borg	814f07ce8e1b	fib	-O3	114.1
2026-07-21T00:38:03Z	borg	814f07ce8e1b	fib	fpc	114.0
2026-07-21T00:38:03Z	borg	814f07ce8e1b	selfcompile	-O0	8383.4
2026-07-21T00:38:03Z	borg	814f07ce8e1b	selfcompile	-O2	6677.6
2026-07-21T00:38:03Z	borg	814f07ce8e1b	selfcompile	-O3	6979.1
2026-07-21T02:47:08Z	borg	0a2d36eaf0f9	mandelbrot	-O0	1366.8
2026-07-21T02:47:08Z	borg	0a2d36eaf0f9	mandelbrot	-O2	1316.7
2026-07-21T02:47:08Z	borg	0a2d36eaf0f9	mandelbrot	-O3	665.2
2026-07-21T02:47:08Z	borg	0a2d36eaf0f9	mandelbrot-p	-O0	1366.8
2026-07-21T02:47:08Z	borg	0a2d36eaf0f9	mandelbrot-p	-O2	1366.7
2026-07-21T02:47:08Z	borg	0a2d36eaf0f9	mandelbrot-p	-O3	665.1
2026-07-21T02:47:08Z	borg	0a2d36eaf0f9	mandelbrot-p	fpc	364.8
2026-07-21T02:47:08Z	borg	0a2d36eaf0f9	raytracer	-O0	11589.7
2026-07-21T02:47:08Z	borg	0a2d36eaf0f9	raytracer	-O2	6728.8
2026-07-21T02:47:08Z	borg	0a2d36eaf0f9	raytracer	-O3	6628.1
2026-07-21T02:47:08Z	borg	0a2d36eaf0f9	raytracer-p	-O0	414.7
2026-07-21T02:47:08Z	borg	0a2d36eaf0f9	raytracer-p	-O2	364.6
2026-07-21T02:47:08Z	borg	0a2d36eaf0f9	raytracer-p	-O3	264.4
2026-07-21T02:47:08Z	borg	0a2d36eaf0f9	raytracer-p	fpc	31.9
2026-07-21T02:47:08Z	borg	0a2d36eaf0f9	sieve	-O0	114.1
2026-07-21T02:47:08Z	borg	0a2d36eaf0f9	sieve	-O2	63.9
2026-07-21T02:47:08Z	borg	0a2d36eaf0f9	sieve	-O3	64.1
2026-07-21T02:47:08Z	borg	0a2d36eaf0f9	sieve	fpc	64.0
2026-07-21T02:47:08Z	borg	0a2d36eaf0f9	nbody	-O0	665.2
2026-07-21T02:47:08Z	borg	0a2d36eaf0f9	nbody	-O2	616.0
2026-07-21T02:47:08Z	borg	0a2d36eaf0f9	nbody	-O3	364.4
2026-07-21T02:47:08Z	borg	0a2d36eaf0f9	nbody	fpc	64.1
2026-07-21T02:47:08Z	borg	0a2d36eaf0f9	fib	-O0	264.3
2026-07-21T02:47:08Z	borg	0a2d36eaf0f9	fib	-O2	164.1
2026-07-21T02:47:08Z	borg	0a2d36eaf0f9	fib	-O3	114.0
2026-07-21T02:47:08Z	borg	0a2d36eaf0f9	fib	fpc	114.1
2026-07-21T02:47:08Z	borg	0a2d36eaf0f9	selfcompile	-O0	9232.9
2026-07-21T02:47:08Z	borg	0a2d36eaf0f9	selfcompile	-O2	7179.7
2026-07-21T02:47:08Z	borg	0a2d36eaf0f9	selfcompile	-O3	7129.3
2026-07-21T04:45:00Z	borg	7515e6f4fb97	mandelbrot	-O0	1467.0
2026-07-21T04:45:00Z	borg	7515e6f4fb97	mandelbrot	-O2	1466.8
2026-07-21T04:45:00Z	borg	7515e6f4fb97	mandelbrot	-O3	715.4
2026-07-21T04:45:00Z	borg	7515e6f4fb97	mandelbrot-p	-O0	1516.8
2026-07-21T04:45:00Z	borg	7515e6f4fb97	mandelbrot-p	-O2	1467.2
2026-07-21T04:45:00Z	borg	7515e6f4fb97	mandelbrot-p	-O3	715.2
2026-07-21T04:45:00Z	borg	7515e6f4fb97	mandelbrot-p	fpc	365.1
2026-07-21T04:45:00Z	borg	7515e6f4fb97	raytracer	-O0	12589.1
2026-07-21T04:45:00Z	borg	7515e6f4fb97	raytracer	-O2	7728.9
2026-07-21T04:45:00Z	borg	7515e6f4fb97	raytracer	-O3	7480.1
2026-07-21T04:45:00Z	borg	7515e6f4fb97	raytracer-p	-O0	364.7
2026-07-21T04:45:00Z	borg	7515e6f4fb97	raytracer-p	-O2	364.4
2026-07-21T04:45:00Z	borg	7515e6f4fb97	raytracer-p	-O3	314.6
2026-07-21T04:45:00Z	borg	7515e6f4fb97	raytracer-p	fpc	32.1
2026-07-21T04:45:00Z	borg	7515e6f4fb97	sieve	-O0	113.9
2026-07-21T04:45:00Z	borg	7515e6f4fb97	sieve	-O2	113.9
2026-07-21T04:45:00Z	borg	7515e6f4fb97	sieve	-O3	114.0
2026-07-21T04:45:00Z	borg	7515e6f4fb97	sieve	fpc	64.0
2026-07-21T04:45:00Z	borg	7515e6f4fb97	nbody	-O0	665.1
2026-07-21T04:45:00Z	borg	7515e6f4fb97	nbody	-O2	615.0
2026-07-21T04:45:00Z	borg	7515e6f4fb97	nbody	-O3	364.6
2026-07-21T04:45:00Z	borg	7515e6f4fb97	nbody	fpc	114.0
2026-07-21T04:45:00Z	borg	7515e6f4fb97	fib	-O0	264.5
2026-07-21T04:45:00Z	borg	7515e6f4fb97	fib	-O2	214.2
2026-07-21T04:45:00Z	borg	7515e6f4fb97	fib	-O3	114.1
2026-07-21T04:45:00Z	borg	7515e6f4fb97	fib	fpc	114.1
2026-07-21T04:45:00Z	borg	7515e6f4fb97	selfcompile	-O0	9986.2
2026-07-21T04:45:00Z	borg	7515e6f4fb97	selfcompile	-O2	7785.3
2026-07-21T04:45:00Z	borg	7515e6f4fb97	selfcompile	-O3	7679.7
2026-07-21T06:54:38Z	borg	7854772da794	mandelbrot	-O0	1416.8
2026-07-21T06:54:38Z	borg	7854772da794	mandelbrot	-O2	1366.8
2026-07-21T06:54:38Z	borg	7854772da794	mandelbrot	-O3	665.3
2026-07-21T06:54:38Z	borg	7854772da794	mandelbrot-p	-O0	1416.5
2026-07-21T06:54:38Z	borg	7854772da794	mandelbrot-p	-O2	1366.5
2026-07-21T06:54:38Z	borg	7854772da794	mandelbrot-p	-O3	665.0
2026-07-21T06:54:38Z	borg	7854772da794	mandelbrot-p	fpc	364.4
2026-07-21T06:54:38Z	borg	7854772da794	raytracer	-O0	12038.3
2026-07-21T06:54:38Z	borg	7854772da794	raytracer	-O2	6978.3
2026-07-21T06:54:38Z	borg	7854772da794	raytracer	-O3	6928.6
2026-07-21T06:54:38Z	borg	7854772da794	raytracer-p	-O0	364.6
2026-07-21T06:54:38Z	borg	7854772da794	raytracer-p	-O2	364.7
2026-07-21T06:54:38Z	borg	7854772da794	raytracer-p	-O3	314.4
2026-07-21T06:54:38Z	borg	7854772da794	raytracer-p	fpc	31.8
2026-07-21T06:54:38Z	borg	7854772da794	sieve	-O0	113.9
2026-07-21T06:54:38Z	borg	7854772da794	sieve	-O2	114.0
2026-07-21T06:54:38Z	borg	7854772da794	sieve	-O3	113.9
2026-07-21T06:54:38Z	borg	7854772da794	sieve	fpc	63.9
2026-07-21T06:54:38Z	borg	7854772da794	nbody	-O0	665.1
2026-07-21T06:54:38Z	borg	7854772da794	nbody	-O2	615.0
2026-07-21T06:54:38Z	borg	7854772da794	nbody	-O3	364.4
2026-07-21T06:54:38Z	borg	7854772da794	nbody	fpc	114.0
2026-07-21T06:54:38Z	borg	7854772da794	fib	-O0	264.2
2026-07-21T06:54:38Z	borg	7854772da794	fib	-O2	164.2
2026-07-21T06:54:38Z	borg	7854772da794	fib	-O3	114.0
2026-07-21T06:54:38Z	borg	7854772da794	fib	fpc	114.0
2026-07-21T06:54:38Z	borg	7854772da794	selfcompile	-O0	9033.6
2026-07-21T06:54:38Z	borg	7854772da794	selfcompile	-O2	7480.7
2026-07-21T06:54:38Z	borg	7854772da794	selfcompile	-O3	6981.5
2026-07-21T07:47:23Z	borg	f128c74cfa1e	mandelbrot	-O0	1466.8
2026-07-21T07:47:23Z	borg	f128c74cfa1e	mandelbrot	-O2	1416.8
2026-07-21T07:47:23Z	borg	f128c74cfa1e	mandelbrot	-O3	915.8
2026-07-21T07:47:23Z	borg	f128c74cfa1e	mandelbrot-p	-O0	1416.8
2026-07-21T07:47:23Z	borg	f128c74cfa1e	mandelbrot-p	-O2	1416.5
2026-07-21T07:47:23Z	borg	f128c74cfa1e	mandelbrot-p	-O3	665.2
2026-07-21T07:47:23Z	borg	f128c74cfa1e	mandelbrot-p	fpc	365.2
2026-07-21T07:47:23Z	borg	f128c74cfa1e	raytracer	-O0	12440.1
2026-07-21T07:47:23Z	borg	f128c74cfa1e	raytracer	-O2	7377.9
2026-07-21T07:47:23Z	borg	f128c74cfa1e	raytracer	-O3	7228.9
2026-07-21T07:47:23Z	borg	f128c74cfa1e	raytracer-p	-O0	364.6
2026-07-21T07:47:23Z	borg	f128c74cfa1e	raytracer-p	-O2	364.7
2026-07-21T07:47:23Z	borg	f128c74cfa1e	raytracer-p	-O3	364.6
2026-07-21T07:47:23Z	borg	f128c74cfa1e	raytracer-p	fpc	64.0
2026-07-21T07:47:23Z	borg	f128c74cfa1e	sieve	-O0	114.0
2026-07-21T07:47:23Z	borg	f128c74cfa1e	sieve	-O2	114.0
2026-07-21T07:47:23Z	borg	f128c74cfa1e	sieve	-O3	114.0
2026-07-21T07:47:23Z	borg	f128c74cfa1e	sieve	fpc	31.9
2026-07-21T07:47:23Z	borg	f128c74cfa1e	nbody	-O0	665.1
2026-07-21T07:47:23Z	borg	f128c74cfa1e	nbody	-O2	565.2
2026-07-21T07:47:23Z	borg	f128c74cfa1e	nbody	-O3	364.5
2026-07-21T07:47:23Z	borg	f128c74cfa1e	nbody	fpc	114.0
2026-07-21T07:47:23Z	borg	f128c74cfa1e	fib	-O0	264.4
2026-07-21T07:47:23Z	borg	f128c74cfa1e	fib	-O2	164.2
2026-07-21T07:47:23Z	borg	f128c74cfa1e	fib	-O3	114.1
2026-07-21T07:47:23Z	borg	f128c74cfa1e	fib	fpc	114.0
2026-07-21T07:47:23Z	borg	f128c74cfa1e	selfcompile	-O0	9283.4
2026-07-21T07:47:23Z	borg	f128c74cfa1e	selfcompile	-O2	7378.7
2026-07-21T07:47:23Z	borg	f128c74cfa1e	selfcompile	-O3	7081.0
2026-07-21T09:22:47Z	borg	102fa73006e2	mandelbrot	-O0	1366.9
2026-07-21T09:22:47Z	borg	102fa73006e2	mandelbrot	-O2	1366.6
2026-07-21T09:22:47Z	borg	102fa73006e2	mandelbrot	-O3	765.5
2026-07-21T09:22:47Z	borg	102fa73006e2	mandelbrot-p	-O0	1466.9
2026-07-21T09:22:47Z	borg	102fa73006e2	mandelbrot-p	-O2	1416.7
2026-07-21T09:22:47Z	borg	102fa73006e2	mandelbrot-p	-O3	615.3
2026-07-21T09:22:47Z	borg	102fa73006e2	mandelbrot-p	fpc	314.6
2026-07-21T09:22:47Z	borg	102fa73006e2	raytracer	-O0	11589.9
2026-07-21T09:22:47Z	borg	102fa73006e2	raytracer	-O2	6678.8
2026-07-21T09:22:47Z	borg	102fa73006e2	raytracer	-O3	6578.1
2026-07-21T09:22:47Z	borg	102fa73006e2	raytracer-p	-O0	364.5
2026-07-21T09:22:47Z	borg	102fa73006e2	raytracer-p	-O2	314.5
2026-07-21T09:22:47Z	borg	102fa73006e2	raytracer-p	-O3	264.4
2026-07-21T09:22:47Z	borg	102fa73006e2	raytracer-p	fpc	31.8
2026-07-21T09:22:47Z	borg	102fa73006e2	sieve	-O0	114.0
2026-07-21T09:22:47Z	borg	102fa73006e2	sieve	-O2	64.0
2026-07-21T09:22:47Z	borg	102fa73006e2	sieve	-O3	114.1
2026-07-21T09:22:47Z	borg	102fa73006e2	sieve	fpc	31.9
2026-07-21T09:22:47Z	borg	102fa73006e2	nbody	-O0	615.4
2026-07-21T09:22:47Z	borg	102fa73006e2	nbody	-O2	565.1
2026-07-21T09:22:47Z	borg	102fa73006e2	nbody	-O3	364.5
2026-07-21T09:22:47Z	borg	102fa73006e2	nbody	fpc	64.0
2026-07-21T09:22:47Z	borg	102fa73006e2	fib	-O0	264.4
2026-07-21T09:22:47Z	borg	102fa73006e2	fib	-O2	164.2
2026-07-21T09:22:47Z	borg	102fa73006e2	fib	-O3	114.7
2026-07-21T09:22:47Z	borg	102fa73006e2	fib	fpc	114.0
2026-07-21T09:22:47Z	borg	102fa73006e2	selfcompile	-O0	8483.3
2026-07-21T09:22:47Z	borg	102fa73006e2	selfcompile	-O2	6628.1
2026-07-21T09:22:47Z	borg	102fa73006e2	selfcompile	-O3	6579.1
2026-07-21T09:58:40Z	borg	862bc44ca9c4	mandelbrot	-O0	1416.9
2026-07-21T09:58:40Z	borg	862bc44ca9c4	mandelbrot	-O2	1416.8
2026-07-21T09:58:40Z	borg	862bc44ca9c4	mandelbrot	-O3	665.1
2026-07-21T09:58:40Z	borg	862bc44ca9c4	mandelbrot-p	-O0	1467.1
2026-07-21T09:58:40Z	borg	862bc44ca9c4	mandelbrot-p	-O2	1516.9
2026-07-21T09:58:40Z	borg	862bc44ca9c4	mandelbrot-p	-O3	665.3
2026-07-21T09:58:40Z	borg	862bc44ca9c4	mandelbrot-p	fpc	364.6
2026-07-21T09:58:40Z	borg	862bc44ca9c4	raytracer	-O0	12542.1
2026-07-21T09:58:40Z	borg	862bc44ca9c4	raytracer	-O2	7579.3
2026-07-21T09:58:40Z	borg	862bc44ca9c4	raytracer	-O3	6978.0
2026-07-21T09:58:40Z	borg	862bc44ca9c4	raytracer-p	-O0	365.8
2026-07-21T09:58:40Z	borg	862bc44ca9c4	raytracer-p	-O2	365.6
2026-07-21T09:58:40Z	borg	862bc44ca9c4	raytracer-p	-O3	314.4
2026-07-21T09:58:40Z	borg	862bc44ca9c4	raytracer-p	fpc	31.8
2026-07-21T09:58:40Z	borg	862bc44ca9c4	sieve	-O0	115.2
2026-07-21T09:58:40Z	borg	862bc44ca9c4	sieve	-O2	114.1
2026-07-21T09:58:40Z	borg	862bc44ca9c4	sieve	-O3	114.0
2026-07-21T09:58:40Z	borg	862bc44ca9c4	sieve	fpc	31.8
2026-07-21T09:58:40Z	borg	862bc44ca9c4	nbody	-O0	665.3
2026-07-21T09:58:40Z	borg	862bc44ca9c4	nbody	-O2	615.0
2026-07-21T09:58:40Z	borg	862bc44ca9c4	nbody	-O3	364.6
2026-07-21T09:58:40Z	borg	862bc44ca9c4	nbody	fpc	114.1
2026-07-21T09:58:40Z	borg	862bc44ca9c4	fib	-O0	264.2
2026-07-21T09:58:40Z	borg	862bc44ca9c4	fib	-O2	214.3
2026-07-21T09:58:40Z	borg	862bc44ca9c4	fib	-O3	114.0
2026-07-21T09:58:40Z	borg	862bc44ca9c4	fib	fpc	114.2
2026-07-21T09:58:40Z	borg	862bc44ca9c4	selfcompile	-O0	9282.6
2026-07-21T09:58:40Z	borg	862bc44ca9c4	selfcompile	-O2	7329.5
2026-07-21T09:58:40Z	borg	862bc44ca9c4	selfcompile	-O3	7129.1
2026-07-21T10:27:21Z	borg	73627009016c	mandelbrot	-O0	1366.4
2026-07-21T10:27:21Z	borg	73627009016c	mandelbrot	-O2	1316.7
2026-07-21T10:27:21Z	borg	73627009016c	mandelbrot	-O3	665.2
2026-07-21T10:27:21Z	borg	73627009016c	mandelbrot-p	-O0	1316.9
2026-07-21T10:27:21Z	borg	73627009016c	mandelbrot-p	-O2	1316.5
2026-07-21T10:27:21Z	borg	73627009016c	mandelbrot-p	-O3	665.2
2026-07-21T10:27:21Z	borg	73627009016c	mandelbrot-p	fpc	314.7
2026-07-21T10:27:21Z	borg	73627009016c	raytracer	-O0	11588.9
2026-07-21T10:27:21Z	borg	73627009016c	raytracer	-O2	6678.8
2026-07-21T10:27:21Z	borg	73627009016c	raytracer	-O3	6628.4
2026-07-21T10:27:21Z	borg	73627009016c	raytracer-p	-O0	314.6
2026-07-21T10:27:21Z	borg	73627009016c	raytracer-p	-O2	314.4
2026-07-21T10:27:21Z	borg	73627009016c	raytracer-p	-O3	264.5
2026-07-21T10:27:21Z	borg	73627009016c	raytracer-p	fpc	31.9
2026-07-21T10:27:21Z	borg	73627009016c	sieve	-O0	114.0
2026-07-21T10:27:21Z	borg	73627009016c	sieve	-O2	64.0
2026-07-21T10:27:21Z	borg	73627009016c	sieve	-O3	63.9
2026-07-21T10:27:21Z	borg	73627009016c	sieve	fpc	31.8
2026-07-21T10:27:21Z	borg	73627009016c	nbody	-O0	615.2
2026-07-21T10:27:21Z	borg	73627009016c	nbody	-O2	565.1
2026-07-21T10:27:21Z	borg	73627009016c	nbody	-O3	365.9
2026-07-21T10:27:21Z	borg	73627009016c	nbody	fpc	63.9
2026-07-21T10:27:21Z	borg	73627009016c	fib	-O0	264.3
2026-07-21T10:27:21Z	borg	73627009016c	fib	-O2	164.2
2026-07-21T10:27:21Z	borg	73627009016c	fib	-O3	114.0
2026-07-21T10:27:21Z	borg	73627009016c	fib	fpc	114.1
2026-07-21T10:27:21Z	borg	73627009016c	selfcompile	-O0	8482.6
2026-07-21T10:27:21Z	borg	73627009016c	selfcompile	-O2	6479.4
2026-07-21T10:27:21Z	borg	73627009016c	selfcompile	-O3	6679.1
2026-07-21T11:03:57Z	borg	eca56460eeb3	mandelbrot	-O0	1416.8
2026-07-21T11:03:57Z	borg	eca56460eeb3	mandelbrot	-O2	1367.0
2026-07-21T11:03:57Z	borg	eca56460eeb3	mandelbrot	-O3	665.2
2026-07-21T11:03:57Z	borg	eca56460eeb3	mandelbrot-p	-O0	1366.8
2026-07-21T11:03:57Z	borg	eca56460eeb3	mandelbrot-p	-O2	1366.8
2026-07-21T11:03:57Z	borg	eca56460eeb3	mandelbrot-p	-O3	665.2
2026-07-21T11:03:57Z	borg	eca56460eeb3	mandelbrot-p	fpc	364.4
2026-07-21T11:03:57Z	borg	eca56460eeb3	raytracer	-O0	12038.1
2026-07-21T11:03:57Z	borg	eca56460eeb3	raytracer	-O2	7028.5
2026-07-21T11:03:57Z	borg	eca56460eeb3	raytracer	-O3	7278.2
2026-07-21T11:03:57Z	borg	eca56460eeb3	raytracer-p	-O0	364.6
2026-07-21T11:03:57Z	borg	eca56460eeb3	raytracer-p	-O2	465.3
2026-07-21T11:03:57Z	borg	eca56460eeb3	raytracer-p	-O3	314.5
2026-07-21T11:03:57Z	borg	eca56460eeb3	raytracer-p	fpc	31.7
2026-07-21T11:03:57Z	borg	eca56460eeb3	sieve	-O0	114.1
2026-07-21T11:03:57Z	borg	eca56460eeb3	sieve	-O2	114.0
2026-07-21T11:03:57Z	borg	eca56460eeb3	sieve	-O3	113.9
2026-07-21T11:03:57Z	borg	eca56460eeb3	sieve	fpc	63.9
2026-07-21T11:03:57Z	borg	eca56460eeb3	nbody	-O0	765.4
2026-07-21T11:03:57Z	borg	eca56460eeb3	nbody	-O2	614.9
2026-07-21T11:03:57Z	borg	eca56460eeb3	nbody	-O3	364.6
2026-07-21T11:03:57Z	borg	eca56460eeb3	nbody	fpc	114.1
2026-07-21T11:03:57Z	borg	eca56460eeb3	fib	-O0	264.5
2026-07-21T11:03:57Z	borg	eca56460eeb3	fib	-O2	164.2
2026-07-21T11:03:57Z	borg	eca56460eeb3	fib	-O3	114.0
2026-07-21T11:03:57Z	borg	eca56460eeb3	fib	fpc	114.0
2026-07-21T11:03:57Z	borg	eca56460eeb3	selfcompile	-O0	10234.3
2026-07-21T11:03:57Z	borg	eca56460eeb3	selfcompile	-O2	7480.3
2026-07-21T11:03:57Z	borg	eca56460eeb3	selfcompile	-O3	7580.6
2026-07-21T11:38:59Z	borg	c7654c94a2ca	mandelbrot	-O0	1416.8
2026-07-21T11:38:59Z	borg	c7654c94a2ca	mandelbrot	-O2	1416.6
2026-07-21T11:38:59Z	borg	c7654c94a2ca	mandelbrot	-O3	715.2
2026-07-21T11:38:59Z	borg	c7654c94a2ca	mandelbrot-p	-O0	1417.0
2026-07-21T11:38:59Z	borg	c7654c94a2ca	mandelbrot-p	-O2	1366.8
2026-07-21T11:38:59Z	borg	c7654c94a2ca	mandelbrot-p	-O3	665.0
2026-07-21T11:38:59Z	borg	c7654c94a2ca	mandelbrot-p	fpc	414.8
2026-07-21T11:38:59Z	borg	c7654c94a2ca	raytracer	-O0	12489.1
2026-07-21T11:38:59Z	borg	c7654c94a2ca	raytracer	-O2	7228.6
2026-07-21T11:38:59Z	borg	c7654c94a2ca	raytracer	-O3	7178.7
2026-07-21T11:38:59Z	borg	c7654c94a2ca	raytracer-p	-O0	365.7
2026-07-21T11:38:59Z	borg	c7654c94a2ca	raytracer-p	-O2	364.4
2026-07-21T11:38:59Z	borg	c7654c94a2ca	raytracer-p	-O3	315.8
2026-07-21T11:38:59Z	borg	c7654c94a2ca	raytracer-p	fpc	31.8
2026-07-21T11:38:59Z	borg	c7654c94a2ca	sieve	-O0	114.0
2026-07-21T11:38:59Z	borg	c7654c94a2ca	sieve	-O2	114.1
2026-07-21T11:38:59Z	borg	c7654c94a2ca	sieve	-O3	114.0
2026-07-21T11:38:59Z	borg	c7654c94a2ca	sieve	fpc	31.8
2026-07-21T11:38:59Z	borg	c7654c94a2ca	nbody	-O0	665.2
2026-07-21T11:38:59Z	borg	c7654c94a2ca	nbody	-O2	615.0
2026-07-21T11:38:59Z	borg	c7654c94a2ca	nbody	-O3	364.5
2026-07-21T11:38:59Z	borg	c7654c94a2ca	nbody	fpc	114.1
2026-07-21T11:38:59Z	borg	c7654c94a2ca	fib	-O0	264.2
2026-07-21T11:38:59Z	borg	c7654c94a2ca	fib	-O2	164.2
2026-07-21T11:38:59Z	borg	c7654c94a2ca	fib	-O3	114.0
2026-07-21T11:38:59Z	borg	c7654c94a2ca	fib	fpc	114.0
2026-07-21T11:38:59Z	borg	c7654c94a2ca	selfcompile	-O0	9382.9
2026-07-21T11:38:59Z	borg	c7654c94a2ca	selfcompile	-O2	7380.0
2026-07-21T11:38:59Z	borg	c7654c94a2ca	selfcompile	-O3	7479.5
2026-07-21T11:38:59Z	borg	c7654c94a2ca	selfcompile	fpc	3922.2
2026-07-21T12:16:20Z	borg	3385f46be3a6	mandelbrot	-O0	1717.3
2026-07-21T12:16:20Z	borg	3385f46be3a6	mandelbrot	-O2	1416.6
2026-07-21T12:16:20Z	borg	3385f46be3a6	mandelbrot	-O3	765.3
2026-07-21T12:16:20Z	borg	3385f46be3a6	mandelbrot-p	-O0	1416.5
2026-07-21T12:16:20Z	borg	3385f46be3a6	mandelbrot-p	-O2	1567.1
2026-07-21T12:16:20Z	borg	3385f46be3a6	mandelbrot-p	-O3	665.1
2026-07-21T12:16:20Z	borg	3385f46be3a6	mandelbrot-p	fpc	364.5
2026-07-21T12:16:20Z	borg	3385f46be3a6	raytracer	-O0	12638.8
2026-07-21T12:16:20Z	borg	3385f46be3a6	raytracer	-O2	7278.8
2026-07-21T12:16:20Z	borg	3385f46be3a6	raytracer	-O3	6928.2
2026-07-21T12:16:20Z	borg	3385f46be3a6	raytracer-p	-O0	364.5
2026-07-21T12:16:20Z	borg	3385f46be3a6	raytracer-p	-O2	365.7
2026-07-21T12:16:20Z	borg	3385f46be3a6	raytracer-p	-O3	316.5
2026-07-21T12:16:20Z	borg	3385f46be3a6	raytracer-p	fpc	31.8
2026-07-21T12:16:20Z	borg	3385f46be3a6	sieve	-O0	114.1
2026-07-21T12:16:20Z	borg	3385f46be3a6	sieve	-O2	114.0
2026-07-21T12:16:20Z	borg	3385f46be3a6	sieve	-O3	114.0
2026-07-21T12:16:20Z	borg	3385f46be3a6	sieve	fpc	31.9
2026-07-21T12:16:20Z	borg	3385f46be3a6	nbody	-O0	665.1
2026-07-21T12:16:20Z	borg	3385f46be3a6	nbody	-O2	615.1
2026-07-21T12:16:20Z	borg	3385f46be3a6	nbody	-O3	364.4
2026-07-21T12:16:20Z	borg	3385f46be3a6	nbody	fpc	114.0
2026-07-21T12:16:20Z	borg	3385f46be3a6	fib	-O0	264.3
2026-07-21T12:16:20Z	borg	3385f46be3a6	fib	-O2	164.0
2026-07-21T12:16:20Z	borg	3385f46be3a6	fib	-O3	114.2
2026-07-21T12:16:20Z	borg	3385f46be3a6	fib	fpc	114.2
2026-07-21T12:16:20Z	borg	3385f46be3a6	selfcompile	-O0	9333.6
2026-07-21T12:16:20Z	borg	3385f46be3a6	selfcompile	-O2	7278.6
2026-07-21T12:16:20Z	borg	3385f46be3a6	selfcompile	-O3	7028.6
2026-07-21T12:16:20Z	borg	3385f46be3a6	selfcompile	fpc	3721.8
2026-07-21T12:43:49Z	borg	3c453483d3c3	mandelbrot	-O0	1416.6
2026-07-21T12:43:49Z	borg	3c453483d3c3	mandelbrot	-O2	1416.9
2026-07-21T12:43:49Z	borg	3c453483d3c3	mandelbrot	-O3	715.4
2026-07-21T12:43:49Z	borg	3c453483d3c3	mandelbrot-p	-O0	1417.2
2026-07-21T12:43:49Z	borg	3c453483d3c3	mandelbrot-p	-O2	1416.7
2026-07-21T12:43:49Z	borg	3c453483d3c3	mandelbrot-p	-O3	715.2
2026-07-21T12:43:49Z	borg	3c453483d3c3	mandelbrot-p	fpc	364.6
2026-07-21T12:43:49Z	borg	3c453483d3c3	raytracer	-O0	12992.7
2026-07-21T12:43:49Z	borg	3c453483d3c3	raytracer	-O2	7078.2
2026-07-21T12:43:49Z	borg	3c453483d3c3	raytracer	-O3	7229.7
2026-07-21T12:43:49Z	borg	3c453483d3c3	raytracer-p	-O0	364.6
2026-07-21T12:43:49Z	borg	3c453483d3c3	raytracer-p	-O2	314.5
2026-07-21T12:43:49Z	borg	3c453483d3c3	raytracer-p	-O3	314.9
2026-07-21T12:43:49Z	borg	3c453483d3c3	raytracer-p	fpc	31.9
2026-07-21T12:43:49Z	borg	3c453483d3c3	sieve	-O0	114.0
2026-07-21T12:43:49Z	borg	3c453483d3c3	sieve	-O2	114.0
2026-07-21T12:43:49Z	borg	3c453483d3c3	sieve	-O3	114.1
2026-07-21T12:43:49Z	borg	3c453483d3c3	sieve	fpc	31.9
2026-07-21T12:43:49Z	borg	3c453483d3c3	nbody	-O0	615.4
2026-07-21T12:43:49Z	borg	3c453483d3c3	nbody	-O2	615.1
2026-07-21T12:43:49Z	borg	3c453483d3c3	nbody	-O3	364.5
2026-07-21T12:43:49Z	borg	3c453483d3c3	nbody	fpc	114.0
2026-07-21T12:43:49Z	borg	3c453483d3c3	fib	-O0	264.3
2026-07-21T12:43:49Z	borg	3c453483d3c3	fib	-O2	164.1
2026-07-21T12:43:49Z	borg	3c453483d3c3	fib	-O3	114.0
2026-07-21T12:43:49Z	borg	3c453483d3c3	fib	fpc	114.0
2026-07-21T12:43:49Z	borg	3c453483d3c3	selfcompile	-O0	8633.7
2026-07-21T12:43:49Z	borg	3c453483d3c3	selfcompile	-O2	6727.7
2026-07-21T12:43:49Z	borg	3c453483d3c3	selfcompile	-O3	6828.4
2026-07-21T12:43:49Z	borg	3c453483d3c3	selfcompile	fpc	3521.5
2026-07-21T13:12:23Z	borg	68b6abc67c36	mandelbrot	-O0	1316.7
2026-07-21T13:12:23Z	borg	68b6abc67c36	mandelbrot	-O2	1316.6
2026-07-21T13:12:23Z	borg	68b6abc67c36	mandelbrot	-O3	615.4
2026-07-21T13:12:23Z	borg	68b6abc67c36	mandelbrot-p	-O0	1316.5
2026-07-21T13:12:23Z	borg	68b6abc67c36	mandelbrot-p	-O2	1266.6
2026-07-21T13:12:23Z	borg	68b6abc67c36	mandelbrot-p	-O3	615.1
2026-07-21T13:12:23Z	borg	68b6abc67c36	mandelbrot-p	fpc	314.5
2026-07-21T13:12:23Z	borg	68b6abc67c36	raytracer	-O0	11486.9
2026-07-21T13:12:23Z	borg	68b6abc67c36	raytracer	-O2	6627.9
2026-07-21T13:12:23Z	borg	68b6abc67c36	raytracer	-O3	6575.3
2026-07-21T13:12:23Z	borg	68b6abc67c36	raytracer-p	-O0	314.5
2026-07-21T13:12:23Z	borg	68b6abc67c36	raytracer-p	-O2	314.4
2026-07-21T13:12:23Z	borg	68b6abc67c36	raytracer-p	-O3	264.4
2026-07-21T13:12:23Z	borg	68b6abc67c36	raytracer-p	fpc	31.8
2026-07-21T13:12:23Z	borg	68b6abc67c36	sieve	-O0	114.0
2026-07-21T13:12:23Z	borg	68b6abc67c36	sieve	-O2	63.9
2026-07-21T13:12:23Z	borg	68b6abc67c36	sieve	-O3	64.1
2026-07-21T13:12:23Z	borg	68b6abc67c36	sieve	fpc	31.8
2026-07-21T13:12:23Z	borg	68b6abc67c36	nbody	-O0	615.2
2026-07-21T13:12:23Z	borg	68b6abc67c36	nbody	-O2	565.1
2026-07-21T13:12:23Z	borg	68b6abc67c36	nbody	-O3	364.6
2026-07-21T13:12:23Z	borg	68b6abc67c36	nbody	fpc	63.9
2026-07-21T13:12:23Z	borg	68b6abc67c36	fib	-O0	264.3
2026-07-21T13:12:23Z	borg	68b6abc67c36	fib	-O2	164.4
2026-07-21T13:12:23Z	borg	68b6abc67c36	fib	-O3	114.0
2026-07-21T13:12:23Z	borg	68b6abc67c36	fib	fpc	114.0
2026-07-21T13:12:23Z	borg	68b6abc67c36	selfcompile	-O0	8982.5
2026-07-21T13:12:23Z	borg	68b6abc67c36	selfcompile	-O2	6478.5
2026-07-21T13:12:23Z	borg	68b6abc67c36	selfcompile	-O3	6428.8
2026-07-21T13:12:23Z	borg	68b6abc67c36	selfcompile	fpc	3521.9
2026-07-21T14:24:18Z	borg	115452ab21aa	mandelbrot	-O0	1466.7
2026-07-21T14:24:18Z	borg	115452ab21aa	mandelbrot	-O2	1416.9
2026-07-21T14:24:18Z	borg	115452ab21aa	mandelbrot	-O3	715.4
2026-07-21T14:24:18Z	borg	115452ab21aa	mandelbrot-p	-O0	1416.8
2026-07-21T14:24:18Z	borg	115452ab21aa	mandelbrot-p	-O2	1416.9
2026-07-21T14:24:18Z	borg	115452ab21aa	mandelbrot-p	-O3	665.2
2026-07-21T14:24:18Z	borg	115452ab21aa	mandelbrot-p	fpc	364.6
2026-07-21T14:24:18Z	borg	115452ab21aa	raytracer	-O0	13290.7
2026-07-21T14:24:18Z	borg	115452ab21aa	raytracer	-O2	7479.1
2026-07-21T14:24:18Z	borg	115452ab21aa	raytracer	-O3	7379.0
2026-07-21T14:24:18Z	borg	115452ab21aa	raytracer-p	-O0	364.5
2026-07-21T14:24:18Z	borg	115452ab21aa	raytracer-p	-O2	364.5
2026-07-21T14:24:18Z	borg	115452ab21aa	raytracer-p	-O3	314.5
2026-07-21T14:24:18Z	borg	115452ab21aa	raytracer-p	fpc	63.8
2026-07-21T14:24:18Z	borg	115452ab21aa	sieve	-O0	114.0
2026-07-21T14:24:18Z	borg	115452ab21aa	sieve	-O2	114.0
2026-07-21T14:24:18Z	borg	115452ab21aa	sieve	-O3	114.0
2026-07-21T14:24:18Z	borg	115452ab21aa	sieve	fpc	31.8
2026-07-21T14:24:18Z	borg	115452ab21aa	nbody	-O0	665.0
2026-07-21T14:24:18Z	borg	115452ab21aa	nbody	-O2	665.2
2026-07-21T14:24:18Z	borg	115452ab21aa	nbody	-O3	364.4
2026-07-21T14:24:18Z	borg	115452ab21aa	nbody	fpc	116.3
2026-07-21T14:24:18Z	borg	115452ab21aa	fib	-O0	264.4
2026-07-21T14:24:18Z	borg	115452ab21aa	fib	-O2	164.3
2026-07-21T14:24:18Z	borg	115452ab21aa	fib	-O3	114.1
2026-07-21T14:24:18Z	borg	115452ab21aa	fib	fpc	114.1
2026-07-21T14:24:18Z	borg	115452ab21aa	selfcompile	-O0	10284.8
2026-07-21T14:24:18Z	borg	115452ab21aa	selfcompile	-O2	7629.0
2026-07-21T14:24:18Z	borg	115452ab21aa	selfcompile	-O3	7679.0
2026-07-21T14:24:18Z	borg	115452ab21aa	selfcompile	fpc	3923.0
2026-07-21T15:25:37Z	borg	49ea1fd07dd8	mandelbrot	-O0	1416.8
2026-07-21T15:25:37Z	borg	49ea1fd07dd8	mandelbrot	-O2	1366.8
2026-07-21T15:25:37Z	borg	49ea1fd07dd8	mandelbrot	-O3	665.2
2026-07-21T15:25:37Z	borg	49ea1fd07dd8	mandelbrot-p	-O0	1366.8
2026-07-21T15:25:37Z	borg	49ea1fd07dd8	mandelbrot-p	-O2	1366.5
2026-07-21T15:25:37Z	borg	49ea1fd07dd8	mandelbrot-p	-O3	665.1
2026-07-21T15:25:37Z	borg	49ea1fd07dd8	mandelbrot-p	fpc	364.4
2026-07-21T15:25:37Z	borg	49ea1fd07dd8	raytracer	-O0	11987.8
2026-07-21T15:25:37Z	borg	49ea1fd07dd8	raytracer	-O2	6928.7
2026-07-21T15:25:37Z	borg	49ea1fd07dd8	raytracer	-O3	7230.0
2026-07-21T15:25:37Z	borg	49ea1fd07dd8	raytracer-p	-O0	364.5
2026-07-21T15:25:37Z	borg	49ea1fd07dd8	raytracer-p	-O2	365.8
2026-07-21T15:25:37Z	borg	49ea1fd07dd8	raytracer-p	-O3	314.4
2026-07-21T15:25:37Z	borg	49ea1fd07dd8	raytracer-p	fpc	31.8
2026-07-21T15:25:37Z	borg	49ea1fd07dd8	sieve	-O0	114.1
2026-07-21T15:25:37Z	borg	49ea1fd07dd8	sieve	-O2	113.9
2026-07-21T15:25:37Z	borg	49ea1fd07dd8	sieve	-O3	114.0
2026-07-21T15:25:37Z	borg	49ea1fd07dd8	sieve	fpc	31.9
2026-07-21T15:25:37Z	borg	49ea1fd07dd8	nbody	-O0	665.3
2026-07-21T15:25:37Z	borg	49ea1fd07dd8	nbody	-O2	615.0
2026-07-21T15:25:37Z	borg	49ea1fd07dd8	nbody	-O3	364.5
2026-07-21T15:25:37Z	borg	49ea1fd07dd8	nbody	fpc	114.1
2026-07-21T15:25:37Z	borg	49ea1fd07dd8	fib	-O0	264.4
2026-07-21T15:25:37Z	borg	49ea1fd07dd8	fib	-O2	214.3
2026-07-21T15:25:37Z	borg	49ea1fd07dd8	fib	-O3	114.0
2026-07-21T15:25:37Z	borg	49ea1fd07dd8	fib	fpc	114.1
2026-07-21T15:25:37Z	borg	49ea1fd07dd8	selfcompile	-O0	9484.7
2026-07-21T15:25:37Z	borg	49ea1fd07dd8	selfcompile	-O2	7029.0
2026-07-21T15:25:37Z	borg	49ea1fd07dd8	selfcompile	-O3	7729.6
2026-07-21T15:25:37Z	borg	49ea1fd07dd8	selfcompile	fpc	3621.8
2026-07-21T16:01:26Z	borg	efba8dbafff1	mandelbrot	-O0	1416.8
2026-07-21T16:01:26Z	borg	efba8dbafff1	mandelbrot	-O2	1366.8
2026-07-21T16:01:26Z	borg	efba8dbafff1	mandelbrot	-O3	665.2
2026-07-21T16:01:26Z	borg	efba8dbafff1	mandelbrot-p	-O0	1366.7
2026-07-21T16:01:26Z	borg	efba8dbafff1	mandelbrot-p	-O2	1366.8
2026-07-21T16:01:26Z	borg	efba8dbafff1	mandelbrot-p	-O3	665.3
2026-07-21T16:01:26Z	borg	efba8dbafff1	mandelbrot-p	fpc	364.6
2026-07-21T16:01:26Z	borg	efba8dbafff1	raytracer	-O0	11738.6
2026-07-21T16:01:26Z	borg	efba8dbafff1	raytracer	-O2	6978.2
2026-07-21T16:01:26Z	borg	efba8dbafff1	raytracer	-O3	6727.9
2026-07-21T16:01:26Z	borg	efba8dbafff1	raytracer-p	-O0	365.3
2026-07-21T16:01:26Z	borg	efba8dbafff1	raytracer-p	-O2	314.2
2026-07-21T16:01:26Z	borg	efba8dbafff1	raytracer-p	-O3	264.4
2026-07-21T16:01:26Z	borg	efba8dbafff1	raytracer-p	fpc	31.9
2026-07-21T16:01:26Z	borg	efba8dbafff1	sieve	-O0	114.0
2026-07-21T16:01:26Z	borg	efba8dbafff1	sieve	-O2	64.1
2026-07-21T16:01:26Z	borg	efba8dbafff1	sieve	-O3	114.0
2026-07-21T16:01:26Z	borg	efba8dbafff1	sieve	fpc	31.8
2026-07-21T16:01:26Z	borg	efba8dbafff1	nbody	-O0	665.3
2026-07-21T16:01:26Z	borg	efba8dbafff1	nbody	-O2	565.2
2026-07-21T16:01:26Z	borg	efba8dbafff1	nbody	-O3	364.7
2026-07-21T16:01:26Z	borg	efba8dbafff1	nbody	fpc	63.8
2026-07-21T16:01:26Z	borg	efba8dbafff1	fib	-O0	264.4
2026-07-21T16:01:26Z	borg	efba8dbafff1	fib	-O2	164.3
2026-07-21T16:01:26Z	borg	efba8dbafff1	fib	-O3	114.0
2026-07-21T16:01:26Z	borg	efba8dbafff1	fib	fpc	114.0
2026-07-21T16:01:26Z	borg	efba8dbafff1	selfcompile	-O0	8682.6
2026-07-21T16:01:26Z	borg	efba8dbafff1	selfcompile	-O2	6728.4
2026-07-21T16:01:26Z	borg	efba8dbafff1	selfcompile	-O3	6678.9
2026-07-21T16:01:26Z	borg	efba8dbafff1	selfcompile	fpc	3471.3
2026-07-21T17:14:43Z	borg	f058b95bab2c	mandelbrot	-O0	1467.0
2026-07-21T17:14:43Z	borg	f058b95bab2c	mandelbrot	-O2	1417.0
2026-07-21T17:14:43Z	borg	f058b95bab2c	mandelbrot	-O3	715.3
2026-07-21T17:14:43Z	borg	f058b95bab2c	mandelbrot-p	-O0	1416.7
2026-07-21T17:14:43Z	borg	f058b95bab2c	mandelbrot-p	-O2	1366.9
2026-07-21T17:14:43Z	borg	f058b95bab2c	mandelbrot-p	-O3	665.1
2026-07-21T17:14:43Z	borg	f058b95bab2c	mandelbrot-p	fpc	364.4
2026-07-21T17:14:43Z	borg	f058b95bab2c	raytracer	-O0	14649.6
2026-07-21T17:14:43Z	borg	f058b95bab2c	raytracer	-O2	8085.3
2026-07-21T17:14:43Z	borg	f058b95bab2c	raytracer	-O3	8187.9
2026-07-21T17:14:43Z	borg	f058b95bab2c	raytracer-p	-O0	364.6
2026-07-21T17:14:43Z	borg	f058b95bab2c	raytracer-p	-O2	364.6
2026-07-21T17:14:43Z	borg	f058b95bab2c	raytracer-p	-O3	314.4
2026-07-21T17:14:43Z	borg	f058b95bab2c	raytracer-p	fpc	64.0
2026-07-21T17:14:43Z	borg	f058b95bab2c	sieve	-O0	114.1
2026-07-21T17:14:43Z	borg	f058b95bab2c	sieve	-O2	114.1
2026-07-21T17:14:43Z	borg	f058b95bab2c	sieve	-O3	114.0
2026-07-21T17:14:43Z	borg	f058b95bab2c	sieve	fpc	64.5
2026-07-21T17:14:43Z	borg	f058b95bab2c	nbody	-O0	665.2
2026-07-21T17:14:43Z	borg	f058b95bab2c	nbody	-O2	615.1
2026-07-21T17:14:43Z	borg	f058b95bab2c	nbody	-O3	414.7
2026-07-21T17:14:43Z	borg	f058b95bab2c	nbody	fpc	114.0
2026-07-21T17:14:43Z	borg	f058b95bab2c	fib	-O0	264.2
2026-07-21T17:14:43Z	borg	f058b95bab2c	fib	-O2	214.3
2026-07-21T17:14:43Z	borg	f058b95bab2c	fib	-O3	114.0
2026-07-21T17:14:43Z	borg	f058b95bab2c	fib	fpc	114.1
2026-07-21T17:14:43Z	borg	f058b95bab2c	selfcompile	-O0	12452.3
2026-07-21T17:14:43Z	borg	f058b95bab2c	selfcompile	-O2	8638.2
2026-07-21T17:14:43Z	borg	f058b95bab2c	selfcompile	-O3	8886.2
2026-07-21T17:14:43Z	borg	f058b95bab2c	selfcompile	fpc	4976.5
2026-07-21T17:59:02Z	borg	19bb7b51351c	mandelbrot	-O0	1667.2
2026-07-21T17:59:02Z	borg	19bb7b51351c	mandelbrot	-O2	1416.7
2026-07-21T17:59:02Z	borg	19bb7b51351c	mandelbrot	-O3	715.3
2026-07-21T17:59:02Z	borg	19bb7b51351c	mandelbrot-p	-O0	1466.6
2026-07-21T17:59:02Z	borg	19bb7b51351c	mandelbrot-p	-O2	1416.5
2026-07-21T17:59:02Z	borg	19bb7b51351c	mandelbrot-p	-O3	665.3
2026-07-21T17:59:02Z	borg	19bb7b51351c	mandelbrot-p	fpc	365.7
2026-07-21T17:59:02Z	borg	19bb7b51351c	raytracer	-O0	13040.4
2026-07-21T17:59:02Z	borg	19bb7b51351c	raytracer	-O2	7578.8
2026-07-21T17:59:02Z	borg	19bb7b51351c	raytracer	-O3	7529.1
2026-07-21T17:59:02Z	borg	19bb7b51351c	raytracer-p	-O0	414.7
2026-07-21T17:59:02Z	borg	19bb7b51351c	raytracer-p	-O2	364.6
2026-07-21T17:59:02Z	borg	19bb7b51351c	raytracer-p	-O3	316.2
2026-07-21T17:59:02Z	borg	19bb7b51351c	raytracer-p	fpc	63.9
2026-07-21T17:59:02Z	borg	19bb7b51351c	sieve	-O0	114.0
2026-07-21T17:59:02Z	borg	19bb7b51351c	sieve	-O2	114.0
2026-07-21T17:59:02Z	borg	19bb7b51351c	sieve	-O3	114.0
2026-07-21T17:59:02Z	borg	19bb7b51351c	sieve	fpc	115.3
2026-07-21T17:59:02Z	borg	19bb7b51351c	nbody	-O0	665.5
2026-07-21T17:59:02Z	borg	19bb7b51351c	nbody	-O2	665.1
2026-07-21T17:59:02Z	borg	19bb7b51351c	nbody	-O3	364.4
2026-07-21T17:59:02Z	borg	19bb7b51351c	nbody	fpc	114.0
2026-07-21T17:59:02Z	borg	19bb7b51351c	fib	-O0	314.5
2026-07-21T17:59:02Z	borg	19bb7b51351c	fib	-O2	214.4
2026-07-21T17:59:02Z	borg	19bb7b51351c	fib	-O3	114.1
2026-07-21T17:59:02Z	borg	19bb7b51351c	fib	fpc	114.0
2026-07-21T17:59:02Z	borg	19bb7b51351c	selfcompile	-O0	9933.5
2026-07-21T17:59:02Z	borg	19bb7b51351c	selfcompile	-O2	8882.5
2026-07-21T17:59:02Z	borg	19bb7b51351c	selfcompile	-O3	7981.5
2026-07-21T17:59:02Z	borg	19bb7b51351c	selfcompile	fpc	4272.8
2026-07-21T19:44:40Z	borg	651a0368a74d	mandelbrot	-O0	1616.9
2026-07-21T19:44:40Z	borg	651a0368a74d	mandelbrot	-O2	1621.5
2026-07-21T19:44:40Z	borg	651a0368a74d	mandelbrot	-O3	715.1
2026-07-21T19:44:40Z	borg	651a0368a74d	mandelbrot-p	-O0	1416.6
2026-07-21T19:44:40Z	borg	651a0368a74d	mandelbrot-p	-O2	1416.7
2026-07-21T19:44:40Z	borg	651a0368a74d	mandelbrot-p	-O3	665.2
2026-07-21T19:44:40Z	borg	651a0368a74d	mandelbrot-p	fpc	415.7
2026-07-21T19:44:40Z	borg	651a0368a74d	raytracer	-O0	14041.4
2026-07-21T19:44:40Z	borg	651a0368a74d	raytracer	-O2	7879.8
2026-07-21T19:44:40Z	borg	651a0368a74d	raytracer	-O3	7328.2
2026-07-21T19:44:40Z	borg	651a0368a74d	raytracer-p	-O0	414.9
2026-07-21T19:44:40Z	borg	651a0368a74d	raytracer-p	-O2	616.6
2026-07-21T19:44:40Z	borg	651a0368a74d	raytracer-p	-O3	314.4
2026-07-21T19:44:40Z	borg	651a0368a74d	raytracer-p	fpc	31.9
2026-07-21T19:44:40Z	borg	651a0368a74d	sieve	-O0	114.0
2026-07-21T19:44:40Z	borg	651a0368a74d	sieve	-O2	114.0
2026-07-21T19:44:40Z	borg	651a0368a74d	sieve	-O3	114.0
2026-07-21T19:44:40Z	borg	651a0368a74d	sieve	fpc	63.9
2026-07-21T19:44:40Z	borg	651a0368a74d	nbody	-O0	664.8
2026-07-21T19:44:40Z	borg	651a0368a74d	nbody	-O2	765.3
2026-07-21T19:44:40Z	borg	651a0368a74d	nbody	-O3	364.4
2026-07-21T19:44:40Z	borg	651a0368a74d	nbody	fpc	113.9
2026-07-21T19:44:40Z	borg	651a0368a74d	fib	-O0	264.4
2026-07-21T19:44:40Z	borg	651a0368a74d	fib	-O2	164.0
2026-07-21T19:44:40Z	borg	651a0368a74d	fib	-O3	114.0
2026-07-21T19:44:40Z	borg	651a0368a74d	fib	fpc	114.1
2026-07-21T19:44:40Z	borg	651a0368a74d	selfcompile	-O0	9933.3
2026-07-21T19:44:40Z	borg	651a0368a74d	selfcompile	-O2	7529.1
2026-07-21T19:44:40Z	borg	651a0368a74d	selfcompile	-O3	7679.2
2026-07-21T19:44:40Z	borg	651a0368a74d	selfcompile	fpc	4074.3
2026-07-21T22:02:53Z	borg	ec98060628c5	mandelbrot	-O0	1366.9
2026-07-21T22:02:53Z	borg	ec98060628c5	mandelbrot	-O2	1316.9
2026-07-21T22:02:53Z	borg	ec98060628c5	mandelbrot	-O3	665.1
2026-07-21T22:02:53Z	borg	ec98060628c5	mandelbrot-p	-O0	1366.8
2026-07-21T22:02:53Z	borg	ec98060628c5	mandelbrot-p	-O2	1317.0
2026-07-21T22:02:53Z	borg	ec98060628c5	mandelbrot-p	-O3	615.2
2026-07-21T22:02:53Z	borg	ec98060628c5	mandelbrot-p	fpc	314.6
2026-07-21T22:02:53Z	borg	ec98060628c5	raytracer	-O0	12189.1
2026-07-21T22:02:53Z	borg	ec98060628c5	raytracer	-O2	6628.8
2026-07-21T22:02:53Z	borg	ec98060628c5	raytracer	-O3	6577.8
2026-07-21T22:02:53Z	borg	ec98060628c5	raytracer-p	-O0	364.4
2026-07-21T22:02:53Z	borg	ec98060628c5	raytracer-p	-O2	314.4
2026-07-21T22:02:53Z	borg	ec98060628c5	raytracer-p	-O3	264.2
2026-07-21T22:02:53Z	borg	ec98060628c5	raytracer-p	fpc	31.8
2026-07-21T22:02:53Z	borg	ec98060628c5	sieve	-O0	114.0
2026-07-21T22:02:53Z	borg	ec98060628c5	sieve	-O2	64.0
2026-07-21T22:02:53Z	borg	ec98060628c5	sieve	-O3	113.9
2026-07-21T22:02:53Z	borg	ec98060628c5	sieve	fpc	32.0
2026-07-21T22:02:53Z	borg	ec98060628c5	nbody	-O0	615.2
2026-07-21T22:02:53Z	borg	ec98060628c5	nbody	-O2	565.0
2026-07-21T22:02:53Z	borg	ec98060628c5	nbody	-O3	365.7
2026-07-21T22:02:53Z	borg	ec98060628c5	nbody	fpc	64.0
2026-07-21T22:02:53Z	borg	ec98060628c5	fib	-O0	264.8
2026-07-21T22:02:53Z	borg	ec98060628c5	fib	-O2	164.1
2026-07-21T22:02:53Z	borg	ec98060628c5	fib	-O3	114.0
2026-07-21T22:02:53Z	borg	ec98060628c5	fib	fpc	114.1
2026-07-21T22:02:53Z	borg	ec98060628c5	selfcompile	-O0	8583.0
2026-07-21T22:02:53Z	borg	ec98060628c5	selfcompile	-O2	6678.7
2026-07-21T22:02:53Z	borg	ec98060628c5	selfcompile	-O3	6728.6
2026-07-21T22:02:53Z	borg	ec98060628c5	selfcompile	fpc	3422.1
2026-07-21T23:35:57Z	borg	b1372248fe63	mandelbrot	-O0	1366.7
2026-07-21T23:35:57Z	borg	b1372248fe63	mandelbrot	-O2	1316.8
2026-07-21T23:35:57Z	borg	b1372248fe63	mandelbrot	-O3	665.3
2026-07-21T23:35:57Z	borg	b1372248fe63	mandelbrot-p	-O0	1316.9
2026-07-21T23:35:57Z	borg	b1372248fe63	mandelbrot-p	-O2	1316.6
2026-07-21T23:35:57Z	borg	b1372248fe63	mandelbrot-p	-O3	615.0
2026-07-21T23:35:57Z	borg	b1372248fe63	mandelbrot-p	fpc	314.6
2026-07-21T23:35:57Z	borg	b1372248fe63	raytracer	-O0	11739.0
2026-07-21T23:35:57Z	borg	b1372248fe63	raytracer	-O2	6629.1
2026-07-21T23:35:57Z	borg	b1372248fe63	raytracer	-O3	6878.3
2026-07-21T23:35:57Z	borg	b1372248fe63	raytracer-p	-O0	314.7
2026-07-21T23:35:57Z	borg	b1372248fe63	raytracer-p	-O2	314.5
2026-07-21T23:35:57Z	borg	b1372248fe63	raytracer-p	-O3	264.4
2026-07-21T23:35:57Z	borg	b1372248fe63	raytracer-p	fpc	31.8
2026-07-21T23:35:57Z	borg	b1372248fe63	sieve	-O0	113.9
2026-07-21T23:35:57Z	borg	b1372248fe63	sieve	-O2	64.1
2026-07-21T23:35:57Z	borg	b1372248fe63	sieve	-O3	63.9
2026-07-21T23:35:57Z	borg	b1372248fe63	sieve	fpc	31.9
2026-07-21T23:35:57Z	borg	b1372248fe63	nbody	-O0	615.1
2026-07-21T23:35:57Z	borg	b1372248fe63	nbody	-O2	565.1
2026-07-21T23:35:57Z	borg	b1372248fe63	nbody	-O3	364.6
2026-07-21T23:35:57Z	borg	b1372248fe63	nbody	fpc	64.0
2026-07-21T23:35:57Z	borg	b1372248fe63	fib	-O0	264.4
2026-07-21T23:35:57Z	borg	b1372248fe63	fib	-O2	164.2
2026-07-21T23:35:57Z	borg	b1372248fe63	fib	-O3	113.9
2026-07-21T23:35:57Z	borg	b1372248fe63	fib	fpc	113.9
2026-07-21T23:35:57Z	borg	b1372248fe63	selfcompile	-O0	9033.0
2026-07-21T23:35:57Z	borg	b1372248fe63	selfcompile	-O2	6729.2
2026-07-21T23:35:57Z	borg	b1372248fe63	selfcompile	-O3	6726.7
2026-07-21T23:35:57Z	borg	b1372248fe63	selfcompile	fpc	3471.9
2026-07-22T00:48:51Z	borg	040d94dfe407	mandelbrot	-O0	1316.6
2026-07-22T00:48:51Z	borg	040d94dfe407	mandelbrot	-O2	1316.8
2026-07-22T00:48:51Z	borg	040d94dfe407	mandelbrot	-O3	615.0
2026-07-22T00:48:51Z	borg	040d94dfe407	mandelbrot-p	-O0	1316.6
2026-07-22T00:48:51Z	borg	040d94dfe407	mandelbrot-p	-O2	1266.7
2026-07-22T00:48:51Z	borg	040d94dfe407	mandelbrot-p	-O3	614.8
2026-07-22T00:48:51Z	borg	040d94dfe407	mandelbrot-p	fpc	314.6
2026-07-22T00:48:51Z	borg	040d94dfe407	raytracer	-O0	11237.9
2026-07-22T00:48:51Z	borg	040d94dfe407	raytracer	-O2	6477.6
2026-07-22T00:48:51Z	borg	040d94dfe407	raytracer	-O3	6377.2
2026-07-22T00:48:51Z	borg	040d94dfe407	raytracer-p	-O0	314.6
2026-07-22T00:48:51Z	borg	040d94dfe407	raytracer-p	-O2	314.4
2026-07-22T00:48:51Z	borg	040d94dfe407	raytracer-p	-O3	264.4
2026-07-22T00:48:51Z	borg	040d94dfe407	raytracer-p	fpc	31.9
2026-07-22T00:48:51Z	borg	040d94dfe407	sieve	-O0	114.1
2026-07-22T00:48:51Z	borg	040d94dfe407	sieve	-O2	64.0
2026-07-22T00:48:51Z	borg	040d94dfe407	sieve	-O3	63.8
2026-07-22T00:48:51Z	borg	040d94dfe407	sieve	fpc	31.8
2026-07-22T00:48:51Z	borg	040d94dfe407	nbody	-O0	615.2
2026-07-22T00:48:51Z	borg	040d94dfe407	nbody	-O2	565.0
2026-07-22T00:48:51Z	borg	040d94dfe407	nbody	-O3	365.7
2026-07-22T00:48:51Z	borg	040d94dfe407	nbody	fpc	64.0
2026-07-22T00:48:51Z	borg	040d94dfe407	fib	-O0	264.4
2026-07-22T00:48:51Z	borg	040d94dfe407	fib	-O2	164.3
2026-07-22T00:48:51Z	borg	040d94dfe407	fib	-O3	114.8
2026-07-22T00:48:51Z	borg	040d94dfe407	fib	fpc	114.0
2026-07-22T00:48:51Z	borg	040d94dfe407	selfcompile	-O0	8332.1
2026-07-22T00:48:51Z	borg	040d94dfe407	selfcompile	-O2	6375.5
2026-07-22T00:48:51Z	borg	040d94dfe407	selfcompile	-O3	6428.6
2026-07-22T05:39:32Z	borg	f472ea71e9f3	mandelbrot	-O0	1417.2
2026-07-22T05:39:32Z	borg	f472ea71e9f3	mandelbrot	-O2	1416.8
2026-07-22T05:39:32Z	borg	f472ea71e9f3	mandelbrot	-O3	665.2
2026-07-22T05:39:32Z	borg	f472ea71e9f3	mandelbrot-p	-O0	1416.6
2026-07-22T05:39:32Z	borg	f472ea71e9f3	mandelbrot-p	-O2	1366.4
2026-07-22T05:39:32Z	borg	f472ea71e9f3	mandelbrot-p	-O3	665.0
2026-07-22T05:39:32Z	borg	f472ea71e9f3	mandelbrot-p	fpc	364.6
2026-07-22T05:39:32Z	borg	f472ea71e9f3	raytracer	-O0	12489.1
2026-07-22T05:39:32Z	borg	f472ea71e9f3	raytracer	-O2	7479.2
2026-07-22T05:39:32Z	borg	f472ea71e9f3	raytracer	-O3	7528.5
2026-07-22T05:39:32Z	borg	f472ea71e9f3	raytracer-p	-O0	364.5
2026-07-22T05:39:32Z	borg	f472ea71e9f3	raytracer-p	-O2	364.5
2026-07-22T05:39:32Z	borg	f472ea71e9f3	raytracer-p	-O3	314.5
2026-07-22T05:39:32Z	borg	f472ea71e9f3	raytracer-p	fpc	31.9
2026-07-22T05:39:32Z	borg	f472ea71e9f3	sieve	-O0	114.1
2026-07-22T05:39:32Z	borg	f472ea71e9f3	sieve	-O2	114.0
2026-07-22T05:39:32Z	borg	f472ea71e9f3	sieve	-O3	114.0
2026-07-22T05:39:32Z	borg	f472ea71e9f3	sieve	fpc	64.0
2026-07-22T05:39:32Z	borg	f472ea71e9f3	nbody	-O0	665.1
2026-07-22T05:39:32Z	borg	f472ea71e9f3	nbody	-O2	615.1
2026-07-22T05:39:32Z	borg	f472ea71e9f3	nbody	-O3	364.5
2026-07-22T05:39:32Z	borg	f472ea71e9f3	nbody	fpc	114.0
2026-07-22T05:39:32Z	borg	f472ea71e9f3	fib	-O0	264.4
2026-07-22T05:39:32Z	borg	f472ea71e9f3	fib	-O2	164.1
2026-07-22T05:39:32Z	borg	f472ea71e9f3	fib	-O3	114.1
2026-07-22T05:39:32Z	borg	f472ea71e9f3	fib	fpc	114.1
2026-07-22T05:39:32Z	borg	f472ea71e9f3	selfcompile	-O0	9836.5
2026-07-22T05:39:32Z	borg	f472ea71e9f3	selfcompile	-O2	7030.0
2026-07-22T05:39:32Z	borg	f472ea71e9f3	selfcompile	-O3	7378.6
2026-07-22T06:28:19Z	borg	01cefa94bc66	mandelbrot	-O0	1367.0
2026-07-22T06:28:19Z	borg	01cefa94bc66	mandelbrot	-O2	1367.0
2026-07-22T06:28:19Z	borg	01cefa94bc66	mandelbrot	-O3	665.2
2026-07-22T06:28:19Z	borg	01cefa94bc66	mandelbrot-p	-O0	1366.9
2026-07-22T06:28:19Z	borg	01cefa94bc66	mandelbrot-p	-O2	1366.8
2026-07-22T06:28:19Z	borg	01cefa94bc66	mandelbrot-p	-O3	664.9
2026-07-22T06:28:19Z	borg	01cefa94bc66	mandelbrot-p	fpc	364.6
2026-07-22T06:28:19Z	borg	01cefa94bc66	raytracer	-O0	11737.8
2026-07-22T06:28:19Z	borg	01cefa94bc66	raytracer	-O2	6778.8
2026-07-22T06:28:19Z	borg	01cefa94bc66	raytracer	-O3	6728.8
2026-07-22T06:28:19Z	borg	01cefa94bc66	raytracer-p	-O0	314.5
2026-07-22T06:28:19Z	borg	01cefa94bc66	raytracer-p	-O2	314.5
2026-07-22T06:28:19Z	borg	01cefa94bc66	raytracer-p	-O3	264.5
2026-07-22T06:28:19Z	borg	01cefa94bc66	raytracer-p	fpc	31.8
2026-07-22T06:28:19Z	borg	01cefa94bc66	sieve	-O0	114.1
2026-07-22T06:28:19Z	borg	01cefa94bc66	sieve	-O2	114.0
2026-07-22T06:28:19Z	borg	01cefa94bc66	sieve	-O3	64.2
2026-07-22T06:28:19Z	borg	01cefa94bc66	sieve	fpc	31.9
2026-07-22T06:28:19Z	borg	01cefa94bc66	nbody	-O0	615.1
2026-07-22T06:28:19Z	borg	01cefa94bc66	nbody	-O2	565.1
2026-07-22T06:28:19Z	borg	01cefa94bc66	nbody	-O3	364.6
2026-07-22T06:28:19Z	borg	01cefa94bc66	nbody	fpc	64.0
2026-07-22T06:28:19Z	borg	01cefa94bc66	fib	-O0	264.4
2026-07-22T06:28:19Z	borg	01cefa94bc66	fib	-O2	164.2
2026-07-22T06:28:19Z	borg	01cefa94bc66	fib	-O3	114.0
2026-07-22T06:28:19Z	borg	01cefa94bc66	fib	fpc	114.0
2026-07-22T06:28:19Z	borg	01cefa94bc66	selfcompile	-O0	8633.1
2026-07-22T06:28:19Z	borg	01cefa94bc66	selfcompile	-O2	7079.0
2026-07-22T06:28:19Z	borg	01cefa94bc66	selfcompile	-O3	6680.0
2026-07-22T07:07:36Z	borg	04858efb1d9d	mandelbrot	-O0	1417.0
2026-07-22T07:07:36Z	borg	04858efb1d9d	mandelbrot	-O2	1366.3
2026-07-22T07:07:36Z	borg	04858efb1d9d	mandelbrot	-O3	665.1
2026-07-22T07:07:36Z	borg	04858efb1d9d	mandelbrot-p	-O0	1366.5
2026-07-22T07:07:36Z	borg	04858efb1d9d	mandelbrot-p	-O2	1366.8
2026-07-22T07:07:36Z	borg	04858efb1d9d	mandelbrot-p	-O3	665.2
2026-07-22T07:07:36Z	borg	04858efb1d9d	mandelbrot-p	fpc	364.5
2026-07-22T07:07:36Z	borg	04858efb1d9d	raytracer	-O0	12189.4
2026-07-22T07:07:36Z	borg	04858efb1d9d	raytracer	-O2	6929.1
2026-07-22T07:07:36Z	borg	04858efb1d9d	raytracer	-O3	6828.1
2026-07-22T07:07:36Z	borg	04858efb1d9d	raytracer-p	-O0	365.2
2026-07-22T07:07:36Z	borg	04858efb1d9d	raytracer-p	-O2	314.6
2026-07-22T07:07:36Z	borg	04858efb1d9d	raytracer-p	-O3	315.7
2026-07-22T07:07:36Z	borg	04858efb1d9d	raytracer-p	fpc	31.8
2026-07-22T07:07:36Z	borg	04858efb1d9d	sieve	-O0	115.2
2026-07-22T07:07:36Z	borg	04858efb1d9d	sieve	-O2	114.1
2026-07-22T07:07:36Z	borg	04858efb1d9d	sieve	-O3	114.0
2026-07-22T07:07:36Z	borg	04858efb1d9d	sieve	fpc	31.9
2026-07-22T07:07:36Z	borg	04858efb1d9d	nbody	-O0	665.4
2026-07-22T07:07:36Z	borg	04858efb1d9d	nbody	-O2	615.2
2026-07-22T07:07:36Z	borg	04858efb1d9d	nbody	-O3	364.6
2026-07-22T07:07:36Z	borg	04858efb1d9d	nbody	fpc	64.0
2026-07-22T07:07:36Z	borg	04858efb1d9d	fib	-O0	264.4
2026-07-22T07:07:36Z	borg	04858efb1d9d	fib	-O2	164.2
2026-07-22T07:07:36Z	borg	04858efb1d9d	fib	-O3	114.0
2026-07-22T07:07:36Z	borg	04858efb1d9d	fib	fpc	114.0
2026-07-22T07:07:36Z	borg	04858efb1d9d	selfcompile	-O0	9032.7
2026-07-22T07:07:36Z	borg	04858efb1d9d	selfcompile	-O2	6929.3
2026-07-22T07:07:36Z	borg	04858efb1d9d	selfcompile	-O3	7128.9
2026-07-22T08:22:39Z	borg	0b2942ef8a4b	mandelbrot	-O0	1416.7
2026-07-22T08:22:39Z	borg	0b2942ef8a4b	mandelbrot	-O2	1466.7
2026-07-22T08:22:39Z	borg	0b2942ef8a4b	mandelbrot	-O3	715.0
2026-07-22T08:22:39Z	borg	0b2942ef8a4b	mandelbrot-p	-O0	1366.6
2026-07-22T08:22:39Z	borg	0b2942ef8a4b	mandelbrot-p	-O2	1366.3
2026-07-22T08:22:39Z	borg	0b2942ef8a4b	mandelbrot-p	-O3	665.1
2026-07-22T08:22:39Z	borg	0b2942ef8a4b	mandelbrot-p	fpc	364.6
2026-07-22T08:22:39Z	borg	0b2942ef8a4b	raytracer	-O0	13087.4
2026-07-22T08:22:39Z	borg	0b2942ef8a4b	raytracer	-O2	7179.4
2026-07-22T08:22:39Z	borg	0b2942ef8a4b	raytracer	-O3	7077.7
2026-07-22T08:22:39Z	borg	0b2942ef8a4b	raytracer-p	-O0	364.6
2026-07-22T08:22:39Z	borg	0b2942ef8a4b	raytracer-p	-O2	364.5
2026-07-22T08:22:39Z	borg	0b2942ef8a4b	raytracer-p	-O3	314.5
2026-07-22T08:22:39Z	borg	0b2942ef8a4b	raytracer-p	fpc	31.9
2026-07-22T08:22:39Z	borg	0b2942ef8a4b	sieve	-O0	113.9
2026-07-22T08:22:39Z	borg	0b2942ef8a4b	sieve	-O2	113.9
2026-07-22T08:22:39Z	borg	0b2942ef8a4b	sieve	-O3	114.0
2026-07-22T08:22:39Z	borg	0b2942ef8a4b	sieve	fpc	31.8
2026-07-22T08:22:39Z	borg	0b2942ef8a4b	nbody	-O0	665.2
2026-07-22T08:22:39Z	borg	0b2942ef8a4b	nbody	-O2	664.9
2026-07-22T08:22:39Z	borg	0b2942ef8a4b	nbody	-O3	364.5
2026-07-22T08:22:39Z	borg	0b2942ef8a4b	nbody	fpc	114.0
2026-07-22T08:22:39Z	borg	0b2942ef8a4b	fib	-O0	264.3
2026-07-22T08:22:39Z	borg	0b2942ef8a4b	fib	-O2	164.2
2026-07-22T08:22:39Z	borg	0b2942ef8a4b	fib	-O3	114.1
2026-07-22T08:22:39Z	borg	0b2942ef8a4b	fib	fpc	114.0
2026-07-22T08:22:39Z	borg	0b2942ef8a4b	selfcompile	-O0	10785.4
2026-07-22T08:22:39Z	borg	0b2942ef8a4b	selfcompile	-O2	8281.1
2026-07-22T08:22:39Z	borg	0b2942ef8a4b	selfcompile	-O3	7229.4
2026-07-22T08:49:26Z	borg	afbb6af5	uforth-microbench-doloop	cpython	8214.1	07ffdb1	23996
2026-07-22T08:49:26Z	borg	afbb6af5	uforth-microbench-doloop	cpython-O	7983.0	07ffdb1	29668
2026-07-22T08:49:26Z	borg	afbb6af5	uforth-microbench-doloop	pxx	19075.1	07ffdb1	596412
2026-07-22T08:49:26Z	borg	afbb6af5	uforth-prelim	cpython	279.3	07ffdb1	24184
2026-07-22T08:49:26Z	borg	afbb6af5	uforth-prelim	cpython-O	474.0	07ffdb1	29308
2026-07-22T08:49:26Z	borg	afbb6af5	uforth-prelim	pxx	1691.4	07ffdb1	32828
2026-07-22T08:49:26Z	borg	afbb6af5	uforth-core	cpython	825.9	07ffdb1	24388
2026-07-22T08:49:26Z	borg	afbb6af5	uforth-core	cpython-O	1093.8	07ffdb1	29668
2026-07-22T08:49:26Z	borg	afbb6af5	uforth-core	pxx	5270.9	07ffdb1	169532
2026-07-22T09:14:36Z	borg	bf193547c7ff	mandelbrot	-O0	1367.0
2026-07-22T09:14:36Z	borg	bf193547c7ff	mandelbrot	-O2	1366.7
2026-07-22T09:14:36Z	borg	bf193547c7ff	mandelbrot	-O3	665.2
2026-07-22T09:14:36Z	borg	bf193547c7ff	mandelbrot-p	-O0	1517.4
2026-07-22T09:14:36Z	borg	bf193547c7ff	mandelbrot-p	-O2	1518.5
2026-07-22T09:14:36Z	borg	bf193547c7ff	mandelbrot-p	-O3	615.0
2026-07-22T09:14:36Z	borg	bf193547c7ff	mandelbrot-p	fpc	314.5
2026-07-22T09:14:36Z	borg	bf193547c7ff	raytracer	-O0	11539.6
2026-07-22T09:14:36Z	borg	bf193547c7ff	raytracer	-O2	6627.8
2026-07-22T09:14:36Z	borg	bf193547c7ff	raytracer	-O3	6527.4
2026-07-22T09:14:36Z	borg	bf193547c7ff	raytracer-p	-O0	314.7
2026-07-22T09:14:36Z	borg	bf193547c7ff	raytracer-p	-O2	314.6
2026-07-22T09:14:36Z	borg	bf193547c7ff	raytracer-p	-O3	264.3
2026-07-22T09:14:36Z	borg	bf193547c7ff	raytracer-p	fpc	31.9
2026-07-22T09:14:36Z	borg	bf193547c7ff	sieve	-O0	114.0
2026-07-22T09:14:36Z	borg	bf193547c7ff	sieve	-O2	64.0
2026-07-22T09:14:36Z	borg	bf193547c7ff	sieve	-O3	63.8
2026-07-22T09:14:36Z	borg	bf193547c7ff	sieve	fpc	31.9
2026-07-22T09:14:36Z	borg	bf193547c7ff	nbody	-O0	615.2
2026-07-22T09:14:36Z	borg	bf193547c7ff	nbody	-O2	564.9
2026-07-22T09:14:36Z	borg	bf193547c7ff	nbody	-O3	364.6
2026-07-22T09:14:36Z	borg	bf193547c7ff	nbody	fpc	64.0
2026-07-22T09:14:36Z	borg	bf193547c7ff	fib	-O0	264.4
2026-07-22T09:14:36Z	borg	bf193547c7ff	fib	-O2	164.2
2026-07-22T09:14:36Z	borg	bf193547c7ff	fib	-O3	114.1
2026-07-22T09:14:36Z	borg	bf193547c7ff	fib	fpc	114.1
2026-07-22T09:14:36Z	borg	bf193547c7ff	selfcompile	-O0	8582.9
2026-07-22T09:14:36Z	borg	bf193547c7ff	selfcompile	-O2	7180.2
2026-07-22T09:14:36Z	borg	bf193547c7ff	selfcompile	-O3	7279.6
2026-07-22T09:45:47Z	borg	862626bef2c7	mandelbrot	-O0	1995.1
2026-07-22T09:45:47Z	borg	862626bef2c7	mandelbrot	-O2	1821.6
2026-07-22T09:45:47Z	borg	862626bef2c7	mandelbrot	-O3	766.2
2026-07-22T09:45:47Z	borg	862626bef2c7	mandelbrot-p	-O0	1368.1
2026-07-22T09:45:47Z	borg	862626bef2c7	mandelbrot-p	-O2	1316.5
2026-07-22T09:45:47Z	borg	862626bef2c7	mandelbrot-p	-O3	665.2
2026-07-22T09:45:47Z	borg	862626bef2c7	mandelbrot-p	fpc	314.5
2026-07-22T09:45:47Z	borg	862626bef2c7	raytracer	-O0	12141.5
2026-07-22T09:45:47Z	borg	862626bef2c7	raytracer	-O2	7379.4
2026-07-22T09:45:47Z	borg	862626bef2c7	raytracer	-O3	6678.1
2026-07-22T09:45:47Z	borg	862626bef2c7	raytracer-p	-O0	364.5
2026-07-22T09:45:47Z	borg	862626bef2c7	raytracer-p	-O2	314.4
2026-07-22T09:45:47Z	borg	862626bef2c7	raytracer-p	-O3	264.4
2026-07-22T09:45:47Z	borg	862626bef2c7	raytracer-p	fpc	31.8
2026-07-22T09:45:47Z	borg	862626bef2c7	sieve	-O0	114.1
2026-07-22T09:45:47Z	borg	862626bef2c7	sieve	-O2	64.0
2026-07-22T09:45:47Z	borg	862626bef2c7	sieve	-O3	64.0
2026-07-22T09:45:47Z	borg	862626bef2c7	sieve	fpc	31.8
2026-07-22T09:45:47Z	borg	862626bef2c7	nbody	-O0	615.0
2026-07-22T09:45:47Z	borg	862626bef2c7	nbody	-O2	565.0
2026-07-22T09:45:47Z	borg	862626bef2c7	nbody	-O3	364.7
2026-07-22T09:45:47Z	borg	862626bef2c7	nbody	fpc	64.1
2026-07-22T09:45:47Z	borg	862626bef2c7	fib	-O0	264.9
2026-07-22T09:45:47Z	borg	862626bef2c7	fib	-O2	164.3
2026-07-22T09:45:47Z	borg	862626bef2c7	fib	-O3	114.0
2026-07-22T09:45:47Z	borg	862626bef2c7	fib	fpc	114.1
2026-07-22T09:45:47Z	borg	862626bef2c7	selfcompile	-O0	9083.4
2026-07-22T09:45:47Z	borg	862626bef2c7	selfcompile	-O2	6629.1
2026-07-22T09:45:47Z	borg	862626bef2c7	selfcompile	-O3	6829.2
2026-07-22T09:45:47Z	borg	862626bef2c7	selfcompile	fpc	3422.1
2026-07-22T10:12:13Z	borg	28c2a8078327	mandelbrot	-O0	1416.8
2026-07-22T10:12:13Z	borg	28c2a8078327	mandelbrot	-O2	1466.7
2026-07-22T10:12:13Z	borg	28c2a8078327	mandelbrot	-O3	665.4
2026-07-22T10:12:13Z	borg	28c2a8078327	mandelbrot-p	-O0	1416.4
2026-07-22T10:12:13Z	borg	28c2a8078327	mandelbrot-p	-O2	1416.5
2026-07-22T10:12:13Z	borg	28c2a8078327	mandelbrot-p	-O3	665.3
2026-07-22T10:12:13Z	borg	28c2a8078327	mandelbrot-p	fpc	314.8
2026-07-22T10:12:13Z	borg	28c2a8078327	raytracer	-O0	11538.2
2026-07-22T10:12:13Z	borg	28c2a8078327	raytracer	-O2	6627.4
2026-07-22T10:12:13Z	borg	28c2a8078327	raytracer	-O3	6478.0
2026-07-22T10:12:13Z	borg	28c2a8078327	raytracer-p	-O0	314.6
2026-07-22T10:12:13Z	borg	28c2a8078327	raytracer-p	-O2	314.4
2026-07-22T10:12:13Z	borg	28c2a8078327	raytracer-p	-O3	264.4
2026-07-22T10:12:13Z	borg	28c2a8078327	raytracer-p	fpc	31.8
2026-07-22T10:12:13Z	borg	28c2a8078327	sieve	-O0	114.0
2026-07-22T10:12:13Z	borg	28c2a8078327	sieve	-O2	64.0
2026-07-22T10:12:13Z	borg	28c2a8078327	sieve	-O3	64.1
2026-07-22T10:12:13Z	borg	28c2a8078327	sieve	fpc	31.9
2026-07-22T10:12:13Z	borg	28c2a8078327	nbody	-O0	615.2
2026-07-22T10:12:13Z	borg	28c2a8078327	nbody	-O2	565.0
2026-07-22T10:12:13Z	borg	28c2a8078327	nbody	-O3	364.7
2026-07-22T10:12:13Z	borg	28c2a8078327	nbody	fpc	63.9
2026-07-22T10:12:13Z	borg	28c2a8078327	fib	-O0	265.4
2026-07-22T10:12:13Z	borg	28c2a8078327	fib	-O2	164.2
2026-07-22T10:12:13Z	borg	28c2a8078327	fib	-O3	114.0
2026-07-22T10:12:13Z	borg	28c2a8078327	fib	fpc	113.9
2026-07-22T10:12:13Z	borg	28c2a8078327	selfcompile	-O0	8583.0
2026-07-22T10:12:13Z	borg	28c2a8078327	selfcompile	-O2	6678.5
2026-07-22T10:12:13Z	borg	28c2a8078327	selfcompile	-O3	6679.3
2026-07-22T10:12:13Z	borg	28c2a8078327	selfcompile	fpc	3421.9
2026-07-22T10:39:34Z	borg	9e56f1852126	mandelbrot	-O0	1416.4
2026-07-22T10:39:34Z	borg	9e56f1852126	mandelbrot	-O2	1366.7
2026-07-22T10:39:34Z	borg	9e56f1852126	mandelbrot	-O3	665.3
2026-07-22T10:39:34Z	borg	9e56f1852126	mandelbrot-p	-O0	1416.8
2026-07-22T10:39:34Z	borg	9e56f1852126	mandelbrot-p	-O2	1416.7
2026-07-22T10:39:34Z	borg	9e56f1852126	mandelbrot-p	-O3	665.0
2026-07-22T10:39:34Z	borg	9e56f1852126	mandelbrot-p	fpc	364.6
2026-07-22T10:39:34Z	borg	9e56f1852126	raytracer	-O0	11639.5
2026-07-22T10:39:34Z	borg	9e56f1852126	raytracer	-O2	6629.2
2026-07-22T10:39:34Z	borg	9e56f1852126	raytracer	-O3	6728.2
2026-07-22T10:39:34Z	borg	9e56f1852126	raytracer-p	-O0	364.8
2026-07-22T10:39:34Z	borg	9e56f1852126	raytracer-p	-O2	414.8
2026-07-22T10:39:34Z	borg	9e56f1852126	raytracer-p	-O3	264.5
2026-07-22T10:39:34Z	borg	9e56f1852126	raytracer-p	fpc	31.8
2026-07-22T10:39:34Z	borg	9e56f1852126	sieve	-O0	113.9
2026-07-22T10:39:34Z	borg	9e56f1852126	sieve	-O2	114.0
2026-07-22T10:39:34Z	borg	9e56f1852126	sieve	-O3	114.0
2026-07-22T10:39:34Z	borg	9e56f1852126	sieve	fpc	31.8
2026-07-22T10:39:34Z	borg	9e56f1852126	nbody	-O0	665.1
2026-07-22T10:39:34Z	borg	9e56f1852126	nbody	-O2	565.0
2026-07-22T10:39:34Z	borg	9e56f1852126	nbody	-O3	364.6
2026-07-22T10:39:34Z	borg	9e56f1852126	nbody	fpc	114.1
2026-07-22T10:39:34Z	borg	9e56f1852126	fib	-O0	264.2
2026-07-22T10:39:34Z	borg	9e56f1852126	fib	-O2	164.0
2026-07-22T10:39:34Z	borg	9e56f1852126	fib	-O3	113.9
2026-07-22T10:39:34Z	borg	9e56f1852126	fib	fpc	114.1
2026-07-22T10:39:34Z	borg	9e56f1852126	selfcompile	-O0	9283.6
2026-07-22T10:39:34Z	borg	9e56f1852126	selfcompile	-O2	6778.7
2026-07-22T10:39:34Z	borg	9e56f1852126	selfcompile	-O3	6779.4
2026-07-22T10:39:34Z	borg	9e56f1852126	selfcompile	fpc	3572.0
2026-07-22T11:09:26Z	borg	0f25428acfc2	mandelbrot	-O0	1366.5
2026-07-22T11:09:26Z	borg	0f25428acfc2	mandelbrot	-O2	1416.9
2026-07-22T11:09:26Z	borg	0f25428acfc2	mandelbrot	-O3	715.2
2026-07-22T11:09:26Z	borg	0f25428acfc2	mandelbrot-p	-O0	1466.6
2026-07-22T11:09:26Z	borg	0f25428acfc2	mandelbrot-p	-O2	1416.8
2026-07-22T11:09:26Z	borg	0f25428acfc2	mandelbrot-p	-O3	665.2
2026-07-22T11:09:26Z	borg	0f25428acfc2	mandelbrot-p	fpc	364.7
2026-07-22T11:09:26Z	borg	0f25428acfc2	raytracer	-O0	11639.1
2026-07-22T11:09:26Z	borg	0f25428acfc2	raytracer	-O2	6678.1
2026-07-22T11:09:26Z	borg	0f25428acfc2	raytracer	-O3	6575.3
2026-07-22T11:09:26Z	borg	0f25428acfc2	raytracer-p	-O0	365.9
2026-07-22T11:09:26Z	borg	0f25428acfc2	raytracer-p	-O2	314.5
2026-07-22T11:09:26Z	borg	0f25428acfc2	raytracer-p	-O3	264.4
2026-07-22T11:09:26Z	borg	0f25428acfc2	raytracer-p	fpc	31.8
2026-07-22T11:09:26Z	borg	0f25428acfc2	sieve	-O0	114.1
2026-07-22T11:09:26Z	borg	0f25428acfc2	sieve	-O2	64.0
2026-07-22T11:09:26Z	borg	0f25428acfc2	sieve	-O3	64.0
2026-07-22T11:09:26Z	borg	0f25428acfc2	sieve	fpc	31.7
2026-07-22T11:09:26Z	borg	0f25428acfc2	nbody	-O0	615.2
2026-07-22T11:09:26Z	borg	0f25428acfc2	nbody	-O2	565.2
2026-07-22T11:09:26Z	borg	0f25428acfc2	nbody	-O3	364.6
2026-07-22T11:09:26Z	borg	0f25428acfc2	nbody	fpc	63.8
2026-07-22T11:09:26Z	borg	0f25428acfc2	fib	-O0	264.4
2026-07-22T11:09:26Z	borg	0f25428acfc2	fib	-O2	164.1
2026-07-22T11:09:26Z	borg	0f25428acfc2	fib	-O3	114.0
2026-07-22T11:09:26Z	borg	0f25428acfc2	fib	fpc	114.1
2026-07-22T11:09:26Z	borg	0f25428acfc2	selfcompile	-O0	9033.7
2026-07-22T11:09:26Z	borg	0f25428acfc2	selfcompile	-O2	6629.2
2026-07-22T11:09:26Z	borg	0f25428acfc2	selfcompile	-O3	6679.7
2026-07-22T11:09:26Z	borg	0f25428acfc2	selfcompile	fpc	3471.4
2026-07-22T11:45:45Z	borg	fe66a42c2353	mandelbrot	-O0	1871.3
2026-07-22T11:45:45Z	borg	fe66a42c2353	mandelbrot	-O2	1366.6
2026-07-22T11:45:45Z	borg	fe66a42c2353	mandelbrot	-O3	715.4
2026-07-22T11:45:45Z	borg	fe66a42c2353	mandelbrot-p	-O0	1820.0
2026-07-22T11:45:45Z	borg	fe66a42c2353	mandelbrot-p	-O2	2141.6
2026-07-22T11:45:45Z	borg	fe66a42c2353	mandelbrot-p	-O3	865.7
2026-07-22T11:45:45Z	borg	fe66a42c2353	mandelbrot-p	fpc	366.9
2026-07-22T11:45:45Z	borg	fe66a42c2353	raytracer	-O0	13250.3
2026-07-22T11:45:45Z	borg	fe66a42c2353	raytracer	-O2	7578.4
2026-07-22T11:45:45Z	borg	fe66a42c2353	raytracer	-O3	7028.7
2026-07-22T11:45:45Z	borg	fe66a42c2353	raytracer-p	-O0	364.5
2026-07-22T11:45:45Z	borg	fe66a42c2353	raytracer-p	-O2	364.4
2026-07-22T11:45:45Z	borg	fe66a42c2353	raytracer-p	-O3	315.1
2026-07-22T11:45:45Z	borg	fe66a42c2353	raytracer-p	fpc	31.9
2026-07-22T11:45:45Z	borg	fe66a42c2353	sieve	-O0	114.0
2026-07-22T11:45:45Z	borg	fe66a42c2353	sieve	-O2	114.0
2026-07-22T11:45:45Z	borg	fe66a42c2353	sieve	-O3	114.0
2026-07-22T11:45:45Z	borg	fe66a42c2353	sieve	fpc	32.1
2026-07-22T11:45:45Z	borg	fe66a42c2353	nbody	-O0	665.1
2026-07-22T11:45:45Z	borg	fe66a42c2353	nbody	-O2	615.1
2026-07-22T11:45:45Z	borg	fe66a42c2353	nbody	-O3	364.5
2026-07-22T11:45:45Z	borg	fe66a42c2353	nbody	fpc	114.0
2026-07-22T11:45:45Z	borg	fe66a42c2353	fib	-O0	314.5
2026-07-22T11:45:45Z	borg	fe66a42c2353	fib	-O2	214.4
2026-07-22T11:45:45Z	borg	fe66a42c2353	fib	-O3	114.1
2026-07-22T11:45:45Z	borg	fe66a42c2353	fib	fpc	114.1
2026-07-22T11:45:45Z	borg	fe66a42c2353	selfcompile	-O0	6677.5
2026-07-22T11:45:45Z	borg	fe66a42c2353	selfcompile	-O2	6030.5
2026-07-22T11:45:45Z	borg	fe66a42c2353	selfcompile	-O3	7608.7
2026-07-22T11:45:45Z	borg	fe66a42c2353	selfcompile	fpc	4674.0
2026-07-22T12:27:29Z	borg	6d76dfed5979	mandelbrot	-O0	1366.8
2026-07-22T12:27:29Z	borg	6d76dfed5979	mandelbrot	-O2	1316.9
2026-07-22T12:27:29Z	borg	6d76dfed5979	mandelbrot	-O3	665.4
2026-07-22T12:27:29Z	borg	6d76dfed5979	mandelbrot-p	-O0	1317.0
2026-07-22T12:27:29Z	borg	6d76dfed5979	mandelbrot-p	-O2	1316.7
2026-07-22T12:27:29Z	borg	6d76dfed5979	mandelbrot-p	-O3	615.1
2026-07-22T12:27:29Z	borg	6d76dfed5979	mandelbrot-p	fpc	314.5
2026-07-22T12:27:29Z	borg	6d76dfed5979	raytracer	-O0	11539.8
2026-07-22T12:27:29Z	borg	6d76dfed5979	raytracer	-O2	6728.7
2026-07-22T12:27:29Z	borg	6d76dfed5979	raytracer	-O3	6528.4
2026-07-22T12:27:29Z	borg	6d76dfed5979	raytracer-p	-O0	364.6
2026-07-22T12:27:29Z	borg	6d76dfed5979	raytracer-p	-O2	314.5
2026-07-22T12:27:29Z	borg	6d76dfed5979	raytracer-p	-O3	264.4
2026-07-22T12:27:29Z	borg	6d76dfed5979	raytracer-p	fpc	31.9
2026-07-22T12:27:29Z	borg	6d76dfed5979	sieve	-O0	114.0
2026-07-22T12:27:29Z	borg	6d76dfed5979	sieve	-O2	64.0
2026-07-22T12:27:29Z	borg	6d76dfed5979	sieve	-O3	64.2
2026-07-22T12:27:29Z	borg	6d76dfed5979	sieve	fpc	32.0
2026-07-22T12:27:29Z	borg	6d76dfed5979	nbody	-O0	615.1
2026-07-22T12:27:29Z	borg	6d76dfed5979	nbody	-O2	565.1
2026-07-22T12:27:29Z	borg	6d76dfed5979	nbody	-O3	364.6
2026-07-22T12:27:29Z	borg	6d76dfed5979	nbody	fpc	64.0
2026-07-22T12:27:29Z	borg	6d76dfed5979	fib	-O0	264.3
2026-07-22T12:27:29Z	borg	6d76dfed5979	fib	-O2	164.0
2026-07-22T12:27:29Z	borg	6d76dfed5979	fib	-O3	114.0
2026-07-22T12:27:29Z	borg	6d76dfed5979	fib	fpc	114.0
2026-07-22T12:27:29Z	borg	6d76dfed5979	selfcompile	-O0	6327.4
2026-07-22T12:27:29Z	borg	6d76dfed5979	selfcompile	-O2	5175.2
2026-07-22T12:27:29Z	borg	6d76dfed5979	selfcompile	-O3	5175.8
2026-07-22T12:27:29Z	borg	6d76dfed5979	selfcompile	fpc	3422.0
2026-07-22T13:06:20Z	borg	f4cda840e9af	mandelbrot	-O0	1366.5
2026-07-22T13:06:20Z	borg	f4cda840e9af	mandelbrot	-O2	1366.5
2026-07-22T13:06:20Z	borg	f4cda840e9af	mandelbrot	-O3	665.4
2026-07-22T13:06:20Z	borg	f4cda840e9af	mandelbrot-p	-O0	1366.7
2026-07-22T13:06:20Z	borg	f4cda840e9af	mandelbrot-p	-O2	1366.2
2026-07-22T13:06:20Z	borg	f4cda840e9af	mandelbrot-p	-O3	665.1
2026-07-22T13:06:20Z	borg	f4cda840e9af	mandelbrot-p	fpc	314.5
2026-07-22T13:06:20Z	borg	f4cda840e9af	raytracer	-O0	11888.6
2026-07-22T13:06:20Z	borg	f4cda840e9af	raytracer	-O2	7028.6
2026-07-22T13:06:20Z	borg	f4cda840e9af	raytracer	-O3	6578.4
2026-07-22T13:06:20Z	borg	f4cda840e9af	raytracer-p	-O0	314.5
2026-07-22T13:06:20Z	borg	f4cda840e9af	raytracer-p	-O2	314.5
2026-07-22T13:06:20Z	borg	f4cda840e9af	raytracer-p	-O3	264.4
2026-07-22T13:06:20Z	borg	f4cda840e9af	raytracer-p	fpc	31.8
2026-07-22T13:06:20Z	borg	f4cda840e9af	sieve	-O0	114.0
2026-07-22T13:06:20Z	borg	f4cda840e9af	sieve	-O2	64.0
2026-07-22T13:06:20Z	borg	f4cda840e9af	sieve	-O3	64.0
2026-07-22T13:06:20Z	borg	f4cda840e9af	sieve	fpc	31.8
2026-07-22T13:06:20Z	borg	f4cda840e9af	nbody	-O0	615.3
2026-07-22T13:06:20Z	borg	f4cda840e9af	nbody	-O2	565.3
2026-07-22T13:06:20Z	borg	f4cda840e9af	nbody	-O3	364.7
2026-07-22T13:06:20Z	borg	f4cda840e9af	nbody	fpc	64.0
2026-07-22T13:06:20Z	borg	f4cda840e9af	fib	-O0	264.2
2026-07-22T13:06:20Z	borg	f4cda840e9af	fib	-O2	164.0
2026-07-22T13:06:20Z	borg	f4cda840e9af	fib	-O3	114.0
2026-07-22T13:06:20Z	borg	f4cda840e9af	fib	fpc	114.1
2026-07-22T13:06:20Z	borg	f4cda840e9af	selfcompile	-O0	6226.5
2026-07-22T13:06:20Z	borg	f4cda840e9af	selfcompile	-O2	5075.7
2026-07-22T13:06:20Z	borg	f4cda840e9af	selfcompile	-O3	5175.1
2026-07-22T13:06:20Z	borg	f4cda840e9af	selfcompile	fpc	3471.7
2026-07-22T13:35:27Z	borg	8ee26d0428b0	mandelbrot	-O0	1316.6
2026-07-22T13:35:27Z	borg	8ee26d0428b0	mandelbrot	-O2	1315.8
2026-07-22T13:35:27Z	borg	8ee26d0428b0	mandelbrot	-O3	665.3
2026-07-22T13:35:27Z	borg	8ee26d0428b0	mandelbrot-p	-O0	1316.2
2026-07-22T13:35:27Z	borg	8ee26d0428b0	mandelbrot-p	-O2	1316.6
2026-07-22T13:35:27Z	borg	8ee26d0428b0	mandelbrot-p	-O3	615.1
2026-07-22T13:35:27Z	borg	8ee26d0428b0	mandelbrot-p	fpc	314.5
2026-07-22T13:35:27Z	borg	8ee26d0428b0	raytracer	-O0	11337.2
2026-07-22T13:35:27Z	borg	8ee26d0428b0	raytracer	-O2	6577.6
2026-07-22T13:35:27Z	borg	8ee26d0428b0	raytracer	-O3	6877.4
2026-07-22T13:35:27Z	borg	8ee26d0428b0	raytracer-p	-O0	314.6
2026-07-22T13:35:27Z	borg	8ee26d0428b0	raytracer-p	-O2	314.6
2026-07-22T13:35:27Z	borg	8ee26d0428b0	raytracer-p	-O3	264.3
2026-07-22T13:35:27Z	borg	8ee26d0428b0	raytracer-p	fpc	31.9
2026-07-22T13:35:27Z	borg	8ee26d0428b0	sieve	-O0	114.0
2026-07-22T13:35:27Z	borg	8ee26d0428b0	sieve	-O2	63.9
2026-07-22T13:35:27Z	borg	8ee26d0428b0	sieve	-O3	114.0
2026-07-22T13:35:27Z	borg	8ee26d0428b0	sieve	fpc	31.9
2026-07-22T13:35:27Z	borg	8ee26d0428b0	nbody	-O0	615.2
2026-07-22T13:35:27Z	borg	8ee26d0428b0	nbody	-O2	565.0
2026-07-22T13:35:27Z	borg	8ee26d0428b0	nbody	-O3	314.4
2026-07-22T13:35:27Z	borg	8ee26d0428b0	nbody	fpc	63.9
2026-07-22T13:35:27Z	borg	8ee26d0428b0	fib	-O0	264.2
2026-07-22T13:35:27Z	borg	8ee26d0428b0	fib	-O2	164.1
2026-07-22T13:35:27Z	borg	8ee26d0428b0	fib	-O3	115.2
2026-07-22T13:35:27Z	borg	8ee26d0428b0	fib	fpc	114.1
2026-07-22T13:35:27Z	borg	8ee26d0428b0	selfcompile	-O0	6076.4
2026-07-22T13:35:27Z	borg	8ee26d0428b0	selfcompile	-O2	5024.6
2026-07-22T13:35:27Z	borg	8ee26d0428b0	selfcompile	-O3	4875.3
2026-07-22T13:35:27Z	borg	8ee26d0428b0	selfcompile	fpc	3222.3
2026-07-22T16:05:45Z	borg	4046db00e366	mandelbrot	-O0	1518.4
2026-07-22T16:05:45Z	borg	4046db00e366	mandelbrot	-O2	1516.5
2026-07-22T16:05:45Z	borg	4046db00e366	mandelbrot	-O3	715.2
2026-07-22T16:05:45Z	borg	4046db00e366	mandelbrot-p	-O0	1717.3
2026-07-22T16:05:45Z	borg	4046db00e366	mandelbrot-p	-O2	1466.7
2026-07-22T16:05:45Z	borg	4046db00e366	mandelbrot-p	-O3	765.3
2026-07-22T16:05:45Z	borg	4046db00e366	mandelbrot-p	fpc	364.5
2026-07-22T16:05:45Z	borg	4046db00e366	raytracer	-O0	12939.8
2026-07-22T16:05:45Z	borg	4046db00e366	raytracer	-O2	7078.2
2026-07-22T16:05:45Z	borg	4046db00e366	raytracer	-O3	7778.9
2026-07-22T16:05:45Z	borg	4046db00e366	raytracer-p	-O0	414.9
2026-07-22T16:05:45Z	borg	4046db00e366	raytracer-p	-O2	364.5
2026-07-22T16:05:45Z	borg	4046db00e366	raytracer-p	-O3	364.6
2026-07-22T16:05:45Z	borg	4046db00e366	raytracer-p	fpc	63.9
2026-07-22T16:05:45Z	borg	4046db00e366	sieve	-O0	114.0
2026-07-22T16:05:45Z	borg	4046db00e366	sieve	-O2	113.9
2026-07-22T16:05:45Z	borg	4046db00e366	sieve	-O3	114.0
2026-07-22T16:05:45Z	borg	4046db00e366	sieve	fpc	63.9
2026-07-22T16:05:45Z	borg	4046db00e366	nbody	-O0	665.1
2026-07-22T16:05:45Z	borg	4046db00e366	nbody	-O2	665.3
2026-07-22T16:05:45Z	borg	4046db00e366	nbody	-O3	364.5
2026-07-22T16:05:45Z	borg	4046db00e366	nbody	fpc	114.0
2026-07-22T16:05:45Z	borg	4046db00e366	fib	-O0	314.4
2026-07-22T16:05:45Z	borg	4046db00e366	fib	-O2	164.1
2026-07-22T16:05:45Z	borg	4046db00e366	fib	-O3	114.0
2026-07-22T16:05:45Z	borg	4046db00e366	fib	fpc	114.1
2026-07-22T16:05:45Z	borg	4046db00e366	selfcompile	-O0	7729.1
2026-07-22T16:05:45Z	borg	4046db00e366	selfcompile	-O2	6527.1
2026-07-22T16:05:45Z	borg	4046db00e366	selfcompile	-O3	6126.1
2026-07-22T16:36:39Z	borg	4944278f	uforth-microbench-doloop	cpython	13528.8	07ffdb1	23924
2026-07-22T16:36:39Z	borg	4944278f	uforth-microbench-doloop	cpython-O	10962.1	07ffdb1	29656
2026-07-22T16:36:39Z	borg	4944278f	uforth-microbench-doloop	pxx	21881.2	07ffdb1	566148
2026-07-22T16:36:39Z	borg	4944278f	uforth-prelim	cpython	681.0	07ffdb1	24088
2026-07-22T16:36:39Z	borg	4944278f	uforth-prelim	cpython-O	1024.6	07ffdb1	29160
2026-07-22T16:36:39Z	borg	4944278f	uforth-prelim	pxx	3157.4	07ffdb1	32260
2026-07-22T16:56:23Z	borg	c0322cf4bfc3	mandelbrot	-O0	1466.9
2026-07-22T16:56:23Z	borg	c0322cf4bfc3	mandelbrot	-O2	1416.8
2026-07-22T16:56:23Z	borg	c0322cf4bfc3	mandelbrot	-O3	715.4
2026-07-22T16:56:23Z	borg	c0322cf4bfc3	mandelbrot-p	-O0	1416.9
2026-07-22T16:56:23Z	borg	c0322cf4bfc3	mandelbrot-p	-O2	1416.8
2026-07-22T16:56:23Z	borg	c0322cf4bfc3	mandelbrot-p	-O3	715.3
2026-07-22T16:56:23Z	borg	c0322cf4bfc3	mandelbrot-p	fpc	364.4
2026-07-22T16:56:23Z	borg	c0322cf4bfc3	raytracer	-O0	12640.4
2026-07-22T16:56:23Z	borg	c0322cf4bfc3	raytracer	-O2	7178.4
2026-07-22T16:56:23Z	borg	c0322cf4bfc3	raytracer	-O3	7178.7
2026-07-22T16:56:23Z	borg	c0322cf4bfc3	raytracer-p	-O0	414.9
2026-07-22T16:56:23Z	borg	c0322cf4bfc3	raytracer-p	-O2	366.0
2026-07-22T16:56:23Z	borg	c0322cf4bfc3	raytracer-p	-O3	315.7
2026-07-22T16:56:23Z	borg	c0322cf4bfc3	raytracer-p	fpc	31.9
2026-07-22T16:56:23Z	borg	c0322cf4bfc3	sieve	-O0	114.0
2026-07-22T16:56:23Z	borg	c0322cf4bfc3	sieve	-O2	114.0
2026-07-22T16:56:23Z	borg	c0322cf4bfc3	sieve	-O3	114.0
2026-07-22T16:56:23Z	borg	c0322cf4bfc3	sieve	fpc	64.0
2026-07-22T16:56:23Z	borg	c0322cf4bfc3	nbody	-O0	765.4
2026-07-22T16:56:23Z	borg	c0322cf4bfc3	nbody	-O2	614.9
2026-07-22T16:56:23Z	borg	c0322cf4bfc3	nbody	-O3	364.5
2026-07-22T16:56:23Z	borg	c0322cf4bfc3	nbody	fpc	114.0
2026-07-22T16:56:23Z	borg	c0322cf4bfc3	fib	-O0	264.3
2026-07-22T16:56:23Z	borg	c0322cf4bfc3	fib	-O2	164.1
2026-07-22T16:56:23Z	borg	c0322cf4bfc3	fib	-O3	114.1
2026-07-22T16:56:23Z	borg	c0322cf4bfc3	fib	fpc	114.2
2026-07-22T16:56:23Z	borg	c0322cf4bfc3	selfcompile	-O0	6978.8
2026-07-22T16:56:23Z	borg	c0322cf4bfc3	selfcompile	-O2	5625.3
2026-07-22T16:56:23Z	borg	c0322cf4bfc3	selfcompile	-O3	5775.4
2026-07-22T17:19:30Z	borg	45608c595ec9	mandelbrot	-O0	1416.8
2026-07-22T17:19:30Z	borg	45608c595ec9	mandelbrot	-O2	1416.7
2026-07-22T17:19:30Z	borg	45608c595ec9	mandelbrot	-O3	715.3
2026-07-22T17:19:30Z	borg	45608c595ec9	mandelbrot-p	-O0	1416.3
2026-07-22T17:19:30Z	borg	45608c595ec9	mandelbrot-p	-O2	1467.1
2026-07-22T17:19:30Z	borg	45608c595ec9	mandelbrot-p	-O3	664.9
2026-07-22T17:19:30Z	borg	45608c595ec9	mandelbrot-p	fpc	364.6
2026-07-22T17:19:30Z	borg	45608c595ec9	raytracer	-O0	12289.6
2026-07-22T17:19:30Z	borg	45608c595ec9	raytracer	-O2	7428.2
2026-07-22T17:19:30Z	borg	45608c595ec9	raytracer	-O3	7428.8
2026-07-22T17:19:30Z	borg	45608c595ec9	raytracer-p	-O0	364.4
2026-07-22T17:19:30Z	borg	45608c595ec9	raytracer-p	-O2	364.5
2026-07-22T17:19:30Z	borg	45608c595ec9	raytracer-p	-O3	314.4
2026-07-22T17:19:30Z	borg	45608c595ec9	raytracer-p	fpc	31.8
2026-07-22T17:19:30Z	borg	45608c595ec9	sieve	-O0	113.9
2026-07-22T17:19:30Z	borg	45608c595ec9	sieve	-O2	114.0
2026-07-22T17:19:30Z	borg	45608c595ec9	sieve	-O3	113.9
2026-07-22T17:19:30Z	borg	45608c595ec9	sieve	fpc	63.9
2026-07-22T17:19:30Z	borg	45608c595ec9	nbody	-O0	665.7
2026-07-22T17:19:30Z	borg	45608c595ec9	nbody	-O2	614.9
2026-07-22T17:19:30Z	borg	45608c595ec9	nbody	-O3	364.9
2026-07-22T17:19:30Z	borg	45608c595ec9	nbody	fpc	114.0
2026-07-22T17:19:30Z	borg	45608c595ec9	fib	-O0	264.6
2026-07-22T17:19:30Z	borg	45608c595ec9	fib	-O2	164.2
2026-07-22T17:19:30Z	borg	45608c595ec9	fib	-O3	113.9
2026-07-22T17:19:30Z	borg	45608c595ec9	fib	fpc	114.0
2026-07-22T17:19:30Z	borg	45608c595ec9	selfcompile	-O0	7429.1
2026-07-22T17:19:30Z	borg	45608c595ec9	selfcompile	-O2	5776.1
2026-07-22T17:19:30Z	borg	45608c595ec9	selfcompile	-O3	5777.9
2026-07-22T17:19:30Z	borg	45608c595ec9	selfcompile	fpc	3921.7
2026-07-22T17:36:31Z	borg	182a4dc9bb5f	mandelbrot	-O0	1416.7
2026-07-22T17:36:31Z	borg	182a4dc9bb5f	mandelbrot	-O2	1416.8
2026-07-22T17:36:31Z	borg	182a4dc9bb5f	mandelbrot	-O3	715.2
2026-07-22T17:36:31Z	borg	182a4dc9bb5f	mandelbrot-p	-O0	1416.7
2026-07-22T17:36:31Z	borg	182a4dc9bb5f	mandelbrot-p	-O2	1366.4
2026-07-22T17:36:31Z	borg	182a4dc9bb5f	mandelbrot-p	-O3	664.9
2026-07-22T17:36:31Z	borg	182a4dc9bb5f	mandelbrot-p	fpc	364.5
2026-07-22T17:36:31Z	borg	182a4dc9bb5f	raytracer	-O0	12088.4
2026-07-22T17:36:31Z	borg	182a4dc9bb5f	raytracer	-O2	7178.7
2026-07-22T17:36:31Z	borg	182a4dc9bb5f	raytracer	-O3	6878.1
2026-07-22T17:36:31Z	borg	182a4dc9bb5f	raytracer-p	-O0	365.8
2026-07-22T17:36:31Z	borg	182a4dc9bb5f	raytracer-p	-O2	365.1
2026-07-22T17:36:31Z	borg	182a4dc9bb5f	raytracer-p	-O3	315.5
2026-07-22T17:36:31Z	borg	182a4dc9bb5f	raytracer-p	fpc	31.9
2026-07-22T17:36:31Z	borg	182a4dc9bb5f	sieve	-O0	114.0
2026-07-22T17:36:31Z	borg	182a4dc9bb5f	sieve	-O2	114.1
2026-07-22T17:36:31Z	borg	182a4dc9bb5f	sieve	-O3	114.0
2026-07-22T17:36:31Z	borg	182a4dc9bb5f	sieve	fpc	31.8
2026-07-22T17:36:31Z	borg	182a4dc9bb5f	nbody	-O0	665.4
2026-07-22T17:36:31Z	borg	182a4dc9bb5f	nbody	-O2	615.0
2026-07-22T17:36:31Z	borg	182a4dc9bb5f	nbody	-O3	364.6
2026-07-22T17:36:31Z	borg	182a4dc9bb5f	nbody	fpc	114.0
2026-07-22T17:36:31Z	borg	182a4dc9bb5f	fib	-O0	264.3
2026-07-22T17:36:31Z	borg	182a4dc9bb5f	fib	-O2	164.1
2026-07-22T17:36:31Z	borg	182a4dc9bb5f	fib	-O3	114.7
2026-07-22T17:36:31Z	borg	182a4dc9bb5f	fib	fpc	114.1
2026-07-22T17:36:31Z	borg	182a4dc9bb5f	selfcompile	-O0	6828.3
2026-07-22T17:36:31Z	borg	182a4dc9bb5f	selfcompile	-O2	5475.2
2026-07-22T17:36:31Z	borg	182a4dc9bb5f	selfcompile	-O3	5526.4
2026-07-22T18:09:29Z	borg	dbbff6f22d19	mandelbrot	-O0	1416.4
2026-07-22T18:09:29Z	borg	dbbff6f22d19	mandelbrot	-O2	1416.8
2026-07-22T18:09:29Z	borg	dbbff6f22d19	mandelbrot	-O3	665.3
2026-07-22T18:09:29Z	borg	dbbff6f22d19	mandelbrot-p	-O0	1316.5
2026-07-22T18:09:29Z	borg	dbbff6f22d19	mandelbrot-p	-O2	1316.4
2026-07-22T18:09:29Z	borg	dbbff6f22d19	mandelbrot-p	-O3	615.0
2026-07-22T18:09:29Z	borg	dbbff6f22d19	mandelbrot-p	fpc	314.6
2026-07-22T18:09:29Z	borg	dbbff6f22d19	raytracer	-O0	11688.5
2026-07-22T18:09:29Z	borg	dbbff6f22d19	raytracer	-O2	6626.7
2026-07-22T18:09:29Z	borg	dbbff6f22d19	raytracer	-O3	6827.6
2026-07-22T18:09:29Z	borg	dbbff6f22d19	raytracer-p	-O0	314.4
2026-07-22T18:09:29Z	borg	dbbff6f22d19	raytracer-p	-O2	314.5
2026-07-22T18:09:29Z	borg	dbbff6f22d19	raytracer-p	-O3	264.5
2026-07-22T18:09:29Z	borg	dbbff6f22d19	raytracer-p	fpc	31.7
2026-07-22T18:09:29Z	borg	dbbff6f22d19	sieve	-O0	114.1
2026-07-22T18:09:29Z	borg	dbbff6f22d19	sieve	-O2	63.7
2026-07-22T18:09:29Z	borg	dbbff6f22d19	sieve	-O3	64.0
2026-07-22T18:09:29Z	borg	dbbff6f22d19	sieve	fpc	31.9
2026-07-22T18:09:29Z	borg	dbbff6f22d19	nbody	-O0	615.2
2026-07-22T18:09:29Z	borg	dbbff6f22d19	nbody	-O2	564.9
2026-07-22T18:09:29Z	borg	dbbff6f22d19	nbody	-O3	314.5
2026-07-22T18:09:29Z	borg	dbbff6f22d19	nbody	fpc	64.0
2026-07-22T18:09:29Z	borg	dbbff6f22d19	fib	-O0	264.4
2026-07-22T18:09:29Z	borg	dbbff6f22d19	fib	-O2	164.2
2026-07-22T18:09:29Z	borg	dbbff6f22d19	fib	-O3	114.1
2026-07-22T18:09:29Z	borg	dbbff6f22d19	fib	fpc	114.0
2026-07-22T18:09:29Z	borg	dbbff6f22d19	selfcompile	-O0	6277.1
2026-07-22T18:09:29Z	borg	dbbff6f22d19	selfcompile	-O2	5024.9
2026-07-22T18:09:29Z	borg	dbbff6f22d19	selfcompile	-O3	5074.9
2026-07-22T18:37:49Z	borg	e675e4a4644a	mandelbrot	-O0	1416.9
2026-07-22T18:37:49Z	borg	e675e4a4644a	mandelbrot	-O2	1366.9
2026-07-22T18:37:49Z	borg	e675e4a4644a	mandelbrot	-O3	665.4
2026-07-22T18:37:49Z	borg	e675e4a4644a	mandelbrot-p	-O0	1367.1
2026-07-22T18:37:49Z	borg	e675e4a4644a	mandelbrot-p	-O2	1366.6
2026-07-22T18:37:49Z	borg	e675e4a4644a	mandelbrot-p	-O3	664.8
2026-07-22T18:37:49Z	borg	e675e4a4644a	mandelbrot-p	fpc	364.5
2026-07-22T18:37:49Z	borg	e675e4a4644a	raytracer	-O0	12039.0
2026-07-22T18:37:49Z	borg	e675e4a4644a	raytracer	-O2	6877.8
2026-07-22T18:37:49Z	borg	e675e4a4644a	raytracer	-O3	6778.2
2026-07-22T18:37:49Z	borg	e675e4a4644a	raytracer-p	-O0	364.6
2026-07-22T18:37:49Z	borg	e675e4a4644a	raytracer-p	-O2	365.6
2026-07-22T18:37:49Z	borg	e675e4a4644a	raytracer-p	-O3	314.5
2026-07-22T18:37:49Z	borg	e675e4a4644a	raytracer-p	fpc	31.9
2026-07-22T18:37:49Z	borg	e675e4a4644a	sieve	-O0	114.0
2026-07-22T18:37:49Z	borg	e675e4a4644a	sieve	-O2	114.0
2026-07-22T18:37:49Z	borg	e675e4a4644a	sieve	-O3	114.1
2026-07-22T18:37:49Z	borg	e675e4a4644a	sieve	fpc	31.9
2026-07-22T18:37:49Z	borg	e675e4a4644a	nbody	-O0	665.3
2026-07-22T18:37:49Z	borg	e675e4a4644a	nbody	-O2	615.0
2026-07-22T18:37:49Z	borg	e675e4a4644a	nbody	-O3	364.7
2026-07-22T18:37:49Z	borg	e675e4a4644a	nbody	fpc	114.0
2026-07-22T18:37:49Z	borg	e675e4a4644a	fib	-O0	264.2
2026-07-22T18:37:49Z	borg	e675e4a4644a	fib	-O2	164.1
2026-07-22T18:37:49Z	borg	e675e4a4644a	fib	-O3	114.1
2026-07-22T18:37:49Z	borg	e675e4a4644a	fib	fpc	114.0
2026-07-22T18:37:49Z	borg	e675e4a4644a	selfcompile	-O0	6677.5
2026-07-22T18:37:49Z	borg	e675e4a4644a	selfcompile	-O2	5424.7
2026-07-22T18:37:49Z	borg	e675e4a4644a	selfcompile	-O3	5725.4
2026-07-22T19:58:54Z	borg	fa5eabd756e8	mandelbrot	-O0	1369.3
2026-07-22T19:58:54Z	borg	fa5eabd756e8	mandelbrot	-O2	1367.0
2026-07-22T19:58:54Z	borg	fa5eabd756e8	mandelbrot	-O3	715.2
2026-07-22T19:58:54Z	borg	fa5eabd756e8	mandelbrot-p	-O0	1366.7
2026-07-22T19:58:54Z	borg	fa5eabd756e8	mandelbrot-p	-O2	1366.7
2026-07-22T19:58:54Z	borg	fa5eabd756e8	mandelbrot-p	-O3	665.1
2026-07-22T19:58:54Z	borg	fa5eabd756e8	mandelbrot-p	fpc	364.7
2026-07-22T19:58:54Z	borg	fa5eabd756e8	raytracer	-O0	11938.5
2026-07-22T19:58:54Z	borg	fa5eabd756e8	raytracer	-O2	6978.7
2026-07-22T19:58:54Z	borg	fa5eabd756e8	raytracer	-O3	6728.0
2026-07-22T19:58:54Z	borg	fa5eabd756e8	raytracer-p	-O0	364.5
2026-07-22T19:58:54Z	borg	fa5eabd756e8	raytracer-p	-O2	314.7
2026-07-22T19:58:54Z	borg	fa5eabd756e8	raytracer-p	-O3	315.5
2026-07-22T19:58:54Z	borg	fa5eabd756e8	raytracer-p	fpc	31.8
2026-07-22T19:58:54Z	borg	fa5eabd756e8	sieve	-O0	115.4
2026-07-22T19:58:54Z	borg	fa5eabd756e8	sieve	-O2	114.0
2026-07-22T19:58:54Z	borg	fa5eabd756e8	sieve	-O3	114.0
2026-07-22T19:58:54Z	borg	fa5eabd756e8	sieve	fpc	31.9
2026-07-22T19:58:54Z	borg	fa5eabd756e8	nbody	-O0	665.2
2026-07-22T19:58:54Z	borg	fa5eabd756e8	nbody	-O2	615.2
2026-07-22T19:58:54Z	borg	fa5eabd756e8	nbody	-O3	364.6
2026-07-22T19:58:54Z	borg	fa5eabd756e8	nbody	fpc	114.0
2026-07-22T19:58:54Z	borg	fa5eabd756e8	fib	-O0	264.5
2026-07-22T19:58:54Z	borg	fa5eabd756e8	fib	-O2	164.2
2026-07-22T19:58:54Z	borg	fa5eabd756e8	fib	-O3	115.2
2026-07-22T19:58:54Z	borg	fa5eabd756e8	fib	fpc	114.0
2026-07-22T19:58:54Z	borg	fa5eabd756e8	selfcompile	-O0	6677.8
2026-07-22T19:58:54Z	borg	fa5eabd756e8	selfcompile	-O2	5426.1
2026-07-22T19:58:54Z	borg	fa5eabd756e8	selfcompile	-O3	5426.0
2026-07-22T21:44:01Z	borg	07defb48750f	mandelbrot	-O0	1367.2
2026-07-22T21:44:01Z	borg	07defb48750f	mandelbrot	-O2	1317.0
2026-07-22T21:44:01Z	borg	07defb48750f	mandelbrot	-O3	665.2
2026-07-22T21:44:01Z	borg	07defb48750f	mandelbrot-p	-O0	1366.8
2026-07-22T21:44:01Z	borg	07defb48750f	mandelbrot-p	-O2	1316.5
2026-07-22T21:44:01Z	borg	07defb48750f	mandelbrot-p	-O3	615.2
2026-07-22T21:44:01Z	borg	07defb48750f	mandelbrot-p	fpc	365.7
2026-07-22T21:44:01Z	borg	07defb48750f	raytracer	-O0	11638.9
2026-07-22T21:44:01Z	borg	07defb48750f	raytracer	-O2	6729.2
2026-07-22T21:44:01Z	borg	07defb48750f	raytracer	-O3	6527.2
2026-07-22T21:44:01Z	borg	07defb48750f	raytracer-p	-O0	365.1
2026-07-22T21:44:01Z	borg	07defb48750f	raytracer-p	-O2	314.6
2026-07-22T21:44:01Z	borg	07defb48750f	raytracer-p	-O3	264.3
2026-07-22T21:44:01Z	borg	07defb48750f	raytracer-p	fpc	31.8
2026-07-22T21:44:01Z	borg	07defb48750f	sieve	-O0	114.0
2026-07-22T21:44:01Z	borg	07defb48750f	sieve	-O2	113.9
2026-07-22T21:44:01Z	borg	07defb48750f	sieve	-O3	113.9
2026-07-22T21:44:01Z	borg	07defb48750f	sieve	fpc	63.9
2026-07-22T21:44:01Z	borg	07defb48750f	nbody	-O0	665.1
2026-07-22T21:44:01Z	borg	07defb48750f	nbody	-O2	565.1
2026-07-22T21:44:01Z	borg	07defb48750f	nbody	-O3	464.7
2026-07-22T21:44:01Z	borg	07defb48750f	nbody	fpc	63.9
2026-07-22T21:44:01Z	borg	07defb48750f	fib	-O0	264.3
2026-07-22T21:44:01Z	borg	07defb48750f	fib	-O2	164.1
2026-07-22T21:44:01Z	borg	07defb48750f	fib	-O3	113.9
2026-07-22T21:44:01Z	borg	07defb48750f	fib	fpc	114.0
2026-07-22T21:44:01Z	borg	07defb48750f	selfcompile	-O0	7128.3
2026-07-22T21:44:01Z	borg	07defb48750f	selfcompile	-O2	5675.9
2026-07-22T21:44:01Z	borg	07defb48750f	selfcompile	-O3	5826.3
2026-07-22T22:02:09Z	borg	1db3fb50a177	mandelbrot	-O0	1466.6
2026-07-22T22:02:09Z	borg	1db3fb50a177	mandelbrot	-O2	1366.6
2026-07-22T22:02:09Z	borg	1db3fb50a177	mandelbrot	-O3	665.3
2026-07-22T22:02:09Z	borg	1db3fb50a177	mandelbrot-p	-O0	1366.7
2026-07-22T22:02:09Z	borg	1db3fb50a177	mandelbrot-p	-O2	1416.4
2026-07-22T22:02:09Z	borg	1db3fb50a177	mandelbrot-p	-O3	665.1
2026-07-22T22:02:09Z	borg	1db3fb50a177	mandelbrot-p	fpc	364.6
2026-07-22T22:02:09Z	borg	1db3fb50a177	raytracer	-O0	12902.3
2026-07-22T22:02:09Z	borg	1db3fb50a177	raytracer	-O2	7378.1
2026-07-22T22:02:09Z	borg	1db3fb50a177	raytracer	-O3	6126.3
2026-07-22T22:02:09Z	borg	1db3fb50a177	raytracer-p	-O0	414.8
2026-07-22T22:02:09Z	borg	1db3fb50a177	raytracer-p	-O2	364.5
2026-07-22T22:02:09Z	borg	1db3fb50a177	raytracer-p	-O3	314.5
2026-07-22T22:02:09Z	borg	1db3fb50a177	raytracer-p	fpc	31.8
2026-07-22T22:02:09Z	borg	1db3fb50a177	sieve	-O0	113.9
2026-07-22T22:02:09Z	borg	1db3fb50a177	sieve	-O2	114.0
2026-07-22T22:02:09Z	borg	1db3fb50a177	sieve	-O3	113.9
2026-07-22T22:02:09Z	borg	1db3fb50a177	sieve	fpc	63.9
2026-07-22T22:02:09Z	borg	1db3fb50a177	nbody	-O0	664.9
2026-07-22T22:02:09Z	borg	1db3fb50a177	nbody	-O2	614.9
2026-07-22T22:02:09Z	borg	1db3fb50a177	nbody	-O3	364.3
2026-07-22T22:02:09Z	borg	1db3fb50a177	nbody	fpc	114.0
2026-07-22T22:02:09Z	borg	1db3fb50a177	fib	-O0	264.2
2026-07-22T22:02:09Z	borg	1db3fb50a177	fib	-O2	164.0
2026-07-22T22:02:09Z	borg	1db3fb50a177	fib	-O3	114.0
2026-07-22T22:02:09Z	borg	1db3fb50a177	fib	fpc	114.0
2026-07-22T22:02:09Z	borg	1db3fb50a177	selfcompile	-O0	6676.9
2026-07-22T22:02:09Z	borg	1db3fb50a177	selfcompile	-O2	5725.1
2026-07-22T22:02:09Z	borg	1db3fb50a177	selfcompile	-O3	5776.1
2026-07-22T22:50:53Z	borg	0cb8dd5f356d	mandelbrot	-O0	1366.8
2026-07-22T22:50:53Z	borg	0cb8dd5f356d	mandelbrot	-O2	1316.4
2026-07-22T22:50:53Z	borg	0cb8dd5f356d	mandelbrot	-O3	665.2
2026-07-22T22:50:53Z	borg	0cb8dd5f356d	mandelbrot-p	-O0	1366.7
2026-07-22T22:50:53Z	borg	0cb8dd5f356d	mandelbrot-p	-O2	1316.8
2026-07-22T22:50:53Z	borg	0cb8dd5f356d	mandelbrot-p	-O3	615.5
2026-07-22T22:50:53Z	borg	0cb8dd5f356d	mandelbrot-p	fpc	314.6
2026-07-22T22:50:53Z	borg	0cb8dd5f356d	raytracer	-O0	11591.1
2026-07-22T22:50:53Z	borg	0cb8dd5f356d	raytracer	-O2	6878.0
2026-07-22T22:50:53Z	borg	0cb8dd5f356d	raytracer	-O3	5975.6
2026-07-22T22:50:53Z	borg	0cb8dd5f356d	raytracer-p	-O0	364.4
2026-07-22T22:50:53Z	borg	0cb8dd5f356d	raytracer-p	-O2	364.6
2026-07-22T22:50:53Z	borg	0cb8dd5f356d	raytracer-p	-O3	314.3
2026-07-22T22:50:53Z	borg	0cb8dd5f356d	raytracer-p	fpc	31.7
2026-07-22T22:50:53Z	borg	0cb8dd5f356d	sieve	-O0	113.9
2026-07-22T22:50:53Z	borg	0cb8dd5f356d	sieve	-O2	63.8
2026-07-22T22:50:53Z	borg	0cb8dd5f356d	sieve	-O3	114.0
2026-07-22T22:50:53Z	borg	0cb8dd5f356d	sieve	fpc	31.8
2026-07-22T22:50:53Z	borg	0cb8dd5f356d	nbody	-O0	665.0
2026-07-22T22:50:53Z	borg	0cb8dd5f356d	nbody	-O2	615.1
2026-07-22T22:50:53Z	borg	0cb8dd5f356d	nbody	-O3	364.5
2026-07-22T22:50:53Z	borg	0cb8dd5f356d	nbody	fpc	63.8
2026-07-22T22:50:53Z	borg	0cb8dd5f356d	fib	-O0	264.1
2026-07-22T22:50:53Z	borg	0cb8dd5f356d	fib	-O2	164.0
2026-07-22T22:50:53Z	borg	0cb8dd5f356d	fib	-O3	113.9
2026-07-22T22:50:53Z	borg	0cb8dd5f356d	fib	fpc	114.0
2026-07-22T22:50:53Z	borg	0cb8dd5f356d	selfcompile	-O0	7078.9
2026-07-22T22:50:53Z	borg	0cb8dd5f356d	selfcompile	-O2	5725.8
2026-07-22T22:50:53Z	borg	0cb8dd5f356d	selfcompile	-O3	5825.6
2026-07-22T23:11:35Z	borg	8785b6a67450	mandelbrot	-O0	1366.9
2026-07-22T23:11:35Z	borg	8785b6a67450	mandelbrot	-O2	1316.4
2026-07-22T23:11:35Z	borg	8785b6a67450	mandelbrot	-O3	665.2
2026-07-22T23:11:35Z	borg	8785b6a67450	mandelbrot-p	-O0	1366.4
2026-07-22T23:11:35Z	borg	8785b6a67450	mandelbrot-p	-O2	1316.7
2026-07-22T23:11:35Z	borg	8785b6a67450	mandelbrot-p	-O3	615.2
2026-07-22T23:11:35Z	borg	8785b6a67450	mandelbrot-p	fpc	314.5
2026-07-22T23:11:35Z	borg	8785b6a67450	raytracer	-O0	11687.6
2026-07-22T23:11:35Z	borg	8785b6a67450	raytracer	-O2	6828.2
2026-07-22T23:11:35Z	borg	8785b6a67450	raytracer	-O3	5524.9
2026-07-22T23:11:35Z	borg	8785b6a67450	raytracer-p	-O0	364.5
2026-07-22T23:11:35Z	borg	8785b6a67450	raytracer-p	-O2	314.7
2026-07-22T23:11:35Z	borg	8785b6a67450	raytracer-p	-O3	264.5
2026-07-22T23:11:35Z	borg	8785b6a67450	raytracer-p	fpc	31.8
2026-07-22T23:11:35Z	borg	8785b6a67450	sieve	-O0	114.1
2026-07-22T23:11:35Z	borg	8785b6a67450	sieve	-O2	64.0
2026-07-22T23:11:35Z	borg	8785b6a67450	sieve	-O3	63.9
2026-07-22T23:11:35Z	borg	8785b6a67450	sieve	fpc	31.8
2026-07-22T23:11:35Z	borg	8785b6a67450	nbody	-O0	615.3
2026-07-22T23:11:35Z	borg	8785b6a67450	nbody	-O2	564.8
2026-07-22T23:11:35Z	borg	8785b6a67450	nbody	-O3	364.5
2026-07-22T23:11:35Z	borg	8785b6a67450	nbody	fpc	63.8
2026-07-22T23:11:35Z	borg	8785b6a67450	fib	-O0	264.3
2026-07-22T23:11:35Z	borg	8785b6a67450	fib	-O2	164.1
2026-07-22T23:11:35Z	borg	8785b6a67450	fib	-O3	114.0
2026-07-22T23:11:35Z	borg	8785b6a67450	fib	fpc	114.1
2026-07-22T23:11:35Z	borg	8785b6a67450	selfcompile	-O0	6978.5
2026-07-22T23:11:35Z	borg	8785b6a67450	selfcompile	-O2	5775.6
2026-07-22T23:11:35Z	borg	8785b6a67450	selfcompile	-O3	5776.0
2026-07-22T23:31:07Z	borg	5064fd0a03bb	mandelbrot	-O0	1416.1
2026-07-22T23:31:07Z	borg	5064fd0a03bb	mandelbrot	-O2	1416.6
2026-07-22T23:31:07Z	borg	5064fd0a03bb	mandelbrot	-O3	715.3
2026-07-22T23:31:07Z	borg	5064fd0a03bb	mandelbrot-p	-O0	1466.8
2026-07-22T23:31:07Z	borg	5064fd0a03bb	mandelbrot-p	-O2	1416.2
2026-07-22T23:31:07Z	borg	5064fd0a03bb	mandelbrot-p	-O3	715.2
2026-07-22T23:31:07Z	borg	5064fd0a03bb	mandelbrot-p	fpc	364.5
2026-07-22T23:31:07Z	borg	5064fd0a03bb	raytracer	-O0	11637.1
2026-07-22T23:31:07Z	borg	5064fd0a03bb	raytracer	-O2	6827.5
2026-07-22T23:31:07Z	borg	5064fd0a03bb	raytracer	-O3	5525.3
2026-07-22T23:31:07Z	borg	5064fd0a03bb	raytracer-p	-O0	364.5
2026-07-22T23:31:07Z	borg	5064fd0a03bb	raytracer-p	-O2	364.6
2026-07-22T23:31:07Z	borg	5064fd0a03bb	raytracer-p	-O3	314.4
2026-07-22T23:31:07Z	borg	5064fd0a03bb	raytracer-p	fpc	63.9
2026-07-22T23:31:07Z	borg	5064fd0a03bb	sieve	-O0	114.0
2026-07-22T23:31:07Z	borg	5064fd0a03bb	sieve	-O2	63.9
2026-07-22T23:31:07Z	borg	5064fd0a03bb	sieve	-O3	114.0
2026-07-22T23:31:07Z	borg	5064fd0a03bb	sieve	fpc	63.9
2026-07-22T23:31:07Z	borg	5064fd0a03bb	nbody	-O0	664.9
2026-07-22T23:31:07Z	borg	5064fd0a03bb	nbody	-O2	615.1
2026-07-22T23:31:07Z	borg	5064fd0a03bb	nbody	-O3	364.4
2026-07-22T23:31:07Z	borg	5064fd0a03bb	nbody	fpc	113.9
2026-07-22T23:31:07Z	borg	5064fd0a03bb	fib	-O0	264.2
2026-07-22T23:31:07Z	borg	5064fd0a03bb	fib	-O2	164.1
2026-07-22T23:31:07Z	borg	5064fd0a03bb	fib	-O3	113.9
2026-07-22T23:31:07Z	borg	5064fd0a03bb	fib	fpc	113.9
2026-07-22T23:31:07Z	borg	5064fd0a03bb	selfcompile	-O0	6727.9
2026-07-22T23:31:07Z	borg	5064fd0a03bb	selfcompile	-O2	5675.7
2026-07-22T23:31:07Z	borg	5064fd0a03bb	selfcompile	-O3	5775.4
2026-07-22T23:49:41Z	borg	3422de56ab61	mandelbrot	-O0	1417.0
2026-07-22T23:49:41Z	borg	3422de56ab61	mandelbrot	-O2	1367.0
2026-07-22T23:49:41Z	borg	3422de56ab61	mandelbrot	-O3	665.2
2026-07-22T23:49:41Z	borg	3422de56ab61	mandelbrot-p	-O0	1366.6
2026-07-22T23:49:41Z	borg	3422de56ab61	mandelbrot-p	-O2	1316.8
2026-07-22T23:49:41Z	borg	3422de56ab61	mandelbrot-p	-O3	665.2
2026-07-22T23:49:41Z	borg	3422de56ab61	mandelbrot-p	fpc	364.5
2026-07-22T23:49:41Z	borg	3422de56ab61	raytracer	-O0	12391.3
2026-07-22T23:49:41Z	borg	3422de56ab61	raytracer	-O2	6777.5
2026-07-22T23:49:41Z	borg	3422de56ab61	raytracer	-O3	5775.6
2026-07-22T23:49:41Z	borg	3422de56ab61	raytracer-p	-O0	364.5
2026-07-22T23:49:41Z	borg	3422de56ab61	raytracer-p	-O2	364.6
2026-07-22T23:49:41Z	borg	3422de56ab61	raytracer-p	-O3	314.4
2026-07-22T23:49:41Z	borg	3422de56ab61	raytracer-p	fpc	31.7
2026-07-22T23:49:41Z	borg	3422de56ab61	sieve	-O0	113.9
2026-07-22T23:49:41Z	borg	3422de56ab61	sieve	-O2	63.9
2026-07-22T23:49:41Z	borg	3422de56ab61	sieve	-O3	113.9
2026-07-22T23:49:41Z	borg	3422de56ab61	sieve	fpc	31.9
2026-07-22T23:49:41Z	borg	3422de56ab61	nbody	-O0	665.1
2026-07-22T23:49:41Z	borg	3422de56ab61	nbody	-O2	565.2
2026-07-22T23:49:41Z	borg	3422de56ab61	nbody	-O3	364.7
2026-07-22T23:49:41Z	borg	3422de56ab61	nbody	fpc	64.0
2026-07-22T23:49:41Z	borg	3422de56ab61	fib	-O0	264.3
2026-07-22T23:49:41Z	borg	3422de56ab61	fib	-O2	164.2
2026-07-22T23:49:41Z	borg	3422de56ab61	fib	-O3	114.0
2026-07-22T23:49:41Z	borg	3422de56ab61	fib	fpc	114.1
2026-07-22T23:49:41Z	borg	3422de56ab61	selfcompile	-O0	6479.0
2026-07-22T23:49:41Z	borg	3422de56ab61	selfcompile	-O2	5425.8
2026-07-22T23:49:41Z	borg	3422de56ab61	selfcompile	-O3	5375.8
2026-07-23T00:07:07Z	borg	0ea16a7929b9	mandelbrot	-O0	1367.0
2026-07-23T00:07:07Z	borg	0ea16a7929b9	mandelbrot	-O2	1466.3
2026-07-23T00:07:07Z	borg	0ea16a7929b9	mandelbrot	-O3	665.1
2026-07-23T00:07:07Z	borg	0ea16a7929b9	mandelbrot-p	-O0	1366.4
2026-07-23T00:07:07Z	borg	0ea16a7929b9	mandelbrot-p	-O2	1366.2
2026-07-23T00:07:07Z	borg	0ea16a7929b9	mandelbrot-p	-O3	665.0
2026-07-23T00:07:07Z	borg	0ea16a7929b9	mandelbrot-p	fpc	364.6
2026-07-23T00:07:07Z	borg	0ea16a7929b9	raytracer	-O0	13341.4
2026-07-23T00:07:07Z	borg	0ea16a7929b9	raytracer	-O2	7328.7
2026-07-23T00:07:07Z	borg	0ea16a7929b9	raytracer	-O3	5976.4
2026-07-23T00:07:07Z	borg	0ea16a7929b9	raytracer-p	-O0	364.6
2026-07-23T00:07:07Z	borg	0ea16a7929b9	raytracer-p	-O2	314.3
2026-07-23T00:07:07Z	borg	0ea16a7929b9	raytracer-p	-O3	314.5
2026-07-23T00:07:07Z	borg	0ea16a7929b9	raytracer-p	fpc	63.9
2026-07-23T00:07:07Z	borg	0ea16a7929b9	sieve	-O0	114.2
2026-07-23T00:07:07Z	borg	0ea16a7929b9	sieve	-O2	114.0
2026-07-23T00:07:07Z	borg	0ea16a7929b9	sieve	-O3	113.9
2026-07-23T00:07:07Z	borg	0ea16a7929b9	sieve	fpc	31.8
2026-07-23T00:07:07Z	borg	0ea16a7929b9	nbody	-O0	665.1
2026-07-23T00:07:07Z	borg	0ea16a7929b9	nbody	-O2	664.9
2026-07-23T00:07:07Z	borg	0ea16a7929b9	nbody	-O3	364.6
2026-07-23T00:07:07Z	borg	0ea16a7929b9	nbody	fpc	113.9
2026-07-23T00:07:07Z	borg	0ea16a7929b9	fib	-O0	264.4
2026-07-23T00:07:07Z	borg	0ea16a7929b9	fib	-O2	214.2
2026-07-23T00:07:07Z	borg	0ea16a7929b9	fib	-O3	114.0
2026-07-23T00:07:07Z	borg	0ea16a7929b9	fib	fpc	113.9
2026-07-23T00:07:07Z	borg	0ea16a7929b9	selfcompile	-O0	6580.2
2026-07-23T00:07:07Z	borg	0ea16a7929b9	selfcompile	-O2	5376.5
2026-07-23T00:07:07Z	borg	0ea16a7929b9	selfcompile	-O3	5925.9
2026-07-23T00:36:32Z	borg	8a1815bdd7c9	mandelbrot	-O0	1316.5
2026-07-23T00:36:32Z	borg	8a1815bdd7c9	mandelbrot	-O2	1316.5
2026-07-23T00:36:32Z	borg	8a1815bdd7c9	mandelbrot	-O3	665.2
2026-07-23T00:36:32Z	borg	8a1815bdd7c9	mandelbrot-p	-O0	1316.7
2026-07-23T00:36:32Z	borg	8a1815bdd7c9	mandelbrot-p	-O2	1266.4
2026-07-23T00:36:32Z	borg	8a1815bdd7c9	mandelbrot-p	-O3	665.1
2026-07-23T00:36:32Z	borg	8a1815bdd7c9	mandelbrot-p	fpc	314.5
2026-07-23T00:36:32Z	borg	8a1815bdd7c9	raytracer	-O0	11736.6
2026-07-23T00:36:32Z	borg	8a1815bdd7c9	raytracer	-O2	6528.0
2026-07-23T00:36:32Z	borg	8a1815bdd7c9	raytracer	-O3	5374.7
2026-07-23T00:36:32Z	borg	8a1815bdd7c9	raytracer-p	-O0	314.5
2026-07-23T00:36:32Z	borg	8a1815bdd7c9	raytracer-p	-O2	314.4
2026-07-23T00:36:32Z	borg	8a1815bdd7c9	raytracer-p	-O3	264.4
2026-07-23T00:36:32Z	borg	8a1815bdd7c9	raytracer-p	fpc	31.7
2026-07-23T00:36:32Z	borg	8a1815bdd7c9	sieve	-O0	114.0
2026-07-23T00:36:32Z	borg	8a1815bdd7c9	sieve	-O2	63.9
2026-07-23T00:36:32Z	borg	8a1815bdd7c9	sieve	-O3	64.0
2026-07-23T00:36:32Z	borg	8a1815bdd7c9	sieve	fpc	31.7
2026-07-23T00:36:32Z	borg	8a1815bdd7c9	nbody	-O0	615.2
2026-07-23T00:36:32Z	borg	8a1815bdd7c9	nbody	-O2	565.1
2026-07-23T00:36:32Z	borg	8a1815bdd7c9	nbody	-O3	314.6
2026-07-23T00:36:32Z	borg	8a1815bdd7c9	nbody	fpc	63.8
2026-07-23T00:36:32Z	borg	8a1815bdd7c9	fib	-O0	264.3
2026-07-23T00:36:32Z	borg	8a1815bdd7c9	fib	-O2	164.2
2026-07-23T00:36:32Z	borg	8a1815bdd7c9	fib	-O3	114.0
2026-07-23T00:36:32Z	borg	8a1815bdd7c9	fib	fpc	115.2
2026-07-23T00:36:32Z	borg	8a1815bdd7c9	selfcompile	-O0	6276.5
2026-07-23T00:36:32Z	borg	8a1815bdd7c9	selfcompile	-O2	4925.3
2026-07-23T00:36:32Z	borg	8a1815bdd7c9	selfcompile	-O3	5125.3
2026-07-23T06:11:13Z	borg	49f579514505	mandelbrot	-O0	1417.0
2026-07-23T06:11:13Z	borg	49f579514505	mandelbrot	-O2	1416.7
2026-07-23T06:11:13Z	borg	49f579514505	mandelbrot	-O3	715.3
2026-07-23T06:11:13Z	borg	49f579514505	mandelbrot-p	-O0	1416.6
2026-07-23T06:11:13Z	borg	49f579514505	mandelbrot-p	-O2	1467.0
2026-07-23T06:11:13Z	borg	49f579514505	mandelbrot-p	-O3	665.3
2026-07-23T06:11:13Z	borg	49f579514505	mandelbrot-p	fpc	364.5
2026-07-23T06:11:13Z	borg	49f579514505	raytracer	-O0	12990.0
2026-07-23T06:11:13Z	borg	49f579514505	raytracer	-O2	8132.2
2026-07-23T06:11:13Z	borg	49f579514505	raytracer	-O3	6727.2
2026-07-23T06:11:13Z	borg	49f579514505	raytracer-p	-O0	364.7
2026-07-23T06:11:13Z	borg	49f579514505	raytracer-p	-O2	364.5
2026-07-23T06:11:13Z	borg	49f579514505	raytracer-p	-O3	314.4
2026-07-23T06:11:13Z	borg	49f579514505	raytracer-p	fpc	31.9
2026-07-23T06:11:13Z	borg	49f579514505	sieve	-O0	114.0
2026-07-23T06:11:13Z	borg	49f579514505	sieve	-O2	113.9
2026-07-23T06:11:13Z	borg	49f579514505	sieve	-O3	114.0
2026-07-23T06:11:13Z	borg	49f579514505	sieve	fpc	63.9
2026-07-23T06:11:13Z	borg	49f579514505	nbody	-O0	765.8
2026-07-23T06:11:13Z	borg	49f579514505	nbody	-O2	615.0
2026-07-23T06:11:13Z	borg	49f579514505	nbody	-O3	364.6
2026-07-23T06:11:13Z	borg	49f579514505	nbody	fpc	114.2
2026-07-23T06:11:13Z	borg	49f579514505	fib	-O0	314.5
2026-07-23T06:11:13Z	borg	49f579514505	fib	-O2	214.3
2026-07-23T06:11:13Z	borg	49f579514505	fib	-O3	114.1
2026-07-23T06:11:13Z	borg	49f579514505	fib	fpc	114.3
2026-07-23T06:11:13Z	borg	49f579514505	selfcompile	-O0	7881.5
2026-07-23T06:11:13Z	borg	49f579514505	selfcompile	-O2	6476.6
2026-07-23T06:11:13Z	borg	49f579514505	selfcompile	-O3	6076.0
2026-07-23T06:48:41Z	borg	8ecefb2e9d8e	mandelbrot	-O0	1467.1
2026-07-23T06:48:41Z	borg	8ecefb2e9d8e	mandelbrot	-O2	1418.3
2026-07-23T06:48:41Z	borg	8ecefb2e9d8e	mandelbrot	-O3	715.5
2026-07-23T06:48:41Z	borg	8ecefb2e9d8e	mandelbrot-p	-O0	1467.0
2026-07-23T06:48:41Z	borg	8ecefb2e9d8e	mandelbrot-p	-O2	1416.9
2026-07-23T06:48:41Z	borg	8ecefb2e9d8e	mandelbrot-p	-O3	715.2
2026-07-23T06:48:41Z	borg	8ecefb2e9d8e	mandelbrot-p	fpc	414.7
2026-07-23T06:48:41Z	borg	8ecefb2e9d8e	raytracer	-O0	13843.2
2026-07-23T06:48:41Z	borg	8ecefb2e9d8e	raytracer	-O2	7729.1
2026-07-23T06:48:41Z	borg	8ecefb2e9d8e	raytracer	-O3	6278.1
2026-07-23T06:48:41Z	borg	8ecefb2e9d8e	raytracer-p	-O0	364.6
2026-07-23T06:48:41Z	borg	8ecefb2e9d8e	raytracer-p	-O2	364.5
2026-07-23T06:48:41Z	borg	8ecefb2e9d8e	raytracer-p	-O3	314.4
2026-07-23T06:48:41Z	borg	8ecefb2e9d8e	raytracer-p	fpc	64.0
2026-07-23T06:48:41Z	borg	8ecefb2e9d8e	sieve	-O0	114.0
2026-07-23T06:48:41Z	borg	8ecefb2e9d8e	sieve	-O2	114.1
2026-07-23T06:48:41Z	borg	8ecefb2e9d8e	sieve	-O3	114.0
2026-07-23T06:48:41Z	borg	8ecefb2e9d8e	sieve	fpc	65.3
2026-07-23T06:48:41Z	borg	8ecefb2e9d8e	nbody	-O0	665.0
2026-07-23T06:48:41Z	borg	8ecefb2e9d8e	nbody	-O2	715.3
2026-07-23T06:48:41Z	borg	8ecefb2e9d8e	nbody	-O3	364.6
2026-07-23T06:48:41Z	borg	8ecefb2e9d8e	nbody	fpc	115.4
2026-07-23T06:48:41Z	borg	8ecefb2e9d8e	fib	-O0	264.3
2026-07-23T06:48:41Z	borg	8ecefb2e9d8e	fib	-O2	214.2
2026-07-23T06:48:41Z	borg	8ecefb2e9d8e	fib	-O3	114.7
2026-07-23T06:48:41Z	borg	8ecefb2e9d8e	fib	fpc	114.1
2026-07-23T06:48:41Z	borg	8ecefb2e9d8e	selfcompile	-O0	7630.3
2026-07-23T06:48:41Z	borg	8ecefb2e9d8e	selfcompile	-O2	6226.9
2026-07-23T06:48:41Z	borg	8ecefb2e9d8e	selfcompile	-O3	6326.4
2026-07-23T07:25:09Z	borg	c088f2861121	mandelbrot	-O0	1417.0
2026-07-23T07:25:09Z	borg	c088f2861121	mandelbrot	-O2	1417.0
2026-07-23T07:25:09Z	borg	c088f2861121	mandelbrot	-O3	715.3
2026-07-23T07:25:09Z	borg	c088f2861121	mandelbrot-p	-O0	1416.7
2026-07-23T07:25:09Z	borg	c088f2861121	mandelbrot-p	-O2	1416.2
2026-07-23T07:25:09Z	borg	c088f2861121	mandelbrot-p	-O3	665.2
2026-07-23T07:25:09Z	borg	c088f2861121	mandelbrot-p	fpc	364.6
2026-07-23T07:25:09Z	borg	c088f2861121	raytracer	-O0	12739.9
2026-07-23T07:25:09Z	borg	c088f2861121	raytracer	-O2	7228.8
2026-07-23T07:25:09Z	borg	c088f2861121	raytracer	-O3	5876.0
2026-07-23T07:25:09Z	borg	c088f2861121	raytracer-p	-O0	364.7
2026-07-23T07:25:09Z	borg	c088f2861121	raytracer-p	-O2	364.5
2026-07-23T07:25:09Z	borg	c088f2861121	raytracer-p	-O3	314.4
2026-07-23T07:25:09Z	borg	c088f2861121	raytracer-p	fpc	31.8
2026-07-23T07:25:09Z	borg	c088f2861121	sieve	-O0	114.0
2026-07-23T07:25:09Z	borg	c088f2861121	sieve	-O2	114.0
2026-07-23T07:25:09Z	borg	c088f2861121	sieve	-O3	114.0
2026-07-23T07:25:09Z	borg	c088f2861121	sieve	fpc	64.0
2026-07-23T07:25:09Z	borg	c088f2861121	nbody	-O0	716.6
2026-07-23T07:25:09Z	borg	c088f2861121	nbody	-O2	615.1
2026-07-23T07:25:09Z	borg	c088f2861121	nbody	-O3	364.6
2026-07-23T07:25:09Z	borg	c088f2861121	nbody	fpc	114.0
2026-07-23T07:25:09Z	borg	c088f2861121	fib	-O0	264.3
2026-07-23T07:25:09Z	borg	c088f2861121	fib	-O2	264.5
2026-07-23T07:25:09Z	borg	c088f2861121	fib	-O3	114.0
2026-07-23T07:25:09Z	borg	c088f2861121	fib	fpc	114.1
2026-07-23T07:25:09Z	borg	c088f2861121	selfcompile	-O0	6978.2
2026-07-23T07:25:09Z	borg	c088f2861121	selfcompile	-O2	6276.7
2026-07-23T07:25:09Z	borg	c088f2861121	selfcompile	-O3	6126.1
2026-07-23T10:02:56Z	borg	ac597ef7	uforth-microbench-doloop	cpython	6165.4	07ffdb1	24044
2026-07-23T10:02:56Z	borg	ac597ef7	uforth-microbench-doloop	cpython-O	7374.7	07ffdb1	29740
2026-07-23T10:02:56Z	borg	ac597ef7	uforth-microbench-doloop	pxx	18475.8	07ffdb1	318724
2026-07-23T10:02:56Z	borg	ac597ef7	uforth-prelim	cpython	295.8	07ffdb1	24264
2026-07-23T10:02:56Z	borg	ac597ef7	uforth-prelim	cpython-O	455.7	07ffdb1	29696
2026-07-23T10:02:56Z	borg	ac597ef7	uforth-prelim	pxx	1645.3	07ffdb1	20356
2026-07-23T10:02:56Z	borg	ac597ef7	uforth-core	cpython	820.7	07ffdb1	24408
2026-07-23T10:02:56Z	borg	ac597ef7	uforth-core	cpython-O	943.0	07ffdb1	29708
2026-07-23T10:02:56Z	borg	ac597ef7	uforth-core	pxx	4164.0	07ffdb1	121024
2026-07-23T10:03:17Z	borg	ac597ef7	uforth-microbench-doloop	cpython	7164.5	07ffdb1	23976
2026-07-23T10:03:17Z	borg	ac597ef7	uforth-microbench-doloop	cpython-O	7057.5	07ffdb1	29704
2026-07-23T10:03:17Z	borg	ac597ef7	uforth-microbench-doloop	pxx	18373.8	07ffdb1	318724
2026-07-23T10:03:17Z	borg	ac597ef7	uforth-prelim	cpython	264.6	07ffdb1	24248
2026-07-23T10:03:17Z	borg	ac597ef7	uforth-prelim	cpython-O	458.5	07ffdb1	29684
2026-07-23T10:03:17Z	borg	ac597ef7	uforth-prelim	pxx	1481.8	07ffdb1	20484
2026-07-23T10:03:17Z	borg	ac597ef7	uforth-core	cpython	745.4	07ffdb1	24396
2026-07-23T10:03:17Z	borg	ac597ef7	uforth-core	cpython-O	827.3	07ffdb1	29708
2026-07-23T10:03:17Z	borg	ac597ef7	uforth-core	pxx	3946.3	07ffdb1	121024
2026-07-23T10:20:13Z	borg	1348e5cff1ea	mandelbrot	-O0	1366.5
2026-07-23T10:20:13Z	borg	1348e5cff1ea	mandelbrot	-O2	1416.5
2026-07-23T10:20:13Z	borg	1348e5cff1ea	mandelbrot	-O3	665.0
2026-07-23T10:20:13Z	borg	1348e5cff1ea	mandelbrot-p	-O0	1416.6
2026-07-23T10:20:13Z	borg	1348e5cff1ea	mandelbrot-p	-O2	1416.5
2026-07-23T10:20:13Z	borg	1348e5cff1ea	mandelbrot-p	-O3	664.8
2026-07-23T10:20:13Z	borg	1348e5cff1ea	mandelbrot-p	fpc	414.6
2026-07-23T10:20:13Z	borg	1348e5cff1ea	raytracer	-O0	11638.4
2026-07-23T10:20:13Z	borg	1348e5cff1ea	raytracer	-O2	7028.9
2026-07-23T10:20:13Z	borg	1348e5cff1ea	raytracer	-O3	5725.5
2026-07-23T10:20:13Z	borg	1348e5cff1ea	raytracer-p	-O0	365.9
2026-07-23T10:20:13Z	borg	1348e5cff1ea	raytracer-p	-O2	365.9
2026-07-23T10:20:13Z	borg	1348e5cff1ea	raytracer-p	-O3	314.7
2026-07-23T10:20:13Z	borg	1348e5cff1ea	raytracer-p	fpc	31.7
2026-07-23T10:20:13Z	borg	1348e5cff1ea	sieve	-O0	115.4
2026-07-23T10:20:13Z	borg	1348e5cff1ea	sieve	-O2	64.0
2026-07-23T10:20:13Z	borg	1348e5cff1ea	sieve	-O3	114.0
2026-07-23T10:20:13Z	borg	1348e5cff1ea	sieve	fpc	31.9
2026-07-23T10:20:13Z	borg	1348e5cff1ea	nbody	-O0	665.2
2026-07-23T10:20:13Z	borg	1348e5cff1ea	nbody	-O2	615.3
2026-07-23T10:20:13Z	borg	1348e5cff1ea	nbody	-O3	364.5
2026-07-23T10:20:13Z	borg	1348e5cff1ea	nbody	fpc	64.1
2026-07-23T10:20:13Z	borg	1348e5cff1ea	fib	-O0	264.4
2026-07-23T10:20:13Z	borg	1348e5cff1ea	fib	-O2	164.1
2026-07-23T10:20:13Z	borg	1348e5cff1ea	fib	-O3	114.1
2026-07-23T10:20:13Z	borg	1348e5cff1ea	fib	fpc	114.0
2026-07-23T10:20:13Z	borg	1348e5cff1ea	selfcompile	-O0	6578.1
2026-07-23T10:20:13Z	borg	1348e5cff1ea	selfcompile	-O2	5374.7
2026-07-23T10:20:13Z	borg	1348e5cff1ea	selfcompile	-O3	6076.3
2026-07-23T10:40:10Z	borg	9875541e8b99	mandelbrot	-O0	1619.2
2026-07-23T10:40:10Z	borg	9875541e8b99	mandelbrot	-O2	1466.6
2026-07-23T10:40:10Z	borg	9875541e8b99	mandelbrot	-O3	765.4
2026-07-23T10:40:10Z	borg	9875541e8b99	mandelbrot-p	-O0	1466.6
2026-07-23T10:40:10Z	borg	9875541e8b99	mandelbrot-p	-O2	1466.6
2026-07-23T10:40:10Z	borg	9875541e8b99	mandelbrot-p	-O3	664.9
2026-07-23T10:40:10Z	borg	9875541e8b99	mandelbrot-p	fpc	414.7
2026-07-23T10:40:10Z	borg	9875541e8b99	raytracer	-O0	13640.3
2026-07-23T10:40:10Z	borg	9875541e8b99	raytracer	-O2	7228.6
2026-07-23T10:40:10Z	borg	9875541e8b99	raytracer	-O3	5926.5
2026-07-23T10:40:10Z	borg	9875541e8b99	raytracer-p	-O0	364.4
2026-07-23T10:40:10Z	borg	9875541e8b99	raytracer-p	-O2	364.6
2026-07-23T10:40:10Z	borg	9875541e8b99	raytracer-p	-O3	314.4
2026-07-23T10:40:10Z	borg	9875541e8b99	raytracer-p	fpc	31.9
2026-07-23T10:40:10Z	borg	9875541e8b99	sieve	-O0	114.0
2026-07-23T10:40:10Z	borg	9875541e8b99	sieve	-O2	64.0
2026-07-23T10:40:10Z	borg	9875541e8b99	sieve	-O3	64.2
2026-07-23T10:40:10Z	borg	9875541e8b99	sieve	fpc	31.9
2026-07-23T10:40:10Z	borg	9875541e8b99	nbody	-O0	665.1
2026-07-23T10:40:10Z	borg	9875541e8b99	nbody	-O2	615.1
2026-07-23T10:40:10Z	borg	9875541e8b99	nbody	-O3	364.6
2026-07-23T10:40:10Z	borg	9875541e8b99	nbody	fpc	114.0
2026-07-23T10:40:10Z	borg	9875541e8b99	fib	-O0	264.5
2026-07-23T10:40:10Z	borg	9875541e8b99	fib	-O2	164.1
2026-07-23T10:40:10Z	borg	9875541e8b99	fib	-O3	114.0
2026-07-23T10:40:10Z	borg	9875541e8b99	fib	fpc	114.0
2026-07-23T10:40:10Z	borg	9875541e8b99	selfcompile	-O0	6928.0
2026-07-23T10:40:10Z	borg	9875541e8b99	selfcompile	-O2	5675.5
2026-07-23T10:40:10Z	borg	9875541e8b99	selfcompile	-O3	5324.7
2026-07-23T10:58:57Z	borg	e6ded26f25f6	mandelbrot	-O0	1416.9
2026-07-23T10:58:57Z	borg	e6ded26f25f6	mandelbrot	-O2	1667.0
2026-07-23T10:58:57Z	borg	e6ded26f25f6	mandelbrot	-O3	665.0
2026-07-23T10:58:57Z	borg	e6ded26f25f6	mandelbrot-p	-O0	1516.7
2026-07-23T10:58:57Z	borg	e6ded26f25f6	mandelbrot-p	-O2	1416.7
2026-07-23T10:58:57Z	borg	e6ded26f25f6	mandelbrot-p	-O3	665.1
2026-07-23T10:58:57Z	borg	e6ded26f25f6	mandelbrot-p	fpc	364.4
2026-07-23T10:58:57Z	borg	e6ded26f25f6	raytracer	-O0	12940.7
2026-07-23T10:58:57Z	borg	e6ded26f25f6	raytracer	-O2	7329.1
2026-07-23T10:58:57Z	borg	e6ded26f25f6	raytracer	-O3	5676.2
2026-07-23T10:58:57Z	borg	e6ded26f25f6	raytracer-p	-O0	365.1
2026-07-23T10:58:57Z	borg	e6ded26f25f6	raytracer-p	-O2	365.1
2026-07-23T10:58:57Z	borg	e6ded26f25f6	raytracer-p	-O3	314.3
2026-07-23T10:58:57Z	borg	e6ded26f25f6	raytracer-p	fpc	31.8
2026-07-23T10:58:57Z	borg	e6ded26f25f6	sieve	-O0	114.1
2026-07-23T10:58:57Z	borg	e6ded26f25f6	sieve	-O2	64.0
2026-07-23T10:58:57Z	borg	e6ded26f25f6	sieve	-O3	64.0
2026-07-23T10:58:57Z	borg	e6ded26f25f6	sieve	fpc	31.9
2026-07-23T10:58:57Z	borg	e6ded26f25f6	nbody	-O0	615.2
2026-07-23T10:58:57Z	borg	e6ded26f25f6	nbody	-O2	565.0
2026-07-23T10:58:57Z	borg	e6ded26f25f6	nbody	-O3	364.4
2026-07-23T10:58:57Z	borg	e6ded26f25f6	nbody	fpc	114.1
2026-07-23T10:58:57Z	borg	e6ded26f25f6	fib	-O0	264.3
2026-07-23T10:58:57Z	borg	e6ded26f25f6	fib	-O2	164.2
2026-07-23T10:58:57Z	borg	e6ded26f25f6	fib	-O3	113.9
2026-07-23T10:58:57Z	borg	e6ded26f25f6	fib	fpc	114.0
2026-07-23T10:58:57Z	borg	e6ded26f25f6	selfcompile	-O0	6476.9
2026-07-23T10:58:57Z	borg	e6ded26f25f6	selfcompile	-O2	5325.3
2026-07-23T10:58:57Z	borg	e6ded26f25f6	selfcompile	-O3	5675.4
2026-07-23T11:16:02Z	borg	9bbe798e4bad	mandelbrot	-O0	1416.9
2026-07-23T11:16:02Z	borg	9bbe798e4bad	mandelbrot	-O2	1416.8
2026-07-23T11:16:02Z	borg	9bbe798e4bad	mandelbrot	-O3	715.4
2026-07-23T11:16:02Z	borg	9bbe798e4bad	mandelbrot-p	-O0	1416.8
2026-07-23T11:16:02Z	borg	9bbe798e4bad	mandelbrot-p	-O2	1366.9
2026-07-23T11:16:02Z	borg	9bbe798e4bad	mandelbrot-p	-O3	665.1
2026-07-23T11:16:02Z	borg	9bbe798e4bad	mandelbrot-p	fpc	365.7
2026-07-23T11:16:02Z	borg	9bbe798e4bad	raytracer	-O0	12538.6
2026-07-23T11:16:02Z	borg	9bbe798e4bad	raytracer	-O2	7028.8
2026-07-23T11:16:02Z	borg	9bbe798e4bad	raytracer	-O3	5776.3
2026-07-23T11:16:02Z	borg	9bbe798e4bad	raytracer-p	-O0	364.8
2026-07-23T11:16:02Z	borg	9bbe798e4bad	raytracer-p	-O2	365.9
2026-07-23T11:16:02Z	borg	9bbe798e4bad	raytracer-p	-O3	315.1
2026-07-23T11:16:02Z	borg	9bbe798e4bad	raytracer-p	fpc	31.8
2026-07-23T11:16:02Z	borg	9bbe798e4bad	sieve	-O0	114.0
2026-07-23T11:16:02Z	borg	9bbe798e4bad	sieve	-O2	114.1
2026-07-23T11:16:02Z	borg	9bbe798e4bad	sieve	-O3	114.1
2026-07-23T11:16:02Z	borg	9bbe798e4bad	sieve	fpc	31.9
2026-07-23T11:16:02Z	borg	9bbe798e4bad	nbody	-O0	665.1
2026-07-23T11:16:02Z	borg	9bbe798e4bad	nbody	-O2	615.1
2026-07-23T11:16:02Z	borg	9bbe798e4bad	nbody	-O3	364.6
2026-07-23T11:16:02Z	borg	9bbe798e4bad	nbody	fpc	114.0
2026-07-23T11:16:02Z	borg	9bbe798e4bad	fib	-O0	264.3
2026-07-23T11:16:02Z	borg	9bbe798e4bad	fib	-O2	164.1
2026-07-23T11:16:02Z	borg	9bbe798e4bad	fib	-O3	114.1
2026-07-23T11:16:02Z	borg	9bbe798e4bad	fib	fpc	113.9
2026-07-23T11:16:02Z	borg	9bbe798e4bad	selfcompile	-O0	6777.7
2026-07-23T11:16:02Z	borg	9bbe798e4bad	selfcompile	-O2	5325.1
2026-07-23T11:16:02Z	borg	9bbe798e4bad	selfcompile	-O3	5325.1
2026-07-23T11:58:03Z	borg	e3e6ca50cffc	mandelbrot	-O0	1416.9
2026-07-23T11:58:03Z	borg	e3e6ca50cffc	mandelbrot	-O2	1366.7
2026-07-23T11:58:03Z	borg	e3e6ca50cffc	mandelbrot	-O3	665.4
2026-07-23T11:58:03Z	borg	e3e6ca50cffc	mandelbrot-p	-O0	1366.6
2026-07-23T11:58:03Z	borg	e3e6ca50cffc	mandelbrot-p	-O2	1366.7
2026-07-23T11:58:03Z	borg	e3e6ca50cffc	mandelbrot-p	-O3	664.9
2026-07-23T11:58:03Z	borg	e3e6ca50cffc	mandelbrot-p	fpc	365.6
2026-07-23T11:58:03Z	borg	e3e6ca50cffc	raytracer	-O0	12390.6
2026-07-23T11:58:03Z	borg	e3e6ca50cffc	raytracer	-O2	7729.5
2026-07-23T11:58:03Z	borg	e3e6ca50cffc	raytracer	-O3	5625.6
2026-07-23T11:58:03Z	borg	e3e6ca50cffc	raytracer-p	-O0	366.0
2026-07-23T11:58:03Z	borg	e3e6ca50cffc	raytracer-p	-O2	314.5
2026-07-23T11:58:03Z	borg	e3e6ca50cffc	raytracer-p	-O3	264.5
2026-07-23T11:58:03Z	borg	e3e6ca50cffc	raytracer-p	fpc	31.9
2026-07-23T11:58:03Z	borg	e3e6ca50cffc	sieve	-O0	113.9
2026-07-23T11:58:03Z	borg	e3e6ca50cffc	sieve	-O2	63.9
2026-07-23T11:58:03Z	borg	e3e6ca50cffc	sieve	-O3	63.9
2026-07-23T11:58:03Z	borg	e3e6ca50cffc	sieve	fpc	63.9
2026-07-23T11:58:03Z	borg	e3e6ca50cffc	nbody	-O0	665.2
2026-07-23T11:58:03Z	borg	e3e6ca50cffc	nbody	-O2	665.1
2026-07-23T11:58:03Z	borg	e3e6ca50cffc	nbody	-O3	364.3
2026-07-23T11:58:03Z	borg	e3e6ca50cffc	nbody	fpc	114.0
2026-07-23T11:58:03Z	borg	e3e6ca50cffc	fib	-O0	264.4
2026-07-23T11:58:03Z	borg	e3e6ca50cffc	fib	-O2	214.2
2026-07-23T11:58:03Z	borg	e3e6ca50cffc	fib	-O3	164.1
2026-07-23T11:58:03Z	borg	e3e6ca50cffc	fib	fpc	114.0
2026-07-23T11:58:03Z	borg	e3e6ca50cffc	selfcompile	-O0	7730.0
2026-07-23T11:58:03Z	borg	e3e6ca50cffc	selfcompile	-O2	6026.5
2026-07-23T11:58:03Z	borg	e3e6ca50cffc	selfcompile	-O3	5575.6
2026-07-23T12:36:29Z	borg	a0574d812006	mandelbrot	-O0	1366.9
2026-07-23T12:36:29Z	borg	a0574d812006	mandelbrot	-O2	1366.4
2026-07-23T12:36:29Z	borg	a0574d812006	mandelbrot	-O3	715.1
2026-07-23T12:36:29Z	borg	a0574d812006	mandelbrot-p	-O0	1416.6
2026-07-23T12:36:29Z	borg	a0574d812006	mandelbrot-p	-O2	1366.5
2026-07-23T12:36:29Z	borg	a0574d812006	mandelbrot-p	-O3	765.2
2026-07-23T12:36:29Z	borg	a0574d812006	mandelbrot-p	fpc	364.4
2026-07-23T12:36:29Z	borg	a0574d812006	raytracer	-O0	12088.5
2026-07-23T12:36:29Z	borg	a0574d812006	raytracer	-O2	7529.0
2026-07-23T12:36:29Z	borg	a0574d812006	raytracer	-O3	6026.1
2026-07-23T12:36:29Z	borg	a0574d812006	raytracer-p	-O0	416.4
2026-07-23T12:36:29Z	borg	a0574d812006	raytracer-p	-O2	364.6
2026-07-23T12:36:29Z	borg	a0574d812006	raytracer-p	-O3	314.4
2026-07-23T12:36:29Z	borg	a0574d812006	raytracer-p	fpc	31.8
2026-07-23T12:36:29Z	borg	a0574d812006	sieve	-O0	114.0
2026-07-23T12:36:29Z	borg	a0574d812006	sieve	-O2	114.0
2026-07-23T12:36:29Z	borg	a0574d812006	sieve	-O3	114.0
2026-07-23T12:36:29Z	borg	a0574d812006	sieve	fpc	31.8
2026-07-23T12:36:29Z	borg	a0574d812006	nbody	-O0	665.2
2026-07-23T12:36:29Z	borg	a0574d812006	nbody	-O2	565.3
2026-07-23T12:36:29Z	borg	a0574d812006	nbody	-O3	364.6
2026-07-23T12:36:29Z	borg	a0574d812006	nbody	fpc	64.0
2026-07-23T12:36:29Z	borg	a0574d812006	fib	-O0	314.5
2026-07-23T12:36:29Z	borg	a0574d812006	fib	-O2	164.2
2026-07-23T12:36:29Z	borg	a0574d812006	fib	-O3	114.1
2026-07-23T12:36:29Z	borg	a0574d812006	fib	fpc	114.0
2026-07-23T12:36:29Z	borg	a0574d812006	selfcompile	-O0	7529.4
2026-07-23T12:36:29Z	borg	a0574d812006	selfcompile	-O2	5875.5
2026-07-23T12:36:29Z	borg	a0574d812006	selfcompile	-O3	6176.4
2026-07-23T12:53:54Z	borg	ebbdf0f35109	mandelbrot	-O0	1416.7
2026-07-23T12:53:54Z	borg	ebbdf0f35109	mandelbrot	-O2	1366.9
2026-07-23T12:53:54Z	borg	ebbdf0f35109	mandelbrot	-O3	715.6
2026-07-23T12:53:54Z	borg	ebbdf0f35109	mandelbrot-p	-O0	1366.7
2026-07-23T12:53:54Z	borg	ebbdf0f35109	mandelbrot-p	-O2	1366.8
2026-07-23T12:53:54Z	borg	ebbdf0f35109	mandelbrot-p	-O3	665.0
2026-07-23T12:53:54Z	borg	ebbdf0f35109	mandelbrot-p	fpc	364.6
2026-07-23T12:53:54Z	borg	ebbdf0f35109	raytracer	-O0	13245.8
2026-07-23T12:53:54Z	borg	ebbdf0f35109	raytracer	-O2	7329.4
2026-07-23T12:53:54Z	borg	ebbdf0f35109	raytracer	-O3	5674.5
2026-07-23T12:53:54Z	borg	ebbdf0f35109	raytracer-p	-O0	364.6
2026-07-23T12:53:54Z	borg	ebbdf0f35109	raytracer-p	-O2	314.6
2026-07-23T12:53:54Z	borg	ebbdf0f35109	raytracer-p	-O3	264.4
2026-07-23T12:53:54Z	borg	ebbdf0f35109	raytracer-p	fpc	31.8
2026-07-23T12:53:54Z	borg	ebbdf0f35109	sieve	-O0	114.0
2026-07-23T12:53:54Z	borg	ebbdf0f35109	sieve	-O2	114.0
2026-07-23T12:53:54Z	borg	ebbdf0f35109	sieve	-O3	64.0
2026-07-23T12:53:54Z	borg	ebbdf0f35109	sieve	fpc	31.8
2026-07-23T12:53:54Z	borg	ebbdf0f35109	nbody	-O0	665.1
2026-07-23T12:53:54Z	borg	ebbdf0f35109	nbody	-O2	565.1
2026-07-23T12:53:54Z	borg	ebbdf0f35109	nbody	-O3	364.6
2026-07-23T12:53:54Z	borg	ebbdf0f35109	nbody	fpc	114.0
2026-07-23T12:53:54Z	borg	ebbdf0f35109	fib	-O0	264.3
2026-07-23T12:53:54Z	borg	ebbdf0f35109	fib	-O2	164.2
2026-07-23T12:53:54Z	borg	ebbdf0f35109	fib	-O3	114.0
2026-07-23T12:53:54Z	borg	ebbdf0f35109	fib	fpc	114.0
2026-07-23T12:53:54Z	borg	ebbdf0f35109	selfcompile	-O0	6778.4
2026-07-23T12:53:54Z	borg	ebbdf0f35109	selfcompile	-O2	5225.5
2026-07-23T12:53:54Z	borg	ebbdf0f35109	selfcompile	-O3	5275.4
2026-07-23T13:17:25Z	borg	04f69cff0e1b	mandelbrot	-O0	1366.5
2026-07-23T13:17:25Z	borg	04f69cff0e1b	mandelbrot	-O2	1366.0
2026-07-23T13:17:25Z	borg	04f69cff0e1b	mandelbrot	-O3	665.2
2026-07-23T13:17:25Z	borg	04f69cff0e1b	mandelbrot-p	-O0	1366.5
2026-07-23T13:17:25Z	borg	04f69cff0e1b	mandelbrot-p	-O2	1316.7
2026-07-23T13:17:25Z	borg	04f69cff0e1b	mandelbrot-p	-O3	615.1
2026-07-23T13:17:25Z	borg	04f69cff0e1b	mandelbrot-p	fpc	314.6
2026-07-23T13:17:25Z	borg	04f69cff0e1b	raytracer	-O0	11588.9
2026-07-23T13:17:25Z	borg	04f69cff0e1b	raytracer	-O2	6776.8
2026-07-23T13:17:25Z	borg	04f69cff0e1b	raytracer	-O3	5523.8
2026-07-23T13:17:25Z	borg	04f69cff0e1b	raytracer-p	-O0	364.3
2026-07-23T13:17:25Z	borg	04f69cff0e1b	raytracer-p	-O2	314.5
2026-07-23T13:17:25Z	borg	04f69cff0e1b	raytracer-p	-O3	264.3
2026-07-23T13:17:25Z	borg	04f69cff0e1b	raytracer-p	fpc	31.9
2026-07-23T13:17:25Z	borg	04f69cff0e1b	sieve	-O0	114.0
2026-07-23T13:17:25Z	borg	04f69cff0e1b	sieve	-O2	64.2
2026-07-23T13:17:25Z	borg	04f69cff0e1b	sieve	-O3	63.9
2026-07-23T13:17:25Z	borg	04f69cff0e1b	sieve	fpc	31.8
2026-07-23T13:17:25Z	borg	04f69cff0e1b	nbody	-O0	615.2
2026-07-23T13:17:25Z	borg	04f69cff0e1b	nbody	-O2	564.9
2026-07-23T13:17:25Z	borg	04f69cff0e1b	nbody	-O3	365.9
2026-07-23T13:17:25Z	borg	04f69cff0e1b	nbody	fpc	63.9
2026-07-23T13:17:25Z	borg	04f69cff0e1b	fib	-O0	264.4
2026-07-23T13:17:25Z	borg	04f69cff0e1b	fib	-O2	164.1
2026-07-23T13:17:25Z	borg	04f69cff0e1b	fib	-O3	114.1
2026-07-23T13:17:25Z	borg	04f69cff0e1b	fib	fpc	114.0
2026-07-23T13:17:25Z	borg	04f69cff0e1b	selfcompile	-O0	6327.8
2026-07-23T13:17:25Z	borg	04f69cff0e1b	selfcompile	-O2	5025.3
2026-07-23T13:17:25Z	borg	04f69cff0e1b	selfcompile	-O3	5025.3
2026-07-23T16:21:04Z	borg	9240b1545b1a	mandelbrot	-O0	1417.0
2026-07-23T16:21:04Z	borg	9240b1545b1a	mandelbrot	-O2	1416.8
2026-07-23T16:21:04Z	borg	9240b1545b1a	mandelbrot	-O3	715.2
2026-07-23T16:21:04Z	borg	9240b1545b1a	mandelbrot-p	-O0	1416.5
2026-07-23T16:21:04Z	borg	9240b1545b1a	mandelbrot-p	-O2	1416.6
2026-07-23T16:21:04Z	borg	9240b1545b1a	mandelbrot-p	-O3	665.1
2026-07-23T16:21:04Z	borg	9240b1545b1a	mandelbrot-p	fpc	416.1
2026-07-23T16:21:04Z	borg	9240b1545b1a	raytracer	-O0	13391.6
2026-07-23T16:21:04Z	borg	9240b1545b1a	raytracer	-O2	7581.7
2026-07-23T16:21:04Z	borg	9240b1545b1a	raytracer	-O3	6376.4
2026-07-23T16:21:04Z	borg	9240b1545b1a	raytracer-p	-O0	364.4
2026-07-23T16:21:04Z	borg	9240b1545b1a	raytracer-p	-O2	364.5
2026-07-23T16:21:04Z	borg	9240b1545b1a	raytracer-p	-O3	314.4
2026-07-23T16:21:04Z	borg	9240b1545b1a	raytracer-p	fpc	64.0
2026-07-23T16:21:04Z	borg	9240b1545b1a	sieve	-O0	114.0
2026-07-23T16:21:04Z	borg	9240b1545b1a	sieve	-O2	114.0
2026-07-23T16:21:04Z	borg	9240b1545b1a	sieve	-O3	113.9
2026-07-23T16:21:04Z	borg	9240b1545b1a	sieve	fpc	32.1
2026-07-23T16:21:04Z	borg	9240b1545b1a	nbody	-O0	665.0
2026-07-23T16:21:04Z	borg	9240b1545b1a	nbody	-O2	615.1
2026-07-23T16:21:04Z	borg	9240b1545b1a	nbody	-O3	364.5
2026-07-23T16:21:04Z	borg	9240b1545b1a	nbody	fpc	114.0
2026-07-23T16:21:04Z	borg	9240b1545b1a	fib	-O0	264.4
2026-07-23T16:21:04Z	borg	9240b1545b1a	fib	-O2	214.3
2026-07-23T16:21:04Z	borg	9240b1545b1a	fib	-O3	114.0
2026-07-23T16:21:04Z	borg	9240b1545b1a	fib	fpc	114.1
2026-07-23T16:21:04Z	borg	9240b1545b1a	selfcompile	-O0	7930.8
2026-07-23T16:21:04Z	borg	9240b1545b1a	selfcompile	-O2	5625.6
2026-07-23T16:21:04Z	borg	9240b1545b1a	selfcompile	-O3	5324.8
2026-07-23T16:39:32Z	borg	3d49ad0a09a1	mandelbrot	-O0	1417.0
2026-07-23T16:39:32Z	borg	3d49ad0a09a1	mandelbrot	-O2	1416.7
2026-07-23T16:39:32Z	borg	3d49ad0a09a1	mandelbrot	-O3	715.2
2026-07-23T16:39:32Z	borg	3d49ad0a09a1	mandelbrot-p	-O0	1567.2
2026-07-23T16:39:32Z	borg	3d49ad0a09a1	mandelbrot-p	-O2	1416.7
2026-07-23T16:39:32Z	borg	3d49ad0a09a1	mandelbrot-p	-O3	765.4
2026-07-23T16:39:32Z	borg	3d49ad0a09a1	mandelbrot-p	fpc	364.6
2026-07-23T16:39:32Z	borg	3d49ad0a09a1	raytracer	-O0	13142.8
2026-07-23T16:39:32Z	borg	3d49ad0a09a1	raytracer	-O2	7629.8
2026-07-23T16:39:32Z	borg	3d49ad0a09a1	raytracer	-O3	5726.1
2026-07-23T16:39:32Z	borg	3d49ad0a09a1	raytracer-p	-O0	364.5
2026-07-23T16:39:32Z	borg	3d49ad0a09a1	raytracer-p	-O2	364.6
2026-07-23T16:39:32Z	borg	3d49ad0a09a1	raytracer-p	-O3	314.6
2026-07-23T16:39:32Z	borg	3d49ad0a09a1	raytracer-p	fpc	31.8
2026-07-23T16:39:32Z	borg	3d49ad0a09a1	sieve	-O0	113.9
2026-07-23T16:39:32Z	borg	3d49ad0a09a1	sieve	-O2	114.0
2026-07-23T16:39:32Z	borg	3d49ad0a09a1	sieve	-O3	114.1
2026-07-23T16:39:32Z	borg	3d49ad0a09a1	sieve	fpc	31.9
2026-07-23T16:39:32Z	borg	3d49ad0a09a1	nbody	-O0	665.1
2026-07-23T16:39:32Z	borg	3d49ad0a09a1	nbody	-O2	615.3
2026-07-23T16:39:32Z	borg	3d49ad0a09a1	nbody	-O3	364.8
2026-07-23T16:39:32Z	borg	3d49ad0a09a1	nbody	fpc	114.1
2026-07-23T16:39:32Z	borg	3d49ad0a09a1	fib	-O0	264.4
2026-07-23T16:39:32Z	borg	3d49ad0a09a1	fib	-O2	164.2
2026-07-23T16:39:32Z	borg	3d49ad0a09a1	fib	-O3	114.1
2026-07-23T16:39:32Z	borg	3d49ad0a09a1	fib	fpc	114.1
2026-07-23T16:39:32Z	borg	3d49ad0a09a1	selfcompile	-O0	6378.0
2026-07-23T16:39:32Z	borg	3d49ad0a09a1	selfcompile	-O2	5575.5
2026-07-23T16:39:32Z	borg	3d49ad0a09a1	selfcompile	-O3	5725.9
2026-07-23T18:00:53Z	borg	a81e3b2edb98	mandelbrot	-O0	1417.0
2026-07-23T18:00:53Z	borg	a81e3b2edb98	mandelbrot	-O2	1416.9
2026-07-23T18:00:53Z	borg	a81e3b2edb98	mandelbrot	-O3	715.3
2026-07-23T18:00:53Z	borg	a81e3b2edb98	mandelbrot-p	-O0	1417.0
2026-07-23T18:00:53Z	borg	a81e3b2edb98	mandelbrot-p	-O2	1366.4
2026-07-23T18:00:53Z	borg	a81e3b2edb98	mandelbrot-p	-O3	665.0
2026-07-23T18:00:53Z	borg	a81e3b2edb98	mandelbrot-p	fpc	364.5
2026-07-23T18:00:53Z	borg	a81e3b2edb98	raytracer	-O0	12088.2
2026-07-23T18:00:53Z	borg	a81e3b2edb98	raytracer	-O2	7079.8
2026-07-23T18:00:53Z	borg	a81e3b2edb98	raytracer	-O3	5725.7
2026-07-23T18:00:53Z	borg	a81e3b2edb98	raytracer-p	-O0	364.5
2026-07-23T18:00:53Z	borg	a81e3b2edb98	raytracer-p	-O2	364.5
2026-07-23T18:00:53Z	borg	a81e3b2edb98	raytracer-p	-O3	314.3
2026-07-23T18:00:53Z	borg	a81e3b2edb98	raytracer-p	fpc	31.8
2026-07-23T18:00:53Z	borg	a81e3b2edb98	sieve	-O0	114.0
2026-07-23T18:00:53Z	borg	a81e3b2edb98	sieve	-O2	114.0
2026-07-23T18:00:53Z	borg	a81e3b2edb98	sieve	-O3	63.9
2026-07-23T18:00:53Z	borg	a81e3b2edb98	sieve	fpc	31.8
2026-07-23T18:00:53Z	borg	a81e3b2edb98	nbody	-O0	665.3
2026-07-23T18:00:53Z	borg	a81e3b2edb98	nbody	-O2	615.1
2026-07-23T18:00:53Z	borg	a81e3b2edb98	nbody	-O3	364.4
2026-07-23T18:00:53Z	borg	a81e3b2edb98	nbody	fpc	114.0
2026-07-23T18:00:53Z	borg	a81e3b2edb98	fib	-O0	314.5
2026-07-23T18:00:53Z	borg	a81e3b2edb98	fib	-O2	164.1
2026-07-23T18:00:53Z	borg	a81e3b2edb98	fib	-O3	114.0
2026-07-23T18:00:53Z	borg	a81e3b2edb98	fib	fpc	114.1
2026-07-23T18:00:53Z	borg	a81e3b2edb98	selfcompile	-O0	8080.5
2026-07-23T18:00:53Z	borg	a81e3b2edb98	selfcompile	-O2	6225.9
2026-07-23T18:00:53Z	borg	a81e3b2edb98	selfcompile	-O3	5828.5
2026-07-23T18:39:13Z	borg	3e1a3cf3211f	mandelbrot	-O0	1366.7
2026-07-23T18:39:13Z	borg	3e1a3cf3211f	mandelbrot	-O2	1366.5
2026-07-23T18:39:13Z	borg	3e1a3cf3211f	mandelbrot	-O3	665.1
2026-07-23T18:39:13Z	borg	3e1a3cf3211f	mandelbrot-p	-O0	1366.5
2026-07-23T18:39:13Z	borg	3e1a3cf3211f	mandelbrot-p	-O2	1366.8
2026-07-23T18:39:13Z	borg	3e1a3cf3211f	mandelbrot-p	-O3	615.1
2026-07-23T18:39:13Z	borg	3e1a3cf3211f	mandelbrot-p	fpc	364.4
2026-07-23T18:39:13Z	borg	3e1a3cf3211f	raytracer	-O0	11738.7
2026-07-23T18:39:13Z	borg	3e1a3cf3211f	raytracer	-O2	6777.2
2026-07-23T18:39:13Z	borg	3e1a3cf3211f	raytracer	-O3	5573.3
2026-07-23T18:39:13Z	borg	3e1a3cf3211f	raytracer-p	-O0	364.5
2026-07-23T18:39:13Z	borg	3e1a3cf3211f	raytracer-p	-O2	314.5
2026-07-23T18:39:13Z	borg	3e1a3cf3211f	raytracer-p	-O3	314.4
2026-07-23T18:39:13Z	borg	3e1a3cf3211f	raytracer-p	fpc	31.7
2026-07-23T18:39:13Z	borg	3e1a3cf3211f	sieve	-O0	114.0
2026-07-23T18:39:13Z	borg	3e1a3cf3211f	sieve	-O2	114.0
2026-07-23T18:39:13Z	borg	3e1a3cf3211f	sieve	-O3	64.0
2026-07-23T18:39:13Z	borg	3e1a3cf3211f	sieve	fpc	31.9
2026-07-23T18:39:13Z	borg	3e1a3cf3211f	nbody	-O0	615.2
2026-07-23T18:39:13Z	borg	3e1a3cf3211f	nbody	-O2	565.1
2026-07-23T18:39:13Z	borg	3e1a3cf3211f	nbody	-O3	365.9
2026-07-23T18:39:13Z	borg	3e1a3cf3211f	nbody	fpc	63.9
2026-07-23T18:39:13Z	borg	3e1a3cf3211f	fib	-O0	265.6
2026-07-23T18:39:13Z	borg	3e1a3cf3211f	fib	-O2	164.1
2026-07-23T18:39:13Z	borg	3e1a3cf3211f	fib	-O3	115.4
2026-07-23T18:39:13Z	borg	3e1a3cf3211f	fib	fpc	114.0
2026-07-23T18:39:13Z	borg	3e1a3cf3211f	selfcompile	-O0	6226.9
2026-07-23T18:39:13Z	borg	3e1a3cf3211f	selfcompile	-O2	5075.4
2026-07-23T18:39:13Z	borg	3e1a3cf3211f	selfcompile	-O3	5125.1
2026-07-23T19:04:44Z	borg	d2b95677	uforth-microbench-doloop	cpython	5714.2	07ffdb1	24044
2026-07-23T19:04:44Z	borg	d2b95677	uforth-microbench-doloop	cpython-O	5948.9	07ffdb1	29720
2026-07-23T19:04:44Z	borg	d2b95677	uforth-microbench-doloop	pxx	15437.9	07ffdb1	13608
2026-07-23T19:04:44Z	borg	d2b95677	uforth-prelim	cpython	307.9	07ffdb1	24176
2026-07-23T19:04:44Z	borg	d2b95677	uforth-prelim	cpython-O	504.9	07ffdb1	29296
2026-07-23T19:04:44Z	borg	d2b95677	uforth-prelim	pxx	772.1	07ffdb1	13608
2026-07-23T19:04:44Z	borg	d2b95677	uforth-core	cpython	730.1	07ffdb1	24364
2026-07-23T19:04:44Z	borg	d2b95677	uforth-core	cpython-O	827.4	07ffdb1	29732
2026-07-23T19:04:44Z	borg	d2b95677	uforth-core	pxx	1930.4	07ffdb1	13608
2026-07-24T05:56:06Z	borg	5f2d8e4431ee	mandelbrot	-O0	1367.0
2026-07-24T05:56:06Z	borg	5f2d8e4431ee	mandelbrot	-O2	1366.7
2026-07-24T05:56:06Z	borg	5f2d8e4431ee	mandelbrot	-O3	715.4
2026-07-24T05:56:06Z	borg	5f2d8e4431ee	mandelbrot-p	-O0	1467.1
2026-07-24T05:56:06Z	borg	5f2d8e4431ee	mandelbrot-p	-O2	1366.6
2026-07-24T05:56:06Z	borg	5f2d8e4431ee	mandelbrot-p	-O3	665.4
2026-07-24T05:56:06Z	borg	5f2d8e4431ee	mandelbrot-p	fpc	414.8
2026-07-24T05:56:06Z	borg	5f2d8e4431ee	raytracer	-O0	12490.5
2026-07-24T05:56:06Z	borg	5f2d8e4431ee	raytracer	-O2	7078.6
2026-07-24T05:56:06Z	borg	5f2d8e4431ee	raytracer	-O3	5675.2
2026-07-24T05:56:06Z	borg	5f2d8e4431ee	raytracer-p	-O0	364.6
2026-07-24T05:56:06Z	borg	5f2d8e4431ee	raytracer-p	-O2	364.5
2026-07-24T05:56:06Z	borg	5f2d8e4431ee	raytracer-p	-O3	315.3
2026-07-24T05:56:06Z	borg	5f2d8e4431ee	raytracer-p	fpc	64.0
2026-07-24T05:56:06Z	borg	5f2d8e4431ee	sieve	-O0	114.0
2026-07-24T05:56:06Z	borg	5f2d8e4431ee	sieve	-O2	114.0
2026-07-24T05:56:06Z	borg	5f2d8e4431ee	sieve	-O3	64.0
2026-07-24T05:56:06Z	borg	5f2d8e4431ee	sieve	fpc	63.9
2026-07-24T05:56:06Z	borg	5f2d8e4431ee	nbody	-O0	665.3
2026-07-24T05:56:06Z	borg	5f2d8e4431ee	nbody	-O2	615.1
2026-07-24T05:56:06Z	borg	5f2d8e4431ee	nbody	-O3	364.5
2026-07-24T05:56:06Z	borg	5f2d8e4431ee	nbody	fpc	114.0
2026-07-24T05:56:06Z	borg	5f2d8e4431ee	fib	-O0	264.4
2026-07-24T05:56:06Z	borg	5f2d8e4431ee	fib	-O2	164.1
2026-07-24T05:56:06Z	borg	5f2d8e4431ee	fib	-O3	114.6
2026-07-24T05:56:06Z	borg	5f2d8e4431ee	fib	fpc	114.0
2026-07-24T05:56:06Z	borg	5f2d8e4431ee	selfcompile	-O0	6777.8
2026-07-24T05:56:06Z	borg	5f2d8e4431ee	selfcompile	-O2	5375.3
2026-07-24T05:56:06Z	borg	5f2d8e4431ee	selfcompile	-O3	5324.6
2026-07-26T10:22:47Z	borg	7c1fc7043524	mandelbrot	-O0	1416.8
2026-07-26T10:22:47Z	borg	7c1fc7043524	mandelbrot	-O2	1417.0
2026-07-26T10:22:47Z	borg	7c1fc7043524	mandelbrot	-O3	715.3
2026-07-26T10:22:47Z	borg	7c1fc7043524	mandelbrot-p	-O0	1416.8
2026-07-26T10:22:47Z	borg	7c1fc7043524	mandelbrot-p	-O2	1416.7
2026-07-26T10:22:47Z	borg	7c1fc7043524	mandelbrot-p	-O3	665.2
2026-07-26T10:22:47Z	borg	7c1fc7043524	mandelbrot-p	fpc	364.7
2026-07-26T10:22:47Z	borg	7c1fc7043524	raytracer	-O0	12991.3
2026-07-26T10:22:47Z	borg	7c1fc7043524	raytracer	-O2	7679.5
2026-07-26T10:22:47Z	borg	7c1fc7043524	raytracer	-O3	6075.7
2026-07-26T10:22:47Z	borg	7c1fc7043524	raytracer-p	-O0	364.5
2026-07-26T10:22:47Z	borg	7c1fc7043524	raytracer-p	-O2	364.5
2026-07-26T10:22:47Z	borg	7c1fc7043524	raytracer-p	-O3	314.4
2026-07-26T10:22:47Z	borg	7c1fc7043524	raytracer-p	fpc	31.8
2026-07-26T10:22:47Z	borg	7c1fc7043524	sieve	-O0	115.3
2026-07-26T10:22:47Z	borg	7c1fc7043524	sieve	-O2	114.0
2026-07-26T10:22:47Z	borg	7c1fc7043524	sieve	-O3	114.0
2026-07-26T10:22:47Z	borg	7c1fc7043524	sieve	fpc	31.9
2026-07-26T10:22:47Z	borg	7c1fc7043524	nbody	-O0	665.1
2026-07-26T10:22:47Z	borg	7c1fc7043524	nbody	-O2	615.0
2026-07-26T10:22:47Z	borg	7c1fc7043524	nbody	-O3	364.4
2026-07-26T10:22:47Z	borg	7c1fc7043524	nbody	fpc	114.0
2026-07-26T10:22:47Z	borg	7c1fc7043524	fib	-O0	414.8
2026-07-26T10:22:47Z	borg	7c1fc7043524	fib	-O2	214.5
2026-07-26T10:22:47Z	borg	7c1fc7043524	fib	-O3	114.1
2026-07-26T10:22:47Z	borg	7c1fc7043524	fib	fpc	114.0
2026-07-26T10:22:47Z	borg	7c1fc7043524	selfcompile	-O0	7984.3
2026-07-26T10:22:47Z	borg	7c1fc7043524	selfcompile	-O2	5875.3
2026-07-26T10:22:47Z	borg	7c1fc7043524	selfcompile	-O3	7734.2
2026-07-26T10:50:59Z	borg	c1cb964b2a2e	mandelbrot	-O0	1416.7
2026-07-26T10:50:59Z	borg	c1cb964b2a2e	mandelbrot	-O2	1316.7
2026-07-26T10:50:59Z	borg	c1cb964b2a2e	mandelbrot	-O3	665.4
2026-07-26T10:50:59Z	borg	c1cb964b2a2e	mandelbrot-p	-O0	1316.7
2026-07-26T10:50:59Z	borg	c1cb964b2a2e	mandelbrot-p	-O2	1316.9
2026-07-26T10:50:59Z	borg	c1cb964b2a2e	mandelbrot-p	-O3	664.9
2026-07-26T10:50:59Z	borg	c1cb964b2a2e	mandelbrot-p	fpc	414.8
2026-07-26T10:50:59Z	borg	c1cb964b2a2e	raytracer	-O0	11789.5
2026-07-26T10:50:59Z	borg	c1cb964b2a2e	raytracer	-O2	6778.2
2026-07-26T10:50:59Z	borg	c1cb964b2a2e	raytracer	-O3	5527.4
2026-07-26T10:50:59Z	borg	c1cb964b2a2e	raytracer-p	-O0	314.5
2026-07-26T10:50:59Z	borg	c1cb964b2a2e	raytracer-p	-O2	314.4
2026-07-26T10:50:59Z	borg	c1cb964b2a2e	raytracer-p	-O3	264.2
2026-07-26T10:50:59Z	borg	c1cb964b2a2e	raytracer-p	fpc	31.8
2026-07-26T10:50:59Z	borg	c1cb964b2a2e	sieve	-O0	113.9
2026-07-26T10:50:59Z	borg	c1cb964b2a2e	sieve	-O2	113.9
2026-07-26T10:50:59Z	borg	c1cb964b2a2e	sieve	-O3	63.9
2026-07-26T10:50:59Z	borg	c1cb964b2a2e	sieve	fpc	31.8
2026-07-26T10:50:59Z	borg	c1cb964b2a2e	nbody	-O0	615.2
2026-07-26T10:50:59Z	borg	c1cb964b2a2e	nbody	-O2	565.0
2026-07-26T10:50:59Z	borg	c1cb964b2a2e	nbody	-O3	364.3
2026-07-26T10:50:59Z	borg	c1cb964b2a2e	nbody	fpc	63.9
2026-07-26T10:50:59Z	borg	c1cb964b2a2e	fib	-O0	264.4
2026-07-26T10:50:59Z	borg	c1cb964b2a2e	fib	-O2	164.2
2026-07-26T10:50:59Z	borg	c1cb964b2a2e	fib	-O3	114.0
2026-07-26T10:50:59Z	borg	c1cb964b2a2e	fib	fpc	114.1
2026-07-26T10:50:59Z	borg	c1cb964b2a2e	selfcompile	-O0	6477.4
2026-07-26T10:50:59Z	borg	c1cb964b2a2e	selfcompile	-O2	5525.7
2026-07-26T10:50:59Z	borg	c1cb964b2a2e	selfcompile	-O3	5525.5
2026-07-26T11:16:09Z	borg	5d360be301b5	mandelbrot	-O0	1416.5
2026-07-26T11:16:09Z	borg	5d360be301b5	mandelbrot	-O2	1366.7
2026-07-26T11:16:09Z	borg	5d360be301b5	mandelbrot	-O3	715.0
2026-07-26T11:16:09Z	borg	5d360be301b5	mandelbrot-p	-O0	1466.7
2026-07-26T11:16:09Z	borg	5d360be301b5	mandelbrot-p	-O2	1416.7
2026-07-26T11:16:09Z	borg	5d360be301b5	mandelbrot-p	-O3	665.1
2026-07-26T11:16:09Z	borg	5d360be301b5	mandelbrot-p	fpc	364.4
2026-07-26T11:16:09Z	borg	5d360be301b5	raytracer	-O0	12639.9
2026-07-26T11:16:09Z	borg	5d360be301b5	raytracer	-O2	7178.4
2026-07-26T11:16:09Z	borg	5d360be301b5	raytracer	-O3	6126.0
2026-07-26T11:16:09Z	borg	5d360be301b5	raytracer-p	-O0	364.8
2026-07-26T11:16:09Z	borg	5d360be301b5	raytracer-p	-O2	364.5
2026-07-26T11:16:09Z	borg	5d360be301b5	raytracer-p	-O3	364.6
2026-07-26T11:16:09Z	borg	5d360be301b5	raytracer-p	fpc	63.9
2026-07-26T11:16:09Z	borg	5d360be301b5	sieve	-O0	114.1
2026-07-26T11:16:09Z	borg	5d360be301b5	sieve	-O2	114.0
2026-07-26T11:16:09Z	borg	5d360be301b5	sieve	-O3	114.0
2026-07-26T11:16:09Z	borg	5d360be301b5	sieve	fpc	63.9
2026-07-26T11:16:09Z	borg	5d360be301b5	nbody	-O0	665.2
2026-07-26T11:16:09Z	borg	5d360be301b5	nbody	-O2	715.4
2026-07-26T11:16:09Z	borg	5d360be301b5	nbody	-O3	364.5
2026-07-26T11:16:09Z	borg	5d360be301b5	nbody	fpc	114.0
2026-07-26T11:16:09Z	borg	5d360be301b5	fib	-O0	264.3
2026-07-26T11:16:09Z	borg	5d360be301b5	fib	-O2	214.5
2026-07-26T11:16:09Z	borg	5d360be301b5	fib	-O3	164.2
2026-07-26T11:16:09Z	borg	5d360be301b5	fib	fpc	164.1
2026-07-26T11:16:09Z	borg	5d360be301b5	selfcompile	-O0	8032.7
2026-07-26T11:16:09Z	borg	5d360be301b5	selfcompile	-O2	5925.9
2026-07-26T11:16:09Z	borg	5d360be301b5	selfcompile	-O3	6477.6
2026-07-26T13:00:06Z	borg	b84d89b4603b	mandelbrot	-O0	1316.8
2026-07-26T13:00:06Z	borg	b84d89b4603b	mandelbrot	-O2	1316.5
2026-07-26T13:00:06Z	borg	b84d89b4603b	mandelbrot	-O3	665.1
2026-07-26T13:00:06Z	borg	b84d89b4603b	mandelbrot-p	-O0	1316.8
2026-07-26T13:00:06Z	borg	b84d89b4603b	mandelbrot-p	-O2	1315.9
2026-07-26T13:00:06Z	borg	b84d89b4603b	mandelbrot-p	-O3	665.1
2026-07-26T13:00:06Z	borg	b84d89b4603b	mandelbrot-p	fpc	314.6
2026-07-26T13:00:06Z	borg	b84d89b4603b	raytracer	-O0	11238.3
2026-07-26T13:00:06Z	borg	b84d89b4603b	raytracer	-O2	6527.3
2026-07-26T13:00:06Z	borg	b84d89b4603b	raytracer	-O3	5374.7
2026-07-26T13:00:06Z	borg	b84d89b4603b	raytracer-p	-O0	314.5
2026-07-26T13:00:06Z	borg	b84d89b4603b	raytracer-p	-O2	314.5
2026-07-26T13:00:06Z	borg	b84d89b4603b	raytracer-p	-O3	264.3
2026-07-26T13:00:06Z	borg	b84d89b4603b	raytracer-p	fpc	32.0
2026-07-26T13:00:06Z	borg	b84d89b4603b	sieve	-O0	114.0
2026-07-26T13:00:06Z	borg	b84d89b4603b	sieve	-O2	64.0
2026-07-26T13:00:06Z	borg	b84d89b4603b	sieve	-O3	64.0
2026-07-26T13:00:06Z	borg	b84d89b4603b	sieve	fpc	31.8
2026-07-26T13:00:06Z	borg	b84d89b4603b	nbody	-O0	615.2
2026-07-26T13:00:06Z	borg	b84d89b4603b	nbody	-O2	564.9
2026-07-26T13:00:06Z	borg	b84d89b4603b	nbody	-O3	314.7
2026-07-26T13:00:06Z	borg	b84d89b4603b	nbody	fpc	63.9
2026-07-26T13:00:06Z	borg	b84d89b4603b	fib	-O0	265.5
2026-07-26T13:00:06Z	borg	b84d89b4603b	fib	-O2	164.1
2026-07-26T13:00:06Z	borg	b84d89b4603b	fib	-O3	114.0
2026-07-26T13:00:06Z	borg	b84d89b4603b	fib	fpc	114.0
2026-07-26T13:00:06Z	borg	b84d89b4603b	selfcompile	-O0	6077.3
2026-07-26T13:00:06Z	borg	b84d89b4603b	selfcompile	-O2	4924.5
2026-07-26T13:00:06Z	borg	b84d89b4603b	selfcompile	-O3	4924.6
2026-07-27T16:00:40Z	borg	7f19ca7d5c6a	mandelbrot	-O0	1317.0
2026-07-27T16:00:40Z	borg	7f19ca7d5c6a	mandelbrot	-O2	1316.8
2026-07-27T16:00:40Z	borg	7f19ca7d5c6a	mandelbrot	-O3	665.2
2026-07-27T16:00:40Z	borg	7f19ca7d5c6a	mandelbrot-p	-O0	1317.0
2026-07-27T16:00:40Z	borg	7f19ca7d5c6a	mandelbrot-p	-O2	1366.6
2026-07-27T16:00:40Z	borg	7f19ca7d5c6a	mandelbrot-p	-O3	664.9
2026-07-27T16:00:40Z	borg	7f19ca7d5c6a	mandelbrot-p	fpc	364.4
2026-07-27T16:00:40Z	borg	7f19ca7d5c6a	raytracer	-O0	11739.8
2026-07-27T16:00:40Z	borg	7f19ca7d5c6a	raytracer	-O2	6728.3
2026-07-27T16:00:40Z	borg	7f19ca7d5c6a	raytracer	-O3	5425.3
2026-07-27T16:00:40Z	borg	7f19ca7d5c6a	raytracer-p	-O0	364.5
2026-07-27T16:00:40Z	borg	7f19ca7d5c6a	raytracer-p	-O2	314.4
2026-07-27T16:00:40Z	borg	7f19ca7d5c6a	raytracer-p	-O3	264.3
2026-07-27T16:00:40Z	borg	7f19ca7d5c6a	raytracer-p	fpc	32.0
2026-07-27T16:00:40Z	borg	7f19ca7d5c6a	sieve	-O0	114.1
2026-07-27T16:00:40Z	borg	7f19ca7d5c6a	sieve	-O2	64.0
2026-07-27T16:00:40Z	borg	7f19ca7d5c6a	sieve	-O3	64.1
2026-07-27T16:00:40Z	borg	7f19ca7d5c6a	sieve	fpc	32.0
2026-07-27T16:00:40Z	borg	7f19ca7d5c6a	nbody	-O0	615.0
2026-07-27T16:00:40Z	borg	7f19ca7d5c6a	nbody	-O2	565.1
2026-07-27T16:00:40Z	borg	7f19ca7d5c6a	nbody	-O3	365.5
2026-07-27T16:00:40Z	borg	7f19ca7d5c6a	nbody	fpc	64.1
2026-07-27T16:00:40Z	borg	7f19ca7d5c6a	fib	-O0	264.4
2026-07-27T16:00:40Z	borg	7f19ca7d5c6a	fib	-O2	164.2
2026-07-27T16:00:40Z	borg	7f19ca7d5c6a	fib	-O3	114.1
2026-07-27T16:00:40Z	borg	7f19ca7d5c6a	fib	fpc	114.0
2026-07-27T16:00:40Z	borg	7f19ca7d5c6a	selfcompile	-O0	6327.9
2026-07-27T16:00:40Z	borg	7f19ca7d5c6a	selfcompile	-O2	5075.0
2026-07-27T16:00:40Z	borg	7f19ca7d5c6a	selfcompile	-O3	5124.9
2026-07-27T16:41:20Z	borg	d776def8cabc	mandelbrot	-O0	1366.7
2026-07-27T16:41:20Z	borg	d776def8cabc	mandelbrot	-O2	1316.4
2026-07-27T16:41:20Z	borg	d776def8cabc	mandelbrot	-O3	665.0
2026-07-27T16:41:20Z	borg	d776def8cabc	mandelbrot-p	-O0	1316.9
2026-07-27T16:41:20Z	borg	d776def8cabc	mandelbrot-p	-O2	1316.7
2026-07-27T16:41:20Z	borg	d776def8cabc	mandelbrot-p	-O3	615.0
2026-07-27T16:41:20Z	borg	d776def8cabc	mandelbrot-p	fpc	314.5
2026-07-27T16:41:20Z	borg	d776def8cabc	raytracer	-O0	11338.5
2026-07-27T16:41:20Z	borg	d776def8cabc	raytracer	-O2	7378.0
2026-07-27T16:41:20Z	borg	d776def8cabc	raytracer	-O3	5875.5
2026-07-27T16:41:20Z	borg	d776def8cabc	raytracer-p	-O0	364.3
2026-07-27T16:41:20Z	borg	d776def8cabc	raytracer-p	-O2	314.4
2026-07-27T16:41:20Z	borg	d776def8cabc	raytracer-p	-O3	314.2
2026-07-27T16:41:20Z	borg	d776def8cabc	raytracer-p	fpc	63.9
2026-07-27T16:41:20Z	borg	d776def8cabc	sieve	-O0	114.0
2026-07-27T16:41:20Z	borg	d776def8cabc	sieve	-O2	114.0
2026-07-27T16:41:20Z	borg	d776def8cabc	sieve	-O3	63.9
2026-07-27T16:41:20Z	borg	d776def8cabc	sieve	fpc	31.8
2026-07-27T16:41:20Z	borg	d776def8cabc	nbody	-O0	665.1
2026-07-27T16:41:20Z	borg	d776def8cabc	nbody	-O2	614.8
2026-07-27T16:41:20Z	borg	d776def8cabc	nbody	-O3	364.5
2026-07-27T16:41:20Z	borg	d776def8cabc	nbody	fpc	64.0
2026-07-27T16:41:20Z	borg	d776def8cabc	fib	-O0	264.3
2026-07-27T16:41:20Z	borg	d776def8cabc	fib	-O2	164.1
2026-07-27T16:41:20Z	borg	d776def8cabc	fib	-O3	114.0
2026-07-27T16:41:20Z	borg	d776def8cabc	fib	fpc	114.0
2026-07-27T16:41:20Z	borg	d776def8cabc	selfcompile	-O0	7078.0
2026-07-27T16:41:20Z	borg	d776def8cabc	selfcompile	-O2	5575.4
2026-07-27T16:41:20Z	borg	d776def8cabc	selfcompile	-O3	5475.4
2026-07-27T17:15:39Z	borg	00d40e712b08	mandelbrot	-O0	1366.3
2026-07-27T17:15:39Z	borg	00d40e712b08	mandelbrot	-O2	1416.6
2026-07-27T17:15:39Z	borg	00d40e712b08	mandelbrot	-O3	715.2
2026-07-27T17:15:39Z	borg	00d40e712b08	mandelbrot-p	-O0	1466.9
2026-07-27T17:15:39Z	borg	00d40e712b08	mandelbrot-p	-O2	1416.8
2026-07-27T17:15:39Z	borg	00d40e712b08	mandelbrot-p	-O3	665.2
2026-07-27T17:15:39Z	borg	00d40e712b08	mandelbrot-p	fpc	364.4
2026-07-27T17:15:39Z	borg	00d40e712b08	raytracer	-O0	11588.7
2026-07-27T17:15:39Z	borg	00d40e712b08	raytracer	-O2	6778.0
2026-07-27T17:15:39Z	borg	00d40e712b08	raytracer	-O3	5576.2
2026-07-27T17:15:39Z	borg	00d40e712b08	raytracer-p	-O0	364.3
2026-07-27T17:15:39Z	borg	00d40e712b08	raytracer-p	-O2	364.5
2026-07-27T17:15:39Z	borg	00d40e712b08	raytracer-p	-O3	314.3
2026-07-27T17:15:39Z	borg	00d40e712b08	raytracer-p	fpc	31.7
2026-07-27T17:15:39Z	borg	00d40e712b08	sieve	-O0	113.9
2026-07-27T17:15:39Z	borg	00d40e712b08	sieve	-O2	113.9
2026-07-27T17:15:39Z	borg	00d40e712b08	sieve	-O3	64.0
2026-07-27T17:15:39Z	borg	00d40e712b08	sieve	fpc	31.6
2026-07-27T17:15:39Z	borg	00d40e712b08	nbody	-O0	665.0
2026-07-27T17:15:39Z	borg	00d40e712b08	nbody	-O2	615.0
2026-07-27T17:15:39Z	borg	00d40e712b08	nbody	-O3	364.4
2026-07-27T17:15:39Z	borg	00d40e712b08	nbody	fpc	64.1
2026-07-27T17:15:39Z	borg	00d40e712b08	fib	-O0	264.3
2026-07-27T17:15:39Z	borg	00d40e712b08	fib	-O2	164.0
2026-07-27T17:15:39Z	borg	00d40e712b08	fib	-O3	114.0
2026-07-27T17:15:39Z	borg	00d40e712b08	fib	fpc	113.9
2026-07-27T17:15:39Z	borg	00d40e712b08	selfcompile	-O0	7078.7
2026-07-27T17:15:39Z	borg	00d40e712b08	selfcompile	-O2	5575.1
2026-07-27T17:15:39Z	borg	00d40e712b08	selfcompile	-O3	5524.7
2026-07-27T17:33:36Z	borg	106a63cabbca	mandelbrot	-O0	1416.7
2026-07-27T17:33:36Z	borg	106a63cabbca	mandelbrot	-O2	1316.7
2026-07-27T17:33:36Z	borg	106a63cabbca	mandelbrot	-O3	665.3
2026-07-27T17:33:36Z	borg	106a63cabbca	mandelbrot-p	-O0	1316.5
2026-07-27T17:33:36Z	borg	106a63cabbca	mandelbrot-p	-O2	1316.4
2026-07-27T17:33:36Z	borg	106a63cabbca	mandelbrot-p	-O3	614.8
2026-07-27T17:33:36Z	borg	106a63cabbca	mandelbrot-p	fpc	314.5
2026-07-27T17:33:36Z	borg	106a63cabbca	raytracer	-O0	11237.8
2026-07-27T17:33:36Z	borg	106a63cabbca	raytracer	-O2	6677.9
2026-07-27T17:33:36Z	borg	106a63cabbca	raytracer	-O3	5525.1
2026-07-27T17:33:36Z	borg	106a63cabbca	raytracer-p	-O0	364.6
2026-07-27T17:33:36Z	borg	106a63cabbca	raytracer-p	-O2	314.5
2026-07-27T17:33:36Z	borg	106a63cabbca	raytracer-p	-O3	264.4
2026-07-27T17:33:36Z	borg	106a63cabbca	raytracer-p	fpc	31.9
2026-07-27T17:33:36Z	borg	106a63cabbca	sieve	-O0	114.0
2026-07-27T17:33:36Z	borg	106a63cabbca	sieve	-O2	64.1
2026-07-27T17:33:36Z	borg	106a63cabbca	sieve	-O3	64.0
2026-07-27T17:33:36Z	borg	106a63cabbca	sieve	fpc	31.9
2026-07-27T17:33:36Z	borg	106a63cabbca	nbody	-O0	615.3
2026-07-27T17:33:36Z	borg	106a63cabbca	nbody	-O2	565.0
2026-07-27T17:33:36Z	borg	106a63cabbca	nbody	-O3	364.7
2026-07-27T17:33:36Z	borg	106a63cabbca	nbody	fpc	63.9
2026-07-27T17:33:36Z	borg	106a63cabbca	fib	-O0	264.4
2026-07-27T17:33:36Z	borg	106a63cabbca	fib	-O2	164.3
2026-07-27T17:33:36Z	borg	106a63cabbca	fib	-O3	114.0
2026-07-27T17:33:36Z	borg	106a63cabbca	fib	fpc	114.1
2026-07-27T17:33:36Z	borg	106a63cabbca	selfcompile	-O0	6427.3
2026-07-27T17:33:36Z	borg	106a63cabbca	selfcompile	-O2	5125.2
2026-07-27T17:33:36Z	borg	106a63cabbca	selfcompile	-O3	5124.3
2026-07-27T17:51:09Z	borg	6ccdc0461946	mandelbrot	-O0	1367.1
2026-07-27T17:51:09Z	borg	6ccdc0461946	mandelbrot	-O2	1316.8
2026-07-27T17:51:09Z	borg	6ccdc0461946	mandelbrot	-O3	664.9
2026-07-27T17:51:09Z	borg	6ccdc0461946	mandelbrot-p	-O0	1366.2
2026-07-27T17:51:09Z	borg	6ccdc0461946	mandelbrot-p	-O2	1316.9
2026-07-27T17:51:09Z	borg	6ccdc0461946	mandelbrot-p	-O3	615.2
2026-07-27T17:51:09Z	borg	6ccdc0461946	mandelbrot-p	fpc	314.6
2026-07-27T17:51:09Z	borg	6ccdc0461946	raytracer	-O0	12240.0
2026-07-27T17:51:09Z	borg	6ccdc0461946	raytracer	-O2	6828.6
2026-07-27T17:51:09Z	borg	6ccdc0461946	raytracer	-O3	5475.7
2026-07-27T17:51:09Z	borg	6ccdc0461946	raytracer-p	-O0	364.5
2026-07-27T17:51:09Z	borg	6ccdc0461946	raytracer-p	-O2	314.4
2026-07-27T17:51:09Z	borg	6ccdc0461946	raytracer-p	-O3	314.3
2026-07-27T17:51:09Z	borg	6ccdc0461946	raytracer-p	fpc	31.7
2026-07-27T17:51:09Z	borg	6ccdc0461946	sieve	-O0	113.9
2026-07-27T17:51:09Z	borg	6ccdc0461946	sieve	-O2	63.9
2026-07-27T17:51:09Z	borg	6ccdc0461946	sieve	-O3	63.7
2026-07-27T17:51:09Z	borg	6ccdc0461946	sieve	fpc	31.8
2026-07-27T17:51:09Z	borg	6ccdc0461946	nbody	-O0	664.9
2026-07-27T17:51:09Z	borg	6ccdc0461946	nbody	-O2	614.8
2026-07-27T17:51:09Z	borg	6ccdc0461946	nbody	-O3	364.5
2026-07-27T17:51:09Z	borg	6ccdc0461946	nbody	fpc	63.9
2026-07-27T17:51:09Z	borg	6ccdc0461946	fib	-O0	264.4
2026-07-27T17:51:09Z	borg	6ccdc0461946	fib	-O2	164.1
2026-07-27T17:51:09Z	borg	6ccdc0461946	fib	-O3	113.9
2026-07-27T17:51:09Z	borg	6ccdc0461946	fib	fpc	113.9
2026-07-27T17:51:09Z	borg	6ccdc0461946	selfcompile	-O0	6777.3
2026-07-27T17:51:09Z	borg	6ccdc0461946	selfcompile	-O2	5574.9
2026-07-27T17:51:09Z	borg	6ccdc0461946	selfcompile	-O3	5524.6
2026-07-27T18:08:21Z	borg	b30f724e81d6	mandelbrot	-O0	1316.8
2026-07-27T18:08:21Z	borg	b30f724e81d6	mandelbrot	-O2	1316.9
2026-07-27T18:08:21Z	borg	b30f724e81d6	mandelbrot	-O3	665.3
2026-07-27T18:08:21Z	borg	b30f724e81d6	mandelbrot-p	-O0	1316.7
2026-07-27T18:08:21Z	borg	b30f724e81d6	mandelbrot-p	-O2	1316.7
2026-07-27T18:08:21Z	borg	b30f724e81d6	mandelbrot-p	-O3	615.2
2026-07-27T18:08:21Z	borg	b30f724e81d6	mandelbrot-p	fpc	314.5
2026-07-27T18:08:21Z	borg	b30f724e81d6	raytracer	-O0	11589.1
2026-07-27T18:08:21Z	borg	b30f724e81d6	raytracer	-O2	6778.5
2026-07-27T18:08:21Z	borg	b30f724e81d6	raytracer	-O3	5425.9
2026-07-27T18:08:21Z	borg	b30f724e81d6	raytracer-p	-O0	314.6
2026-07-27T18:08:21Z	borg	b30f724e81d6	raytracer-p	-O2	314.5
2026-07-27T18:08:21Z	borg	b30f724e81d6	raytracer-p	-O3	264.5
2026-07-27T18:08:21Z	borg	b30f724e81d6	raytracer-p	fpc	31.8
2026-07-27T18:08:21Z	borg	b30f724e81d6	sieve	-O0	114.1
2026-07-27T18:08:21Z	borg	b30f724e81d6	sieve	-O2	63.9
2026-07-27T18:08:21Z	borg	b30f724e81d6	sieve	-O3	64.0
2026-07-27T18:08:21Z	borg	b30f724e81d6	sieve	fpc	31.8
2026-07-27T18:08:21Z	borg	b30f724e81d6	nbody	-O0	615.1
2026-07-27T18:08:21Z	borg	b30f724e81d6	nbody	-O2	565.1
2026-07-27T18:08:21Z	borg	b30f724e81d6	nbody	-O3	364.7
2026-07-27T18:08:21Z	borg	b30f724e81d6	nbody	fpc	64.0
2026-07-27T18:08:21Z	borg	b30f724e81d6	fib	-O0	264.6
2026-07-27T18:08:21Z	borg	b30f724e81d6	fib	-O2	164.1
2026-07-27T18:08:21Z	borg	b30f724e81d6	fib	-O3	113.9
2026-07-27T18:08:21Z	borg	b30f724e81d6	fib	fpc	114.0
2026-07-27T18:08:21Z	borg	b30f724e81d6	selfcompile	-O0	6327.9
2026-07-27T18:08:21Z	borg	b30f724e81d6	selfcompile	-O2	5124.8
2026-07-27T18:08:21Z	borg	b30f724e81d6	selfcompile	-O3	5073.1
2026-07-27T18:38:57Z	borg	165f249e384a	mandelbrot	-O0	1367.1
2026-07-27T18:38:57Z	borg	165f249e384a	mandelbrot	-O2	1316.6
2026-07-27T18:38:57Z	borg	165f249e384a	mandelbrot	-O3	665.3
2026-07-27T18:38:57Z	borg	165f249e384a	mandelbrot-p	-O0	1366.3
2026-07-27T18:38:57Z	borg	165f249e384a	mandelbrot-p	-O2	1316.8
2026-07-27T18:38:57Z	borg	165f249e384a	mandelbrot-p	-O3	665.1
2026-07-27T18:38:57Z	borg	165f249e384a	mandelbrot-p	fpc	364.4
2026-07-27T18:38:57Z	borg	165f249e384a	raytracer	-O0	12187.6
2026-07-27T18:38:57Z	borg	165f249e384a	raytracer	-O2	6828.9
2026-07-27T18:38:57Z	borg	165f249e384a	raytracer	-O3	5826.4
2026-07-27T18:38:57Z	borg	165f249e384a	raytracer-p	-O0	314.5
2026-07-27T18:38:57Z	borg	165f249e384a	raytracer-p	-O2	314.6
2026-07-27T18:38:57Z	borg	165f249e384a	raytracer-p	-O3	264.3
2026-07-27T18:38:57Z	borg	165f249e384a	raytracer-p	fpc	31.7
2026-07-27T18:38:57Z	borg	165f249e384a	sieve	-O0	114.0
2026-07-27T18:38:57Z	borg	165f249e384a	sieve	-O2	63.9
2026-07-27T18:38:57Z	borg	165f249e384a	sieve	-O3	64.0
2026-07-27T18:38:57Z	borg	165f249e384a	sieve	fpc	31.8
2026-07-27T18:38:57Z	borg	165f249e384a	nbody	-O0	615.0
2026-07-27T18:38:57Z	borg	165f249e384a	nbody	-O2	565.2
2026-07-27T18:38:57Z	borg	165f249e384a	nbody	-O3	364.5
2026-07-27T18:38:57Z	borg	165f249e384a	nbody	fpc	64.0
2026-07-27T18:38:57Z	borg	165f249e384a	fib	-O0	264.3
2026-07-27T18:38:57Z	borg	165f249e384a	fib	-O2	164.1
2026-07-27T18:38:57Z	borg	165f249e384a	fib	-O3	114.1
2026-07-27T18:38:57Z	borg	165f249e384a	fib	fpc	113.9
2026-07-27T18:38:57Z	borg	165f249e384a	selfcompile	-O0	6978.5
2026-07-27T18:38:57Z	borg	165f249e384a	selfcompile	-O2	5575.0
2026-07-27T18:38:57Z	borg	165f249e384a	selfcompile	-O3	5776.6
2026-07-27T18:58:41Z	borg	9ea536cf1aad	mandelbrot	-O0	1416.7
2026-07-27T18:58:41Z	borg	9ea536cf1aad	mandelbrot	-O2	1416.8
2026-07-27T18:58:41Z	borg	9ea536cf1aad	mandelbrot	-O3	715.2
2026-07-27T18:58:41Z	borg	9ea536cf1aad	mandelbrot-p	-O0	1516.4
2026-07-27T18:58:41Z	borg	9ea536cf1aad	mandelbrot-p	-O2	1416.8
2026-07-27T18:58:41Z	borg	9ea536cf1aad	mandelbrot-p	-O3	665.1
2026-07-27T18:58:41Z	borg	9ea536cf1aad	mandelbrot-p	fpc	465.0
2026-07-27T18:58:41Z	borg	9ea536cf1aad	raytracer	-O0	12739.9
2026-07-27T18:58:41Z	borg	9ea536cf1aad	raytracer	-O2	7078.6
2026-07-27T18:58:41Z	borg	9ea536cf1aad	raytracer	-O3	5526.5
2026-07-27T18:58:41Z	borg	9ea536cf1aad	raytracer-p	-O0	314.5
2026-07-27T18:58:41Z	borg	9ea536cf1aad	raytracer-p	-O2	314.4
2026-07-27T18:58:41Z	borg	9ea536cf1aad	raytracer-p	-O3	264.4
2026-07-27T18:58:41Z	borg	9ea536cf1aad	raytracer-p	fpc	31.9
2026-07-27T18:58:41Z	borg	9ea536cf1aad	sieve	-O0	114.0
2026-07-27T18:58:41Z	borg	9ea536cf1aad	sieve	-O2	114.0
2026-07-27T18:58:41Z	borg	9ea536cf1aad	sieve	-O3	63.8
2026-07-27T18:58:41Z	borg	9ea536cf1aad	sieve	fpc	64.0
2026-07-27T18:58:41Z	borg	9ea536cf1aad	nbody	-O0	615.4
2026-07-27T18:58:41Z	borg	9ea536cf1aad	nbody	-O2	565.1
2026-07-27T18:58:41Z	borg	9ea536cf1aad	nbody	-O3	364.5
2026-07-27T18:58:41Z	borg	9ea536cf1aad	nbody	fpc	64.0
2026-07-27T18:58:41Z	borg	9ea536cf1aad	fib	-O0	264.3
2026-07-27T18:58:41Z	borg	9ea536cf1aad	fib	-O2	164.2
2026-07-27T18:58:41Z	borg	9ea536cf1aad	fib	-O3	114.0
2026-07-27T18:58:41Z	borg	9ea536cf1aad	fib	fpc	114.0
2026-07-27T18:58:41Z	borg	9ea536cf1aad	selfcompile	-O0	6627.7
2026-07-27T18:58:41Z	borg	9ea536cf1aad	selfcompile	-O2	5175.0
2026-07-27T18:58:41Z	borg	9ea536cf1aad	selfcompile	-O3	5174.9
2026-07-27T19:24:29Z	borg	bd03328fdcfa	mandelbrot	-O0	1366.7
2026-07-27T19:24:29Z	borg	bd03328fdcfa	mandelbrot	-O2	1316.3
2026-07-27T19:24:29Z	borg	bd03328fdcfa	mandelbrot	-O3	665.3
2026-07-27T19:24:29Z	borg	bd03328fdcfa	mandelbrot-p	-O0	1316.9
2026-07-27T19:24:29Z	borg	bd03328fdcfa	mandelbrot-p	-O2	1316.9
2026-07-27T19:24:29Z	borg	bd03328fdcfa	mandelbrot-p	-O3	615.3
2026-07-27T19:24:29Z	borg	bd03328fdcfa	mandelbrot-p	fpc	314.6
2026-07-27T19:24:29Z	borg	bd03328fdcfa	raytracer	-O0	11938.9
2026-07-27T19:24:29Z	borg	bd03328fdcfa	raytracer	-O2	6928.6
2026-07-27T19:24:29Z	borg	bd03328fdcfa	raytracer	-O3	5575.2
2026-07-27T19:24:29Z	borg	bd03328fdcfa	raytracer-p	-O0	364.6
2026-07-27T19:24:29Z	borg	bd03328fdcfa	raytracer-p	-O2	314.5
2026-07-27T19:24:29Z	borg	bd03328fdcfa	raytracer-p	-O3	264.4
2026-07-27T19:24:29Z	borg	bd03328fdcfa	raytracer-p	fpc	31.7
2026-07-27T19:24:29Z	borg	bd03328fdcfa	sieve	-O0	114.0
2026-07-27T19:24:29Z	borg	bd03328fdcfa	sieve	-O2	114.1
2026-07-27T19:24:29Z	borg	bd03328fdcfa	sieve	-O3	63.9
2026-07-27T19:24:29Z	borg	bd03328fdcfa	sieve	fpc	31.9
2026-07-27T19:24:29Z	borg	bd03328fdcfa	nbody	-O0	615.3
2026-07-27T19:24:29Z	borg	bd03328fdcfa	nbody	-O2	565.0
2026-07-27T19:24:29Z	borg	bd03328fdcfa	nbody	-O3	364.6
2026-07-27T19:24:29Z	borg	bd03328fdcfa	nbody	fpc	64.2
2026-07-27T19:24:29Z	borg	bd03328fdcfa	fib	-O0	264.4
2026-07-27T19:24:29Z	borg	bd03328fdcfa	fib	-O2	164.0
2026-07-27T19:24:29Z	borg	bd03328fdcfa	fib	-O3	113.9
2026-07-27T19:24:29Z	borg	bd03328fdcfa	fib	fpc	114.5
2026-07-27T19:24:29Z	borg	bd03328fdcfa	selfcompile	-O0	6477.8
2026-07-27T19:24:29Z	borg	bd03328fdcfa	selfcompile	-O2	5475.0
2026-07-27T19:24:29Z	borg	bd03328fdcfa	selfcompile	-O3	5475.6
2026-07-27T20:26:50Z	borg	1f8bb3e75dfe	mandelbrot	-O0	1367.0
2026-07-27T20:26:50Z	borg	1f8bb3e75dfe	mandelbrot	-O2	1366.4
2026-07-27T20:26:50Z	borg	1f8bb3e75dfe	mandelbrot	-O3	715.0
2026-07-27T20:26:50Z	borg	1f8bb3e75dfe	mandelbrot-p	-O0	1617.4
2026-07-27T20:26:50Z	borg	1f8bb3e75dfe	mandelbrot-p	-O2	1416.4
2026-07-27T20:26:50Z	borg	1f8bb3e75dfe	mandelbrot-p	-O3	715.3
2026-07-27T20:26:50Z	borg	1f8bb3e75dfe	mandelbrot-p	fpc	364.4
2026-07-27T20:26:50Z	borg	1f8bb3e75dfe	raytracer	-O0	12889.7
2026-07-27T20:26:50Z	borg	1f8bb3e75dfe	raytracer	-O2	7527.8
2026-07-27T20:26:50Z	borg	1f8bb3e75dfe	raytracer	-O3	6027.1
2026-07-27T20:26:50Z	borg	1f8bb3e75dfe	raytracer-p	-O0	364.4
2026-07-27T20:26:50Z	borg	1f8bb3e75dfe	raytracer-p	-O2	314.4
2026-07-27T20:26:50Z	borg	1f8bb3e75dfe	raytracer-p	-O3	314.5
2026-07-27T20:26:50Z	borg	1f8bb3e75dfe	raytracer-p	fpc	63.9
2026-07-27T20:26:50Z	borg	1f8bb3e75dfe	sieve	-O0	114.1
2026-07-27T20:26:50Z	borg	1f8bb3e75dfe	sieve	-O2	114.0
2026-07-27T20:26:50Z	borg	1f8bb3e75dfe	sieve	-O3	114.0
2026-07-27T20:26:50Z	borg	1f8bb3e75dfe	sieve	fpc	31.9
2026-07-27T20:26:50Z	borg	1f8bb3e75dfe	nbody	-O0	665.2
2026-07-27T20:26:50Z	borg	1f8bb3e75dfe	nbody	-O2	614.9
2026-07-27T20:26:50Z	borg	1f8bb3e75dfe	nbody	-O3	364.5
2026-07-27T20:26:50Z	borg	1f8bb3e75dfe	nbody	fpc	114.0
2026-07-27T20:26:50Z	borg	1f8bb3e75dfe	fib	-O0	264.3
2026-07-27T20:26:50Z	borg	1f8bb3e75dfe	fib	-O2	164.1
2026-07-27T20:26:50Z	borg	1f8bb3e75dfe	fib	-O3	114.0
2026-07-27T20:26:50Z	borg	1f8bb3e75dfe	fib	fpc	114.0
2026-07-27T20:26:50Z	borg	1f8bb3e75dfe	selfcompile	-O0	7178.9
2026-07-27T20:26:50Z	borg	1f8bb3e75dfe	selfcompile	-O2	5575.1
2026-07-27T20:26:50Z	borg	1f8bb3e75dfe	selfcompile	-O3	5175.4
2026-07-27T20:42:36Z	borg	e82d3fc2d800	mandelbrot	-O0	1316.7
2026-07-27T20:42:36Z	borg	e82d3fc2d800	mandelbrot	-O2	1316.5
2026-07-27T20:42:36Z	borg	e82d3fc2d800	mandelbrot	-O3	665.1
2026-07-27T20:42:36Z	borg	e82d3fc2d800	mandelbrot-p	-O0	1316.6
2026-07-27T20:42:36Z	borg	e82d3fc2d800	mandelbrot-p	-O2	1316.5
2026-07-27T20:42:36Z	borg	e82d3fc2d800	mandelbrot-p	-O3	615.2
2026-07-27T20:42:36Z	borg	e82d3fc2d800	mandelbrot-p	fpc	314.5
2026-07-27T20:42:36Z	borg	e82d3fc2d800	raytracer	-O0	11386.4
2026-07-27T20:42:36Z	borg	e82d3fc2d800	raytracer	-O2	6526.1
2026-07-27T20:42:36Z	borg	e82d3fc2d800	raytracer	-O3	5275.3
2026-07-27T20:42:36Z	borg	e82d3fc2d800	raytracer-p	-O0	314.5
2026-07-27T20:42:36Z	borg	e82d3fc2d800	raytracer-p	-O2	314.5
2026-07-27T20:42:36Z	borg	e82d3fc2d800	raytracer-p	-O3	264.4
2026-07-27T20:42:36Z	borg	e82d3fc2d800	raytracer-p	fpc	31.7
2026-07-27T20:42:36Z	borg	e82d3fc2d800	sieve	-O0	114.0
2026-07-27T20:42:36Z	borg	e82d3fc2d800	sieve	-O2	64.0
2026-07-27T20:42:36Z	borg	e82d3fc2d800	sieve	-O3	64.0
2026-07-27T20:42:36Z	borg	e82d3fc2d800	sieve	fpc	32.0
2026-07-27T20:42:36Z	borg	e82d3fc2d800	nbody	-O0	615.2
2026-07-27T20:42:36Z	borg	e82d3fc2d800	nbody	-O2	565.1
2026-07-27T20:42:36Z	borg	e82d3fc2d800	nbody	-O3	364.4
2026-07-27T20:42:36Z	borg	e82d3fc2d800	nbody	fpc	64.0
2026-07-27T20:42:36Z	borg	e82d3fc2d800	fib	-O0	264.5
2026-07-27T20:42:36Z	borg	e82d3fc2d800	fib	-O2	164.1
2026-07-27T20:42:36Z	borg	e82d3fc2d800	fib	-O3	115.1
2026-07-27T20:42:36Z	borg	e82d3fc2d800	fib	fpc	113.9
2026-07-27T20:42:36Z	borg	e82d3fc2d800	selfcompile	-O0	6177.7
2026-07-27T20:42:36Z	borg	e82d3fc2d800	selfcompile	-O2	4924.4
2026-07-27T20:42:36Z	borg	e82d3fc2d800	selfcompile	-O3	5074.7
2026-07-27T22:24:19Z	borg	b37be2e18227	mandelbrot	-O0	1316.7
2026-07-27T22:24:19Z	borg	b37be2e18227	mandelbrot	-O2	1316.5
2026-07-27T22:24:19Z	borg	b37be2e18227	mandelbrot	-O3	665.2
2026-07-27T22:24:19Z	borg	b37be2e18227	mandelbrot-p	-O0	1316.8
2026-07-27T22:24:19Z	borg	b37be2e18227	mandelbrot-p	-O2	1316.4
2026-07-27T22:24:19Z	borg	b37be2e18227	mandelbrot-p	-O3	615.1
2026-07-27T22:24:19Z	borg	b37be2e18227	mandelbrot-p	fpc	314.5
2026-07-27T22:24:19Z	borg	b37be2e18227	raytracer	-O0	11188.3
2026-07-27T22:24:19Z	borg	b37be2e18227	raytracer	-O2	6575.7
2026-07-27T22:24:19Z	borg	b37be2e18227	raytracer	-O3	5325.0
2026-07-27T22:24:19Z	borg	b37be2e18227	raytracer-p	-O0	314.6
2026-07-27T22:24:19Z	borg	b37be2e18227	raytracer-p	-O2	314.6
2026-07-27T22:24:19Z	borg	b37be2e18227	raytracer-p	-O3	264.4
2026-07-27T22:24:19Z	borg	b37be2e18227	raytracer-p	fpc	31.7
2026-07-27T22:24:19Z	borg	b37be2e18227	sieve	-O0	114.1
2026-07-27T22:24:19Z	borg	b37be2e18227	sieve	-O2	113.9
2026-07-27T22:24:19Z	borg	b37be2e18227	sieve	-O3	64.0
2026-07-27T22:24:19Z	borg	b37be2e18227	sieve	fpc	31.9
2026-07-27T22:24:19Z	borg	b37be2e18227	nbody	-O0	615.2
2026-07-27T22:24:19Z	borg	b37be2e18227	nbody	-O2	565.0
2026-07-27T22:24:19Z	borg	b37be2e18227	nbody	-O3	364.4
2026-07-27T22:24:19Z	borg	b37be2e18227	nbody	fpc	63.9
2026-07-27T22:24:19Z	borg	b37be2e18227	fib	-O0	264.4
2026-07-27T22:24:19Z	borg	b37be2e18227	fib	-O2	164.2
2026-07-27T22:24:19Z	borg	b37be2e18227	fib	-O3	114.0
2026-07-27T22:24:19Z	borg	b37be2e18227	fib	fpc	114.0
2026-07-27T22:24:19Z	borg	b37be2e18227	selfcompile	-O0	6177.8
2026-07-27T22:24:19Z	borg	b37be2e18227	selfcompile	-O2	5024.9
2026-07-27T22:24:19Z	borg	b37be2e18227	selfcompile	-O3	5024.9
2026-07-28T06:50:59Z	borg	0be2e1474f65	mandelbrot	-O0	1467.0
2026-07-28T06:50:59Z	borg	0be2e1474f65	mandelbrot	-O2	1416.6
2026-07-28T06:50:59Z	borg	0be2e1474f65	mandelbrot	-O3	715.4
2026-07-28T06:50:59Z	borg	0be2e1474f65	mandelbrot-p	-O0	1416.9
2026-07-28T06:50:59Z	borg	0be2e1474f65	mandelbrot-p	-O2	1416.7
2026-07-28T06:50:59Z	borg	0be2e1474f65	mandelbrot-p	-O3	665.1
2026-07-28T06:50:59Z	borg	0be2e1474f65	mandelbrot-p	fpc	364.6
2026-07-28T06:50:59Z	borg	0be2e1474f65	raytracer	-O0	12739.8
2026-07-28T06:50:59Z	borg	0be2e1474f65	raytracer	-O2	7078.2
2026-07-28T06:50:59Z	borg	0be2e1474f65	raytracer	-O3	5725.6
2026-07-28T06:50:59Z	borg	0be2e1474f65	raytracer-p	-O0	364.7
2026-07-28T06:50:59Z	borg	0be2e1474f65	raytracer-p	-O2	364.4
2026-07-28T06:50:59Z	borg	0be2e1474f65	raytracer-p	-O3	314.4
2026-07-28T06:50:59Z	borg	0be2e1474f65	raytracer-p	fpc	31.9
2026-07-28T06:50:59Z	borg	0be2e1474f65	sieve	-O0	114.0
2026-07-28T06:50:59Z	borg	0be2e1474f65	sieve	-O2	114.0
2026-07-28T06:50:59Z	borg	0be2e1474f65	sieve	-O3	114.0
2026-07-28T06:50:59Z	borg	0be2e1474f65	sieve	fpc	63.9
2026-07-28T06:50:59Z	borg	0be2e1474f65	nbody	-O0	765.6
2026-07-28T06:50:59Z	borg	0be2e1474f65	nbody	-O2	615.2
2026-07-28T06:50:59Z	borg	0be2e1474f65	nbody	-O3	364.3
2026-07-28T06:50:59Z	borg	0be2e1474f65	nbody	fpc	114.0
2026-07-28T06:50:59Z	borg	0be2e1474f65	fib	-O0	264.4
2026-07-28T06:50:59Z	borg	0be2e1474f65	fib	-O2	164.1
2026-07-28T06:50:59Z	borg	0be2e1474f65	fib	-O3	113.9
2026-07-28T06:50:59Z	borg	0be2e1474f65	fib	fpc	114.1
2026-07-28T06:50:59Z	borg	0be2e1474f65	selfcompile	-O0	7328.8
2026-07-28T06:50:59Z	borg	0be2e1474f65	selfcompile	-O2	5725.7
2026-07-28T06:50:59Z	borg	0be2e1474f65	selfcompile	-O3	5575.7
2026-07-28T07:40:24Z	borg	8ae0f99f06dd	mandelbrot	-O0	1466.9
2026-07-28T07:40:24Z	borg	8ae0f99f06dd	mandelbrot	-O2	1416.9
2026-07-28T07:40:24Z	borg	8ae0f99f06dd	mandelbrot	-O3	715.1
2026-07-28T07:40:24Z	borg	8ae0f99f06dd	mandelbrot-p	-O0	1416.8
2026-07-28T07:40:24Z	borg	8ae0f99f06dd	mandelbrot-p	-O2	1416.9
2026-07-28T07:40:24Z	borg	8ae0f99f06dd	mandelbrot-p	-O3	765.3
2026-07-28T07:40:24Z	borg	8ae0f99f06dd	mandelbrot-p	fpc	364.5
2026-07-28T07:40:24Z	borg	8ae0f99f06dd	raytracer	-O0	12639.1
2026-07-28T07:40:24Z	borg	8ae0f99f06dd	raytracer	-O2	7178.9
2026-07-28T07:40:24Z	borg	8ae0f99f06dd	raytracer	-O3	6076.5
2026-07-28T07:40:24Z	borg	8ae0f99f06dd	raytracer-p	-O0	364.8
2026-07-28T07:40:24Z	borg	8ae0f99f06dd	raytracer-p	-O2	364.3
2026-07-28T07:40:24Z	borg	8ae0f99f06dd	raytracer-p	-O3	315.6
2026-07-28T07:40:24Z	borg	8ae0f99f06dd	raytracer-p	fpc	31.8
2026-07-28T07:40:24Z	borg	8ae0f99f06dd	sieve	-O0	114.0
2026-07-28T07:40:24Z	borg	8ae0f99f06dd	sieve	-O2	114.0
2026-07-28T07:40:24Z	borg	8ae0f99f06dd	sieve	-O3	114.0
2026-07-28T07:40:24Z	borg	8ae0f99f06dd	sieve	fpc	31.9
2026-07-28T07:40:24Z	borg	8ae0f99f06dd	nbody	-O0	665.3
2026-07-28T07:40:24Z	borg	8ae0f99f06dd	nbody	-O2	615.2
2026-07-28T07:40:24Z	borg	8ae0f99f06dd	nbody	-O3	364.6
2026-07-28T07:40:24Z	borg	8ae0f99f06dd	nbody	fpc	114.1
2026-07-28T07:40:24Z	borg	8ae0f99f06dd	fib	-O0	264.4
2026-07-28T07:40:24Z	borg	8ae0f99f06dd	fib	-O2	164.1
2026-07-28T07:40:24Z	borg	8ae0f99f06dd	fib	-O3	113.9
2026-07-28T07:40:24Z	borg	8ae0f99f06dd	fib	fpc	114.1
2026-07-28T07:40:24Z	borg	8ae0f99f06dd	selfcompile	-O0	6978.4
2026-07-28T07:40:24Z	borg	8ae0f99f06dd	selfcompile	-O2	5675.6
2026-07-28T07:40:24Z	borg	8ae0f99f06dd	selfcompile	-O3	5675.4
2026-07-28T08:17:47Z	borg	c0d555a37192	mandelbrot	-O0	1466.8
2026-07-28T08:17:47Z	borg	c0d555a37192	mandelbrot	-O2	1367.0
2026-07-28T08:17:47Z	borg	c0d555a37192	mandelbrot	-O3	715.2
2026-07-28T08:17:47Z	borg	c0d555a37192	mandelbrot-p	-O0	1416.7
2026-07-28T08:17:47Z	borg	c0d555a37192	mandelbrot-p	-O2	1366.8
2026-07-28T08:17:47Z	borg	c0d555a37192	mandelbrot-p	-O3	665.0
2026-07-28T08:17:47Z	borg	c0d555a37192	mandelbrot-p	fpc	364.5
2026-07-28T08:17:47Z	borg	c0d555a37192	raytracer	-O0	11988.9
2026-07-28T08:17:47Z	borg	c0d555a37192	raytracer	-O2	6978.3
2026-07-28T08:17:47Z	borg	c0d555a37192	raytracer	-O3	5726.0
2026-07-28T08:17:47Z	borg	c0d555a37192	raytracer-p	-O0	364.5
2026-07-28T08:17:47Z	borg	c0d555a37192	raytracer-p	-O2	365.8
2026-07-28T08:17:47Z	borg	c0d555a37192	raytracer-p	-O3	315.8
2026-07-28T08:17:47Z	borg	c0d555a37192	raytracer-p	fpc	31.7
2026-07-28T08:17:47Z	borg	c0d555a37192	sieve	-O0	113.9
2026-07-28T08:17:47Z	borg	c0d555a37192	sieve	-O2	114.1
2026-07-28T08:17:47Z	borg	c0d555a37192	sieve	-O3	114.0
2026-07-28T08:17:47Z	borg	c0d555a37192	sieve	fpc	32.1
2026-07-28T08:17:47Z	borg	c0d555a37192	nbody	-O0	665.3
2026-07-28T08:17:47Z	borg	c0d555a37192	nbody	-O2	616.5
2026-07-28T08:17:47Z	borg	c0d555a37192	nbody	-O3	364.6
2026-07-28T08:17:47Z	borg	c0d555a37192	nbody	fpc	64.1
2026-07-28T08:17:47Z	borg	c0d555a37192	fib	-O0	264.4
2026-07-28T08:17:47Z	borg	c0d555a37192	fib	-O2	164.1
2026-07-28T08:17:47Z	borg	c0d555a37192	fib	-O3	114.0
2026-07-28T08:17:47Z	borg	c0d555a37192	fib	fpc	114.3
2026-07-28T08:17:47Z	borg	c0d555a37192	selfcompile	-O0	6727.8
2026-07-28T08:17:47Z	borg	c0d555a37192	selfcompile	-O2	5525.0
2026-07-28T08:17:47Z	borg	c0d555a37192	selfcompile	-O3	5325.0
2026-07-28T08:49:21Z	borg	afe03074c578	mandelbrot	-O0	1467.1
2026-07-28T08:49:21Z	borg	afe03074c578	mandelbrot	-O2	1416.4
2026-07-28T08:49:21Z	borg	afe03074c578	mandelbrot	-O3	715.1
2026-07-28T08:49:21Z	borg	afe03074c578	mandelbrot-p	-O0	1416.9
2026-07-28T08:49:21Z	borg	afe03074c578	mandelbrot-p	-O2	1366.8
2026-07-28T08:49:21Z	borg	afe03074c578	mandelbrot-p	-O3	665.2
2026-07-28T08:49:21Z	borg	afe03074c578	mandelbrot-p	fpc	364.4
2026-07-28T08:49:21Z	borg	afe03074c578	raytracer	-O0	12488.1
2026-07-28T08:49:21Z	borg	afe03074c578	raytracer	-O2	7078.8
2026-07-28T08:49:21Z	borg	afe03074c578	raytracer	-O3	5673.8
2026-07-28T08:49:21Z	borg	afe03074c578	raytracer-p	-O0	364.6
2026-07-28T08:49:21Z	borg	afe03074c578	raytracer-p	-O2	365.2
2026-07-28T08:49:21Z	borg	afe03074c578	raytracer-p	-O3	314.6
2026-07-28T08:49:21Z	borg	afe03074c578	raytracer-p	fpc	31.8
2026-07-28T08:49:21Z	borg	afe03074c578	sieve	-O0	114.0
2026-07-28T08:49:21Z	borg	afe03074c578	sieve	-O2	114.0
2026-07-28T08:49:21Z	borg	afe03074c578	sieve	-O3	114.1
2026-07-28T08:49:21Z	borg	afe03074c578	sieve	fpc	34.3
2026-07-28T08:49:21Z	borg	afe03074c578	nbody	-O0	665.2
2026-07-28T08:49:21Z	borg	afe03074c578	nbody	-O2	615.1
2026-07-28T08:49:21Z	borg	afe03074c578	nbody	-O3	364.5
2026-07-28T08:49:21Z	borg	afe03074c578	nbody	fpc	114.0
2026-07-28T08:49:21Z	borg	afe03074c578	fib	-O0	264.2
2026-07-28T08:49:21Z	borg	afe03074c578	fib	-O2	164.0
2026-07-28T08:49:21Z	borg	afe03074c578	fib	-O3	114.4
2026-07-28T08:49:21Z	borg	afe03074c578	fib	fpc	114.1
2026-07-28T08:49:21Z	borg	afe03074c578	selfcompile	-O0	7780.8
2026-07-28T08:49:21Z	borg	afe03074c578	selfcompile	-O2	5625.3
2026-07-28T08:49:21Z	borg	afe03074c578	selfcompile	-O3	5925.6
2026-07-28T09:19:21Z	borg	3d10333eca85	mandelbrot	-O0	1466.5
2026-07-28T09:19:21Z	borg	3d10333eca85	mandelbrot	-O2	1516.7
2026-07-28T09:19:21Z	borg	3d10333eca85	mandelbrot	-O3	765.4
2026-07-28T09:19:21Z	borg	3d10333eca85	mandelbrot-p	-O0	1516.7
2026-07-28T09:19:21Z	borg	3d10333eca85	mandelbrot-p	-O2	1566.8
2026-07-28T09:19:21Z	borg	3d10333eca85	mandelbrot-p	-O3	665.1
2026-07-28T09:19:21Z	borg	3d10333eca85	mandelbrot-p	fpc	364.5
2026-07-28T09:19:21Z	borg	3d10333eca85	raytracer	-O0	13441.1
2026-07-28T09:19:21Z	borg	3d10333eca85	raytracer	-O2	7578.6
2026-07-28T09:19:21Z	borg	3d10333eca85	raytracer	-O3	6326.9
2026-07-28T09:19:21Z	borg	3d10333eca85	raytracer-p	-O0	364.7
2026-07-28T09:19:21Z	borg	3d10333eca85	raytracer-p	-O2	364.4
2026-07-28T09:19:21Z	borg	3d10333eca85	raytracer-p	-O3	314.5
2026-07-28T09:19:21Z	borg	3d10333eca85	raytracer-p	fpc	31.7
2026-07-28T09:19:21Z	borg	3d10333eca85	sieve	-O0	114.0
2026-07-28T09:19:21Z	borg	3d10333eca85	sieve	-O2	114.0
2026-07-28T09:19:21Z	borg	3d10333eca85	sieve	-O3	114.0
2026-07-28T09:19:21Z	borg	3d10333eca85	sieve	fpc	32.1
2026-07-28T09:19:21Z	borg	3d10333eca85	nbody	-O0	665.3
2026-07-28T09:19:21Z	borg	3d10333eca85	nbody	-O2	615.0
2026-07-28T09:19:21Z	borg	3d10333eca85	nbody	-O3	364.5
2026-07-28T09:19:21Z	borg	3d10333eca85	nbody	fpc	114.0
2026-07-28T09:19:21Z	borg	3d10333eca85	fib	-O0	264.7
2026-07-28T09:19:21Z	borg	3d10333eca85	fib	-O2	164.1
2026-07-28T09:19:21Z	borg	3d10333eca85	fib	-O3	114.2
2026-07-28T09:19:21Z	borg	3d10333eca85	fib	fpc	114.0
2026-07-28T09:19:21Z	borg	3d10333eca85	selfcompile	-O0	7379.1
2026-07-28T09:19:21Z	borg	3d10333eca85	selfcompile	-O2	5774.9
2026-07-28T09:19:21Z	borg	3d10333eca85	selfcompile	-O3	5625.5
2026-07-28T09:37:03Z	borg	9c5d205e1d2a	mandelbrot	-O0	1417.1
2026-07-28T09:37:03Z	borg	9c5d205e1d2a	mandelbrot	-O2	1417.0
2026-07-28T09:37:03Z	borg	9c5d205e1d2a	mandelbrot	-O3	715.3
2026-07-28T09:37:03Z	borg	9c5d205e1d2a	mandelbrot-p	-O0	1416.8
2026-07-28T09:37:03Z	borg	9c5d205e1d2a	mandelbrot-p	-O2	1416.8
2026-07-28T09:37:03Z	borg	9c5d205e1d2a	mandelbrot-p	-O3	665.2
2026-07-28T09:37:03Z	borg	9c5d205e1d2a	mandelbrot-p	fpc	364.4
2026-07-28T09:37:03Z	borg	9c5d205e1d2a	raytracer	-O0	12440.0
2026-07-28T09:37:03Z	borg	9c5d205e1d2a	raytracer	-O2	7479.6
2026-07-28T09:37:03Z	borg	9c5d205e1d2a	raytracer	-O3	6279.8
2026-07-28T09:37:03Z	borg	9c5d205e1d2a	raytracer-p	-O0	364.5
2026-07-28T09:37:03Z	borg	9c5d205e1d2a	raytracer-p	-O2	364.5
2026-07-28T09:37:03Z	borg	9c5d205e1d2a	raytracer-p	-O3	314.4
2026-07-28T09:37:03Z	borg	9c5d205e1d2a	raytracer-p	fpc	63.9
2026-07-28T09:37:03Z	borg	9c5d205e1d2a	sieve	-O0	114.0
2026-07-28T09:37:03Z	borg	9c5d205e1d2a	sieve	-O2	114.0
2026-07-28T09:37:03Z	borg	9c5d205e1d2a	sieve	-O3	113.9
2026-07-28T09:37:03Z	borg	9c5d205e1d2a	sieve	fpc	63.9
2026-07-28T09:37:03Z	borg	9c5d205e1d2a	nbody	-O0	665.0
2026-07-28T09:37:03Z	borg	9c5d205e1d2a	nbody	-O2	614.9
2026-07-28T09:37:03Z	borg	9c5d205e1d2a	nbody	-O3	414.7
2026-07-28T09:37:03Z	borg	9c5d205e1d2a	nbody	fpc	114.0
2026-07-28T09:37:03Z	borg	9c5d205e1d2a	fib	-O0	264.3
2026-07-28T09:37:03Z	borg	9c5d205e1d2a	fib	-O2	164.1
2026-07-28T09:37:03Z	borg	9c5d205e1d2a	fib	-O3	114.1
2026-07-28T09:37:03Z	borg	9c5d205e1d2a	fib	fpc	114.0
2026-07-28T09:37:03Z	borg	9c5d205e1d2a	selfcompile	-O0	7328.4
2026-07-28T09:37:03Z	borg	9c5d205e1d2a	selfcompile	-O2	6277.0
2026-07-28T09:37:03Z	borg	9c5d205e1d2a	selfcompile	-O3	6477.4
2026-07-28T09:57:35Z	borg	f098085f963a	mandelbrot	-O0	1466.9
2026-07-28T09:57:35Z	borg	f098085f963a	mandelbrot	-O2	1416.6
2026-07-28T09:57:35Z	borg	f098085f963a	mandelbrot	-O3	715.4
2026-07-28T09:57:35Z	borg	f098085f963a	mandelbrot-p	-O0	1466.7
2026-07-28T09:57:35Z	borg	f098085f963a	mandelbrot-p	-O2	1466.4
2026-07-28T09:57:35Z	borg	f098085f963a	mandelbrot-p	-O3	665.2
2026-07-28T09:57:35Z	borg	f098085f963a	mandelbrot-p	fpc	364.4
2026-07-28T09:57:35Z	borg	f098085f963a	raytracer	-O0	13593.5
2026-07-28T09:57:35Z	borg	f098085f963a	raytracer	-O2	7532.5
2026-07-28T09:57:35Z	borg	f098085f963a	raytracer	-O3	5926.2
2026-07-28T09:57:35Z	borg	f098085f963a	raytracer-p	-O0	364.6
2026-07-28T09:57:35Z	borg	f098085f963a	raytracer-p	-O2	364.6
2026-07-28T09:57:35Z	borg	f098085f963a	raytracer-p	-O3	314.5
2026-07-28T09:57:35Z	borg	f098085f963a	raytracer-p	fpc	31.7
2026-07-28T09:57:35Z	borg	f098085f963a	sieve	-O0	114.0
2026-07-28T09:57:35Z	borg	f098085f963a	sieve	-O2	114.0
2026-07-28T09:57:35Z	borg	f098085f963a	sieve	-O3	114.1
2026-07-28T09:57:35Z	borg	f098085f963a	sieve	fpc	64.1
2026-07-28T09:57:35Z	borg	f098085f963a	nbody	-O0	665.2
2026-07-28T09:57:35Z	borg	f098085f963a	nbody	-O2	615.0
2026-07-28T09:57:35Z	borg	f098085f963a	nbody	-O3	364.4
2026-07-28T09:57:35Z	borg	f098085f963a	nbody	fpc	114.6
2026-07-28T09:57:35Z	borg	f098085f963a	fib	-O0	264.3
2026-07-28T09:57:35Z	borg	f098085f963a	fib	-O2	214.3
2026-07-28T09:57:35Z	borg	f098085f963a	fib	-O3	114.1
2026-07-28T09:57:35Z	borg	f098085f963a	fib	fpc	114.1
2026-07-28T09:57:35Z	borg	f098085f963a	selfcompile	-O0	7328.8
2026-07-28T09:57:35Z	borg	f098085f963a	selfcompile	-O2	5876.2
2026-07-28T09:57:35Z	borg	f098085f963a	selfcompile	-O3	5925.8
2026-07-28T10:14:14Z	borg	4c4877158438	mandelbrot	-O0	1415.9
2026-07-28T10:14:14Z	borg	4c4877158438	mandelbrot	-O2	1416.5
2026-07-28T10:14:14Z	borg	4c4877158438	mandelbrot	-O3	714.9
2026-07-28T10:14:14Z	borg	4c4877158438	mandelbrot-p	-O0	1416.7
2026-07-28T10:14:14Z	borg	4c4877158438	mandelbrot-p	-O2	1416.2
2026-07-28T10:14:14Z	borg	4c4877158438	mandelbrot-p	-O3	665.1
2026-07-28T10:14:14Z	borg	4c4877158438	mandelbrot-p	fpc	364.7
2026-07-28T10:14:14Z	borg	4c4877158438	raytracer	-O0	11738.4
2026-07-28T10:14:14Z	borg	4c4877158438	raytracer	-O2	6728.1
2026-07-28T10:14:14Z	borg	4c4877158438	raytracer	-O3	5525.8
2026-07-28T10:14:14Z	borg	4c4877158438	raytracer-p	-O0	364.5
2026-07-28T10:14:14Z	borg	4c4877158438	raytracer-p	-O2	314.6
2026-07-28T10:14:14Z	borg	4c4877158438	raytracer-p	-O3	264.5
2026-07-28T10:14:14Z	borg	4c4877158438	raytracer-p	fpc	31.8
2026-07-28T10:14:14Z	borg	4c4877158438	sieve	-O0	113.9
2026-07-28T10:14:14Z	borg	4c4877158438	sieve	-O2	63.9
2026-07-28T10:14:14Z	borg	4c4877158438	sieve	-O3	64.0
2026-07-28T10:14:14Z	borg	4c4877158438	sieve	fpc	31.9
2026-07-28T10:14:14Z	borg	4c4877158438	nbody	-O0	615.3
2026-07-28T10:14:14Z	borg	4c4877158438	nbody	-O2	565.3
2026-07-28T10:14:14Z	borg	4c4877158438	nbody	-O3	364.6
2026-07-28T10:14:14Z	borg	4c4877158438	nbody	fpc	63.9
2026-07-28T10:14:14Z	borg	4c4877158438	fib	-O0	264.4
2026-07-28T10:14:14Z	borg	4c4877158438	fib	-O2	164.2
2026-07-28T10:14:14Z	borg	4c4877158438	fib	-O3	114.0
2026-07-28T10:14:14Z	borg	4c4877158438	fib	fpc	113.9
2026-07-28T10:14:14Z	borg	4c4877158438	selfcompile	-O0	6428.9
2026-07-28T10:14:14Z	borg	4c4877158438	selfcompile	-O2	5174.4
2026-07-28T10:14:14Z	borg	4c4877158438	selfcompile	-O3	5325.8
2026-07-28T10:30:14Z	borg	081548fc86f0	mandelbrot	-O0	1366.5
2026-07-28T10:30:14Z	borg	081548fc86f0	mandelbrot	-O2	1416.8
2026-07-28T10:30:14Z	borg	081548fc86f0	mandelbrot	-O3	715.3
2026-07-28T10:30:14Z	borg	081548fc86f0	mandelbrot-p	-O0	1467.0
2026-07-28T10:30:14Z	borg	081548fc86f0	mandelbrot-p	-O2	1316.9
2026-07-28T10:30:14Z	borg	081548fc86f0	mandelbrot-p	-O3	615.1
2026-07-28T10:30:14Z	borg	081548fc86f0	mandelbrot-p	fpc	314.7
2026-07-28T10:30:14Z	borg	081548fc86f0	raytracer	-O0	11689.2
2026-07-28T10:30:14Z	borg	081548fc86f0	raytracer	-O2	6728.2
2026-07-28T10:30:14Z	borg	081548fc86f0	raytracer	-O3	5525.8
2026-07-28T10:30:14Z	borg	081548fc86f0	raytracer-p	-O0	364.6
2026-07-28T10:30:14Z	borg	081548fc86f0	raytracer-p	-O2	314.5
2026-07-28T10:30:14Z	borg	081548fc86f0	raytracer-p	-O3	264.5
2026-07-28T10:30:14Z	borg	081548fc86f0	raytracer-p	fpc	31.9
2026-07-28T10:30:14Z	borg	081548fc86f0	sieve	-O0	114.1
2026-07-28T10:30:14Z	borg	081548fc86f0	sieve	-O2	64.0
2026-07-28T10:30:14Z	borg	081548fc86f0	sieve	-O3	63.8
2026-07-28T10:30:14Z	borg	081548fc86f0	sieve	fpc	31.9
2026-07-28T10:30:14Z	borg	081548fc86f0	nbody	-O0	615.2
2026-07-28T10:30:14Z	borg	081548fc86f0	nbody	-O2	565.2
2026-07-28T10:30:14Z	borg	081548fc86f0	nbody	-O3	364.6
2026-07-28T10:30:14Z	borg	081548fc86f0	nbody	fpc	64.0
2026-07-28T10:30:14Z	borg	081548fc86f0	fib	-O0	264.4
2026-07-28T10:30:14Z	borg	081548fc86f0	fib	-O2	164.2
2026-07-28T10:30:14Z	borg	081548fc86f0	fib	-O3	114.1
2026-07-28T10:30:14Z	borg	081548fc86f0	fib	fpc	114.0
2026-07-28T10:30:14Z	borg	081548fc86f0	selfcompile	-O0	6576.7
2026-07-28T10:30:14Z	borg	081548fc86f0	selfcompile	-O2	5074.5
2026-07-28T10:30:14Z	borg	081548fc86f0	selfcompile	-O3	5225.7
2026-07-28T10:45:07Z	borg	ba5a5f4fe52a	mandelbrot	-O0	1416.4
2026-07-28T10:45:07Z	borg	ba5a5f4fe52a	mandelbrot	-O2	1416.7
2026-07-28T10:45:07Z	borg	ba5a5f4fe52a	mandelbrot	-O3	715.1
2026-07-28T10:45:07Z	borg	ba5a5f4fe52a	mandelbrot-p	-O0	1466.7
2026-07-28T10:45:07Z	borg	ba5a5f4fe52a	mandelbrot-p	-O2	1466.6
2026-07-28T10:45:07Z	borg	ba5a5f4fe52a	mandelbrot-p	-O3	665.2
2026-07-28T10:45:07Z	borg	ba5a5f4fe52a	mandelbrot-p	fpc	364.5
2026-07-28T10:45:07Z	borg	ba5a5f4fe52a	raytracer	-O0	12539.2
2026-07-28T10:45:07Z	borg	ba5a5f4fe52a	raytracer	-O2	7429.0
2026-07-28T10:45:07Z	borg	ba5a5f4fe52a	raytracer	-O3	6025.9
2026-07-28T10:45:07Z	borg	ba5a5f4fe52a	raytracer-p	-O0	364.5
2026-07-28T10:45:07Z	borg	ba5a5f4fe52a	raytracer-p	-O2	314.4
2026-07-28T10:45:07Z	borg	ba5a5f4fe52a	raytracer-p	-O3	314.4
2026-07-28T10:45:07Z	borg	ba5a5f4fe52a	raytracer-p	fpc	31.9
2026-07-28T10:45:07Z	borg	ba5a5f4fe52a	sieve	-O0	113.9
2026-07-28T10:45:07Z	borg	ba5a5f4fe52a	sieve	-O2	114.0
2026-07-28T10:45:07Z	borg	ba5a5f4fe52a	sieve	-O3	113.9
2026-07-28T10:45:07Z	borg	ba5a5f4fe52a	sieve	fpc	31.8
2026-07-28T10:45:07Z	borg	ba5a5f4fe52a	nbody	-O0	665.2
2026-07-28T10:45:07Z	borg	ba5a5f4fe52a	nbody	-O2	615.3
2026-07-28T10:45:07Z	borg	ba5a5f4fe52a	nbody	-O3	467.1
2026-07-28T10:45:07Z	borg	ba5a5f4fe52a	nbody	fpc	164.3
2026-07-28T10:45:07Z	borg	ba5a5f4fe52a	fib	-O0	364.4
2026-07-28T10:45:07Z	borg	ba5a5f4fe52a	fib	-O2	215.9
2026-07-28T10:45:07Z	borg	ba5a5f4fe52a	fib	-O3	166.8
2026-07-28T10:45:07Z	borg	ba5a5f4fe52a	fib	fpc	114.0
2026-07-28T10:45:07Z	borg	ba5a5f4fe52a	selfcompile	-O0	9763.3
2026-07-28T10:45:07Z	borg	ba5a5f4fe52a	selfcompile	-O2	7394.6
2026-07-28T10:45:07Z	borg	ba5a5f4fe52a	selfcompile	-O3	5175.1
2026-07-28T11:02:28Z	borg	b8b5c326074c	mandelbrot	-O0	1366.9
2026-07-28T11:02:28Z	borg	b8b5c326074c	mandelbrot	-O2	1316.9
2026-07-28T11:02:28Z	borg	b8b5c326074c	mandelbrot	-O3	665.3
2026-07-28T11:02:28Z	borg	b8b5c326074c	mandelbrot-p	-O0	1366.6
2026-07-28T11:02:28Z	borg	b8b5c326074c	mandelbrot-p	-O2	1366.6
2026-07-28T11:02:28Z	borg	b8b5c326074c	mandelbrot-p	-O3	615.1
2026-07-28T11:02:28Z	borg	b8b5c326074c	mandelbrot-p	fpc	314.6
2026-07-28T11:02:28Z	borg	b8b5c326074c	raytracer	-O0	12138.4
2026-07-28T11:02:28Z	borg	b8b5c326074c	raytracer	-O2	7228.3
2026-07-28T11:02:28Z	borg	b8b5c326074c	raytracer	-O3	5925.2
2026-07-28T11:02:28Z	borg	b8b5c326074c	raytracer-p	-O0	364.4
2026-07-28T11:02:28Z	borg	b8b5c326074c	raytracer-p	-O2	314.5
2026-07-28T11:02:28Z	borg	b8b5c326074c	raytracer-p	-O3	314.2
2026-07-28T11:02:28Z	borg	b8b5c326074c	raytracer-p	fpc	31.7
2026-07-28T11:02:28Z	borg	b8b5c326074c	sieve	-O0	113.9
2026-07-28T11:02:28Z	borg	b8b5c326074c	sieve	-O2	113.9
2026-07-28T11:02:28Z	borg	b8b5c326074c	sieve	-O3	113.9
2026-07-28T11:02:28Z	borg	b8b5c326074c	sieve	fpc	31.7
2026-07-28T11:02:28Z	borg	b8b5c326074c	nbody	-O0	615.1
2026-07-28T11:02:28Z	borg	b8b5c326074c	nbody	-O2	565.0
2026-07-28T11:02:28Z	borg	b8b5c326074c	nbody	-O3	364.5
2026-07-28T11:02:28Z	borg	b8b5c326074c	nbody	fpc	63.9
2026-07-28T11:02:28Z	borg	b8b5c326074c	fib	-O0	264.4
2026-07-28T11:02:28Z	borg	b8b5c326074c	fib	-O2	164.0
2026-07-28T11:02:28Z	borg	b8b5c326074c	fib	-O3	113.9
2026-07-28T11:02:28Z	borg	b8b5c326074c	fib	fpc	114.0
2026-07-28T11:02:28Z	borg	b8b5c326074c	selfcompile	-O0	6827.3
2026-07-28T11:02:28Z	borg	b8b5c326074c	selfcompile	-O2	5575.3
2026-07-28T11:02:28Z	borg	b8b5c326074c	selfcompile	-O3	5524.8
2026-07-28T11:19:28Z	borg	7a9c1df46c06	mandelbrot	-O0	1316.8
2026-07-28T11:19:28Z	borg	7a9c1df46c06	mandelbrot	-O2	1316.1
2026-07-28T11:19:28Z	borg	7a9c1df46c06	mandelbrot	-O3	665.2
2026-07-28T11:19:28Z	borg	7a9c1df46c06	mandelbrot-p	-O0	1366.6
2026-07-28T11:19:28Z	borg	7a9c1df46c06	mandelbrot-p	-O2	1316.2
2026-07-28T11:19:28Z	borg	7a9c1df46c06	mandelbrot-p	-O3	615.2
2026-07-28T11:19:28Z	borg	7a9c1df46c06	mandelbrot-p	fpc	314.7
2026-07-28T11:19:28Z	borg	7a9c1df46c06	raytracer	-O0	11539.1
2026-07-28T11:19:28Z	borg	7a9c1df46c06	raytracer	-O2	6678.1
2026-07-28T11:19:28Z	borg	7a9c1df46c06	raytracer	-O3	5376.1
2026-07-28T11:19:28Z	borg	7a9c1df46c06	raytracer-p	-O0	314.5
2026-07-28T11:19:28Z	borg	7a9c1df46c06	raytracer-p	-O2	314.6
2026-07-28T11:19:28Z	borg	7a9c1df46c06	raytracer-p	-O3	264.4
2026-07-28T11:19:28Z	borg	7a9c1df46c06	raytracer-p	fpc	31.8
2026-07-28T11:19:28Z	borg	7a9c1df46c06	sieve	-O0	114.0
2026-07-28T11:19:28Z	borg	7a9c1df46c06	sieve	-O2	63.9
2026-07-28T11:19:28Z	borg	7a9c1df46c06	sieve	-O3	64.1
2026-07-28T11:19:28Z	borg	7a9c1df46c06	sieve	fpc	31.9
2026-07-28T11:19:28Z	borg	7a9c1df46c06	nbody	-O0	615.1
2026-07-28T11:19:28Z	borg	7a9c1df46c06	nbody	-O2	565.2
2026-07-28T11:19:28Z	borg	7a9c1df46c06	nbody	-O3	364.5
2026-07-28T11:19:28Z	borg	7a9c1df46c06	nbody	fpc	63.9
2026-07-28T11:19:28Z	borg	7a9c1df46c06	fib	-O0	264.4
2026-07-28T11:19:28Z	borg	7a9c1df46c06	fib	-O2	164.4
2026-07-28T11:19:28Z	borg	7a9c1df46c06	fib	-O3	114.0
2026-07-28T11:19:28Z	borg	7a9c1df46c06	fib	fpc	115.2
2026-07-28T11:19:28Z	borg	7a9c1df46c06	selfcompile	-O0	6478.2
2026-07-28T11:19:28Z	borg	7a9c1df46c06	selfcompile	-O2	5125.6
2026-07-28T11:19:28Z	borg	7a9c1df46c06	selfcompile	-O3	5125.7
2026-07-28T11:35:25Z	borg	38f5e436dacf	mandelbrot	-O0	1366.6
2026-07-28T11:35:25Z	borg	38f5e436dacf	mandelbrot	-O2	1366.4
2026-07-28T11:35:25Z	borg	38f5e436dacf	mandelbrot	-O3	715.2
2026-07-28T11:35:25Z	borg	38f5e436dacf	mandelbrot-p	-O0	1416.7
2026-07-28T11:35:25Z	borg	38f5e436dacf	mandelbrot-p	-O2	1366.0
2026-07-28T11:35:25Z	borg	38f5e436dacf	mandelbrot-p	-O3	765.4
2026-07-28T11:35:25Z	borg	38f5e436dacf	mandelbrot-p	fpc	364.4
2026-07-28T11:35:25Z	borg	38f5e436dacf	raytracer	-O0	12189.1
2026-07-28T11:35:25Z	borg	38f5e436dacf	raytracer	-O2	6629.0
2026-07-28T11:35:25Z	borg	38f5e436dacf	raytracer	-O3	5475.8
2026-07-28T11:35:25Z	borg	38f5e436dacf	raytracer-p	-O0	415.0
2026-07-28T11:35:25Z	borg	38f5e436dacf	raytracer-p	-O2	314.7
2026-07-28T11:35:25Z	borg	38f5e436dacf	raytracer-p	-O3	264.5
2026-07-28T11:35:25Z	borg	38f5e436dacf	raytracer-p	fpc	31.9
2026-07-28T11:35:25Z	borg	38f5e436dacf	sieve	-O0	114.1
2026-07-28T11:35:25Z	borg	38f5e436dacf	sieve	-O2	114.0
2026-07-28T11:35:25Z	borg	38f5e436dacf	sieve	-O3	64.0
2026-07-28T11:35:25Z	borg	38f5e436dacf	sieve	fpc	31.9
2026-07-28T11:35:25Z	borg	38f5e436dacf	nbody	-O0	665.2
2026-07-28T11:35:25Z	borg	38f5e436dacf	nbody	-O2	565.0
2026-07-28T11:35:25Z	borg	38f5e436dacf	nbody	-O3	364.5
2026-07-28T11:35:25Z	borg	38f5e436dacf	nbody	fpc	64.0
2026-07-28T11:35:25Z	borg	38f5e436dacf	fib	-O0	264.7
2026-07-28T11:35:25Z	borg	38f5e436dacf	fib	-O2	164.3
2026-07-28T11:35:25Z	borg	38f5e436dacf	fib	-O3	114.0
2026-07-28T11:35:25Z	borg	38f5e436dacf	fib	fpc	114.0
2026-07-28T11:35:25Z	borg	38f5e436dacf	selfcompile	-O0	6578.1
2026-07-28T11:35:25Z	borg	38f5e436dacf	selfcompile	-O2	5225.0
2026-07-28T11:35:25Z	borg	38f5e436dacf	selfcompile	-O3	5175.7
2026-07-28T11:52:41Z	borg	c43d4ec4baf0	mandelbrot	-O0	1316.1
2026-07-28T11:52:41Z	borg	c43d4ec4baf0	mandelbrot	-O2	1316.8
2026-07-28T11:52:41Z	borg	c43d4ec4baf0	mandelbrot	-O3	665.3
2026-07-28T11:52:41Z	borg	c43d4ec4baf0	mandelbrot-p	-O0	1317.0
2026-07-28T11:52:41Z	borg	c43d4ec4baf0	mandelbrot-p	-O2	1316.5
2026-07-28T11:52:41Z	borg	c43d4ec4baf0	mandelbrot-p	-O3	615.0
2026-07-28T11:52:41Z	borg	c43d4ec4baf0	mandelbrot-p	fpc	314.5
2026-07-28T11:52:41Z	borg	c43d4ec4baf0	raytracer	-O0	11339.0
2026-07-28T11:52:41Z	borg	c43d4ec4baf0	raytracer	-O2	6728.0
2026-07-28T11:52:41Z	borg	c43d4ec4baf0	raytracer	-O3	5475.6
2026-07-28T11:52:41Z	borg	c43d4ec4baf0	raytracer-p	-O0	314.5
2026-07-28T11:52:41Z	borg	c43d4ec4baf0	raytracer-p	-O2	314.3
2026-07-28T11:52:41Z	borg	c43d4ec4baf0	raytracer-p	-O3	314.3
2026-07-28T11:52:41Z	borg	c43d4ec4baf0	raytracer-p	fpc	31.7
2026-07-28T11:52:41Z	borg	c43d4ec4baf0	sieve	-O0	114.0
2026-07-28T11:52:41Z	borg	c43d4ec4baf0	sieve	-O2	114.0
2026-07-28T11:52:41Z	borg	c43d4ec4baf0	sieve	-O3	114.1
2026-07-28T11:52:41Z	borg	c43d4ec4baf0	sieve	fpc	31.9
2026-07-28T11:52:41Z	borg	c43d4ec4baf0	nbody	-O0	615.1
2026-07-28T11:52:41Z	borg	c43d4ec4baf0	nbody	-O2	565.0
2026-07-28T11:52:41Z	borg	c43d4ec4baf0	nbody	-O3	364.8
2026-07-28T11:52:41Z	borg	c43d4ec4baf0	nbody	fpc	64.0
2026-07-28T11:52:41Z	borg	c43d4ec4baf0	fib	-O0	264.4
2026-07-28T11:52:41Z	borg	c43d4ec4baf0	fib	-O2	164.5
2026-07-28T11:52:41Z	borg	c43d4ec4baf0	fib	-O3	114.1
2026-07-28T11:52:41Z	borg	c43d4ec4baf0	fib	fpc	114.1
2026-07-28T11:52:41Z	borg	c43d4ec4baf0	selfcompile	-O0	6478.1
2026-07-28T11:52:41Z	borg	c43d4ec4baf0	selfcompile	-O2	5223.2
2026-07-28T11:52:41Z	borg	c43d4ec4baf0	selfcompile	-O3	5224.7
2026-07-28T12:22:02Z	borg	014a9bcbaadf	mandelbrot	-O0	1466.8
2026-07-28T12:22:02Z	borg	014a9bcbaadf	mandelbrot	-O2	1416.6
2026-07-28T12:22:02Z	borg	014a9bcbaadf	mandelbrot	-O3	715.3
2026-07-28T12:22:02Z	borg	014a9bcbaadf	mandelbrot-p	-O0	1466.9
2026-07-28T12:22:02Z	borg	014a9bcbaadf	mandelbrot-p	-O2	1466.7
2026-07-28T12:22:02Z	borg	014a9bcbaadf	mandelbrot-p	-O3	665.1
2026-07-28T12:22:02Z	borg	014a9bcbaadf	mandelbrot-p	fpc	364.5
2026-07-28T12:22:02Z	borg	014a9bcbaadf	raytracer	-O0	12891.8
2026-07-28T12:22:02Z	borg	014a9bcbaadf	raytracer	-O2	7231.2
2026-07-28T12:22:02Z	borg	014a9bcbaadf	raytracer	-O3	6025.7
2026-07-28T12:22:02Z	borg	014a9bcbaadf	raytracer-p	-O0	364.7
2026-07-28T12:22:02Z	borg	014a9bcbaadf	raytracer-p	-O2	414.8
2026-07-28T12:22:02Z	borg	014a9bcbaadf	raytracer-p	-O3	315.4
2026-07-28T12:22:02Z	borg	014a9bcbaadf	raytracer-p	fpc	31.8
2026-07-28T12:22:02Z	borg	014a9bcbaadf	sieve	-O0	114.0
2026-07-28T12:22:02Z	borg	014a9bcbaadf	sieve	-O2	64.2
2026-07-28T12:22:02Z	borg	014a9bcbaadf	sieve	-O3	115.3
2026-07-28T12:22:02Z	borg	014a9bcbaadf	sieve	fpc	31.9
2026-07-28T12:22:02Z	borg	014a9bcbaadf	nbody	-O0	665.3
2026-07-28T12:22:02Z	borg	014a9bcbaadf	nbody	-O2	615.1
2026-07-28T12:22:02Z	borg	014a9bcbaadf	nbody	-O3	364.5
2026-07-28T12:22:02Z	borg	014a9bcbaadf	nbody	fpc	114.0
2026-07-28T12:22:02Z	borg	014a9bcbaadf	fib	-O0	265.5
2026-07-28T12:22:02Z	borg	014a9bcbaadf	fib	-O2	164.2
2026-07-28T12:22:02Z	borg	014a9bcbaadf	fib	-O3	114.0
2026-07-28T12:22:02Z	borg	014a9bcbaadf	fib	fpc	114.2
2026-07-28T12:22:02Z	borg	014a9bcbaadf	selfcompile	-O0	7530.6
2026-07-28T12:22:02Z	borg	014a9bcbaadf	selfcompile	-O2	5975.8
2026-07-28T12:22:02Z	borg	014a9bcbaadf	selfcompile	-O3	5826.3
2026-07-28T12:51:24Z	borg	d5b2bd02c692	mandelbrot	-O0	1416.8
2026-07-28T12:51:24Z	borg	d5b2bd02c692	mandelbrot	-O2	1416.6
2026-07-28T12:51:24Z	borg	d5b2bd02c692	mandelbrot	-O3	715.4
2026-07-28T12:51:24Z	borg	d5b2bd02c692	mandelbrot-p	-O0	1417.0
2026-07-28T12:51:24Z	borg	d5b2bd02c692	mandelbrot-p	-O2	1416.8
2026-07-28T12:51:24Z	borg	d5b2bd02c692	mandelbrot-p	-O3	665.0
2026-07-28T12:51:24Z	borg	d5b2bd02c692	mandelbrot-p	fpc	364.7
2026-07-28T12:51:24Z	borg	d5b2bd02c692	raytracer	-O0	12590.5
2026-07-28T12:51:24Z	borg	d5b2bd02c692	raytracer	-O2	7479.7
2026-07-28T12:51:24Z	borg	d5b2bd02c692	raytracer	-O3	6227.0
2026-07-28T12:51:24Z	borg	d5b2bd02c692	raytracer-p	-O0	364.4
2026-07-28T12:51:24Z	borg	d5b2bd02c692	raytracer-p	-O2	364.6
2026-07-28T12:51:24Z	borg	d5b2bd02c692	raytracer-p	-O3	314.5
2026-07-28T12:51:24Z	borg	d5b2bd02c692	raytracer-p	fpc	31.7
2026-07-28T12:51:24Z	borg	d5b2bd02c692	sieve	-O0	114.0
2026-07-28T12:51:24Z	borg	d5b2bd02c692	sieve	-O2	114.1
2026-07-28T12:51:24Z	borg	d5b2bd02c692	sieve	-O3	114.1
2026-07-28T12:51:24Z	borg	d5b2bd02c692	sieve	fpc	31.7
2026-07-28T12:51:24Z	borg	d5b2bd02c692	nbody	-O0	665.1
2026-07-28T12:51:24Z	borg	d5b2bd02c692	nbody	-O2	615.1
2026-07-28T12:51:24Z	borg	d5b2bd02c692	nbody	-O3	364.5
2026-07-28T12:51:24Z	borg	d5b2bd02c692	nbody	fpc	114.1
2026-07-28T12:51:24Z	borg	d5b2bd02c692	fib	-O0	264.3
2026-07-28T12:51:24Z	borg	d5b2bd02c692	fib	-O2	164.2
2026-07-28T12:51:24Z	borg	d5b2bd02c692	fib	-O3	114.1
2026-07-28T12:51:24Z	borg	d5b2bd02c692	fib	fpc	114.0
2026-07-28T12:51:24Z	borg	d5b2bd02c692	selfcompile	-O0	6929.1
2026-07-28T12:51:24Z	borg	d5b2bd02c692	selfcompile	-O2	5976.3
2026-07-28T12:51:24Z	borg	d5b2bd02c692	selfcompile	-O3	5925.7
2026-07-28T13:15:18Z	borg	4e785ba47b1e	mandelbrot	-O0	1416.5
2026-07-28T13:15:18Z	borg	4e785ba47b1e	mandelbrot	-O2	1416.7
2026-07-28T13:15:18Z	borg	4e785ba47b1e	mandelbrot	-O3	815.5
2026-07-28T13:15:18Z	borg	4e785ba47b1e	mandelbrot-p	-O0	1417.4
2026-07-28T13:15:18Z	borg	4e785ba47b1e	mandelbrot-p	-O2	1416.8
2026-07-28T13:15:18Z	borg	4e785ba47b1e	mandelbrot-p	-O3	664.9
2026-07-28T13:15:18Z	borg	4e785ba47b1e	mandelbrot-p	fpc	364.7
2026-07-28T13:15:18Z	borg	4e785ba47b1e	raytracer	-O0	12990.9
2026-07-28T13:15:18Z	borg	4e785ba47b1e	raytracer	-O2	7528.7
2026-07-28T13:15:18Z	borg	4e785ba47b1e	raytracer	-O3	6127.2
2026-07-28T13:15:18Z	borg	4e785ba47b1e	raytracer-p	-O0	414.7
2026-07-28T13:15:18Z	borg	4e785ba47b1e	raytracer-p	-O2	364.6
2026-07-28T13:15:18Z	borg	4e785ba47b1e	raytracer-p	-O3	314.5
2026-07-28T13:15:18Z	borg	4e785ba47b1e	raytracer-p	fpc	63.9
2026-07-28T13:15:18Z	borg	4e785ba47b1e	sieve	-O0	114.2
2026-07-28T13:15:18Z	borg	4e785ba47b1e	sieve	-O2	114.0
2026-07-28T13:15:18Z	borg	4e785ba47b1e	sieve	-O3	114.0
2026-07-28T13:15:18Z	borg	4e785ba47b1e	sieve	fpc	63.8
2026-07-28T13:15:18Z	borg	4e785ba47b1e	nbody	-O0	665.1
2026-07-28T13:15:18Z	borg	4e785ba47b1e	nbody	-O2	665.9
2026-07-28T13:15:18Z	borg	4e785ba47b1e	nbody	-O3	414.5
2026-07-28T13:15:18Z	borg	4e785ba47b1e	nbody	fpc	114.0
2026-07-28T13:15:18Z	borg	4e785ba47b1e	fib	-O0	264.3
2026-07-28T13:15:18Z	borg	4e785ba47b1e	fib	-O2	214.2
2026-07-28T13:15:18Z	borg	4e785ba47b1e	fib	-O3	114.1
2026-07-28T13:15:18Z	borg	4e785ba47b1e	fib	fpc	114.0
2026-07-28T13:15:18Z	borg	4e785ba47b1e	selfcompile	-O0	7329.4
2026-07-28T13:15:18Z	borg	4e785ba47b1e	selfcompile	-O2	5926.5
2026-07-28T13:15:18Z	borg	4e785ba47b1e	selfcompile	-O3	5726.3
2026-07-28T13:34:03Z	borg	f5e334bab604	mandelbrot	-O0	1466.7
2026-07-28T13:34:03Z	borg	f5e334bab604	mandelbrot	-O2	1467.0
2026-07-28T13:34:03Z	borg	f5e334bab604	mandelbrot	-O3	715.3
2026-07-28T13:34:03Z	borg	f5e334bab604	mandelbrot-p	-O0	1466.6
2026-07-28T13:34:03Z	borg	f5e334bab604	mandelbrot-p	-O2	1466.6
2026-07-28T13:34:03Z	borg	f5e334bab604	mandelbrot-p	-O3	665.1
2026-07-28T13:34:03Z	borg	f5e334bab604	mandelbrot-p	fpc	364.5
2026-07-28T13:34:03Z	borg	f5e334bab604	raytracer	-O0	14192.7
2026-07-28T13:34:03Z	borg	f5e334bab604	raytracer	-O2	7930.4
2026-07-28T13:34:03Z	borg	f5e334bab604	raytracer	-O3	6377.5
2026-07-28T13:34:03Z	borg	f5e334bab604	raytracer-p	-O0	364.6
2026-07-28T13:34:03Z	borg	f5e334bab604	raytracer-p	-O2	464.9
2026-07-28T13:34:03Z	borg	f5e334bab604	raytracer-p	-O3	314.4
2026-07-28T13:34:03Z	borg	f5e334bab604	raytracer-p	fpc	63.9
2026-07-28T13:34:03Z	borg	f5e334bab604	sieve	-O0	114.1
2026-07-28T13:34:03Z	borg	f5e334bab604	sieve	-O2	114.1
2026-07-28T13:34:03Z	borg	f5e334bab604	sieve	-O3	114.0
2026-07-28T13:34:03Z	borg	f5e334bab604	sieve	fpc	63.8
2026-07-28T13:34:03Z	borg	f5e334bab604	nbody	-O0	664.9
2026-07-28T13:34:03Z	borg	f5e334bab604	nbody	-O2	615.2
2026-07-28T13:34:03Z	borg	f5e334bab604	nbody	-O3	364.5
2026-07-28T13:34:03Z	borg	f5e334bab604	nbody	fpc	114.0
2026-07-28T13:34:03Z	borg	f5e334bab604	fib	-O0	314.5
2026-07-28T13:34:03Z	borg	f5e334bab604	fib	-O2	215.0
2026-07-28T13:34:03Z	borg	f5e334bab604	fib	-O3	114.1
2026-07-28T13:34:03Z	borg	f5e334bab604	fib	fpc	114.0
2026-07-28T13:34:03Z	borg	f5e334bab604	selfcompile	-O0	7879.5
2026-07-28T13:34:03Z	borg	f5e334bab604	selfcompile	-O2	6177.9
2026-07-28T13:34:03Z	borg	f5e334bab604	selfcompile	-O3	6827.3
2026-07-28T13:52:18Z	borg	6150fd4ac13d	mandelbrot	-O0	1417.0
2026-07-28T13:52:18Z	borg	6150fd4ac13d	mandelbrot	-O2	1366.9
2026-07-28T13:52:18Z	borg	6150fd4ac13d	mandelbrot	-O3	715.5
2026-07-28T13:52:18Z	borg	6150fd4ac13d	mandelbrot-p	-O0	1416.9
2026-07-28T13:52:18Z	borg	6150fd4ac13d	mandelbrot-p	-O2	1366.7
2026-07-28T13:52:18Z	borg	6150fd4ac13d	mandelbrot-p	-O3	665.1
2026-07-28T13:52:18Z	borg	6150fd4ac13d	mandelbrot-p	fpc	365.6
2026-07-28T13:52:18Z	borg	6150fd4ac13d	raytracer	-O0	11938.7
2026-07-28T13:52:18Z	borg	6150fd4ac13d	raytracer	-O2	7029.2
2026-07-28T13:52:18Z	borg	6150fd4ac13d	raytracer	-O3	5976.3
2026-07-28T13:52:18Z	borg	6150fd4ac13d	raytracer-p	-O0	364.6
2026-07-28T13:52:18Z	borg	6150fd4ac13d	raytracer-p	-O2	364.6
2026-07-28T13:52:18Z	borg	6150fd4ac13d	raytracer-p	-O3	314.4
2026-07-28T13:52:18Z	borg	6150fd4ac13d	raytracer-p	fpc	65.1
2026-07-28T13:52:18Z	borg	6150fd4ac13d	sieve	-O0	114.0
2026-07-28T13:52:18Z	borg	6150fd4ac13d	sieve	-O2	64.0
2026-07-28T13:52:18Z	borg	6150fd4ac13d	sieve	-O3	113.9
2026-07-28T13:52:18Z	borg	6150fd4ac13d	sieve	fpc	31.9
2026-07-28T13:52:18Z	borg	6150fd4ac13d	nbody	-O0	665.0
2026-07-28T13:52:18Z	borg	6150fd4ac13d	nbody	-O2	615.1
2026-07-28T13:52:18Z	borg	6150fd4ac13d	nbody	-O3	364.7
2026-07-28T13:52:18Z	borg	6150fd4ac13d	nbody	fpc	64.0
2026-07-28T13:52:18Z	borg	6150fd4ac13d	fib	-O0	264.4
2026-07-28T13:52:18Z	borg	6150fd4ac13d	fib	-O2	164.1
2026-07-28T13:52:18Z	borg	6150fd4ac13d	fib	-O3	114.0
2026-07-28T13:52:18Z	borg	6150fd4ac13d	fib	fpc	114.0
2026-07-28T13:52:18Z	borg	6150fd4ac13d	selfcompile	-O0	7379.5
2026-07-28T13:52:18Z	borg	6150fd4ac13d	selfcompile	-O2	5725.9
2026-07-28T13:52:18Z	borg	6150fd4ac13d	selfcompile	-O3	5876.8
2026-07-28T14:14:38Z	borg	ebc63e8eafdc	mandelbrot	-O0	1417.1
2026-07-28T14:14:38Z	borg	ebc63e8eafdc	mandelbrot	-O2	1416.8
2026-07-28T14:14:38Z	borg	ebc63e8eafdc	mandelbrot	-O3	715.3
2026-07-28T14:14:38Z	borg	ebc63e8eafdc	mandelbrot-p	-O0	1416.3
2026-07-28T14:14:38Z	borg	ebc63e8eafdc	mandelbrot-p	-O2	1416.8
2026-07-28T14:14:38Z	borg	ebc63e8eafdc	mandelbrot-p	-O3	665.3
2026-07-28T14:14:38Z	borg	ebc63e8eafdc	mandelbrot-p	fpc	364.4
2026-07-28T14:14:38Z	borg	ebc63e8eafdc	raytracer	-O0	12339.2
2026-07-28T14:14:38Z	borg	ebc63e8eafdc	raytracer	-O2	7228.3
2026-07-28T14:14:38Z	borg	ebc63e8eafdc	raytracer	-O3	5975.6
2026-07-28T14:14:38Z	borg	ebc63e8eafdc	raytracer-p	-O0	364.8
2026-07-28T14:14:38Z	borg	ebc63e8eafdc	raytracer-p	-O2	364.5
2026-07-28T14:14:38Z	borg	ebc63e8eafdc	raytracer-p	-O3	314.4
2026-07-28T14:14:38Z	borg	ebc63e8eafdc	raytracer-p	fpc	31.8
2026-07-28T14:14:38Z	borg	ebc63e8eafdc	sieve	-O0	114.0
2026-07-28T14:14:38Z	borg	ebc63e8eafdc	sieve	-O2	114.1
2026-07-28T14:14:38Z	borg	ebc63e8eafdc	sieve	-O3	114.1
2026-07-28T14:14:38Z	borg	ebc63e8eafdc	sieve	fpc	31.8
2026-07-28T14:14:38Z	borg	ebc63e8eafdc	nbody	-O0	665.2
2026-07-28T14:14:38Z	borg	ebc63e8eafdc	nbody	-O2	615.0
2026-07-28T14:14:38Z	borg	ebc63e8eafdc	nbody	-O3	364.6
2026-07-28T14:14:38Z	borg	ebc63e8eafdc	nbody	fpc	114.1
2026-07-28T14:14:38Z	borg	ebc63e8eafdc	fib	-O0	264.2
2026-07-28T14:14:38Z	borg	ebc63e8eafdc	fib	-O2	164.1
2026-07-28T14:14:38Z	borg	ebc63e8eafdc	fib	-O3	114.1
2026-07-28T14:14:38Z	borg	ebc63e8eafdc	fib	fpc	114.1
2026-07-28T14:14:38Z	borg	ebc63e8eafdc	selfcompile	-O0	7580.7
2026-07-28T14:14:38Z	borg	ebc63e8eafdc	selfcompile	-O2	5675.5
2026-07-28T14:14:38Z	borg	ebc63e8eafdc	selfcompile	-O3	5625.5
2026-07-28T14:39:13Z	borg	d64a5d6a97b4	mandelbrot	-O0	1416.6
2026-07-28T14:39:13Z	borg	d64a5d6a97b4	mandelbrot	-O2	1416.6
2026-07-28T14:39:13Z	borg	d64a5d6a97b4	mandelbrot	-O3	715.2
2026-07-28T14:39:13Z	borg	d64a5d6a97b4	mandelbrot-p	-O0	1516.8
2026-07-28T14:39:13Z	borg	d64a5d6a97b4	mandelbrot-p	-O2	1466.7
2026-07-28T14:39:13Z	borg	d64a5d6a97b4	mandelbrot-p	-O3	715.1
2026-07-28T14:39:13Z	borg	d64a5d6a97b4	mandelbrot-p	fpc	364.5
2026-07-28T14:39:13Z	borg	d64a5d6a97b4	raytracer	-O0	12592.4
2026-07-28T14:39:13Z	borg	d64a5d6a97b4	raytracer	-O2	7078.6
2026-07-28T14:39:13Z	borg	d64a5d6a97b4	raytracer	-O3	5875.8
2026-07-28T14:39:13Z	borg	d64a5d6a97b4	raytracer-p	-O0	364.7
2026-07-28T14:39:13Z	borg	d64a5d6a97b4	raytracer-p	-O2	414.8
2026-07-28T14:39:13Z	borg	d64a5d6a97b4	raytracer-p	-O3	314.5
2026-07-28T14:39:13Z	borg	d64a5d6a97b4	raytracer-p	fpc	31.8
2026-07-28T14:39:13Z	borg	d64a5d6a97b4	sieve	-O0	113.9
2026-07-28T14:39:13Z	borg	d64a5d6a97b4	sieve	-O2	114.0
2026-07-28T14:39:13Z	borg	d64a5d6a97b4	sieve	-O3	114.0
2026-07-28T14:39:13Z	borg	d64a5d6a97b4	sieve	fpc	31.8
2026-07-28T14:39:13Z	borg	d64a5d6a97b4	nbody	-O0	665.1
2026-07-28T14:39:13Z	borg	d64a5d6a97b4	nbody	-O2	615.2
2026-07-28T14:39:13Z	borg	d64a5d6a97b4	nbody	-O3	364.5
2026-07-28T14:39:13Z	borg	d64a5d6a97b4	nbody	fpc	114.0
2026-07-28T14:39:13Z	borg	d64a5d6a97b4	fib	-O0	265.1
2026-07-28T14:39:13Z	borg	d64a5d6a97b4	fib	-O2	214.3
2026-07-28T14:39:13Z	borg	d64a5d6a97b4	fib	-O3	114.1
2026-07-28T14:39:13Z	borg	d64a5d6a97b4	fib	fpc	114.1
2026-07-28T14:39:13Z	borg	d64a5d6a97b4	selfcompile	-O0	7480.2
2026-07-28T14:39:13Z	borg	d64a5d6a97b4	selfcompile	-O2	6276.4
2026-07-28T14:39:13Z	borg	d64a5d6a97b4	selfcompile	-O3	6076.3
2026-07-28T15:06:06Z	borg	6bb593298d12	mandelbrot	-O0	1466.6
2026-07-28T15:06:06Z	borg	6bb593298d12	mandelbrot	-O2	1416.9
2026-07-28T15:06:06Z	borg	6bb593298d12	mandelbrot	-O3	715.2
2026-07-28T15:06:06Z	borg	6bb593298d12	mandelbrot-p	-O0	1416.7
2026-07-28T15:06:06Z	borg	6bb593298d12	mandelbrot-p	-O2	1366.5
2026-07-28T15:06:06Z	borg	6bb593298d12	mandelbrot-p	-O3	664.9
2026-07-28T15:06:06Z	borg	6bb593298d12	mandelbrot-p	fpc	364.6
2026-07-28T15:06:06Z	borg	6bb593298d12	raytracer	-O0	12689.4
2026-07-28T15:06:06Z	borg	6bb593298d12	raytracer	-O2	7128.5
2026-07-28T15:06:06Z	borg	6bb593298d12	raytracer	-O3	5975.9
2026-07-28T15:06:06Z	borg	6bb593298d12	raytracer-p	-O0	364.7
2026-07-28T15:06:06Z	borg	6bb593298d12	raytracer-p	-O2	364.5
2026-07-28T15:06:06Z	borg	6bb593298d12	raytracer-p	-O3	315.5
2026-07-28T15:06:06Z	borg	6bb593298d12	raytracer-p	fpc	31.9
2026-07-28T15:06:06Z	borg	6bb593298d12	sieve	-O0	114.0
2026-07-28T15:06:06Z	borg	6bb593298d12	sieve	-O2	114.0
2026-07-28T15:06:06Z	borg	6bb593298d12	sieve	-O3	114.0
2026-07-28T15:06:06Z	borg	6bb593298d12	sieve	fpc	65.1
2026-07-28T15:06:06Z	borg	6bb593298d12	nbody	-O0	665.1
2026-07-28T15:06:06Z	borg	6bb593298d12	nbody	-O2	615.0
2026-07-28T15:06:06Z	borg	6bb593298d12	nbody	-O3	364.6
2026-07-28T15:06:06Z	borg	6bb593298d12	nbody	fpc	114.0
2026-07-28T15:06:06Z	borg	6bb593298d12	fib	-O0	264.3
2026-07-28T15:06:06Z	borg	6bb593298d12	fib	-O2	164.1
2026-07-28T15:06:06Z	borg	6bb593298d12	fib	-O3	114.1
2026-07-28T15:06:06Z	borg	6bb593298d12	fib	fpc	114.0
2026-07-28T15:06:06Z	borg	6bb593298d12	selfcompile	-O0	7178.8
2026-07-28T15:06:06Z	borg	6bb593298d12	selfcompile	-O2	5826.0
2026-07-28T15:06:06Z	borg	6bb593298d12	selfcompile	-O3	5825.5
2026-07-28T18:14:32Z	borg	89e07d3cfa98	mandelbrot	-O0	1466.9
2026-07-28T18:14:32Z	borg	89e07d3cfa98	mandelbrot	-O2	1516.7
2026-07-28T18:14:32Z	borg	89e07d3cfa98	mandelbrot	-O3	715.2
2026-07-28T18:14:32Z	borg	89e07d3cfa98	mandelbrot-p	-O0	1466.4
2026-07-28T18:14:32Z	borg	89e07d3cfa98	mandelbrot-p	-O2	1466.9
2026-07-28T18:14:32Z	borg	89e07d3cfa98	mandelbrot-p	-O3	665.2
2026-07-28T18:14:32Z	borg	89e07d3cfa98	mandelbrot-p	fpc	364.4
2026-07-28T18:14:32Z	borg	89e07d3cfa98	raytracer	-O0	13542.2
2026-07-28T18:14:32Z	borg	89e07d3cfa98	raytracer	-O2	7279.5
2026-07-28T18:14:32Z	borg	89e07d3cfa98	raytracer	-O3	5875.5
2026-07-28T18:14:32Z	borg	89e07d3cfa98	raytracer-p	-O0	364.4
2026-07-28T18:14:32Z	borg	89e07d3cfa98	raytracer-p	-O2	364.4
2026-07-28T18:14:32Z	borg	89e07d3cfa98	raytracer-p	-O3	314.4
2026-07-28T18:14:32Z	borg	89e07d3cfa98	raytracer-p	fpc	31.8
2026-07-28T18:14:32Z	borg	89e07d3cfa98	sieve	-O0	113.9
2026-07-28T18:14:32Z	borg	89e07d3cfa98	sieve	-O2	113.9
2026-07-28T18:14:32Z	borg	89e07d3cfa98	sieve	-O3	114.0
2026-07-28T18:14:32Z	borg	89e07d3cfa98	sieve	fpc	63.9
2026-07-28T18:14:32Z	borg	89e07d3cfa98	nbody	-O0	665.3
2026-07-28T18:14:32Z	borg	89e07d3cfa98	nbody	-O2	615.0
2026-07-28T18:14:32Z	borg	89e07d3cfa98	nbody	-O3	364.5
2026-07-28T18:14:32Z	borg	89e07d3cfa98	nbody	fpc	64.0
2026-07-28T18:14:32Z	borg	89e07d3cfa98	fib	-O0	264.6
2026-07-28T18:14:32Z	borg	89e07d3cfa98	fib	-O2	164.1
2026-07-28T18:14:32Z	borg	89e07d3cfa98	fib	-O3	114.0
2026-07-28T18:14:32Z	borg	89e07d3cfa98	fib	fpc	114.2
2026-07-28T18:14:32Z	borg	89e07d3cfa98	selfcompile	-O0	6978.0
2026-07-28T18:14:32Z	borg	89e07d3cfa98	selfcompile	-O2	5925.9
2026-07-28T18:14:32Z	borg	89e07d3cfa98	selfcompile	-O3	5776.8
2026-07-28T18:33:58Z	borg	2a89c40b8068	mandelbrot	-O0	1417.0
2026-07-28T18:33:58Z	borg	2a89c40b8068	mandelbrot	-O2	1416.8
2026-07-28T18:33:58Z	borg	2a89c40b8068	mandelbrot	-O3	715.3
2026-07-28T18:33:58Z	borg	2a89c40b8068	mandelbrot-p	-O0	1416.6
2026-07-28T18:33:58Z	borg	2a89c40b8068	mandelbrot-p	-O2	1366.1
2026-07-28T18:33:58Z	borg	2a89c40b8068	mandelbrot-p	-O3	664.9
2026-07-28T18:33:58Z	borg	2a89c40b8068	mandelbrot-p	fpc	364.6
2026-07-28T18:33:58Z	borg	2a89c40b8068	raytracer	-O0	12540.1
2026-07-28T18:33:58Z	borg	2a89c40b8068	raytracer	-O2	7579.2
2026-07-28T18:33:58Z	borg	2a89c40b8068	raytracer	-O3	5825.7
2026-07-28T18:33:58Z	borg	2a89c40b8068	raytracer-p	-O0	414.6
2026-07-28T18:33:58Z	borg	2a89c40b8068	raytracer-p	-O2	364.5
2026-07-28T18:33:58Z	borg	2a89c40b8068	raytracer-p	-O3	315.9
2026-07-28T18:33:58Z	borg	2a89c40b8068	raytracer-p	fpc	31.7
2026-07-28T18:33:58Z	borg	2a89c40b8068	sieve	-O0	114.1
2026-07-28T18:33:58Z	borg	2a89c40b8068	sieve	-O2	114.1
2026-07-28T18:33:58Z	borg	2a89c40b8068	sieve	-O3	114.0
2026-07-28T18:33:58Z	borg	2a89c40b8068	sieve	fpc	31.9
2026-07-28T18:33:58Z	borg	2a89c40b8068	nbody	-O0	665.0
2026-07-28T18:33:58Z	borg	2a89c40b8068	nbody	-O2	615.0
2026-07-28T18:33:58Z	borg	2a89c40b8068	nbody	-O3	364.5
2026-07-28T18:33:58Z	borg	2a89c40b8068	nbody	fpc	113.9
2026-07-28T18:33:58Z	borg	2a89c40b8068	fib	-O0	264.3
2026-07-28T18:33:58Z	borg	2a89c40b8068	fib	-O2	214.4
2026-07-28T18:33:58Z	borg	2a89c40b8068	fib	-O3	114.0
2026-07-28T18:33:58Z	borg	2a89c40b8068	fib	fpc	114.1
2026-07-28T18:33:58Z	borg	2a89c40b8068	selfcompile	-O0	7379.5
2026-07-28T18:33:58Z	borg	2a89c40b8068	selfcompile	-O2	5776.4
2026-07-28T18:33:58Z	borg	2a89c40b8068	selfcompile	-O3	5825.8
2026-07-28T19:23:14Z	borg	fbfb98192c89	mandelbrot	-O0	1416.7
2026-07-28T19:23:14Z	borg	fbfb98192c89	mandelbrot	-O2	1466.9
2026-07-28T19:23:14Z	borg	fbfb98192c89	mandelbrot	-O3	715.2
2026-07-28T19:23:14Z	borg	fbfb98192c89	mandelbrot-p	-O0	1416.4
2026-07-28T19:23:14Z	borg	fbfb98192c89	mandelbrot-p	-O2	1366.6
2026-07-28T19:23:14Z	borg	fbfb98192c89	mandelbrot-p	-O3	665.0
2026-07-28T19:23:14Z	borg	fbfb98192c89	mandelbrot-p	fpc	365.7
2026-07-28T19:23:14Z	borg	fbfb98192c89	raytracer	-O0	12841.2
2026-07-28T19:23:14Z	borg	fbfb98192c89	raytracer	-O2	7178.0
2026-07-28T19:23:14Z	borg	fbfb98192c89	raytracer	-O3	6025.6
2026-07-28T19:23:14Z	borg	fbfb98192c89	raytracer-p	-O0	364.6
2026-07-28T19:23:14Z	borg	fbfb98192c89	raytracer-p	-O2	364.5
2026-07-28T19:23:14Z	borg	fbfb98192c89	raytracer-p	-O3	315.8
2026-07-28T19:23:14Z	borg	fbfb98192c89	raytracer-p	fpc	32.0
2026-07-28T19:23:14Z	borg	fbfb98192c89	sieve	-O0	114.0
2026-07-28T19:23:14Z	borg	fbfb98192c89	sieve	-O2	114.0
2026-07-28T19:23:14Z	borg	fbfb98192c89	sieve	-O3	114.1
2026-07-28T19:23:14Z	borg	fbfb98192c89	sieve	fpc	63.9
2026-07-28T19:23:14Z	borg	fbfb98192c89	nbody	-O0	665.3
2026-07-28T19:23:14Z	borg	fbfb98192c89	nbody	-O2	615.0
2026-07-28T19:23:14Z	borg	fbfb98192c89	nbody	-O3	364.5
2026-07-28T19:23:14Z	borg	fbfb98192c89	nbody	fpc	115.3
2026-07-28T19:23:14Z	borg	fbfb98192c89	fib	-O0	264.3
2026-07-28T19:23:14Z	borg	fbfb98192c89	fib	-O2	164.2
2026-07-28T19:23:14Z	borg	fbfb98192c89	fib	-O3	114.0
2026-07-28T19:23:14Z	borg	fbfb98192c89	fib	fpc	114.6
2026-07-28T19:23:14Z	borg	fbfb98192c89	selfcompile	-O0	7429.0
2026-07-28T19:23:14Z	borg	fbfb98192c89	selfcompile	-O2	6127.5
2026-07-28T19:23:14Z	borg	fbfb98192c89	selfcompile	-O3	5625.5
2026-07-28T19:51:08Z	borg	f9fdca595d7d	mandelbrot	-O0	1416.7
2026-07-28T19:51:08Z	borg	f9fdca595d7d	mandelbrot	-O2	1366.5
2026-07-28T19:51:08Z	borg	f9fdca595d7d	mandelbrot	-O3	715.4
2026-07-28T19:51:08Z	borg	f9fdca595d7d	mandelbrot-p	-O0	1416.9
2026-07-28T19:51:08Z	borg	f9fdca595d7d	mandelbrot-p	-O2	1366.6
2026-07-28T19:51:08Z	borg	f9fdca595d7d	mandelbrot-p	-O3	665.1
2026-07-28T19:51:08Z	borg	f9fdca595d7d	mandelbrot-p	fpc	364.5
2026-07-28T19:51:08Z	borg	f9fdca595d7d	raytracer	-O0	12389.6
2026-07-28T19:51:08Z	borg	f9fdca595d7d	raytracer	-O2	6978.2
2026-07-28T19:51:08Z	borg	f9fdca595d7d	raytracer	-O3	5473.1
2026-07-28T19:51:08Z	borg	f9fdca595d7d	raytracer-p	-O0	314.6
2026-07-28T19:51:08Z	borg	f9fdca595d7d	raytracer-p	-O2	314.6
2026-07-28T19:51:08Z	borg	f9fdca595d7d	raytracer-p	-O3	264.4
2026-07-28T19:51:08Z	borg	f9fdca595d7d	raytracer-p	fpc	31.7
2026-07-28T19:51:08Z	borg	f9fdca595d7d	sieve	-O0	113.9
2026-07-28T19:51:08Z	borg	f9fdca595d7d	sieve	-O2	63.9
2026-07-28T19:51:08Z	borg	f9fdca595d7d	sieve	-O3	113.9
2026-07-28T19:51:08Z	borg	f9fdca595d7d	sieve	fpc	63.9
2026-07-28T19:51:08Z	borg	f9fdca595d7d	nbody	-O0	615.2
2026-07-28T19:51:08Z	borg	f9fdca595d7d	nbody	-O2	564.9
2026-07-28T19:51:08Z	borg	f9fdca595d7d	nbody	-O3	364.5
2026-07-28T19:51:08Z	borg	f9fdca595d7d	nbody	fpc	64.1
2026-07-28T19:51:08Z	borg	f9fdca595d7d	fib	-O0	264.3
2026-07-28T19:51:08Z	borg	f9fdca595d7d	fib	-O2	164.1
2026-07-28T19:51:08Z	borg	f9fdca595d7d	fib	-O3	114.0
2026-07-28T19:51:08Z	borg	f9fdca595d7d	fib	fpc	113.9
2026-07-28T19:51:08Z	borg	f9fdca595d7d	selfcompile	-O0	7128.4
2026-07-28T19:51:08Z	borg	f9fdca595d7d	selfcompile	-O2	5575.1
2026-07-28T19:51:08Z	borg	f9fdca595d7d	selfcompile	-O3	5926.5
2026-07-28T20:10:43Z	borg	5174d000e76f	mandelbrot	-O0	1466.6
2026-07-28T20:10:43Z	borg	5174d000e76f	mandelbrot	-O2	1466.7
2026-07-28T20:10:43Z	borg	5174d000e76f	mandelbrot	-O3	765.2
2026-07-28T20:10:43Z	borg	5174d000e76f	mandelbrot-p	-O0	1416.4
2026-07-28T20:10:43Z	borg	5174d000e76f	mandelbrot-p	-O2	1466.8
2026-07-28T20:10:43Z	borg	5174d000e76f	mandelbrot-p	-O3	765.3
2026-07-28T20:10:43Z	borg	5174d000e76f	mandelbrot-p	fpc	364.4
2026-07-28T20:10:43Z	borg	5174d000e76f	raytracer	-O0	13641.3
2026-07-28T20:10:43Z	borg	5174d000e76f	raytracer	-O2	7728.9
2026-07-28T20:10:43Z	borg	5174d000e76f	raytracer	-O3	6076.0
2026-07-28T20:10:43Z	borg	5174d000e76f	raytracer-p	-O0	364.5
2026-07-28T20:10:43Z	borg	5174d000e76f	raytracer-p	-O2	364.6
2026-07-28T20:10:43Z	borg	5174d000e76f	raytracer-p	-O3	314.3
2026-07-28T20:10:43Z	borg	5174d000e76f	raytracer-p	fpc	63.9
2026-07-28T20:10:43Z	borg	5174d000e76f	sieve	-O0	114.0
2026-07-28T20:10:43Z	borg	5174d000e76f	sieve	-O2	114.0
2026-07-28T20:10:43Z	borg	5174d000e76f	sieve	-O3	114.0
2026-07-28T20:10:43Z	borg	5174d000e76f	sieve	fpc	31.9
2026-07-28T20:10:43Z	borg	5174d000e76f	nbody	-O0	665.1
2026-07-28T20:10:43Z	borg	5174d000e76f	nbody	-O2	665.1
2026-07-28T20:10:43Z	borg	5174d000e76f	nbody	-O3	414.6
2026-07-28T20:10:43Z	borg	5174d000e76f	nbody	fpc	114.1
2026-07-28T20:10:43Z	borg	5174d000e76f	fib	-O0	314.5
2026-07-28T20:10:43Z	borg	5174d000e76f	fib	-O2	214.4
2026-07-28T20:10:43Z	borg	5174d000e76f	fib	-O3	114.0
2026-07-28T20:10:43Z	borg	5174d000e76f	fib	fpc	114.0
2026-07-28T20:10:43Z	borg	5174d000e76f	selfcompile	-O0	7834.3
2026-07-28T20:10:43Z	borg	5174d000e76f	selfcompile	-O2	6026.3
2026-07-28T20:10:43Z	borg	5174d000e76f	selfcompile	-O3	5828.2
2026-07-28T20:28:09Z	borg	471aecaa1287	mandelbrot	-O0	1517.6
2026-07-28T20:28:09Z	borg	471aecaa1287	mandelbrot	-O2	1416.8
2026-07-28T20:28:09Z	borg	471aecaa1287	mandelbrot	-O3	715.3
2026-07-28T20:28:09Z	borg	471aecaa1287	mandelbrot-p	-O0	1466.9
2026-07-28T20:28:09Z	borg	471aecaa1287	mandelbrot-p	-O2	1416.7
2026-07-28T20:28:09Z	borg	471aecaa1287	mandelbrot-p	-O3	665.1
2026-07-28T20:28:09Z	borg	471aecaa1287	mandelbrot-p	fpc	364.5
2026-07-28T20:28:09Z	borg	471aecaa1287	raytracer	-O0	13591.9
2026-07-28T20:28:09Z	borg	471aecaa1287	raytracer	-O2	7478.9
2026-07-28T20:28:09Z	borg	471aecaa1287	raytracer	-O3	6076.0
2026-07-28T20:28:09Z	borg	471aecaa1287	raytracer-p	-O0	364.6
2026-07-28T20:28:09Z	borg	471aecaa1287	raytracer-p	-O2	364.6
2026-07-28T20:28:09Z	borg	471aecaa1287	raytracer-p	-O3	314.5
2026-07-28T20:28:09Z	borg	471aecaa1287	raytracer-p	fpc	31.8
2026-07-28T20:28:09Z	borg	471aecaa1287	sieve	-O0	114.1
2026-07-28T20:28:09Z	borg	471aecaa1287	sieve	-O2	114.0
2026-07-28T20:28:09Z	borg	471aecaa1287	sieve	-O3	114.0
2026-07-28T20:28:09Z	borg	471aecaa1287	sieve	fpc	31.9
2026-07-28T20:28:09Z	borg	471aecaa1287	nbody	-O0	665.1
2026-07-28T20:28:09Z	borg	471aecaa1287	nbody	-O2	667.7
2026-07-28T20:28:09Z	borg	471aecaa1287	nbody	-O3	364.6
2026-07-28T20:28:09Z	borg	471aecaa1287	nbody	fpc	114.0
2026-07-28T20:28:09Z	borg	471aecaa1287	fib	-O0	264.4
2026-07-28T20:28:09Z	borg	471aecaa1287	fib	-O2	164.1
2026-07-28T20:28:09Z	borg	471aecaa1287	fib	-O3	114.0
2026-07-28T20:28:09Z	borg	471aecaa1287	fib	fpc	115.1
2026-07-28T20:28:09Z	borg	471aecaa1287	selfcompile	-O0	8280.6
2026-07-28T20:28:09Z	borg	471aecaa1287	selfcompile	-O2	6778.1
2026-07-28T20:28:09Z	borg	471aecaa1287	selfcompile	-O3	6130.4
2026-07-28T21:00:01Z	borg	76d3d8d9f8cc	mandelbrot	-O0	1316.6
2026-07-28T21:00:01Z	borg	76d3d8d9f8cc	mandelbrot	-O2	1366.2
2026-07-28T21:00:01Z	borg	76d3d8d9f8cc	mandelbrot	-O3	664.7
2026-07-28T21:00:01Z	borg	76d3d8d9f8cc	mandelbrot-p	-O0	1416.5
2026-07-28T21:00:01Z	borg	76d3d8d9f8cc	mandelbrot-p	-O2	1316.2
2026-07-28T21:00:01Z	borg	76d3d8d9f8cc	mandelbrot-p	-O3	615.1
2026-07-28T21:00:01Z	borg	76d3d8d9f8cc	mandelbrot-p	fpc	314.5
2026-07-28T21:00:01Z	borg	76d3d8d9f8cc	raytracer	-O0	11087.8
2026-07-28T21:00:01Z	borg	76d3d8d9f8cc	raytracer	-O2	6578.5
2026-07-28T21:00:01Z	borg	76d3d8d9f8cc	raytracer	-O3	5424.9
2026-07-28T21:00:01Z	borg	76d3d8d9f8cc	raytracer-p	-O0	314.6
2026-07-28T21:00:01Z	borg	76d3d8d9f8cc	raytracer-p	-O2	314.6
2026-07-28T21:00:01Z	borg	76d3d8d9f8cc	raytracer-p	-O3	264.3
2026-07-28T21:00:01Z	borg	76d3d8d9f8cc	raytracer-p	fpc	31.9
2026-07-28T21:00:01Z	borg	76d3d8d9f8cc	sieve	-O0	114.1
2026-07-28T21:00:01Z	borg	76d3d8d9f8cc	sieve	-O2	64.0
2026-07-28T21:00:01Z	borg	76d3d8d9f8cc	sieve	-O3	64.0
2026-07-28T21:00:01Z	borg	76d3d8d9f8cc	sieve	fpc	31.8
2026-07-28T21:00:01Z	borg	76d3d8d9f8cc	nbody	-O0	615.0
2026-07-28T21:00:01Z	borg	76d3d8d9f8cc	nbody	-O2	565.2
2026-07-28T21:00:01Z	borg	76d3d8d9f8cc	nbody	-O3	364.5
2026-07-28T21:00:01Z	borg	76d3d8d9f8cc	nbody	fpc	64.0
2026-07-28T21:00:01Z	borg	76d3d8d9f8cc	fib	-O0	264.4
2026-07-28T21:00:01Z	borg	76d3d8d9f8cc	fib	-O2	164.2
2026-07-28T21:00:01Z	borg	76d3d8d9f8cc	fib	-O3	114.1
2026-07-28T21:00:01Z	borg	76d3d8d9f8cc	fib	fpc	114.1
2026-07-28T21:00:01Z	borg	76d3d8d9f8cc	selfcompile	-O0	6577.8
2026-07-28T21:00:01Z	borg	76d3d8d9f8cc	selfcompile	-O2	5224.8
2026-07-28T21:00:01Z	borg	76d3d8d9f8cc	selfcompile	-O3	5275.5
2026-07-28T21:30:33Z	borg	287b1b34d446	mandelbrot	-O0	1366.6
2026-07-28T21:30:33Z	borg	287b1b34d446	mandelbrot	-O2	1366.7
2026-07-28T21:30:33Z	borg	287b1b34d446	mandelbrot	-O3	664.9
2026-07-28T21:30:33Z	borg	287b1b34d446	mandelbrot-p	-O0	1416.6
2026-07-28T21:30:33Z	borg	287b1b34d446	mandelbrot-p	-O2	1366.7
2026-07-28T21:30:33Z	borg	287b1b34d446	mandelbrot-p	-O3	665.0
2026-07-28T21:30:33Z	borg	287b1b34d446	mandelbrot-p	fpc	364.6
2026-07-28T21:30:33Z	borg	287b1b34d446	raytracer	-O0	12538.9
2026-07-28T21:30:33Z	borg	287b1b34d446	raytracer	-O2	7077.1
2026-07-28T21:30:33Z	borg	287b1b34d446	raytracer	-O3	5775.3
2026-07-28T21:30:33Z	borg	287b1b34d446	raytracer-p	-O0	364.5
2026-07-28T21:30:33Z	borg	287b1b34d446	raytracer-p	-O2	364.7
2026-07-28T21:30:33Z	borg	287b1b34d446	raytracer-p	-O3	314.5
2026-07-28T21:30:33Z	borg	287b1b34d446	raytracer-p	fpc	63.9
2026-07-28T21:30:33Z	borg	287b1b34d446	sieve	-O0	113.9
2026-07-28T21:30:33Z	borg	287b1b34d446	sieve	-O2	114.0
2026-07-28T21:30:33Z	borg	287b1b34d446	sieve	-O3	113.9
2026-07-28T21:30:33Z	borg	287b1b34d446	sieve	fpc	31.9
2026-07-28T21:30:33Z	borg	287b1b34d446	nbody	-O0	664.9
2026-07-28T21:30:33Z	borg	287b1b34d446	nbody	-O2	564.7
2026-07-28T21:30:33Z	borg	287b1b34d446	nbody	-O3	364.4
2026-07-28T21:30:33Z	borg	287b1b34d446	nbody	fpc	114.0
2026-07-28T21:30:33Z	borg	287b1b34d446	fib	-O0	264.2
2026-07-28T21:30:33Z	borg	287b1b34d446	fib	-O2	164.0
2026-07-28T21:30:33Z	borg	287b1b34d446	fib	-O3	114.0
2026-07-28T21:30:33Z	borg	287b1b34d446	fib	fpc	113.9
2026-07-28T21:30:33Z	borg	287b1b34d446	selfcompile	-O0	7277.9
2026-07-28T21:30:33Z	borg	287b1b34d446	selfcompile	-O2	5725.0
2026-07-28T21:30:33Z	borg	287b1b34d446	selfcompile	-O3	5625.5
2026-07-28T21:47:15Z	borg	15b4e4cfe941	mandelbrot	-O0	1366.4
2026-07-28T21:47:15Z	borg	15b4e4cfe941	mandelbrot	-O2	1366.6
2026-07-28T21:47:15Z	borg	15b4e4cfe941	mandelbrot	-O3	665.1
2026-07-28T21:47:15Z	borg	15b4e4cfe941	mandelbrot-p	-O0	1516.3
2026-07-28T21:47:15Z	borg	15b4e4cfe941	mandelbrot-p	-O2	1416.7
2026-07-28T21:47:15Z	borg	15b4e4cfe941	mandelbrot-p	-O3	665.0
2026-07-28T21:47:15Z	borg	15b4e4cfe941	mandelbrot-p	fpc	364.5
2026-07-28T21:47:15Z	borg	15b4e4cfe941	raytracer	-O0	12339.8
2026-07-28T21:47:15Z	borg	15b4e4cfe941	raytracer	-O2	6727.8
2026-07-28T21:47:15Z	borg	15b4e4cfe941	raytracer	-O3	5375.4
2026-07-28T21:47:15Z	borg	15b4e4cfe941	raytracer-p	-O0	364.5
2026-07-28T21:47:15Z	borg	15b4e4cfe941	raytracer-p	-O2	314.6
2026-07-28T21:47:15Z	borg	15b4e4cfe941	raytracer-p	-O3	264.6
2026-07-28T21:47:15Z	borg	15b4e4cfe941	raytracer-p	fpc	31.7
2026-07-28T21:47:15Z	borg	15b4e4cfe941	sieve	-O0	113.9
2026-07-28T21:47:15Z	borg	15b4e4cfe941	sieve	-O2	64.0
2026-07-28T21:47:15Z	borg	15b4e4cfe941	sieve	-O3	64.0
2026-07-28T21:47:15Z	borg	15b4e4cfe941	sieve	fpc	31.7
2026-07-28T21:47:15Z	borg	15b4e4cfe941	nbody	-O0	615.2
2026-07-28T21:47:15Z	borg	15b4e4cfe941	nbody	-O2	565.0
2026-07-28T21:47:15Z	borg	15b4e4cfe941	nbody	-O3	314.6
2026-07-28T21:47:15Z	borg	15b4e4cfe941	nbody	fpc	63.9
2026-07-28T21:47:15Z	borg	15b4e4cfe941	fib	-O0	264.3
2026-07-28T21:47:15Z	borg	15b4e4cfe941	fib	-O2	164.1
2026-07-28T21:47:15Z	borg	15b4e4cfe941	fib	-O3	113.9
2026-07-28T21:47:15Z	borg	15b4e4cfe941	fib	fpc	114.1
2026-07-28T21:47:15Z	borg	15b4e4cfe941	selfcompile	-O0	6627.6
2026-07-28T21:47:15Z	borg	15b4e4cfe941	selfcompile	-O2	5275.8
2026-07-28T21:47:15Z	borg	15b4e4cfe941	selfcompile	-O3	5325.5
2026-07-29T06:19:18Z	borg	e06012e789d7	mandelbrot	-O0	1416.8
2026-07-29T06:19:18Z	borg	e06012e789d7	mandelbrot	-O2	1366.9
2026-07-29T06:19:18Z	borg	e06012e789d7	mandelbrot	-O3	665.0
2026-07-29T06:19:18Z	borg	e06012e789d7	mandelbrot-p	-O0	1366.8
2026-07-29T06:19:18Z	borg	e06012e789d7	mandelbrot-p	-O2	1366.4
2026-07-29T06:19:18Z	borg	e06012e789d7	mandelbrot-p	-O3	665.2
2026-07-29T06:19:18Z	borg	e06012e789d7	mandelbrot-p	fpc	365.0
2026-07-29T06:19:18Z	borg	e06012e789d7	raytracer	-O0	12189.5
2026-07-29T06:19:18Z	borg	e06012e789d7	raytracer	-O2	6928.9
2026-07-29T06:19:18Z	borg	e06012e789d7	raytracer	-O3	5626.0
2026-07-29T06:19:18Z	borg	e06012e789d7	raytracer-p	-O0	365.8
2026-07-29T06:19:18Z	borg	e06012e789d7	raytracer-p	-O2	314.4
2026-07-29T06:19:18Z	borg	e06012e789d7	raytracer-p	-O3	314.3
2026-07-29T06:19:18Z	borg	e06012e789d7	raytracer-p	fpc	31.8
2026-07-29T06:19:18Z	borg	e06012e789d7	sieve	-O0	114.1
2026-07-29T06:19:18Z	borg	e06012e789d7	sieve	-O2	64.0
2026-07-29T06:19:18Z	borg	e06012e789d7	sieve	-O3	64.1
2026-07-29T06:19:18Z	borg	e06012e789d7	sieve	fpc	31.9
2026-07-29T06:19:18Z	borg	e06012e789d7	nbody	-O0	665.1
2026-07-29T06:19:18Z	borg	e06012e789d7	nbody	-O2	615.8
2026-07-29T06:19:18Z	borg	e06012e789d7	nbody	-O3	364.8
2026-07-29T06:19:18Z	borg	e06012e789d7	nbody	fpc	114.0
2026-07-29T06:19:18Z	borg	e06012e789d7	fib	-O0	265.5
2026-07-29T06:19:18Z	borg	e06012e789d7	fib	-O2	164.2
2026-07-29T06:19:18Z	borg	e06012e789d7	fib	-O3	114.0
2026-07-29T06:19:18Z	borg	e06012e789d7	fib	fpc	114.0
2026-07-29T06:19:18Z	borg	e06012e789d7	selfcompile	-O0	6928.7
2026-07-29T06:19:18Z	borg	e06012e789d7	selfcompile	-O2	5576.1
2026-07-29T06:19:18Z	borg	e06012e789d7	selfcompile	-O3	5576.6
2026-07-29T07:04:54Z	borg	b8087b5e0a2e	mandelbrot	-O0	1366.1
2026-07-29T07:04:54Z	borg	b8087b5e0a2e	mandelbrot	-O2	1366.5
2026-07-29T07:04:54Z	borg	b8087b5e0a2e	mandelbrot	-O3	665.0
2026-07-29T07:04:54Z	borg	b8087b5e0a2e	mandelbrot-p	-O0	1366.7
2026-07-29T07:04:54Z	borg	b8087b5e0a2e	mandelbrot-p	-O2	1366.9
2026-07-29T07:04:54Z	borg	b8087b5e0a2e	mandelbrot-p	-O3	664.9
2026-07-29T07:04:54Z	borg	b8087b5e0a2e	mandelbrot-p	fpc	364.5
2026-07-29T07:04:54Z	borg	b8087b5e0a2e	raytracer	-O0	11839.6
2026-07-29T07:04:54Z	borg	b8087b5e0a2e	raytracer	-O2	7028.9
2026-07-29T07:04:54Z	borg	b8087b5e0a2e	raytracer	-O3	5525.4
2026-07-29T07:04:54Z	borg	b8087b5e0a2e	raytracer-p	-O0	364.6
2026-07-29T07:04:54Z	borg	b8087b5e0a2e	raytracer-p	-O2	314.5
2026-07-29T07:04:54Z	borg	b8087b5e0a2e	raytracer-p	-O3	264.4
2026-07-29T07:04:54Z	borg	b8087b5e0a2e	raytracer-p	fpc	31.7
2026-07-29T07:04:54Z	borg	b8087b5e0a2e	sieve	-O0	114.1
2026-07-29T07:04:54Z	borg	b8087b5e0a2e	sieve	-O2	63.9
2026-07-29T07:04:54Z	borg	b8087b5e0a2e	sieve	-O3	64.0
2026-07-29T07:04:54Z	borg	b8087b5e0a2e	sieve	fpc	31.7
2026-07-29T07:04:54Z	borg	b8087b5e0a2e	nbody	-O0	615.3
2026-07-29T07:04:54Z	borg	b8087b5e0a2e	nbody	-O2	565.1
2026-07-29T07:04:54Z	borg	b8087b5e0a2e	nbody	-O3	365.8
2026-07-29T07:04:54Z	borg	b8087b5e0a2e	nbody	fpc	64.0
2026-07-29T07:04:54Z	borg	b8087b5e0a2e	fib	-O0	264.9
2026-07-29T07:04:54Z	borg	b8087b5e0a2e	fib	-O2	164.2
2026-07-29T07:04:54Z	borg	b8087b5e0a2e	fib	-O3	114.1
2026-07-29T07:04:54Z	borg	b8087b5e0a2e	fib	fpc	114.1
2026-07-29T07:04:54Z	borg	b8087b5e0a2e	selfcompile	-O0	6828.9
2026-07-29T07:04:54Z	borg	b8087b5e0a2e	selfcompile	-O2	5676.0
2026-07-29T07:04:54Z	borg	b8087b5e0a2e	selfcompile	-O3	5375.8
2026-07-29T07:27:55Z	borg	a751f080e601	mandelbrot	-O0	1416.7
2026-07-29T07:27:55Z	borg	a751f080e601	mandelbrot	-O2	1416.6
2026-07-29T07:27:55Z	borg	a751f080e601	mandelbrot	-O3	715.2
2026-07-29T07:27:55Z	borg	a751f080e601	mandelbrot-p	-O0	1417.1
2026-07-29T07:27:55Z	borg	a751f080e601	mandelbrot-p	-O2	1466.8
2026-07-29T07:27:55Z	borg	a751f080e601	mandelbrot-p	-O3	765.3
2026-07-29T07:27:55Z	borg	a751f080e601	mandelbrot-p	fpc	364.6
2026-07-29T07:27:55Z	borg	a751f080e601	raytracer	-O0	13341.5
2026-07-29T07:27:55Z	borg	a751f080e601	raytracer	-O2	7629.1
2026-07-29T07:27:55Z	borg	a751f080e601	raytracer	-O3	6075.2
2026-07-29T07:27:55Z	borg	a751f080e601	raytracer-p	-O0	364.5
2026-07-29T07:27:55Z	borg	a751f080e601	raytracer-p	-O2	364.4
2026-07-29T07:27:55Z	borg	a751f080e601	raytracer-p	-O3	314.4
2026-07-29T07:27:55Z	borg	a751f080e601	raytracer-p	fpc	31.8
2026-07-29T07:27:55Z	borg	a751f080e601	sieve	-O0	114.0
2026-07-29T07:27:55Z	borg	a751f080e601	sieve	-O2	114.0
2026-07-29T07:27:55Z	borg	a751f080e601	sieve	-O3	114.0
2026-07-29T07:27:55Z	borg	a751f080e601	sieve	fpc	63.9
2026-07-29T07:27:55Z	borg	a751f080e601	nbody	-O0	665.3
2026-07-29T07:27:55Z	borg	a751f080e601	nbody	-O2	665.0
2026-07-29T07:27:55Z	borg	a751f080e601	nbody	-O3	364.5
2026-07-29T07:27:55Z	borg	a751f080e601	nbody	fpc	114.0
2026-07-29T07:27:55Z	borg	a751f080e601	fib	-O0	264.3
2026-07-29T07:27:55Z	borg	a751f080e601	fib	-O2	164.2
2026-07-29T07:27:55Z	borg	a751f080e601	fib	-O3	113.9
2026-07-29T07:27:55Z	borg	a751f080e601	fib	fpc	114.0
2026-07-29T07:27:55Z	borg	a751f080e601	selfcompile	-O0	7478.1
2026-07-29T07:27:55Z	borg	a751f080e601	selfcompile	-O2	5976.3
2026-07-29T07:27:55Z	borg	a751f080e601	selfcompile	-O3	5825.8
2026-07-29T07:44:11Z	borg	c9fe5f13b94f	mandelbrot	-O0	1416.9
2026-07-29T07:44:11Z	borg	c9fe5f13b94f	mandelbrot	-O2	1416.7
2026-07-29T07:44:11Z	borg	c9fe5f13b94f	mandelbrot	-O3	665.4
2026-07-29T07:44:11Z	borg	c9fe5f13b94f	mandelbrot-p	-O0	1417.0
2026-07-29T07:44:11Z	borg	c9fe5f13b94f	mandelbrot-p	-O2	1366.6
2026-07-29T07:44:11Z	borg	c9fe5f13b94f	mandelbrot-p	-O3	665.2
2026-07-29T07:44:11Z	borg	c9fe5f13b94f	mandelbrot-p	fpc	366.0
2026-07-29T07:44:11Z	borg	c9fe5f13b94f	raytracer	-O0	12039.0
2026-07-29T07:44:11Z	borg	c9fe5f13b94f	raytracer	-O2	6980.0
2026-07-29T07:44:11Z	borg	c9fe5f13b94f	raytracer	-O3	5726.3
2026-07-29T07:44:11Z	borg	c9fe5f13b94f	raytracer-p	-O0	364.5
2026-07-29T07:44:11Z	borg	c9fe5f13b94f	raytracer-p	-O2	365.3
2026-07-29T07:44:11Z	borg	c9fe5f13b94f	raytracer-p	-O3	316.0
2026-07-29T07:44:11Z	borg	c9fe5f13b94f	raytracer-p	fpc	31.9
2026-07-29T07:44:11Z	borg	c9fe5f13b94f	sieve	-O0	114.0
2026-07-29T07:44:11Z	borg	c9fe5f13b94f	sieve	-O2	114.1
2026-07-29T07:44:11Z	borg	c9fe5f13b94f	sieve	-O3	114.0
2026-07-29T07:44:11Z	borg	c9fe5f13b94f	sieve	fpc	65.2
2026-07-29T07:44:11Z	borg	c9fe5f13b94f	nbody	-O0	665.0
2026-07-29T07:44:11Z	borg	c9fe5f13b94f	nbody	-O2	614.9
2026-07-29T07:44:11Z	borg	c9fe5f13b94f	nbody	-O3	364.4
2026-07-29T07:44:11Z	borg	c9fe5f13b94f	nbody	fpc	114.1
2026-07-29T07:44:11Z	borg	c9fe5f13b94f	fib	-O0	265.3
2026-07-29T07:44:11Z	borg	c9fe5f13b94f	fib	-O2	164.2
2026-07-29T07:44:11Z	borg	c9fe5f13b94f	fib	-O3	114.1
2026-07-29T07:44:11Z	borg	c9fe5f13b94f	fib	fpc	114.1
2026-07-29T07:44:11Z	borg	c9fe5f13b94f	selfcompile	-O0	6979.2
2026-07-29T07:44:11Z	borg	c9fe5f13b94f	selfcompile	-O2	5726.9
2026-07-29T07:44:11Z	borg	c9fe5f13b94f	selfcompile	-O3	5125.6
2026-07-29T08:07:31Z	borg	b21d8836c7c1	mandelbrot	-O0	1416.8
2026-07-29T08:07:31Z	borg	b21d8836c7c1	mandelbrot	-O2	1416.8
2026-07-29T08:07:31Z	borg	b21d8836c7c1	mandelbrot	-O3	715.3
2026-07-29T08:07:31Z	borg	b21d8836c7c1	mandelbrot-p	-O0	1416.6
2026-07-29T08:07:31Z	borg	b21d8836c7c1	mandelbrot-p	-O2	1366.5
2026-07-29T08:07:31Z	borg	b21d8836c7c1	mandelbrot-p	-O3	715.5
2026-07-29T08:07:31Z	borg	b21d8836c7c1	mandelbrot-p	fpc	365.9
2026-07-29T08:07:31Z	borg	b21d8836c7c1	raytracer	-O0	12289.7
2026-07-29T08:07:31Z	borg	b21d8836c7c1	raytracer	-O2	7129.6
2026-07-29T08:07:31Z	borg	b21d8836c7c1	raytracer	-O3	5778.5
2026-07-29T08:07:31Z	borg	b21d8836c7c1	raytracer-p	-O0	364.6
2026-07-29T08:07:31Z	borg	b21d8836c7c1	raytracer-p	-O2	364.4
2026-07-29T08:07:31Z	borg	b21d8836c7c1	raytracer-p	-O3	314.4
2026-07-29T08:07:31Z	borg	b21d8836c7c1	raytracer-p	fpc	63.9
2026-07-29T08:07:31Z	borg	b21d8836c7c1	sieve	-O0	113.9
2026-07-29T08:07:31Z	borg	b21d8836c7c1	sieve	-O2	114.0
2026-07-29T08:07:31Z	borg	b21d8836c7c1	sieve	-O3	113.9
2026-07-29T08:07:31Z	borg	b21d8836c7c1	sieve	fpc	63.9
2026-07-29T08:07:31Z	borg	b21d8836c7c1	nbody	-O0	665.1
2026-07-29T08:07:31Z	borg	b21d8836c7c1	nbody	-O2	615.1
2026-07-29T08:07:31Z	borg	b21d8836c7c1	nbody	-O3	364.5
2026-07-29T08:07:31Z	borg	b21d8836c7c1	nbody	fpc	114.0
2026-07-29T08:07:31Z	borg	b21d8836c7c1	fib	-O0	364.8
2026-07-29T08:07:31Z	borg	b21d8836c7c1	fib	-O2	164.1
2026-07-29T08:07:31Z	borg	b21d8836c7c1	fib	-O3	114.2
2026-07-29T08:07:31Z	borg	b21d8836c7c1	fib	fpc	114.1
2026-07-29T08:07:31Z	borg	b21d8836c7c1	selfcompile	-O0	7879.9
2026-07-29T08:07:31Z	borg	b21d8836c7c1	selfcompile	-O2	6227.8
2026-07-29T08:07:31Z	borg	b21d8836c7c1	selfcompile	-O3	6728.1
2026-07-29T08:39:05Z	borg	5a02ada8d054	mandelbrot	-O0	1416.7
2026-07-29T08:39:05Z	borg	5a02ada8d054	mandelbrot	-O2	1466.5
2026-07-29T08:39:05Z	borg	5a02ada8d054	mandelbrot	-O3	665.3
2026-07-29T08:39:05Z	borg	5a02ada8d054	mandelbrot-p	-O0	1467.0
2026-07-29T08:39:05Z	borg	5a02ada8d054	mandelbrot-p	-O2	1466.7
2026-07-29T08:39:05Z	borg	5a02ada8d054	mandelbrot-p	-O3	665.0
2026-07-29T08:39:05Z	borg	5a02ada8d054	mandelbrot-p	fpc	365.7
2026-07-29T08:39:05Z	borg	5a02ada8d054	raytracer	-O0	11891.2
2026-07-29T08:39:05Z	borg	5a02ada8d054	raytracer	-O2	7228.8
2026-07-29T08:39:05Z	borg	5a02ada8d054	raytracer	-O3	6025.9
2026-07-29T08:39:05Z	borg	5a02ada8d054	raytracer-p	-O0	364.8
2026-07-29T08:39:05Z	borg	5a02ada8d054	raytracer-p	-O2	314.7
2026-07-29T08:39:05Z	borg	5a02ada8d054	raytracer-p	-O3	314.4
2026-07-29T08:39:05Z	borg	5a02ada8d054	raytracer-p	fpc	31.7
2026-07-29T08:39:05Z	borg	5a02ada8d054	sieve	-O0	114.0
2026-07-29T08:39:05Z	borg	5a02ada8d054	sieve	-O2	64.1
2026-07-29T08:39:05Z	borg	5a02ada8d054	sieve	-O3	114.0
2026-07-29T08:39:05Z	borg	5a02ada8d054	sieve	fpc	31.8
2026-07-29T08:39:05Z	borg	5a02ada8d054	nbody	-O0	665.2
2026-07-29T08:39:05Z	borg	5a02ada8d054	nbody	-O2	565.1
2026-07-29T08:39:05Z	borg	5a02ada8d054	nbody	-O3	364.3
2026-07-29T08:39:05Z	borg	5a02ada8d054	nbody	fpc	114.1
2026-07-29T08:39:05Z	borg	5a02ada8d054	fib	-O0	264.4
2026-07-29T08:39:05Z	borg	5a02ada8d054	fib	-O2	164.2
2026-07-29T08:39:05Z	borg	5a02ada8d054	fib	-O3	114.0
2026-07-29T08:39:05Z	borg	5a02ada8d054	fib	fpc	114.2
2026-07-29T08:39:05Z	borg	5a02ada8d054	selfcompile	-O0	7029.0
2026-07-29T08:39:05Z	borg	5a02ada8d054	selfcompile	-O2	5976.2
2026-07-29T08:39:05Z	borg	5a02ada8d054	selfcompile	-O3	5625.5
2026-07-29T09:18:55Z	borg	52fecab2fe0b	mandelbrot	-O0	1466.5
2026-07-29T09:18:55Z	borg	52fecab2fe0b	mandelbrot	-O2	1416.4
2026-07-29T09:18:55Z	borg	52fecab2fe0b	mandelbrot	-O3	715.3
2026-07-29T09:18:55Z	borg	52fecab2fe0b	mandelbrot-p	-O0	1466.7
2026-07-29T09:18:55Z	borg	52fecab2fe0b	mandelbrot-p	-O2	1466.5
2026-07-29T09:18:55Z	borg	52fecab2fe0b	mandelbrot-p	-O3	765.3
2026-07-29T09:18:55Z	borg	52fecab2fe0b	mandelbrot-p	fpc	364.4
2026-07-29T09:18:55Z	borg	52fecab2fe0b	raytracer	-O0	12689.7
2026-07-29T09:18:55Z	borg	52fecab2fe0b	raytracer	-O2	6977.6
2026-07-29T09:18:55Z	borg	52fecab2fe0b	raytracer	-O3	5624.0
2026-07-29T09:18:55Z	borg	52fecab2fe0b	raytracer-p	-O0	364.4
2026-07-29T09:18:55Z	borg	52fecab2fe0b	raytracer-p	-O2	314.7
2026-07-29T09:18:55Z	borg	52fecab2fe0b	raytracer-p	-O3	315.6
2026-07-29T09:18:55Z	borg	52fecab2fe0b	raytracer-p	fpc	31.8
2026-07-29T09:18:55Z	borg	52fecab2fe0b	sieve	-O0	114.1
2026-07-29T09:18:55Z	borg	52fecab2fe0b	sieve	-O2	114.1
2026-07-29T09:18:55Z	borg	52fecab2fe0b	sieve	-O3	64.1
2026-07-29T09:18:55Z	borg	52fecab2fe0b	sieve	fpc	32.0
2026-07-29T09:18:55Z	borg	52fecab2fe0b	nbody	-O0	665.3
2026-07-29T09:18:55Z	borg	52fecab2fe0b	nbody	-O2	615.1
2026-07-29T09:18:55Z	borg	52fecab2fe0b	nbody	-O3	364.7
2026-07-29T09:18:55Z	borg	52fecab2fe0b	nbody	fpc	64.1
2026-07-29T09:18:55Z	borg	52fecab2fe0b	fib	-O0	265.3
2026-07-29T09:18:55Z	borg	52fecab2fe0b	fib	-O2	164.1
2026-07-29T09:18:55Z	borg	52fecab2fe0b	fib	-O3	114.0
2026-07-29T09:18:55Z	borg	52fecab2fe0b	fib	fpc	114.0
2026-07-29T09:18:55Z	borg	52fecab2fe0b	selfcompile	-O0	7028.6
2026-07-29T09:18:55Z	borg	52fecab2fe0b	selfcompile	-O2	5575.4
2026-07-29T09:18:55Z	borg	52fecab2fe0b	selfcompile	-O3	5574.8
2026-07-29T09:39:53Z	borg	a003d01fdb57	mandelbrot	-O0	1467.0
2026-07-29T09:39:53Z	borg	a003d01fdb57	mandelbrot	-O2	1366.7
2026-07-29T09:39:53Z	borg	a003d01fdb57	mandelbrot	-O3	665.3
2026-07-29T09:39:53Z	borg	a003d01fdb57	mandelbrot-p	-O0	1367.0
2026-07-29T09:39:53Z	borg	a003d01fdb57	mandelbrot-p	-O2	1366.8
2026-07-29T09:39:53Z	borg	a003d01fdb57	mandelbrot-p	-O3	665.2
2026-07-29T09:39:53Z	borg	a003d01fdb57	mandelbrot-p	fpc	365.4
2026-07-29T09:39:53Z	borg	a003d01fdb57	raytracer	-O0	12138.6
2026-07-29T09:39:53Z	borg	a003d01fdb57	raytracer	-O2	6929.4
2026-07-29T09:39:53Z	borg	a003d01fdb57	raytracer	-O3	5775.6
2026-07-29T09:39:53Z	borg	a003d01fdb57	raytracer-p	-O0	364.4
2026-07-29T09:39:53Z	borg	a003d01fdb57	raytracer-p	-O2	364.6
2026-07-29T09:39:53Z	borg	a003d01fdb57	raytracer-p	-O3	314.4
2026-07-29T09:39:53Z	borg	a003d01fdb57	raytracer-p	fpc	31.8
2026-07-29T09:39:53Z	borg	a003d01fdb57	sieve	-O0	114.0
2026-07-29T09:39:53Z	borg	a003d01fdb57	sieve	-O2	114.0
2026-07-29T09:39:53Z	borg	a003d01fdb57	sieve	-O3	113.9
2026-07-29T09:39:53Z	borg	a003d01fdb57	sieve	fpc	64.0
2026-07-29T09:39:53Z	borg	a003d01fdb57	nbody	-O0	665.5
2026-07-29T09:39:53Z	borg	a003d01fdb57	nbody	-O2	615.5
2026-07-29T09:39:53Z	borg	a003d01fdb57	nbody	-O3	364.4
2026-07-29T09:39:53Z	borg	a003d01fdb57	nbody	fpc	114.1
2026-07-29T09:39:53Z	borg	a003d01fdb57	fib	-O0	264.4
2026-07-29T09:39:53Z	borg	a003d01fdb57	fib	-O2	164.2
2026-07-29T09:39:53Z	borg	a003d01fdb57	fib	-O3	113.9
2026-07-29T09:39:53Z	borg	a003d01fdb57	fib	fpc	114.1
2026-07-29T09:39:53Z	borg	a003d01fdb57	selfcompile	-O0	7379.0
2026-07-29T09:39:53Z	borg	a003d01fdb57	selfcompile	-O2	5575.5
2026-07-29T09:39:53Z	borg	a003d01fdb57	selfcompile	-O3	5575.8
2026-07-29T09:58:21Z	borg	8ffd38962042	mandelbrot	-O0	1417.0
2026-07-29T09:58:21Z	borg	8ffd38962042	mandelbrot	-O2	1416.5
2026-07-29T09:58:21Z	borg	8ffd38962042	mandelbrot	-O3	665.5
2026-07-29T09:58:21Z	borg	8ffd38962042	mandelbrot-p	-O0	1416.8
2026-07-29T09:58:21Z	borg	8ffd38962042	mandelbrot-p	-O2	1367.1
2026-07-29T09:58:21Z	borg	8ffd38962042	mandelbrot-p	-O3	665.8
2026-07-29T09:58:21Z	borg	8ffd38962042	mandelbrot-p	fpc	364.5
2026-07-29T09:58:21Z	borg	8ffd38962042	raytracer	-O0	12197.7
2026-07-29T09:58:21Z	borg	8ffd38962042	raytracer	-O2	7529.6
2026-07-29T09:58:21Z	borg	8ffd38962042	raytracer	-O3	6126.0
2026-07-29T09:58:21Z	borg	8ffd38962042	raytracer-p	-O0	464.7
2026-07-29T09:58:21Z	borg	8ffd38962042	raytracer-p	-O2	364.5
2026-07-29T09:58:21Z	borg	8ffd38962042	raytracer-p	-O3	314.4
2026-07-29T09:58:21Z	borg	8ffd38962042	raytracer-p	fpc	31.9
2026-07-29T09:58:21Z	borg	8ffd38962042	sieve	-O0	113.9
2026-07-29T09:58:21Z	borg	8ffd38962042	sieve	-O2	113.9
2026-07-29T09:58:21Z	borg	8ffd38962042	sieve	-O3	64.0
2026-07-29T09:58:21Z	borg	8ffd38962042	sieve	fpc	63.9
2026-07-29T09:58:21Z	borg	8ffd38962042	nbody	-O0	665.0
2026-07-29T09:58:21Z	borg	8ffd38962042	nbody	-O2	615.0
2026-07-29T09:58:21Z	borg	8ffd38962042	nbody	-O3	364.6
2026-07-29T09:58:21Z	borg	8ffd38962042	nbody	fpc	114.0
2026-07-29T09:58:21Z	borg	8ffd38962042	fib	-O0	314.5
2026-07-29T09:58:21Z	borg	8ffd38962042	fib	-O2	164.0
2026-07-29T09:58:21Z	borg	8ffd38962042	fib	-O3	114.1
2026-07-29T09:58:21Z	borg	8ffd38962042	fib	fpc	113.9
2026-07-29T09:58:21Z	borg	8ffd38962042	selfcompile	-O0	7280.6
2026-07-29T09:58:21Z	borg	8ffd38962042	selfcompile	-O2	5929.7
2026-07-29T09:58:21Z	borg	8ffd38962042	selfcompile	-O3	5676.2
2026-07-29T10:22:38Z	borg	9ca59690830a	mandelbrot	-O0	1466.8
2026-07-29T10:22:38Z	borg	9ca59690830a	mandelbrot	-O2	1466.7
2026-07-29T10:22:38Z	borg	9ca59690830a	mandelbrot	-O3	715.4
2026-07-29T10:22:38Z	borg	9ca59690830a	mandelbrot-p	-O0	1519.4
2026-07-29T10:22:38Z	borg	9ca59690830a	mandelbrot-p	-O2	1617.5
2026-07-29T10:22:38Z	borg	9ca59690830a	mandelbrot-p	-O3	715.5
2026-07-29T10:22:38Z	borg	9ca59690830a	mandelbrot-p	fpc	365.2
2026-07-29T10:22:38Z	borg	9ca59690830a	raytracer	-O0	13694.2
2026-07-29T10:22:38Z	borg	9ca59690830a	raytracer	-O2	7679.2
2026-07-29T10:22:38Z	borg	9ca59690830a	raytracer	-O3	6076.3
2026-07-29T10:22:38Z	borg	9ca59690830a	raytracer-p	-O0	364.7
2026-07-29T10:22:38Z	borg	9ca59690830a	raytracer-p	-O2	415.0
2026-07-29T10:22:38Z	borg	9ca59690830a	raytracer-p	-O3	315.8
2026-07-29T10:22:38Z	borg	9ca59690830a	raytracer-p	fpc	31.8
2026-07-29T10:22:38Z	borg	9ca59690830a	sieve	-O0	114.0
2026-07-29T10:22:38Z	borg	9ca59690830a	sieve	-O2	114.0
2026-07-29T10:22:38Z	borg	9ca59690830a	sieve	-O3	114.0
2026-07-29T10:22:38Z	borg	9ca59690830a	sieve	fpc	63.8
2026-07-29T10:22:38Z	borg	9ca59690830a	nbody	-O0	665.1
2026-07-29T10:22:38Z	borg	9ca59690830a	nbody	-O2	615.1
2026-07-29T10:22:38Z	borg	9ca59690830a	nbody	-O3	364.5
2026-07-29T10:22:38Z	borg	9ca59690830a	nbody	fpc	114.1
2026-07-29T10:22:38Z	borg	9ca59690830a	fib	-O0	264.3
2026-07-29T10:22:38Z	borg	9ca59690830a	fib	-O2	214.3
2026-07-29T10:22:38Z	borg	9ca59690830a	fib	-O3	114.2
2026-07-29T10:22:38Z	borg	9ca59690830a	fib	fpc	164.1
2026-07-29T10:22:38Z	borg	9ca59690830a	selfcompile	-O0	7328.7
2026-07-29T10:22:38Z	borg	9ca59690830a	selfcompile	-O2	6827.5
2026-07-29T10:22:38Z	borg	9ca59690830a	selfcompile	-O3	6728.0
2026-07-29T10:44:06Z	borg	51674bd14d54	mandelbrot	-O0	1416.9
2026-07-29T10:44:06Z	borg	51674bd14d54	mandelbrot	-O2	1416.5
2026-07-29T10:44:06Z	borg	51674bd14d54	mandelbrot	-O3	715.2
2026-07-29T10:44:06Z	borg	51674bd14d54	mandelbrot-p	-O0	1416.9
2026-07-29T10:44:06Z	borg	51674bd14d54	mandelbrot-p	-O2	1416.7
2026-07-29T10:44:06Z	borg	51674bd14d54	mandelbrot-p	-O3	665.3
2026-07-29T10:44:06Z	borg	51674bd14d54	mandelbrot-p	fpc	365.1
2026-07-29T10:44:06Z	borg	51674bd14d54	raytracer	-O0	12889.6
2026-07-29T10:44:06Z	borg	51674bd14d54	raytracer	-O2	7330.0
2026-07-29T10:44:06Z	borg	51674bd14d54	raytracer	-O3	6026.0
2026-07-29T10:44:06Z	borg	51674bd14d54	raytracer-p	-O0	364.6
2026-07-29T10:44:06Z	borg	51674bd14d54	raytracer-p	-O2	365.2
2026-07-29T10:44:06Z	borg	51674bd14d54	raytracer-p	-O3	315.6
2026-07-29T10:44:06Z	borg	51674bd14d54	raytracer-p	fpc	31.9
2026-07-29T10:44:06Z	borg	51674bd14d54	sieve	-O0	114.1
2026-07-29T10:44:06Z	borg	51674bd14d54	sieve	-O2	114.0
2026-07-29T10:44:06Z	borg	51674bd14d54	sieve	-O3	114.0
2026-07-29T10:44:06Z	borg	51674bd14d54	sieve	fpc	64.0
2026-07-29T10:44:06Z	borg	51674bd14d54	nbody	-O0	665.2
2026-07-29T10:44:06Z	borg	51674bd14d54	nbody	-O2	615.0
2026-07-29T10:44:06Z	borg	51674bd14d54	nbody	-O3	364.4
2026-07-29T10:44:06Z	borg	51674bd14d54	nbody	fpc	114.1
2026-07-29T10:44:06Z	borg	51674bd14d54	fib	-O0	265.7
2026-07-29T10:44:06Z	borg	51674bd14d54	fib	-O2	164.3
2026-07-29T10:44:06Z	borg	51674bd14d54	fib	-O3	114.1
2026-07-29T10:44:06Z	borg	51674bd14d54	fib	fpc	114.1
2026-07-29T10:44:06Z	borg	51674bd14d54	selfcompile	-O0	7430.4
2026-07-29T10:44:06Z	borg	51674bd14d54	selfcompile	-O2	5876.9
2026-07-29T10:44:06Z	borg	51674bd14d54	selfcompile	-O3	6026.0
2026-07-29T11:15:32Z	borg	d3e469d9cd94	mandelbrot	-O0	1769.0
2026-07-29T11:15:32Z	borg	d3e469d9cd94	mandelbrot	-O2	1718.2
2026-07-29T11:15:32Z	borg	d3e469d9cd94	mandelbrot	-O3	1068.1
2026-07-29T11:15:32Z	borg	d3e469d9cd94	mandelbrot-p	-O0	1725.0
2026-07-29T11:15:32Z	borg	d3e469d9cd94	mandelbrot-p	-O2	1817.5
2026-07-29T11:15:32Z	borg	d3e469d9cd94	mandelbrot-p	-O3	866.7
2026-07-29T11:15:32Z	borg	d3e469d9cd94	mandelbrot-p	fpc	464.9
2026-07-29T11:15:32Z	borg	d3e469d9cd94	raytracer	-O0	17345.7
2026-07-29T11:15:32Z	borg	d3e469d9cd94	raytracer	-O2	9087.0
2026-07-29T11:15:32Z	borg	d3e469d9cd94	raytracer	-O3	9311.9
2026-07-29T11:15:32Z	borg	d3e469d9cd94	raytracer-p	-O0	414.6
2026-07-29T11:15:32Z	borg	d3e469d9cd94	raytracer-p	-O2	464.8
2026-07-29T11:15:32Z	borg	d3e469d9cd94	raytracer-p	-O3	414.8
2026-07-29T11:15:32Z	borg	d3e469d9cd94	raytracer-p	fpc	64.1
2026-07-29T11:15:32Z	borg	d3e469d9cd94	sieve	-O0	114.0
2026-07-29T11:15:32Z	borg	d3e469d9cd94	sieve	-O2	114.0
2026-07-29T11:15:32Z	borg	d3e469d9cd94	sieve	-O3	114.1
2026-07-29T11:15:32Z	borg	d3e469d9cd94	sieve	fpc	63.9
2026-07-29T11:15:32Z	borg	d3e469d9cd94	nbody	-O0	665.3
2026-07-29T11:15:32Z	borg	d3e469d9cd94	nbody	-O2	715.6
2026-07-29T11:15:32Z	borg	d3e469d9cd94	nbody	-O3	414.6
2026-07-29T11:15:32Z	borg	d3e469d9cd94	nbody	fpc	114.1
2026-07-29T11:15:32Z	borg	d3e469d9cd94	fib	-O0	314.5
2026-07-29T11:15:32Z	borg	d3e469d9cd94	fib	-O2	164.2
2026-07-29T11:15:32Z	borg	d3e469d9cd94	fib	-O3	114.0
2026-07-29T11:15:32Z	borg	d3e469d9cd94	fib	fpc	114.0
2026-07-29T11:15:32Z	borg	d3e469d9cd94	selfcompile	-O0	7430.2
2026-07-29T11:15:32Z	borg	d3e469d9cd94	selfcompile	-O2	6527.1
2026-07-29T11:15:32Z	borg	d3e469d9cd94	selfcompile	-O3	6026.7
2026-07-29T11:38:56Z	borg	fb8ce6071d33	mandelbrot	-O0	1367.2
2026-07-29T11:38:56Z	borg	fb8ce6071d33	mandelbrot	-O2	1366.9
2026-07-29T11:38:56Z	borg	fb8ce6071d33	mandelbrot	-O3	665.5
2026-07-29T11:38:56Z	borg	fb8ce6071d33	mandelbrot-p	-O0	1366.9
2026-07-29T11:38:56Z	borg	fb8ce6071d33	mandelbrot-p	-O2	1367.1
2026-07-29T11:38:56Z	borg	fb8ce6071d33	mandelbrot-p	-O3	665.3
2026-07-29T11:38:56Z	borg	fb8ce6071d33	mandelbrot-p	fpc	365.9
2026-07-29T11:38:56Z	borg	fb8ce6071d33	raytracer	-O0	11738.5
2026-07-29T11:38:56Z	borg	fb8ce6071d33	raytracer	-O2	6827.8
2026-07-29T11:38:56Z	borg	fb8ce6071d33	raytracer	-O3	5526.3
2026-07-29T11:38:56Z	borg	fb8ce6071d33	raytracer-p	-O0	365.8
2026-07-29T11:38:56Z	borg	fb8ce6071d33	raytracer-p	-O2	314.5
2026-07-29T11:38:56Z	borg	fb8ce6071d33	raytracer-p	-O3	315.8
2026-07-29T11:38:56Z	borg	fb8ce6071d33	raytracer-p	fpc	31.8
2026-07-29T11:38:56Z	borg	fb8ce6071d33	sieve	-O0	114.2
2026-07-29T11:38:56Z	borg	fb8ce6071d33	sieve	-O2	64.1
2026-07-29T11:38:56Z	borg	fb8ce6071d33	sieve	-O3	64.1
2026-07-29T11:38:56Z	borg	fb8ce6071d33	sieve	fpc	31.9
2026-07-29T11:38:56Z	borg	fb8ce6071d33	nbody	-O0	665.4
2026-07-29T11:38:56Z	borg	fb8ce6071d33	nbody	-O2	565.1
2026-07-29T11:38:56Z	borg	fb8ce6071d33	nbody	-O3	364.9
2026-07-29T11:38:56Z	borg	fb8ce6071d33	nbody	fpc	64.0
2026-07-29T11:38:56Z	borg	fb8ce6071d33	fib	-O0	264.4
2026-07-29T11:38:56Z	borg	fb8ce6071d33	fib	-O2	164.3
2026-07-29T11:38:56Z	borg	fb8ce6071d33	fib	-O3	114.0
2026-07-29T11:38:56Z	borg	fb8ce6071d33	fib	fpc	114.7
2026-07-29T11:38:56Z	borg	fb8ce6071d33	selfcompile	-O0	7078.6
2026-07-29T11:38:56Z	borg	fb8ce6071d33	selfcompile	-O2	5525.6
2026-07-29T11:38:56Z	borg	fb8ce6071d33	selfcompile	-O3	5576.6
2026-07-29T13:20:43Z	borg	757d55c119c6	mandelbrot	-O0	1467.0
2026-07-29T13:20:43Z	borg	757d55c119c6	mandelbrot	-O2	1416.9
2026-07-29T13:20:43Z	borg	757d55c119c6	mandelbrot	-O3	715.3
2026-07-29T13:20:43Z	borg	757d55c119c6	mandelbrot-p	-O0	1416.6
2026-07-29T13:20:43Z	borg	757d55c119c6	mandelbrot-p	-O2	1317.2
2026-07-29T13:20:43Z	borg	757d55c119c6	mandelbrot-p	-O3	665.3
2026-07-29T13:20:43Z	borg	757d55c119c6	mandelbrot-p	fpc	364.5
2026-07-29T13:20:43Z	borg	757d55c119c6	raytracer	-O0	14045.4
2026-07-29T13:20:43Z	borg	757d55c119c6	raytracer	-O2	8183.4
2026-07-29T13:20:43Z	borg	757d55c119c6	raytracer	-O3	6679.3
2026-07-29T13:20:43Z	borg	757d55c119c6	raytracer-p	-O0	414.6
2026-07-29T13:20:43Z	borg	757d55c119c6	raytracer-p	-O2	364.7
2026-07-29T13:20:43Z	borg	757d55c119c6	raytracer-p	-O3	314.4
2026-07-29T13:20:43Z	borg	757d55c119c6	raytracer-p	fpc	64.0
2026-07-29T13:20:43Z	borg	757d55c119c6	sieve	-O0	114.3
2026-07-29T13:20:43Z	borg	757d55c119c6	sieve	-O2	114.0
2026-07-29T13:20:43Z	borg	757d55c119c6	sieve	-O3	114.0
2026-07-29T13:20:43Z	borg	757d55c119c6	sieve	fpc	63.9
2026-07-29T13:20:43Z	borg	757d55c119c6	nbody	-O0	665.1
2026-07-29T13:20:43Z	borg	757d55c119c6	nbody	-O2	615.1
2026-07-29T13:20:43Z	borg	757d55c119c6	nbody	-O3	364.6
2026-07-29T13:20:43Z	borg	757d55c119c6	nbody	fpc	114.0
2026-07-29T13:20:43Z	borg	757d55c119c6	fib	-O0	264.3
2026-07-29T13:20:43Z	borg	757d55c119c6	fib	-O2	214.2
2026-07-29T13:20:43Z	borg	757d55c119c6	fib	-O3	114.1
2026-07-29T13:20:43Z	borg	757d55c119c6	fib	fpc	114.1
2026-07-29T13:20:43Z	borg	757d55c119c6	selfcompile	-O0	8280.2
2026-07-29T13:20:43Z	borg	757d55c119c6	selfcompile	-O2	7078.4
2026-07-29T13:20:43Z	borg	757d55c119c6	selfcompile	-O3	6076.7
2026-07-29T13:52:51Z	borg	1caaa7e0a178	mandelbrot	-O0	1367.0
2026-07-29T13:52:51Z	borg	1caaa7e0a178	mandelbrot	-O2	1366.8
2026-07-29T13:52:51Z	borg	1caaa7e0a178	mandelbrot	-O3	665.3
2026-07-29T13:52:51Z	borg	1caaa7e0a178	mandelbrot-p	-O0	1366.9
2026-07-29T13:52:51Z	borg	1caaa7e0a178	mandelbrot-p	-O2	1366.7
2026-07-29T13:52:51Z	borg	1caaa7e0a178	mandelbrot-p	-O3	665.2
2026-07-29T13:52:51Z	borg	1caaa7e0a178	mandelbrot-p	fpc	366.1
2026-07-29T13:52:51Z	borg	1caaa7e0a178	raytracer	-O0	11889.7
2026-07-29T13:52:51Z	borg	1caaa7e0a178	raytracer	-O2	7280.6
2026-07-29T13:52:51Z	borg	1caaa7e0a178	raytracer	-O3	5725.2
2026-07-29T13:52:51Z	borg	1caaa7e0a178	raytracer-p	-O0	364.7
2026-07-29T13:52:51Z	borg	1caaa7e0a178	raytracer-p	-O2	364.6
2026-07-29T13:52:51Z	borg	1caaa7e0a178	raytracer-p	-O3	314.5
2026-07-29T13:52:51Z	borg	1caaa7e0a178	raytracer-p	fpc	31.8
2026-07-29T13:52:51Z	borg	1caaa7e0a178	sieve	-O0	114.0
2026-07-29T13:52:51Z	borg	1caaa7e0a178	sieve	-O2	114.1
2026-07-29T13:52:51Z	borg	1caaa7e0a178	sieve	-O3	114.1
2026-07-29T13:52:51Z	borg	1caaa7e0a178	sieve	fpc	31.9
2026-07-29T13:52:51Z	borg	1caaa7e0a178	nbody	-O0	665.2
2026-07-29T13:52:51Z	borg	1caaa7e0a178	nbody	-O2	615.4
2026-07-29T13:52:51Z	borg	1caaa7e0a178	nbody	-O3	364.6
2026-07-29T13:52:51Z	borg	1caaa7e0a178	nbody	fpc	63.9
2026-07-29T13:52:51Z	borg	1caaa7e0a178	fib	-O0	264.4
2026-07-29T13:52:51Z	borg	1caaa7e0a178	fib	-O2	164.2
2026-07-29T13:52:51Z	borg	1caaa7e0a178	fib	-O3	114.0
2026-07-29T13:52:51Z	borg	1caaa7e0a178	fib	fpc	114.1
2026-07-29T13:52:51Z	borg	1caaa7e0a178	selfcompile	-O0	7329.5
2026-07-29T13:52:51Z	borg	1caaa7e0a178	selfcompile	-O2	5625.9
2026-07-29T13:52:51Z	borg	1caaa7e0a178	selfcompile	-O3	5776.1
2026-07-29T14:29:27Z	borg	58937b717b7b	mandelbrot	-O0	1316.9
2026-07-29T14:29:27Z	borg	58937b717b7b	mandelbrot	-O2	1266.4
2026-07-29T14:29:27Z	borg	58937b717b7b	mandelbrot	-O3	615.2
2026-07-29T14:29:27Z	borg	58937b717b7b	mandelbrot-p	-O0	1316.6
2026-07-29T14:29:27Z	borg	58937b717b7b	mandelbrot-p	-O2	1266.8
2026-07-29T14:29:27Z	borg	58937b717b7b	mandelbrot-p	-O3	615.3
2026-07-29T14:29:27Z	borg	58937b717b7b	mandelbrot-p	fpc	314.6
2026-07-29T14:29:27Z	borg	58937b717b7b	raytracer	-O0	11388.4
2026-07-29T14:29:27Z	borg	58937b717b7b	raytracer	-O2	6728.2
2026-07-29T14:29:27Z	borg	58937b717b7b	raytracer	-O3	5475.3
2026-07-29T14:29:27Z	borg	58937b717b7b	raytracer-p	-O0	364.7
2026-07-29T14:29:27Z	borg	58937b717b7b	raytracer-p	-O2	314.4
2026-07-29T14:29:27Z	borg	58937b717b7b	raytracer-p	-O3	264.3
2026-07-29T14:29:27Z	borg	58937b717b7b	raytracer-p	fpc	31.7
2026-07-29T14:29:27Z	borg	58937b717b7b	sieve	-O0	113.9
2026-07-29T14:29:27Z	borg	58937b717b7b	sieve	-O2	113.9
2026-07-29T14:29:27Z	borg	58937b717b7b	sieve	-O3	113.9
2026-07-29T14:29:27Z	borg	58937b717b7b	sieve	fpc	31.8
2026-07-29T14:29:27Z	borg	58937b717b7b	nbody	-O0	664.9
2026-07-29T14:29:27Z	borg	58937b717b7b	nbody	-O2	565.0
2026-07-29T14:29:27Z	borg	58937b717b7b	nbody	-O3	364.4
2026-07-29T14:29:27Z	borg	58937b717b7b	nbody	fpc	63.9
2026-07-29T14:29:27Z	borg	58937b717b7b	fib	-O0	264.4
2026-07-29T14:29:27Z	borg	58937b717b7b	fib	-O2	164.1
2026-07-29T14:29:27Z	borg	58937b717b7b	fib	-O3	114.0
2026-07-29T14:29:27Z	borg	58937b717b7b	fib	fpc	114.0
2026-07-29T14:29:27Z	borg	58937b717b7b	selfcompile	-O0	6727.3
2026-07-29T14:29:27Z	borg	58937b717b7b	selfcompile	-O2	5472.8
2026-07-29T14:29:27Z	borg	58937b717b7b	selfcompile	-O3	5474.7
2026-07-29T14:46:14Z	borg	c3826590a7bb	mandelbrot	-O0	1366.4
2026-07-29T14:46:14Z	borg	c3826590a7bb	mandelbrot	-O2	1366.6
2026-07-29T14:46:14Z	borg	c3826590a7bb	mandelbrot	-O3	665.1
2026-07-29T14:46:14Z	borg	c3826590a7bb	mandelbrot-p	-O0	1416.5
2026-07-29T14:46:14Z	borg	c3826590a7bb	mandelbrot-p	-O2	1366.1
2026-07-29T14:46:14Z	borg	c3826590a7bb	mandelbrot-p	-O3	665.2
2026-07-29T14:46:14Z	borg	c3826590a7bb	mandelbrot-p	fpc	364.7
2026-07-29T14:46:14Z	borg	c3826590a7bb	raytracer	-O0	11489.1
2026-07-29T14:46:14Z	borg	c3826590a7bb	raytracer	-O2	6578.1
2026-07-29T14:46:14Z	borg	c3826590a7bb	raytracer	-O3	5124.8
2026-07-29T14:46:14Z	borg	c3826590a7bb	raytracer-p	-O0	314.5
2026-07-29T14:46:14Z	borg	c3826590a7bb	raytracer-p	-O2	314.7
2026-07-29T14:46:14Z	borg	c3826590a7bb	raytracer-p	-O3	264.5
2026-07-29T14:46:14Z	borg	c3826590a7bb	raytracer-p	fpc	31.8
2026-07-29T14:46:14Z	borg	c3826590a7bb	sieve	-O0	114.0
2026-07-29T14:46:14Z	borg	c3826590a7bb	sieve	-O2	63.9
2026-07-29T14:46:14Z	borg	c3826590a7bb	sieve	-O3	114.0
2026-07-29T14:46:14Z	borg	c3826590a7bb	sieve	fpc	31.8
2026-07-29T14:46:14Z	borg	c3826590a7bb	nbody	-O0	615.2
2026-07-29T14:46:14Z	borg	c3826590a7bb	nbody	-O2	565.0
2026-07-29T14:46:14Z	borg	c3826590a7bb	nbody	-O3	314.6
2026-07-29T14:46:14Z	borg	c3826590a7bb	nbody	fpc	64.0
2026-07-29T14:46:14Z	borg	c3826590a7bb	fib	-O0	264.3
2026-07-29T14:46:14Z	borg	c3826590a7bb	fib	-O2	164.2
2026-07-29T14:46:14Z	borg	c3826590a7bb	fib	-O3	114.0
2026-07-29T14:46:14Z	borg	c3826590a7bb	fib	fpc	114.1
2026-07-29T14:46:14Z	borg	c3826590a7bb	selfcompile	-O0	6729.0
2026-07-29T14:46:14Z	borg	c3826590a7bb	selfcompile	-O2	5377.1
2026-07-29T14:46:14Z	borg	c3826590a7bb	selfcompile	-O3	5625.0
2026-07-29T15:02:44Z	borg	ad2eb89fe964	mandelbrot	-O0	1366.3
2026-07-29T15:02:44Z	borg	ad2eb89fe964	mandelbrot	-O2	1366.4
2026-07-29T15:02:44Z	borg	ad2eb89fe964	mandelbrot	-O3	665.1
2026-07-29T15:02:44Z	borg	ad2eb89fe964	mandelbrot-p	-O0	1416.3
2026-07-29T15:02:44Z	borg	ad2eb89fe964	mandelbrot-p	-O2	1416.7
2026-07-29T15:02:44Z	borg	ad2eb89fe964	mandelbrot-p	-O3	665.1
2026-07-29T15:02:44Z	borg	ad2eb89fe964	mandelbrot-p	fpc	364.6
2026-07-29T15:02:44Z	borg	ad2eb89fe964	raytracer	-O0	12738.5
2026-07-29T15:02:44Z	borg	ad2eb89fe964	raytracer	-O2	6578.4
2026-07-29T15:02:44Z	borg	ad2eb89fe964	raytracer	-O3	5475.4
2026-07-29T15:02:44Z	borg	ad2eb89fe964	raytracer-p	-O0	364.6
2026-07-29T15:02:44Z	borg	ad2eb89fe964	raytracer-p	-O2	364.5
2026-07-29T15:02:44Z	borg	ad2eb89fe964	raytracer-p	-O3	314.4
2026-07-29T15:02:44Z	borg	ad2eb89fe964	raytracer-p	fpc	31.9
2026-07-29T15:02:44Z	borg	ad2eb89fe964	sieve	-O0	114.0
2026-07-29T15:02:44Z	borg	ad2eb89fe964	sieve	-O2	63.9
2026-07-29T15:02:44Z	borg	ad2eb89fe964	sieve	-O3	114.0
2026-07-29T15:02:44Z	borg	ad2eb89fe964	sieve	fpc	31.9
2026-07-29T15:02:44Z	borg	ad2eb89fe964	nbody	-O0	665.0
2026-07-29T15:02:44Z	borg	ad2eb89fe964	nbody	-O2	665.3
2026-07-29T15:02:44Z	borg	ad2eb89fe964	nbody	-O3	364.5
2026-07-29T15:02:44Z	borg	ad2eb89fe964	nbody	fpc	63.9
2026-07-29T15:02:44Z	borg	ad2eb89fe964	fib	-O0	264.3
2026-07-29T15:02:44Z	borg	ad2eb89fe964	fib	-O2	164.0
2026-07-29T15:02:44Z	borg	ad2eb89fe964	fib	-O3	114.0
2026-07-29T15:02:44Z	borg	ad2eb89fe964	fib	fpc	114.0
2026-07-29T15:02:44Z	borg	ad2eb89fe964	selfcompile	-O0	7329.7
2026-07-29T15:02:44Z	borg	ad2eb89fe964	selfcompile	-O2	5776.4
2026-07-29T15:02:44Z	borg	ad2eb89fe964	selfcompile	-O3	5825.7
2026-07-29T15:38:38Z	borg	ba484ff58a5e	mandelbrot	-O0	1417.1
2026-07-29T15:38:38Z	borg	ba484ff58a5e	mandelbrot	-O2	1416.7
2026-07-29T15:38:38Z	borg	ba484ff58a5e	mandelbrot	-O3	665.3
2026-07-29T15:38:38Z	borg	ba484ff58a5e	mandelbrot-p	-O0	1416.5
2026-07-29T15:38:38Z	borg	ba484ff58a5e	mandelbrot-p	-O2	1366.6
2026-07-29T15:38:38Z	borg	ba484ff58a5e	mandelbrot-p	-O3	665.3
2026-07-29T15:38:38Z	borg	ba484ff58a5e	mandelbrot-p	fpc	364.6
2026-07-29T15:38:38Z	borg	ba484ff58a5e	raytracer	-O0	12490.5
2026-07-29T15:38:38Z	borg	ba484ff58a5e	raytracer	-O2	7579.6
2026-07-29T15:38:38Z	borg	ba484ff58a5e	raytracer	-O3	6025.8
2026-07-29T15:38:38Z	borg	ba484ff58a5e	raytracer-p	-O0	414.7
2026-07-29T15:38:38Z	borg	ba484ff58a5e	raytracer-p	-O2	364.6
2026-07-29T15:38:38Z	borg	ba484ff58a5e	raytracer-p	-O3	314.5
2026-07-29T15:38:38Z	borg	ba484ff58a5e	raytracer-p	fpc	63.9
2026-07-29T15:38:38Z	borg	ba484ff58a5e	sieve	-O0	113.9
2026-07-29T15:38:38Z	borg	ba484ff58a5e	sieve	-O2	114.0
2026-07-29T15:38:38Z	borg	ba484ff58a5e	sieve	-O3	113.9
2026-07-29T15:38:38Z	borg	ba484ff58a5e	sieve	fpc	64.0
2026-07-29T15:38:38Z	borg	ba484ff58a5e	nbody	-O0	665.2
2026-07-29T15:38:38Z	borg	ba484ff58a5e	nbody	-O2	615.0
2026-07-29T15:38:38Z	borg	ba484ff58a5e	nbody	-O3	364.5
2026-07-29T15:38:38Z	borg	ba484ff58a5e	nbody	fpc	114.0
2026-07-29T15:38:38Z	borg	ba484ff58a5e	fib	-O0	314.4
2026-07-29T15:38:38Z	borg	ba484ff58a5e	fib	-O2	164.0
2026-07-29T15:38:38Z	borg	ba484ff58a5e	fib	-O3	114.1
2026-07-29T15:38:38Z	borg	ba484ff58a5e	fib	fpc	114.0
2026-07-29T15:38:38Z	borg	ba484ff58a5e	selfcompile	-O0	7732.0
2026-07-29T15:38:38Z	borg	ba484ff58a5e	selfcompile	-O2	5725.6
2026-07-29T15:38:38Z	borg	ba484ff58a5e	selfcompile	-O3	6076.9
2026-07-29T16:07:52Z	borg	42eac8871325	mandelbrot	-O0	1516.9
2026-07-29T16:07:52Z	borg	42eac8871325	mandelbrot	-O2	1416.8
2026-07-29T16:07:52Z	borg	42eac8871325	mandelbrot	-O3	715.3
2026-07-29T16:07:52Z	borg	42eac8871325	mandelbrot-p	-O0	1466.8
2026-07-29T16:07:52Z	borg	42eac8871325	mandelbrot-p	-O2	1416.6
2026-07-29T16:07:52Z	borg	42eac8871325	mandelbrot-p	-O3	665.2
2026-07-29T16:07:52Z	borg	42eac8871325	mandelbrot-p	fpc	364.6
2026-07-29T16:07:52Z	borg	42eac8871325	raytracer	-O0	13540.7
2026-07-29T16:07:52Z	borg	42eac8871325	raytracer	-O2	7579.5
2026-07-29T16:07:52Z	borg	42eac8871325	raytracer	-O3	6226.2
2026-07-29T16:07:52Z	borg	42eac8871325	raytracer-p	-O0	364.6
2026-07-29T16:07:52Z	borg	42eac8871325	raytracer-p	-O2	364.6
2026-07-29T16:07:52Z	borg	42eac8871325	raytracer-p	-O3	314.5
2026-07-29T16:07:52Z	borg	42eac8871325	raytracer-p	fpc	31.8
2026-07-29T16:07:52Z	borg	42eac8871325	sieve	-O0	114.0
2026-07-29T16:07:52Z	borg	42eac8871325	sieve	-O2	113.9
2026-07-29T16:07:52Z	borg	42eac8871325	sieve	-O3	114.0
2026-07-29T16:07:52Z	borg	42eac8871325	sieve	fpc	31.9
2026-07-29T16:07:52Z	borg	42eac8871325	nbody	-O0	665.2
2026-07-29T16:07:52Z	borg	42eac8871325	nbody	-O2	667.7
2026-07-29T16:07:52Z	borg	42eac8871325	nbody	-O3	364.5
2026-07-29T16:07:52Z	borg	42eac8871325	nbody	fpc	114.0
2026-07-29T16:07:52Z	borg	42eac8871325	fib	-O0	364.5
2026-07-29T16:07:52Z	borg	42eac8871325	fib	-O2	164.1
2026-07-29T16:07:52Z	borg	42eac8871325	fib	-O3	114.1
2026-07-29T16:07:52Z	borg	42eac8871325	fib	fpc	114.0
2026-07-29T16:07:52Z	borg	42eac8871325	selfcompile	-O0	7679.0
2026-07-29T16:07:52Z	borg	42eac8871325	selfcompile	-O2	6829.7
2026-07-29T16:07:52Z	borg	42eac8871325	selfcompile	-O3	5976.1
2026-07-29T17:12:59Z	borg	ac564f142231	mandelbrot	-O0	1416.8
2026-07-29T17:12:59Z	borg	ac564f142231	mandelbrot	-O2	1416.9
2026-07-29T17:12:59Z	borg	ac564f142231	mandelbrot	-O3	665.3
2026-07-29T17:12:59Z	borg	ac564f142231	mandelbrot-p	-O0	1466.9
2026-07-29T17:12:59Z	borg	ac564f142231	mandelbrot-p	-O2	1416.4
2026-07-29T17:12:59Z	borg	ac564f142231	mandelbrot-p	-O3	665.1
2026-07-29T17:12:59Z	borg	ac564f142231	mandelbrot-p	fpc	364.6
2026-07-29T17:12:59Z	borg	ac564f142231	raytracer	-O0	13140.2
2026-07-29T17:12:59Z	borg	ac564f142231	raytracer	-O2	7129.5
2026-07-29T17:12:59Z	borg	ac564f142231	raytracer	-O3	5775.0
2026-07-29T17:12:59Z	borg	ac564f142231	raytracer-p	-O0	364.6
2026-07-29T17:12:59Z	borg	ac564f142231	raytracer-p	-O2	314.6
2026-07-29T17:12:59Z	borg	ac564f142231	raytracer-p	-O3	315.6
2026-07-29T17:12:59Z	borg	ac564f142231	raytracer-p	fpc	31.9
2026-07-29T17:12:59Z	borg	ac564f142231	sieve	-O0	114.1
2026-07-29T17:12:59Z	borg	ac564f142231	sieve	-O2	114.1
2026-07-29T17:12:59Z	borg	ac564f142231	sieve	-O3	114.1
2026-07-29T17:12:59Z	borg	ac564f142231	sieve	fpc	31.8
2026-07-29T17:12:59Z	borg	ac564f142231	nbody	-O0	665.2
2026-07-29T17:12:59Z	borg	ac564f142231	nbody	-O2	615.4
2026-07-29T17:12:59Z	borg	ac564f142231	nbody	-O3	364.5
2026-07-29T17:12:59Z	borg	ac564f142231	nbody	fpc	114.0
2026-07-29T17:12:59Z	borg	ac564f142231	fib	-O0	265.1
2026-07-29T17:12:59Z	borg	ac564f142231	fib	-O2	164.1
2026-07-29T17:12:59Z	borg	ac564f142231	fib	-O3	114.0
2026-07-29T17:12:59Z	borg	ac564f142231	fib	fpc	114.0
2026-07-29T17:12:59Z	borg	ac564f142231	selfcompile	-O0	7078.8
2026-07-29T17:12:59Z	borg	ac564f142231	selfcompile	-O2	5826.3
2026-07-29T17:12:59Z	borg	ac564f142231	selfcompile	-O3	5825.8
2026-07-29T18:38:54Z	borg	c2e486805e2c	mandelbrot	-O0	1416.5
2026-07-29T18:38:54Z	borg	c2e486805e2c	mandelbrot	-O2	1366.8
2026-07-29T18:38:54Z	borg	c2e486805e2c	mandelbrot	-O3	665.3
2026-07-29T18:38:54Z	borg	c2e486805e2c	mandelbrot-p	-O0	1416.7
2026-07-29T18:38:54Z	borg	c2e486805e2c	mandelbrot-p	-O2	1418.1
2026-07-29T18:38:54Z	borg	c2e486805e2c	mandelbrot-p	-O3	765.4
2026-07-29T18:38:54Z	borg	c2e486805e2c	mandelbrot-p	fpc	414.8
2026-07-29T18:38:54Z	borg	c2e486805e2c	raytracer	-O0	13492.1
2026-07-29T18:38:54Z	borg	c2e486805e2c	raytracer	-O2	7429.3
2026-07-29T18:38:54Z	borg	c2e486805e2c	raytracer	-O3	6276.1
2026-07-29T18:38:54Z	borg	c2e486805e2c	raytracer-p	-O0	414.7
2026-07-29T18:38:54Z	borg	c2e486805e2c	raytracer-p	-O2	364.7
2026-07-29T18:38:54Z	borg	c2e486805e2c	raytracer-p	-O3	314.5
2026-07-29T18:38:54Z	borg	c2e486805e2c	raytracer-p	fpc	63.9
2026-07-29T18:38:54Z	borg	c2e486805e2c	sieve	-O0	114.0
2026-07-29T18:38:54Z	borg	c2e486805e2c	sieve	-O2	113.9
2026-07-29T18:38:54Z	borg	c2e486805e2c	sieve	-O3	114.0
2026-07-29T18:38:54Z	borg	c2e486805e2c	sieve	fpc	64.0
2026-07-29T18:38:54Z	borg	c2e486805e2c	nbody	-O0	665.1
2026-07-29T18:38:54Z	borg	c2e486805e2c	nbody	-O2	665.2
2026-07-29T18:38:54Z	borg	c2e486805e2c	nbody	-O3	364.4
2026-07-29T18:38:54Z	borg	c2e486805e2c	nbody	fpc	114.0
2026-07-29T18:38:54Z	borg	c2e486805e2c	fib	-O0	314.6
2026-07-29T18:38:54Z	borg	c2e486805e2c	fib	-O2	164.1
2026-07-29T18:38:54Z	borg	c2e486805e2c	fib	-O3	114.0
2026-07-29T18:38:54Z	borg	c2e486805e2c	fib	fpc	114.0
2026-07-29T18:38:54Z	borg	c2e486805e2c	selfcompile	-O0	7529.7
2026-07-29T18:38:54Z	borg	c2e486805e2c	selfcompile	-O2	6026.5
2026-07-29T18:38:54Z	borg	c2e486805e2c	selfcompile	-O3	6076.7
2026-07-29T19:08:46Z	borg	d468e887ef6c	mandelbrot	-O0	1416.4
2026-07-29T19:08:46Z	borg	d468e887ef6c	mandelbrot	-O2	1416.9
2026-07-29T19:08:46Z	borg	d468e887ef6c	mandelbrot	-O3	715.5
2026-07-29T19:08:46Z	borg	d468e887ef6c	mandelbrot-p	-O0	1416.6
2026-07-29T19:08:46Z	borg	d468e887ef6c	mandelbrot-p	-O2	1517.0
2026-07-29T19:08:46Z	borg	d468e887ef6c	mandelbrot-p	-O3	765.3
2026-07-29T19:08:46Z	borg	d468e887ef6c	mandelbrot-p	fpc	364.6
2026-07-29T19:08:46Z	borg	d468e887ef6c	raytracer	-O0	12939.7
2026-07-29T19:08:46Z	borg	d468e887ef6c	raytracer	-O2	8130.5
2026-07-29T19:08:46Z	borg	d468e887ef6c	raytracer	-O3	6226.5
2026-07-29T19:08:46Z	borg	d468e887ef6c	raytracer-p	-O0	514.9
2026-07-29T19:08:46Z	borg	d468e887ef6c	raytracer-p	-O2	364.6
2026-07-29T19:08:46Z	borg	d468e887ef6c	raytracer-p	-O3	364.6
2026-07-29T19:08:46Z	borg	d468e887ef6c	raytracer-p	fpc	64.0
2026-07-29T19:08:46Z	borg	d468e887ef6c	sieve	-O0	114.0
2026-07-29T19:08:46Z	borg	d468e887ef6c	sieve	-O2	114.0
2026-07-29T19:08:46Z	borg	d468e887ef6c	sieve	-O3	114.0
2026-07-29T19:08:46Z	borg	d468e887ef6c	sieve	fpc	63.8
2026-07-29T19:08:46Z	borg	d468e887ef6c	nbody	-O0	765.3
2026-07-29T19:08:46Z	borg	d468e887ef6c	nbody	-O2	665.1
2026-07-29T19:08:46Z	borg	d468e887ef6c	nbody	-O3	364.5
2026-07-29T19:08:46Z	borg	d468e887ef6c	nbody	fpc	114.0
2026-07-29T19:08:46Z	borg	d468e887ef6c	fib	-O0	264.3
2026-07-29T19:08:46Z	borg	d468e887ef6c	fib	-O2	264.5
2026-07-29T19:08:46Z	borg	d468e887ef6c	fib	-O3	114.0
2026-07-29T19:08:46Z	borg	d468e887ef6c	fib	fpc	114.0
2026-07-29T19:08:46Z	borg	d468e887ef6c	selfcompile	-O0	8280.6
2026-07-29T19:08:46Z	borg	d468e887ef6c	selfcompile	-O2	6376.6
2026-07-29T19:08:46Z	borg	d468e887ef6c	selfcompile	-O3	6278.2
2026-07-29T19:27:41Z	borg	2a2f334b1927	mandelbrot	-O0	1366.9
2026-07-29T19:27:41Z	borg	2a2f334b1927	mandelbrot	-O2	1366.9
2026-07-29T19:27:41Z	borg	2a2f334b1927	mandelbrot	-O3	665.2
2026-07-29T19:27:41Z	borg	2a2f334b1927	mandelbrot-p	-O0	1367.0
2026-07-29T19:27:41Z	borg	2a2f334b1927	mandelbrot-p	-O2	1366.8
2026-07-29T19:27:41Z	borg	2a2f334b1927	mandelbrot-p	-O3	665.1
2026-07-29T19:27:41Z	borg	2a2f334b1927	mandelbrot-p	fpc	364.6
2026-07-29T19:27:41Z	borg	2a2f334b1927	raytracer	-O0	12240.0
2026-07-29T19:27:41Z	borg	2a2f334b1927	raytracer	-O2	6880.0
2026-07-29T19:27:41Z	borg	2a2f334b1927	raytracer	-O3	5625.8
2026-07-29T19:27:41Z	borg	2a2f334b1927	raytracer-p	-O0	364.5
2026-07-29T19:27:41Z	borg	2a2f334b1927	raytracer-p	-O2	365.6
2026-07-29T19:27:41Z	borg	2a2f334b1927	raytracer-p	-O3	315.3
2026-07-29T19:27:41Z	borg	2a2f334b1927	raytracer-p	fpc	31.8
2026-07-29T19:27:41Z	borg	2a2f334b1927	sieve	-O0	114.2
2026-07-29T19:27:41Z	borg	2a2f334b1927	sieve	-O2	66.2
2026-07-29T19:27:41Z	borg	2a2f334b1927	sieve	-O3	64.1
2026-07-29T19:27:41Z	borg	2a2f334b1927	sieve	fpc	63.9
2026-07-29T19:27:41Z	borg	2a2f334b1927	nbody	-O0	665.2
2026-07-29T19:27:41Z	borg	2a2f334b1927	nbody	-O2	615.0
2026-07-29T19:27:41Z	borg	2a2f334b1927	nbody	-O3	364.6
2026-07-29T19:27:41Z	borg	2a2f334b1927	nbody	fpc	64.0
2026-07-29T19:27:41Z	borg	2a2f334b1927	fib	-O0	264.5
2026-07-29T19:27:41Z	borg	2a2f334b1927	fib	-O2	164.3
2026-07-29T19:27:41Z	borg	2a2f334b1927	fib	-O3	115.0
2026-07-29T19:27:41Z	borg	2a2f334b1927	fib	fpc	114.0
2026-07-29T19:27:41Z	borg	2a2f334b1927	selfcompile	-O0	7329.0
2026-07-29T19:27:41Z	borg	2a2f334b1927	selfcompile	-O2	5726.0
2026-07-29T19:27:41Z	borg	2a2f334b1927	selfcompile	-O3	5976.1
2026-07-29T20:20:37Z	borg	242b96878e2b	mandelbrot	-O0	1517.2
2026-07-29T20:20:37Z	borg	242b96878e2b	mandelbrot	-O2	1366.8
2026-07-29T20:20:37Z	borg	242b96878e2b	mandelbrot	-O3	665.1
2026-07-29T20:20:37Z	borg	242b96878e2b	mandelbrot-p	-O0	1466.8
2026-07-29T20:20:37Z	borg	242b96878e2b	mandelbrot-p	-O2	1416.6
2026-07-29T20:20:37Z	borg	242b96878e2b	mandelbrot-p	-O3	665.4
2026-07-29T20:20:37Z	borg	242b96878e2b	mandelbrot-p	fpc	364.6
2026-07-29T20:20:37Z	borg	242b96878e2b	raytracer	-O0	12938.9
2026-07-29T20:20:37Z	borg	242b96878e2b	raytracer	-O2	7531.0
2026-07-29T20:20:37Z	borg	242b96878e2b	raytracer	-O3	6127.1
2026-07-29T20:20:37Z	borg	242b96878e2b	raytracer-p	-O0	364.6
2026-07-29T20:20:37Z	borg	242b96878e2b	raytracer-p	-O2	314.6
2026-07-29T20:20:37Z	borg	242b96878e2b	raytracer-p	-O3	314.3
2026-07-29T20:20:37Z	borg	242b96878e2b	raytracer-p	fpc	31.8
2026-07-29T20:20:37Z	borg	242b96878e2b	sieve	-O0	113.9
2026-07-29T20:20:37Z	borg	242b96878e2b	sieve	-O2	64.0
2026-07-29T20:20:37Z	borg	242b96878e2b	sieve	-O3	63.9
2026-07-29T20:20:37Z	borg	242b96878e2b	sieve	fpc	31.9
2026-07-29T20:20:37Z	borg	242b96878e2b	nbody	-O0	615.3
2026-07-29T20:20:37Z	borg	242b96878e2b	nbody	-O2	565.1
2026-07-29T20:20:37Z	borg	242b96878e2b	nbody	-O3	364.6
2026-07-29T20:20:37Z	borg	242b96878e2b	nbody	fpc	64.0
2026-07-29T20:20:37Z	borg	242b96878e2b	fib	-O0	264.4
2026-07-29T20:20:37Z	borg	242b96878e2b	fib	-O2	164.2
2026-07-29T20:20:37Z	borg	242b96878e2b	fib	-O3	114.0
2026-07-29T20:20:37Z	borg	242b96878e2b	fib	fpc	114.0
2026-07-29T20:20:37Z	borg	242b96878e2b	selfcompile	-O0	7127.7
2026-07-29T20:20:37Z	borg	242b96878e2b	selfcompile	-O2	5275.5
2026-07-29T20:20:37Z	borg	242b96878e2b	selfcompile	-O3	5224.5
2026-07-29T20:46:42Z	borg	29cbc1e524fc	mandelbrot	-O0	1366.2
2026-07-29T20:46:42Z	borg	29cbc1e524fc	mandelbrot	-O2	1316.1
2026-07-29T20:46:42Z	borg	29cbc1e524fc	mandelbrot	-O3	664.9
2026-07-29T20:46:42Z	borg	29cbc1e524fc	mandelbrot-p	-O0	1366.3
2026-07-29T20:46:42Z	borg	29cbc1e524fc	mandelbrot-p	-O2	1416.1
2026-07-29T20:46:42Z	borg	29cbc1e524fc	mandelbrot-p	-O3	664.8
2026-07-29T20:46:42Z	borg	29cbc1e524fc	mandelbrot-p	fpc	364.6
2026-07-29T20:46:42Z	borg	29cbc1e524fc	raytracer	-O0	12238.7
2026-07-29T20:46:42Z	borg	29cbc1e524fc	raytracer	-O2	6778.8
2026-07-29T20:46:42Z	borg	29cbc1e524fc	raytracer	-O3	6227.6
2026-07-29T20:46:42Z	borg	29cbc1e524fc	raytracer-p	-O0	364.5
2026-07-29T20:46:42Z	borg	29cbc1e524fc	raytracer-p	-O2	314.3
2026-07-29T20:46:42Z	borg	29cbc1e524fc	raytracer-p	-O3	314.4
2026-07-29T20:46:42Z	borg	29cbc1e524fc	raytracer-p	fpc	31.8
2026-07-29T20:46:42Z	borg	29cbc1e524fc	sieve	-O0	114.1
2026-07-29T20:46:42Z	borg	29cbc1e524fc	sieve	-O2	64.0
2026-07-29T20:46:42Z	borg	29cbc1e524fc	sieve	-O3	114.0
2026-07-29T20:46:42Z	borg	29cbc1e524fc	sieve	fpc	31.8
2026-07-29T20:46:42Z	borg	29cbc1e524fc	nbody	-O0	665.0
2026-07-29T20:46:42Z	borg	29cbc1e524fc	nbody	-O2	565.0
2026-07-29T20:46:42Z	borg	29cbc1e524fc	nbody	-O3	364.6
2026-07-29T20:46:42Z	borg	29cbc1e524fc	nbody	fpc	113.9
2026-07-29T20:46:42Z	borg	29cbc1e524fc	fib	-O0	264.3
2026-07-29T20:46:42Z	borg	29cbc1e524fc	fib	-O2	164.0
2026-07-29T20:46:42Z	borg	29cbc1e524fc	fib	-O3	114.0
2026-07-29T20:46:42Z	borg	29cbc1e524fc	fib	fpc	114.0
2026-07-29T20:46:42Z	borg	29cbc1e524fc	selfcompile	-O0	6976.6
2026-07-29T20:46:42Z	borg	29cbc1e524fc	selfcompile	-O2	5926.5
2026-07-29T20:46:42Z	borg	29cbc1e524fc	selfcompile	-O3	5875.5
2026-07-29T21:08:05Z	borg	77857ddfb7f4	mandelbrot	-O0	1366.7
2026-07-29T21:08:05Z	borg	77857ddfb7f4	mandelbrot	-O2	1366.5
2026-07-29T21:08:05Z	borg	77857ddfb7f4	mandelbrot	-O3	665.3
2026-07-29T21:08:05Z	borg	77857ddfb7f4	mandelbrot-p	-O0	1366.9
2026-07-29T21:08:05Z	borg	77857ddfb7f4	mandelbrot-p	-O2	1416.8
2026-07-29T21:08:05Z	borg	77857ddfb7f4	mandelbrot-p	-O3	665.1
2026-07-29T21:08:05Z	borg	77857ddfb7f4	mandelbrot-p	fpc	364.4
2026-07-29T21:08:05Z	borg	77857ddfb7f4	raytracer	-O0	12338.9
2026-07-29T21:08:05Z	borg	77857ddfb7f4	raytracer	-O2	7277.5
2026-07-29T21:08:05Z	borg	77857ddfb7f4	raytracer	-O3	5876.1
2026-07-29T21:08:05Z	borg	77857ddfb7f4	raytracer-p	-O0	414.6
2026-07-29T21:08:05Z	borg	77857ddfb7f4	raytracer-p	-O2	364.7
2026-07-29T21:08:05Z	borg	77857ddfb7f4	raytracer-p	-O3	314.5
2026-07-29T21:08:05Z	borg	77857ddfb7f4	raytracer-p	fpc	31.7
2026-07-29T21:08:05Z	borg	77857ddfb7f4	sieve	-O0	114.0
2026-07-29T21:08:05Z	borg	77857ddfb7f4	sieve	-O2	63.9
2026-07-29T21:08:05Z	borg	77857ddfb7f4	sieve	-O3	114.0
2026-07-29T21:08:05Z	borg	77857ddfb7f4	sieve	fpc	31.8
2026-07-29T21:08:05Z	borg	77857ddfb7f4	nbody	-O0	615.1
2026-07-29T21:08:05Z	borg	77857ddfb7f4	nbody	-O2	614.8
2026-07-29T21:08:05Z	borg	77857ddfb7f4	nbody	-O3	364.6
2026-07-29T21:08:05Z	borg	77857ddfb7f4	nbody	fpc	114.1
2026-07-29T21:08:05Z	borg	77857ddfb7f4	fib	-O0	264.4
2026-07-29T21:08:05Z	borg	77857ddfb7f4	fib	-O2	164.1
2026-07-29T21:08:05Z	borg	77857ddfb7f4	fib	-O3	114.0
2026-07-29T21:08:05Z	borg	77857ddfb7f4	fib	fpc	114.0
2026-07-29T21:08:05Z	borg	77857ddfb7f4	selfcompile	-O0	7378.8
2026-07-29T21:08:05Z	borg	77857ddfb7f4	selfcompile	-O2	6076.7
2026-07-29T21:08:05Z	borg	77857ddfb7f4	selfcompile	-O3	5376.3
2026-07-29T21:24:26Z	borg	54d7c1deeec9	mandelbrot	-O0	1416.6
2026-07-29T21:24:26Z	borg	54d7c1deeec9	mandelbrot	-O2	1316.5
2026-07-29T21:24:26Z	borg	54d7c1deeec9	mandelbrot	-O3	665.1
2026-07-29T21:24:26Z	borg	54d7c1deeec9	mandelbrot-p	-O0	1416.6
2026-07-29T21:24:26Z	borg	54d7c1deeec9	mandelbrot-p	-O2	1315.7
2026-07-29T21:24:26Z	borg	54d7c1deeec9	mandelbrot-p	-O3	614.7
2026-07-29T21:24:26Z	borg	54d7c1deeec9	mandelbrot-p	fpc	364.5
2026-07-29T21:24:26Z	borg	54d7c1deeec9	raytracer	-O0	12389.3
2026-07-29T21:24:26Z	borg	54d7c1deeec9	raytracer	-O2	7028.5
2026-07-29T21:24:26Z	borg	54d7c1deeec9	raytracer	-O3	5875.9
2026-07-29T21:24:26Z	borg	54d7c1deeec9	raytracer-p	-O0	364.6
2026-07-29T21:24:26Z	borg	54d7c1deeec9	raytracer-p	-O2	314.4
2026-07-29T21:24:26Z	borg	54d7c1deeec9	raytracer-p	-O3	264.3
2026-07-29T21:24:26Z	borg	54d7c1deeec9	raytracer-p	fpc	31.7
2026-07-29T21:24:26Z	borg	54d7c1deeec9	sieve	-O0	113.9
2026-07-29T21:24:26Z	borg	54d7c1deeec9	sieve	-O2	114.0
2026-07-29T21:24:26Z	borg	54d7c1deeec9	sieve	-O3	113.9
2026-07-29T21:24:26Z	borg	54d7c1deeec9	sieve	fpc	31.7
2026-07-29T21:24:26Z	borg	54d7c1deeec9	nbody	-O0	665.0
2026-07-29T21:24:26Z	borg	54d7c1deeec9	nbody	-O2	564.6
2026-07-29T21:24:26Z	borg	54d7c1deeec9	nbody	-O3	364.4
2026-07-29T21:24:26Z	borg	54d7c1deeec9	nbody	fpc	63.8
2026-07-29T21:24:26Z	borg	54d7c1deeec9	fib	-O0	264.4
2026-07-29T21:24:26Z	borg	54d7c1deeec9	fib	-O2	164.0
2026-07-29T21:24:26Z	borg	54d7c1deeec9	fib	-O3	113.9
2026-07-29T21:24:26Z	borg	54d7c1deeec9	fib	fpc	114.0
2026-07-29T21:24:26Z	borg	54d7c1deeec9	selfcompile	-O0	7227.3
2026-07-29T21:24:26Z	borg	54d7c1deeec9	selfcompile	-O2	5825.7
2026-07-29T21:24:26Z	borg	54d7c1deeec9	selfcompile	-O3	5775.5
2026-07-29T21:42:35Z	borg	efaad9cf81d8	mandelbrot	-O0	1316.9
2026-07-29T21:42:35Z	borg	efaad9cf81d8	mandelbrot	-O2	1416.6
2026-07-29T21:42:35Z	borg	efaad9cf81d8	mandelbrot	-O3	665.1
2026-07-29T21:42:35Z	borg	efaad9cf81d8	mandelbrot-p	-O0	1366.5
2026-07-29T21:42:35Z	borg	efaad9cf81d8	mandelbrot-p	-O2	1416.7
2026-07-29T21:42:35Z	borg	efaad9cf81d8	mandelbrot-p	-O3	715.1
2026-07-29T21:42:35Z	borg	efaad9cf81d8	mandelbrot-p	fpc	364.5
2026-07-29T21:42:35Z	borg	efaad9cf81d8	raytracer	-O0	12489.7
2026-07-29T21:42:35Z	borg	efaad9cf81d8	raytracer	-O2	7077.5
2026-07-29T21:42:35Z	borg	efaad9cf81d8	raytracer	-O3	5725.9
2026-07-29T21:42:35Z	borg	efaad9cf81d8	raytracer-p	-O0	364.4
2026-07-29T21:42:35Z	borg	efaad9cf81d8	raytracer-p	-O2	314.4
2026-07-29T21:42:35Z	borg	efaad9cf81d8	raytracer-p	-O3	314.4
2026-07-29T21:42:35Z	borg	efaad9cf81d8	raytracer-p	fpc	63.8
2026-07-29T21:42:35Z	borg	efaad9cf81d8	sieve	-O0	114.1
2026-07-29T21:42:35Z	borg	efaad9cf81d8	sieve	-O2	63.9
2026-07-29T21:42:35Z	borg	efaad9cf81d8	sieve	-O3	114.1
2026-07-29T21:42:35Z	borg	efaad9cf81d8	sieve	fpc	31.8
2026-07-29T21:42:35Z	borg	efaad9cf81d8	nbody	-O0	665.1
2026-07-29T21:42:35Z	borg	efaad9cf81d8	nbody	-O2	564.9
2026-07-29T21:42:35Z	borg	efaad9cf81d8	nbody	-O3	364.6
2026-07-29T21:42:35Z	borg	efaad9cf81d8	nbody	fpc	63.9
2026-07-29T21:42:35Z	borg	efaad9cf81d8	fib	-O0	264.2
2026-07-29T21:42:35Z	borg	efaad9cf81d8	fib	-O2	164.1
2026-07-29T21:42:35Z	borg	efaad9cf81d8	fib	-O3	114.0
2026-07-29T21:42:35Z	borg	efaad9cf81d8	fib	fpc	114.0
2026-07-29T21:42:35Z	borg	efaad9cf81d8	selfcompile	-O0	7329.5
2026-07-29T21:42:35Z	borg	efaad9cf81d8	selfcompile	-O2	5926.7
2026-07-29T21:42:35Z	borg	efaad9cf81d8	selfcompile	-O3	5826.5
2026-07-29T21:59:59Z	borg	acc05c3c31ba	mandelbrot	-O0	1416.1
2026-07-29T21:59:59Z	borg	acc05c3c31ba	mandelbrot	-O2	1416.2
2026-07-29T21:59:59Z	borg	acc05c3c31ba	mandelbrot	-O3	815.6
2026-07-29T21:59:59Z	borg	acc05c3c31ba	mandelbrot-p	-O0	1667.3
2026-07-29T21:59:59Z	borg	acc05c3c31ba	mandelbrot-p	-O2	1416.6
2026-07-29T21:59:59Z	borg	acc05c3c31ba	mandelbrot-p	-O3	715.3
2026-07-29T21:59:59Z	borg	acc05c3c31ba	mandelbrot-p	fpc	364.4
2026-07-29T21:59:59Z	borg	acc05c3c31ba	raytracer	-O0	14048.4
2026-07-29T21:59:59Z	borg	acc05c3c31ba	raytracer	-O2	7333.2
2026-07-29T21:59:59Z	borg	acc05c3c31ba	raytracer	-O3	5977.7
2026-07-29T21:59:59Z	borg	acc05c3c31ba	raytracer-p	-O0	414.6
2026-07-29T21:59:59Z	borg	acc05c3c31ba	raytracer-p	-O2	314.5
2026-07-29T21:59:59Z	borg	acc05c3c31ba	raytracer-p	-O3	264.4
2026-07-29T21:59:59Z	borg	acc05c3c31ba	raytracer-p	fpc	31.8
2026-07-29T21:59:59Z	borg	acc05c3c31ba	sieve	-O0	114.0
2026-07-29T21:59:59Z	borg	acc05c3c31ba	sieve	-O2	63.9
2026-07-29T21:59:59Z	borg	acc05c3c31ba	sieve	-O3	64.0
2026-07-29T21:59:59Z	borg	acc05c3c31ba	sieve	fpc	31.9
2026-07-29T21:59:59Z	borg	acc05c3c31ba	nbody	-O0	665.0
2026-07-29T21:59:59Z	borg	acc05c3c31ba	nbody	-O2	565.1
2026-07-29T21:59:59Z	borg	acc05c3c31ba	nbody	-O3	364.6
2026-07-29T21:59:59Z	borg	acc05c3c31ba	nbody	fpc	63.9
2026-07-29T21:59:59Z	borg	acc05c3c31ba	fib	-O0	264.3
2026-07-29T21:59:59Z	borg	acc05c3c31ba	fib	-O2	164.1
2026-07-29T21:59:59Z	borg	acc05c3c31ba	fib	-O3	114.0
2026-07-29T21:59:59Z	borg	acc05c3c31ba	fib	fpc	114.2
2026-07-29T21:59:59Z	borg	acc05c3c31ba	selfcompile	-O0	6978.1
2026-07-29T21:59:59Z	borg	acc05c3c31ba	selfcompile	-O2	5575.0
2026-07-29T21:59:59Z	borg	acc05c3c31ba	selfcompile	-O3	5925.9
2026-07-29T22:22:22Z	borg	375556ae7350	mandelbrot	-O0	1367.0
2026-07-29T22:22:22Z	borg	375556ae7350	mandelbrot	-O2	1366.5
2026-07-29T22:22:22Z	borg	375556ae7350	mandelbrot	-O3	665.2
2026-07-29T22:22:22Z	borg	375556ae7350	mandelbrot-p	-O0	1366.4
2026-07-29T22:22:22Z	borg	375556ae7350	mandelbrot-p	-O2	1366.4
2026-07-29T22:22:22Z	borg	375556ae7350	mandelbrot-p	-O3	665.2
2026-07-29T22:22:22Z	borg	375556ae7350	mandelbrot-p	fpc	364.5
2026-07-29T22:22:22Z	borg	375556ae7350	raytracer	-O0	12687.7
2026-07-29T22:22:22Z	borg	375556ae7350	raytracer	-O2	7178.0
2026-07-29T22:22:22Z	borg	375556ae7350	raytracer	-O3	5675.4
2026-07-29T22:22:22Z	borg	375556ae7350	raytracer-p	-O0	414.8
2026-07-29T22:22:22Z	borg	375556ae7350	raytracer-p	-O2	314.3
2026-07-29T22:22:22Z	borg	375556ae7350	raytracer-p	-O3	314.5
2026-07-29T22:22:22Z	borg	375556ae7350	raytracer-p	fpc	31.7
2026-07-29T22:22:22Z	borg	375556ae7350	sieve	-O0	113.9
2026-07-29T22:22:22Z	borg	375556ae7350	sieve	-O2	63.9
2026-07-29T22:22:22Z	borg	375556ae7350	sieve	-O3	64.0
2026-07-29T22:22:22Z	borg	375556ae7350	sieve	fpc	31.7
2026-07-29T22:22:22Z	borg	375556ae7350	nbody	-O0	665.1
2026-07-29T22:22:22Z	borg	375556ae7350	nbody	-O2	565.1
2026-07-29T22:22:22Z	borg	375556ae7350	nbody	-O3	364.6
2026-07-29T22:22:22Z	borg	375556ae7350	nbody	fpc	64.0
2026-07-29T22:22:22Z	borg	375556ae7350	fib	-O0	264.3
2026-07-29T22:22:22Z	borg	375556ae7350	fib	-O2	214.1
2026-07-29T22:22:22Z	borg	375556ae7350	fib	-O3	113.8
2026-07-29T22:22:22Z	borg	375556ae7350	fib	fpc	114.0
2026-07-29T22:22:22Z	borg	375556ae7350	selfcompile	-O0	7279.3
2026-07-29T22:22:22Z	borg	375556ae7350	selfcompile	-O2	5876.1
2026-07-29T22:22:22Z	borg	375556ae7350	selfcompile	-O3	5976.8
2026-07-29T22:39:43Z	borg	0c458ecbbf31	mandelbrot	-O0	1366.5
2026-07-29T22:39:43Z	borg	0c458ecbbf31	mandelbrot	-O2	1466.7
2026-07-29T22:39:43Z	borg	0c458ecbbf31	mandelbrot	-O3	665.2
2026-07-29T22:39:43Z	borg	0c458ecbbf31	mandelbrot-p	-O0	1466.8
2026-07-29T22:39:43Z	borg	0c458ecbbf31	mandelbrot-p	-O2	1316.7
2026-07-29T22:39:43Z	borg	0c458ecbbf31	mandelbrot-p	-O3	665.2
2026-07-29T22:39:43Z	borg	0c458ecbbf31	mandelbrot-p	fpc	364.3
2026-07-29T22:39:43Z	borg	0c458ecbbf31	raytracer	-O0	12339.7
2026-07-29T22:39:43Z	borg	0c458ecbbf31	raytracer	-O2	7027.3
2026-07-29T22:39:43Z	borg	0c458ecbbf31	raytracer	-O3	5775.9
2026-07-29T22:39:43Z	borg	0c458ecbbf31	raytracer-p	-O0	364.5
2026-07-29T22:39:43Z	borg	0c458ecbbf31	raytracer-p	-O2	314.5
2026-07-29T22:39:43Z	borg	0c458ecbbf31	raytracer-p	-O3	264.4
2026-07-29T22:39:43Z	borg	0c458ecbbf31	raytracer-p	fpc	31.7
2026-07-29T22:39:43Z	borg	0c458ecbbf31	sieve	-O0	114.0
2026-07-29T22:39:43Z	borg	0c458ecbbf31	sieve	-O2	114.0
2026-07-29T22:39:43Z	borg	0c458ecbbf31	sieve	-O3	114.0
2026-07-29T22:39:43Z	borg	0c458ecbbf31	sieve	fpc	31.7
2026-07-29T22:39:43Z	borg	0c458ecbbf31	nbody	-O0	665.2
2026-07-29T22:39:43Z	borg	0c458ecbbf31	nbody	-O2	564.9
2026-07-29T22:39:43Z	borg	0c458ecbbf31	nbody	-O3	364.3
2026-07-29T22:39:43Z	borg	0c458ecbbf31	nbody	fpc	114.0
2026-07-29T22:39:43Z	borg	0c458ecbbf31	fib	-O0	264.4
2026-07-29T22:39:43Z	borg	0c458ecbbf31	fib	-O2	164.0
2026-07-29T22:39:43Z	borg	0c458ecbbf31	fib	-O3	114.0
2026-07-29T22:39:43Z	borg	0c458ecbbf31	fib	fpc	114.0
2026-07-29T22:39:43Z	borg	0c458ecbbf31	selfcompile	-O0	7378.4
2026-07-29T22:39:43Z	borg	0c458ecbbf31	selfcompile	-O2	5725.1
2026-07-29T22:39:43Z	borg	0c458ecbbf31	selfcompile	-O3	5926.4
2026-07-29T22:57:41Z	borg	59d4aa66c09e	mandelbrot	-O0	1466.6
2026-07-29T22:57:41Z	borg	59d4aa66c09e	mandelbrot	-O2	1316.4
2026-07-29T22:57:41Z	borg	59d4aa66c09e	mandelbrot	-O3	715.3
2026-07-29T22:57:41Z	borg	59d4aa66c09e	mandelbrot-p	-O0	1366.6
2026-07-29T22:57:41Z	borg	59d4aa66c09e	mandelbrot-p	-O2	1366.1
2026-07-29T22:57:41Z	borg	59d4aa66c09e	mandelbrot-p	-O3	665.0
2026-07-29T22:57:41Z	borg	59d4aa66c09e	mandelbrot-p	fpc	314.6
2026-07-29T22:57:41Z	borg	59d4aa66c09e	raytracer	-O0	12289.8
2026-07-29T22:57:41Z	borg	59d4aa66c09e	raytracer	-O2	7228.9
2026-07-29T22:57:41Z	borg	59d4aa66c09e	raytracer	-O3	5876.1
2026-07-29T22:57:41Z	borg	59d4aa66c09e	raytracer-p	-O0	314.5
2026-07-29T22:57:41Z	borg	59d4aa66c09e	raytracer-p	-O2	314.4
2026-07-29T22:57:41Z	borg	59d4aa66c09e	raytracer-p	-O3	264.4
2026-07-29T22:57:41Z	borg	59d4aa66c09e	raytracer-p	fpc	31.9
2026-07-29T22:57:41Z	borg	59d4aa66c09e	sieve	-O0	114.1
2026-07-29T22:57:41Z	borg	59d4aa66c09e	sieve	-O2	64.0
2026-07-29T22:57:41Z	borg	59d4aa66c09e	sieve	-O3	64.1
2026-07-29T22:57:41Z	borg	59d4aa66c09e	sieve	fpc	31.8
2026-07-29T22:57:41Z	borg	59d4aa66c09e	nbody	-O0	615.2
2026-07-29T22:57:41Z	borg	59d4aa66c09e	nbody	-O2	565.0
2026-07-29T22:57:41Z	borg	59d4aa66c09e	nbody	-O3	364.7
2026-07-29T22:57:41Z	borg	59d4aa66c09e	nbody	fpc	64.0
2026-07-29T22:57:41Z	borg	59d4aa66c09e	fib	-O0	264.3
2026-07-29T22:57:41Z	borg	59d4aa66c09e	fib	-O2	164.1
2026-07-29T22:57:41Z	borg	59d4aa66c09e	fib	-O3	114.0
2026-07-29T22:57:41Z	borg	59d4aa66c09e	fib	fpc	113.9
2026-07-29T22:57:41Z	borg	59d4aa66c09e	selfcompile	-O0	7380.1
2026-07-29T22:57:41Z	borg	59d4aa66c09e	selfcompile	-O2	5977.3
2026-07-29T22:57:41Z	borg	59d4aa66c09e	selfcompile	-O3	5926.5
2026-07-29T23:30:13Z	borg	6922498243dc	mandelbrot	-O0	1366.7
2026-07-29T23:30:13Z	borg	6922498243dc	mandelbrot	-O2	1366.2
2026-07-29T23:30:13Z	borg	6922498243dc	mandelbrot	-O3	665.2
2026-07-29T23:30:13Z	borg	6922498243dc	mandelbrot-p	-O0	1366.1
2026-07-29T23:30:13Z	borg	6922498243dc	mandelbrot-p	-O2	1366.4
2026-07-29T23:30:13Z	borg	6922498243dc	mandelbrot-p	-O3	615.2
2026-07-29T23:30:13Z	borg	6922498243dc	mandelbrot-p	fpc	364.6
2026-07-29T23:30:13Z	borg	6922498243dc	raytracer	-O0	12589.0
2026-07-29T23:30:13Z	borg	6922498243dc	raytracer	-O2	7280.4
2026-07-29T23:30:13Z	borg	6922498243dc	raytracer	-O3	5926.6
2026-07-29T23:30:13Z	borg	6922498243dc	raytracer-p	-O0	364.4
2026-07-29T23:30:13Z	borg	6922498243dc	raytracer-p	-O2	364.6
2026-07-29T23:30:13Z	borg	6922498243dc	raytracer-p	-O3	314.4
2026-07-29T23:30:13Z	borg	6922498243dc	raytracer-p	fpc	31.8
2026-07-29T23:30:13Z	borg	6922498243dc	sieve	-O0	114.0
2026-07-29T23:30:13Z	borg	6922498243dc	sieve	-O2	114.0
2026-07-29T23:30:13Z	borg	6922498243dc	sieve	-O3	64.0
2026-07-29T23:30:13Z	borg	6922498243dc	sieve	fpc	31.8
2026-07-29T23:30:13Z	borg	6922498243dc	nbody	-O0	665.1
2026-07-29T23:30:13Z	borg	6922498243dc	nbody	-O2	565.0
2026-07-29T23:30:13Z	borg	6922498243dc	nbody	-O3	364.5
2026-07-29T23:30:13Z	borg	6922498243dc	nbody	fpc	114.1
2026-07-29T23:30:13Z	borg	6922498243dc	fib	-O0	264.3
2026-07-29T23:30:13Z	borg	6922498243dc	fib	-O2	164.0
2026-07-29T23:30:13Z	borg	6922498243dc	fib	-O3	113.9
2026-07-29T23:30:13Z	borg	6922498243dc	fib	fpc	113.9
2026-07-29T23:30:13Z	borg	6922498243dc	selfcompile	-O0	6978.5
2026-07-29T23:30:13Z	borg	6922498243dc	selfcompile	-O2	5926.1
2026-07-29T23:30:13Z	borg	6922498243dc	selfcompile	-O3	5725.8
2026-07-29T23:51:27Z	borg	9703b4e49a5b	mandelbrot	-O0	1416.6
2026-07-29T23:51:27Z	borg	9703b4e49a5b	mandelbrot	-O2	1316.5
2026-07-29T23:51:27Z	borg	9703b4e49a5b	mandelbrot	-O3	715.0
2026-07-29T23:51:27Z	borg	9703b4e49a5b	mandelbrot-p	-O0	1366.5
2026-07-29T23:51:27Z	borg	9703b4e49a5b	mandelbrot-p	-O2	1366.6
2026-07-29T23:51:27Z	borg	9703b4e49a5b	mandelbrot-p	-O3	664.9
2026-07-29T23:51:27Z	borg	9703b4e49a5b	mandelbrot-p	fpc	364.5
2026-07-29T23:51:27Z	borg	9703b4e49a5b	raytracer	-O0	12639.2
2026-07-29T23:51:27Z	borg	9703b4e49a5b	raytracer	-O2	6928.3
2026-07-29T23:51:27Z	borg	9703b4e49a5b	raytracer	-O3	5875.3
2026-07-29T23:51:27Z	borg	9703b4e49a5b	raytracer-p	-O0	364.7
2026-07-29T23:51:27Z	borg	9703b4e49a5b	raytracer-p	-O2	314.5
2026-07-29T23:51:27Z	borg	9703b4e49a5b	raytracer-p	-O3	314.4
2026-07-29T23:51:27Z	borg	9703b4e49a5b	raytracer-p	fpc	31.7
2026-07-29T23:51:27Z	borg	9703b4e49a5b	sieve	-O0	113.9
2026-07-29T23:51:27Z	borg	9703b4e49a5b	sieve	-O2	63.9
2026-07-29T23:51:27Z	borg	9703b4e49a5b	sieve	-O3	113.9
2026-07-29T23:51:27Z	borg	9703b4e49a5b	sieve	fpc	31.7
2026-07-29T23:51:27Z	borg	9703b4e49a5b	nbody	-O0	664.8
2026-07-29T23:51:27Z	borg	9703b4e49a5b	nbody	-O2	565.0
2026-07-29T23:51:27Z	borg	9703b4e49a5b	nbody	-O3	414.7
2026-07-29T23:51:27Z	borg	9703b4e49a5b	nbody	fpc	114.1
2026-07-29T23:51:27Z	borg	9703b4e49a5b	fib	-O0	264.3
2026-07-29T23:51:27Z	borg	9703b4e49a5b	fib	-O2	164.1
2026-07-29T23:51:27Z	borg	9703b4e49a5b	fib	-O3	114.0
2026-07-29T23:51:27Z	borg	9703b4e49a5b	fib	fpc	114.0
2026-07-29T23:51:27Z	borg	9703b4e49a5b	selfcompile	-O0	7379.5
2026-07-29T23:51:27Z	borg	9703b4e49a5b	selfcompile	-O2	5876.0
2026-07-29T23:51:27Z	borg	9703b4e49a5b	selfcompile	-O3	5926.4
2026-07-30T00:10:26Z	borg	0bdb8198e609	mandelbrot	-O0	1266.4
2026-07-30T00:10:26Z	borg	0bdb8198e609	mandelbrot	-O2	1266.5
2026-07-30T00:10:26Z	borg	0bdb8198e609	mandelbrot	-O3	615.0
2026-07-30T00:10:26Z	borg	0bdb8198e609	mandelbrot-p	-O0	1266.5
2026-07-30T00:10:26Z	borg	0bdb8198e609	mandelbrot-p	-O2	1266.4
2026-07-30T00:10:26Z	borg	0bdb8198e609	mandelbrot-p	-O3	615.1
2026-07-30T00:10:26Z	borg	0bdb8198e609	mandelbrot-p	fpc	314.5
2026-07-30T00:10:26Z	borg	0bdb8198e609	raytracer	-O0	10936.0
2026-07-30T00:10:26Z	borg	0bdb8198e609	raytracer	-O2	6277.1
2026-07-30T00:10:26Z	borg	0bdb8198e609	raytracer	-O3	5024.0
2026-07-30T00:10:26Z	borg	0bdb8198e609	raytracer-p	-O0	314.4
2026-07-30T00:10:26Z	borg	0bdb8198e609	raytracer-p	-O2	314.5
2026-07-30T00:10:26Z	borg	0bdb8198e609	raytracer-p	-O3	264.3
2026-07-30T00:10:26Z	borg	0bdb8198e609	raytracer-p	fpc	31.8
2026-07-30T00:10:26Z	borg	0bdb8198e609	sieve	-O0	113.9
2026-07-30T00:10:26Z	borg	0bdb8198e609	sieve	-O2	64.0
2026-07-30T00:10:26Z	borg	0bdb8198e609	sieve	-O3	63.9
2026-07-30T00:10:26Z	borg	0bdb8198e609	sieve	fpc	32.0
2026-07-30T00:10:26Z	borg	0bdb8198e609	nbody	-O0	615.2
2026-07-30T00:10:26Z	borg	0bdb8198e609	nbody	-O2	514.8
2026-07-30T00:10:26Z	borg	0bdb8198e609	nbody	-O3	314.5
2026-07-30T00:10:26Z	borg	0bdb8198e609	nbody	fpc	63.9
2026-07-30T00:10:26Z	borg	0bdb8198e609	fib	-O0	214.4
2026-07-30T00:10:26Z	borg	0bdb8198e609	fib	-O2	164.1
2026-07-30T00:10:26Z	borg	0bdb8198e609	fib	-O3	114.0
2026-07-30T00:10:26Z	borg	0bdb8198e609	fib	fpc	114.0
2026-07-30T00:10:26Z	borg	0bdb8198e609	selfcompile	-O0	6577.8
2026-07-30T00:10:26Z	borg	0bdb8198e609	selfcompile	-O2	5324.3
2026-07-30T00:10:26Z	borg	0bdb8198e609	selfcompile	-O3	5226.1
2026-07-30T05:06:46Z	borg	9580b175721b	mandelbrot	-O0	1416.7
2026-07-30T05:06:46Z	borg	9580b175721b	mandelbrot	-O2	1416.7
2026-07-30T05:06:46Z	borg	9580b175721b	mandelbrot	-O3	665.3
2026-07-30T05:06:46Z	borg	9580b175721b	mandelbrot-p	-O0	1366.8
2026-07-30T05:06:46Z	borg	9580b175721b	mandelbrot-p	-O2	1366.7
2026-07-30T05:06:46Z	borg	9580b175721b	mandelbrot-p	-O3	665.1
2026-07-30T05:06:46Z	borg	9580b175721b	mandelbrot-p	fpc	365.3
2026-07-30T05:06:46Z	borg	9580b175721b	raytracer	-O0	12240.3
2026-07-30T05:06:46Z	borg	9580b175721b	raytracer	-O2	7430.7
2026-07-30T05:06:46Z	borg	9580b175721b	raytracer	-O3	5876.5
2026-07-30T05:06:46Z	borg	9580b175721b	raytracer-p	-O0	364.5
2026-07-30T05:06:46Z	borg	9580b175721b	raytracer-p	-O2	365.8
2026-07-30T05:06:46Z	borg	9580b175721b	raytracer-p	-O3	314.5
2026-07-30T05:06:46Z	borg	9580b175721b	raytracer-p	fpc	31.9
2026-07-30T05:06:46Z	borg	9580b175721b	sieve	-O0	114.0
2026-07-30T05:06:46Z	borg	9580b175721b	sieve	-O2	64.0
2026-07-30T05:06:46Z	borg	9580b175721b	sieve	-O3	114.1
2026-07-30T05:06:46Z	borg	9580b175721b	sieve	fpc	31.8
2026-07-30T05:06:46Z	borg	9580b175721b	nbody	-O0	665.3
2026-07-30T05:06:46Z	borg	9580b175721b	nbody	-O2	565.2
2026-07-30T05:06:46Z	borg	9580b175721b	nbody	-O3	364.7
2026-07-30T05:06:46Z	borg	9580b175721b	nbody	fpc	64.1
2026-07-30T05:06:46Z	borg	9580b175721b	fib	-O0	264.3
2026-07-30T05:06:46Z	borg	9580b175721b	fib	-O2	163.9
2026-07-30T05:06:46Z	borg	9580b175721b	fib	-O3	114.0
2026-07-30T05:06:46Z	borg	9580b175721b	fib	fpc	164.3
2026-07-30T05:06:46Z	borg	9580b175721b	selfcompile	-O0	7229.6
2026-07-30T05:06:46Z	borg	9580b175721b	selfcompile	-O2	6276.8
2026-07-30T05:06:46Z	borg	9580b175721b	selfcompile	-O3	6228.6
2026-07-30T05:41:45Z	borg	dc7c8ffc7be5	mandelbrot	-O0	1416.9
2026-07-30T05:41:45Z	borg	dc7c8ffc7be5	mandelbrot	-O2	1366.8
2026-07-30T05:41:45Z	borg	dc7c8ffc7be5	mandelbrot	-O3	715.2
2026-07-30T05:41:45Z	borg	dc7c8ffc7be5	mandelbrot-p	-O0	1416.7
2026-07-30T05:41:45Z	borg	dc7c8ffc7be5	mandelbrot-p	-O2	1367.1
2026-07-30T05:41:45Z	borg	dc7c8ffc7be5	mandelbrot-p	-O3	665.2
2026-07-30T05:41:45Z	borg	dc7c8ffc7be5	mandelbrot-p	fpc	364.5
2026-07-30T05:41:45Z	borg	dc7c8ffc7be5	raytracer	-O0	12441.7
2026-07-30T05:41:45Z	borg	dc7c8ffc7be5	raytracer	-O2	7027.4
2026-07-30T05:41:45Z	borg	dc7c8ffc7be5	raytracer	-O3	5626.1
2026-07-30T05:41:45Z	borg	dc7c8ffc7be5	raytracer-p	-O0	364.4
2026-07-30T05:41:45Z	borg	dc7c8ffc7be5	raytracer-p	-O2	364.6
2026-07-30T05:41:45Z	borg	dc7c8ffc7be5	raytracer-p	-O3	314.3
2026-07-30T05:41:45Z	borg	dc7c8ffc7be5	raytracer-p	fpc	31.8
2026-07-30T05:41:45Z	borg	dc7c8ffc7be5	sieve	-O0	114.1
2026-07-30T05:41:45Z	borg	dc7c8ffc7be5	sieve	-O2	64.1
2026-07-30T05:41:45Z	borg	dc7c8ffc7be5	sieve	-O3	114.0
2026-07-30T05:41:45Z	borg	dc7c8ffc7be5	sieve	fpc	31.8
2026-07-30T05:41:45Z	borg	dc7c8ffc7be5	nbody	-O0	665.4
2026-07-30T05:41:45Z	borg	dc7c8ffc7be5	nbody	-O2	615.4
2026-07-30T05:41:45Z	borg	dc7c8ffc7be5	nbody	-O3	364.7
2026-07-30T05:41:45Z	borg	dc7c8ffc7be5	nbody	fpc	64.0
2026-07-30T05:41:45Z	borg	dc7c8ffc7be5	fib	-O0	264.6
2026-07-30T05:41:45Z	borg	dc7c8ffc7be5	fib	-O2	164.1
2026-07-30T05:41:45Z	borg	dc7c8ffc7be5	fib	-O3	114.0
2026-07-30T05:41:45Z	borg	dc7c8ffc7be5	fib	fpc	114.1
2026-07-30T05:41:45Z	borg	dc7c8ffc7be5	selfcompile	-O0	7179.5
2026-07-30T05:41:45Z	borg	dc7c8ffc7be5	selfcompile	-O2	6177.0
2026-07-30T05:41:45Z	borg	dc7c8ffc7be5	selfcompile	-O3	5826.5
2026-07-30T06:12:09Z	borg	949651f2ca98	mandelbrot	-O0	1416.9
2026-07-30T06:12:09Z	borg	949651f2ca98	mandelbrot	-O2	1366.7
2026-07-30T06:12:09Z	borg	949651f2ca98	mandelbrot	-O3	665.4
2026-07-30T06:12:09Z	borg	949651f2ca98	mandelbrot-p	-O0	1417.0
2026-07-30T06:12:09Z	borg	949651f2ca98	mandelbrot-p	-O2	1366.8
2026-07-30T06:12:09Z	borg	949651f2ca98	mandelbrot-p	-O3	665.3
2026-07-30T06:12:09Z	borg	949651f2ca98	mandelbrot-p	fpc	364.6
2026-07-30T06:12:09Z	borg	949651f2ca98	raytracer	-O0	11938.3
2026-07-30T06:12:09Z	borg	949651f2ca98	raytracer	-O2	6929.2
2026-07-30T06:12:09Z	borg	949651f2ca98	raytracer	-O3	5627.3
2026-07-30T06:12:09Z	borg	949651f2ca98	raytracer-p	-O0	364.5
2026-07-30T06:12:09Z	borg	949651f2ca98	raytracer-p	-O2	365.9
2026-07-30T06:12:09Z	borg	949651f2ca98	raytracer-p	-O3	314.5
2026-07-30T06:12:09Z	borg	949651f2ca98	raytracer-p	fpc	31.8
2026-07-30T06:12:09Z	borg	949651f2ca98	sieve	-O0	114.0
2026-07-30T06:12:09Z	borg	949651f2ca98	sieve	-O2	114.1
2026-07-30T06:12:09Z	borg	949651f2ca98	sieve	-O3	113.9
2026-07-30T06:12:09Z	borg	949651f2ca98	sieve	fpc	32.0
2026-07-30T06:12:09Z	borg	949651f2ca98	nbody	-O0	665.4
2026-07-30T06:12:09Z	borg	949651f2ca98	nbody	-O2	615.4
2026-07-30T06:12:09Z	borg	949651f2ca98	nbody	-O3	364.7
2026-07-30T06:12:09Z	borg	949651f2ca98	nbody	fpc	63.9
2026-07-30T06:12:09Z	borg	949651f2ca98	fib	-O0	264.4
2026-07-30T06:12:09Z	borg	949651f2ca98	fib	-O2	164.2
2026-07-30T06:12:09Z	borg	949651f2ca98	fib	-O3	114.1
2026-07-30T06:12:09Z	borg	949651f2ca98	fib	fpc	114.0
2026-07-30T06:12:09Z	borg	949651f2ca98	selfcompile	-O0	7129.6
2026-07-30T06:12:09Z	borg	949651f2ca98	selfcompile	-O2	5676.3
2026-07-30T06:12:09Z	borg	949651f2ca98	selfcompile	-O3	5877.3
2026-07-30T08:04:15Z	borg	dee842890aea	mandelbrot	-O0	1316.4
2026-07-30T08:04:15Z	borg	dee842890aea	mandelbrot	-O2	1316.4
2026-07-30T08:04:15Z	borg	dee842890aea	mandelbrot	-O3	665.0
2026-07-30T08:04:15Z	borg	dee842890aea	mandelbrot-p	-O0	1316.6
2026-07-30T08:04:15Z	borg	dee842890aea	mandelbrot-p	-O2	1316.6
2026-07-30T08:04:15Z	borg	dee842890aea	mandelbrot-p	-O3	615.1
2026-07-30T08:04:15Z	borg	dee842890aea	mandelbrot-p	fpc	314.5
2026-07-30T08:04:15Z	borg	dee842890aea	raytracer	-O0	11037.0
2026-07-30T08:04:15Z	borg	dee842890aea	raytracer	-O2	6527.5
2026-07-30T08:04:15Z	borg	dee842890aea	raytracer	-O3	5274.4
2026-07-30T08:04:15Z	borg	dee842890aea	raytracer-p	-O0	314.4
2026-07-30T08:04:15Z	borg	dee842890aea	raytracer-p	-O2	314.6
2026-07-30T08:04:15Z	borg	dee842890aea	raytracer-p	-O3	264.4
2026-07-30T08:04:15Z	borg	dee842890aea	raytracer-p	fpc	31.8
2026-07-30T08:04:15Z	borg	dee842890aea	sieve	-O0	114.1
2026-07-30T08:04:15Z	borg	dee842890aea	sieve	-O2	63.9
2026-07-30T08:04:15Z	borg	dee842890aea	sieve	-O3	63.9
2026-07-30T08:04:15Z	borg	dee842890aea	sieve	fpc	31.9
2026-07-30T08:04:15Z	borg	dee842890aea	nbody	-O0	615.0
2026-07-30T08:04:15Z	borg	dee842890aea	nbody	-O2	565.2
2026-07-30T08:04:15Z	borg	dee842890aea	nbody	-O3	314.5
2026-07-30T08:04:15Z	borg	dee842890aea	nbody	fpc	63.9
2026-07-30T08:04:15Z	borg	dee842890aea	fib	-O0	264.3
2026-07-30T08:04:15Z	borg	dee842890aea	fib	-O2	164.2
2026-07-30T08:04:15Z	borg	dee842890aea	fib	-O3	114.0
2026-07-30T08:04:15Z	borg	dee842890aea	fib	fpc	114.2
2026-07-30T08:04:15Z	borg	dee842890aea	selfcompile	-O0	6428.4
2026-07-30T08:04:15Z	borg	dee842890aea	selfcompile	-O2	5175.7
2026-07-30T08:04:15Z	borg	dee842890aea	selfcompile	-O3	5075.2
2026-07-30T09:27:53Z	borg	1cf23690b4c2	mandelbrot	-O0	1366.5
2026-07-30T09:27:53Z	borg	1cf23690b4c2	mandelbrot	-O2	1366.3
2026-07-30T09:27:53Z	borg	1cf23690b4c2	mandelbrot	-O3	765.1
2026-07-30T09:27:53Z	borg	1cf23690b4c2	mandelbrot-p	-O0	1516.9
2026-07-30T09:27:53Z	borg	1cf23690b4c2	mandelbrot-p	-O2	1416.6
2026-07-30T09:27:53Z	borg	1cf23690b4c2	mandelbrot-p	-O3	665.1
2026-07-30T09:27:53Z	borg	1cf23690b4c2	mandelbrot-p	fpc	364.6
2026-07-30T09:27:53Z	borg	1cf23690b4c2	raytracer	-O0	12589.9
2026-07-30T09:27:53Z	borg	1cf23690b4c2	raytracer	-O2	7178.4
2026-07-30T09:27:53Z	borg	1cf23690b4c2	raytracer	-O3	5926.4
2026-07-30T09:27:53Z	borg	1cf23690b4c2	raytracer-p	-O0	364.5
2026-07-30T09:27:53Z	borg	1cf23690b4c2	raytracer-p	-O2	364.7
2026-07-30T09:27:53Z	borg	1cf23690b4c2	raytracer-p	-O3	314.4
2026-07-30T09:27:53Z	borg	1cf23690b4c2	raytracer-p	fpc	31.7
2026-07-30T09:27:53Z	borg	1cf23690b4c2	sieve	-O0	114.0
2026-07-30T09:27:53Z	borg	1cf23690b4c2	sieve	-O2	64.1
2026-07-30T09:27:53Z	borg	1cf23690b4c2	sieve	-O3	114.0
2026-07-30T09:27:53Z	borg	1cf23690b4c2	sieve	fpc	31.8
2026-07-30T09:27:53Z	borg	1cf23690b4c2	nbody	-O0	665.1
2026-07-30T09:27:53Z	borg	1cf23690b4c2	nbody	-O2	564.6
2026-07-30T09:27:53Z	borg	1cf23690b4c2	nbody	-O3	414.7
2026-07-30T09:27:53Z	borg	1cf23690b4c2	nbody	fpc	63.9
2026-07-30T09:27:53Z	borg	1cf23690b4c2	fib	-O0	264.4
2026-07-30T09:27:53Z	borg	1cf23690b4c2	fib	-O2	164.1
2026-07-30T09:27:53Z	borg	1cf23690b4c2	fib	-O3	113.9
2026-07-30T09:27:53Z	borg	1cf23690b4c2	fib	fpc	114.2
2026-07-30T09:27:53Z	borg	1cf23690b4c2	selfcompile	-O0	7579.3
2026-07-30T09:27:53Z	borg	1cf23690b4c2	selfcompile	-O2	5675.8
2026-07-30T09:27:53Z	borg	1cf23690b4c2	selfcompile	-O3	5675.7
2026-07-30T09:49:56Z	borg	908f185fc5e1	mandelbrot	-O0	1366.8
2026-07-30T09:49:56Z	borg	908f185fc5e1	mandelbrot	-O2	1366.0
2026-07-30T09:49:56Z	borg	908f185fc5e1	mandelbrot	-O3	664.9
2026-07-30T09:49:56Z	borg	908f185fc5e1	mandelbrot-p	-O0	1466.9
2026-07-30T09:49:56Z	borg	908f185fc5e1	mandelbrot-p	-O2	1416.7
2026-07-30T09:49:56Z	borg	908f185fc5e1	mandelbrot-p	-O3	665.2
2026-07-30T09:49:56Z	borg	908f185fc5e1	mandelbrot-p	fpc	314.6
2026-07-30T09:49:56Z	borg	908f185fc5e1	raytracer	-O0	12438.8
2026-07-30T09:49:56Z	borg	908f185fc5e1	raytracer	-O2	7227.7
2026-07-30T09:49:56Z	borg	908f185fc5e1	raytracer	-O3	5925.6
2026-07-30T09:49:56Z	borg	908f185fc5e1	raytracer-p	-O0	364.4
2026-07-30T09:49:56Z	borg	908f185fc5e1	raytracer-p	-O2	364.6
2026-07-30T09:49:56Z	borg	908f185fc5e1	raytracer-p	-O3	314.3
2026-07-30T09:49:56Z	borg	908f185fc5e1	raytracer-p	fpc	63.9
2026-07-30T09:49:56Z	borg	908f185fc5e1	sieve	-O0	113.8
2026-07-30T09:49:56Z	borg	908f185fc5e1	sieve	-O2	114.0
2026-07-30T09:49:56Z	borg	908f185fc5e1	sieve	-O3	114.0
2026-07-30T09:49:56Z	borg	908f185fc5e1	sieve	fpc	31.8
2026-07-30T09:49:56Z	borg	908f185fc5e1	nbody	-O0	665.1
2026-07-30T09:49:56Z	borg	908f185fc5e1	nbody	-O2	615.0
2026-07-30T09:49:56Z	borg	908f185fc5e1	nbody	-O3	364.5
2026-07-30T09:49:56Z	borg	908f185fc5e1	nbody	fpc	63.9
2026-07-30T09:49:56Z	borg	908f185fc5e1	fib	-O0	264.4
2026-07-30T09:49:56Z	borg	908f185fc5e1	fib	-O2	164.1
2026-07-30T09:49:56Z	borg	908f185fc5e1	fib	-O3	114.0
2026-07-30T09:49:56Z	borg	908f185fc5e1	fib	fpc	114.1
2026-07-30T09:49:56Z	borg	908f185fc5e1	selfcompile	-O0	7429.6
2026-07-30T09:49:56Z	borg	908f185fc5e1	selfcompile	-O2	5826.8
2026-07-30T09:49:56Z	borg	908f185fc5e1	selfcompile	-O3	5976.3
2026-07-30T10:29:02Z	borg	3fbdb863610a	mandelbrot	-O0	1416.9
2026-07-30T10:29:02Z	borg	3fbdb863610a	mandelbrot	-O2	1417.0
2026-07-30T10:29:02Z	borg	3fbdb863610a	mandelbrot	-O3	715.2
2026-07-30T10:29:02Z	borg	3fbdb863610a	mandelbrot-p	-O0	1366.8
2026-07-30T10:29:02Z	borg	3fbdb863610a	mandelbrot-p	-O2	1366.3
2026-07-30T10:29:02Z	borg	3fbdb863610a	mandelbrot-p	-O3	665.2
2026-07-30T10:29:02Z	borg	3fbdb863610a	mandelbrot-p	fpc	364.4
2026-07-30T10:29:02Z	borg	3fbdb863610a	raytracer	-O0	12592.2
2026-07-30T10:29:02Z	borg	3fbdb863610a	raytracer	-O2	7281.2
2026-07-30T10:29:02Z	borg	3fbdb863610a	raytracer	-O3	6076.4
2026-07-30T10:29:02Z	borg	3fbdb863610a	raytracer-p	-O0	364.6
2026-07-30T10:29:02Z	borg	3fbdb863610a	raytracer-p	-O2	314.4
2026-07-30T10:29:02Z	borg	3fbdb863610a	raytracer-p	-O3	314.3
2026-07-30T10:29:02Z	borg	3fbdb863610a	raytracer-p	fpc	64.0
2026-07-30T10:29:02Z	borg	3fbdb863610a	sieve	-O0	114.0
2026-07-30T10:29:02Z	borg	3fbdb863610a	sieve	-O2	113.9
2026-07-30T10:29:02Z	borg	3fbdb863610a	sieve	-O3	114.0
2026-07-30T10:29:02Z	borg	3fbdb863610a	sieve	fpc	31.7
2026-07-30T10:29:02Z	borg	3fbdb863610a	nbody	-O0	665.0
2026-07-30T10:29:02Z	borg	3fbdb863610a	nbody	-O2	565.0
2026-07-30T10:29:02Z	borg	3fbdb863610a	nbody	-O3	364.5
2026-07-30T10:29:02Z	borg	3fbdb863610a	nbody	fpc	64.0
2026-07-30T10:29:02Z	borg	3fbdb863610a	fib	-O0	264.4
2026-07-30T10:29:02Z	borg	3fbdb863610a	fib	-O2	164.2
2026-07-30T10:29:02Z	borg	3fbdb863610a	fib	-O3	114.1
2026-07-30T10:29:02Z	borg	3fbdb863610a	fib	fpc	113.9
2026-07-30T10:29:02Z	borg	3fbdb863610a	selfcompile	-O0	7229.7
2026-07-30T10:29:02Z	borg	3fbdb863610a	selfcompile	-O2	5575.1
2026-07-30T10:29:02Z	borg	3fbdb863610a	selfcompile	-O3	5326.3
2026-07-30T10:47:21Z	borg	20d045d34709	mandelbrot	-O0	1416.5
2026-07-30T10:47:21Z	borg	20d045d34709	mandelbrot	-O2	1366.6
2026-07-30T10:47:21Z	borg	20d045d34709	mandelbrot	-O3	715.4
2026-07-30T10:47:21Z	borg	20d045d34709	mandelbrot-p	-O0	1466.8
2026-07-30T10:47:21Z	borg	20d045d34709	mandelbrot-p	-O2	1416.2
2026-07-30T10:47:21Z	borg	20d045d34709	mandelbrot-p	-O3	664.9
2026-07-30T10:47:21Z	borg	20d045d34709	mandelbrot-p	fpc	364.4
2026-07-30T10:47:21Z	borg	20d045d34709	raytracer	-O0	12689.0
2026-07-30T10:47:21Z	borg	20d045d34709	raytracer	-O2	7428.6
2026-07-30T10:47:21Z	borg	20d045d34709	raytracer	-O3	5425.6
2026-07-30T10:47:21Z	borg	20d045d34709	raytracer-p	-O0	364.6
2026-07-30T10:47:21Z	borg	20d045d34709	raytracer-p	-O2	314.4
2026-07-30T10:47:21Z	borg	20d045d34709	raytracer-p	-O3	264.4
2026-07-30T10:47:21Z	borg	20d045d34709	raytracer-p	fpc	31.8
2026-07-30T10:47:21Z	borg	20d045d34709	sieve	-O0	114.1
2026-07-30T10:47:21Z	borg	20d045d34709	sieve	-O2	64.0
2026-07-30T10:47:21Z	borg	20d045d34709	sieve	-O3	64.2
2026-07-30T10:47:21Z	borg	20d045d34709	sieve	fpc	31.8
2026-07-30T10:47:21Z	borg	20d045d34709	nbody	-O0	615.3
2026-07-30T10:47:21Z	borg	20d045d34709	nbody	-O2	565.1
2026-07-30T10:47:21Z	borg	20d045d34709	nbody	-O3	364.5
2026-07-30T10:47:21Z	borg	20d045d34709	nbody	fpc	64.1
2026-07-30T10:47:21Z	borg	20d045d34709	fib	-O0	264.2
2026-07-30T10:47:21Z	borg	20d045d34709	fib	-O2	164.2
2026-07-30T10:47:21Z	borg	20d045d34709	fib	-O3	114.0
2026-07-30T10:47:21Z	borg	20d045d34709	fib	fpc	114.1
2026-07-30T10:47:21Z	borg	20d045d34709	selfcompile	-O0	6929.0
2026-07-30T10:47:21Z	borg	20d045d34709	selfcompile	-O2	5475.0
2026-07-30T10:47:21Z	borg	20d045d34709	selfcompile	-O3	5276.5
2026-07-30T11:17:19Z	borg	ac5ac0fbc6e2	mandelbrot	-O0	1366.3
2026-07-30T11:17:19Z	borg	ac5ac0fbc6e2	mandelbrot	-O2	1366.4
2026-07-30T11:17:19Z	borg	ac5ac0fbc6e2	mandelbrot	-O3	665.2
2026-07-30T11:17:19Z	borg	ac5ac0fbc6e2	mandelbrot-p	-O0	1366.3
2026-07-30T11:17:19Z	borg	ac5ac0fbc6e2	mandelbrot-p	-O2	1466.8
2026-07-30T11:17:19Z	borg	ac5ac0fbc6e2	mandelbrot-p	-O3	665.2
2026-07-30T11:17:19Z	borg	ac5ac0fbc6e2	mandelbrot-p	fpc	364.7
2026-07-30T11:17:19Z	borg	ac5ac0fbc6e2	raytracer	-O0	12488.2
2026-07-30T11:17:19Z	borg	ac5ac0fbc6e2	raytracer	-O2	7229.8
2026-07-30T11:17:19Z	borg	ac5ac0fbc6e2	raytracer	-O3	5675.5
2026-07-30T11:17:19Z	borg	ac5ac0fbc6e2	raytracer-p	-O0	414.5
2026-07-30T11:17:19Z	borg	ac5ac0fbc6e2	raytracer-p	-O2	364.6
2026-07-30T11:17:19Z	borg	ac5ac0fbc6e2	raytracer-p	-O3	314.4
2026-07-30T11:17:19Z	borg	ac5ac0fbc6e2	raytracer-p	fpc	63.9
2026-07-30T11:17:19Z	borg	ac5ac0fbc6e2	sieve	-O0	114.0
2026-07-30T11:17:19Z	borg	ac5ac0fbc6e2	sieve	-O2	114.0
2026-07-30T11:17:19Z	borg	ac5ac0fbc6e2	sieve	-O3	113.9
2026-07-30T11:17:19Z	borg	ac5ac0fbc6e2	sieve	fpc	31.9
2026-07-30T11:17:19Z	borg	ac5ac0fbc6e2	nbody	-O0	665.1
2026-07-30T11:17:19Z	borg	ac5ac0fbc6e2	nbody	-O2	564.7
2026-07-30T11:17:19Z	borg	ac5ac0fbc6e2	nbody	-O3	364.3
2026-07-30T11:17:19Z	borg	ac5ac0fbc6e2	nbody	fpc	63.8
2026-07-30T11:17:19Z	borg	ac5ac0fbc6e2	fib	-O0	264.2
2026-07-30T11:17:19Z	borg	ac5ac0fbc6e2	fib	-O2	214.4
2026-07-30T11:17:19Z	borg	ac5ac0fbc6e2	fib	-O3	114.0
2026-07-30T11:17:19Z	borg	ac5ac0fbc6e2	fib	fpc	114.0
2026-07-30T11:17:19Z	borg	ac5ac0fbc6e2	selfcompile	-O0	7479.8
2026-07-30T11:17:19Z	borg	ac5ac0fbc6e2	selfcompile	-O2	5976.6
2026-07-30T11:17:19Z	borg	ac5ac0fbc6e2	selfcompile	-O3	5675.2
2026-07-30T11:35:59Z	borg	78bd1e9fc559	mandelbrot	-O0	1417.0
2026-07-30T11:35:59Z	borg	78bd1e9fc559	mandelbrot	-O2	1367.0
2026-07-30T11:35:59Z	borg	78bd1e9fc559	mandelbrot	-O3	715.1
2026-07-30T11:35:59Z	borg	78bd1e9fc559	mandelbrot-p	-O0	1366.2
2026-07-30T11:35:59Z	borg	78bd1e9fc559	mandelbrot-p	-O2	1366.7
2026-07-30T11:35:59Z	borg	78bd1e9fc559	mandelbrot-p	-O3	664.9
2026-07-30T11:35:59Z	borg	78bd1e9fc559	mandelbrot-p	fpc	364.6
2026-07-30T11:35:59Z	borg	78bd1e9fc559	raytracer	-O0	12390.3
2026-07-30T11:35:59Z	borg	78bd1e9fc559	raytracer	-O2	7279.7
2026-07-30T11:35:59Z	borg	78bd1e9fc559	raytracer	-O3	5925.3
2026-07-30T11:35:59Z	borg	78bd1e9fc559	raytracer-p	-O0	364.5
2026-07-30T11:35:59Z	borg	78bd1e9fc559	raytracer-p	-O2	314.4
2026-07-30T11:35:59Z	borg	78bd1e9fc559	raytracer-p	-O3	314.4
2026-07-30T11:35:59Z	borg	78bd1e9fc559	raytracer-p	fpc	64.0
2026-07-30T11:35:59Z	borg	78bd1e9fc559	sieve	-O0	113.9
2026-07-30T11:35:59Z	borg	78bd1e9fc559	sieve	-O2	114.0
2026-07-30T11:35:59Z	borg	78bd1e9fc559	sieve	-O3	114.0
2026-07-30T11:35:59Z	borg	78bd1e9fc559	sieve	fpc	63.9
2026-07-30T11:35:59Z	borg	78bd1e9fc559	nbody	-O0	665.2
2026-07-30T11:35:59Z	borg	78bd1e9fc559	nbody	-O2	615.0
2026-07-30T11:35:59Z	borg	78bd1e9fc559	nbody	-O3	364.5
2026-07-30T11:35:59Z	borg	78bd1e9fc559	nbody	fpc	63.9
2026-07-30T11:35:59Z	borg	78bd1e9fc559	fib	-O0	264.3
2026-07-30T11:35:59Z	borg	78bd1e9fc559	fib	-O2	164.2
2026-07-30T11:35:59Z	borg	78bd1e9fc559	fib	-O3	114.0
2026-07-30T11:35:59Z	borg	78bd1e9fc559	fib	fpc	114.0
2026-07-30T11:35:59Z	borg	78bd1e9fc559	selfcompile	-O0	7529.9
2026-07-30T11:35:59Z	borg	78bd1e9fc559	selfcompile	-O2	5825.1
2026-07-30T11:35:59Z	borg	78bd1e9fc559	selfcompile	-O3	6026.1
2026-07-30T12:07:42Z	borg	0d6ce6266d76	mandelbrot	-O0	1416.3
2026-07-30T12:07:42Z	borg	0d6ce6266d76	mandelbrot	-O2	1466.6
2026-07-30T12:07:42Z	borg	0d6ce6266d76	mandelbrot	-O3	665.2
2026-07-30T12:07:42Z	borg	0d6ce6266d76	mandelbrot-p	-O0	1466.7
2026-07-30T12:07:42Z	borg	0d6ce6266d76	mandelbrot-p	-O2	1466.6
2026-07-30T12:07:42Z	borg	0d6ce6266d76	mandelbrot-p	-O3	665.1
2026-07-30T12:07:42Z	borg	0d6ce6266d76	mandelbrot-p	fpc	364.4
2026-07-30T12:07:42Z	borg	0d6ce6266d76	raytracer	-O0	12691.6
2026-07-30T12:07:42Z	borg	0d6ce6266d76	raytracer	-O2	7179.0
2026-07-30T12:07:42Z	borg	0d6ce6266d76	raytracer	-O3	5977.0
2026-07-30T12:07:42Z	borg	0d6ce6266d76	raytracer-p	-O0	364.8
2026-07-30T12:07:42Z	borg	0d6ce6266d76	raytracer-p	-O2	314.5
2026-07-30T12:07:42Z	borg	0d6ce6266d76	raytracer-p	-O3	264.4
2026-07-30T12:07:42Z	borg	0d6ce6266d76	raytracer-p	fpc	31.9
2026-07-30T12:07:42Z	borg	0d6ce6266d76	sieve	-O0	114.1
2026-07-30T12:07:42Z	borg	0d6ce6266d76	sieve	-O2	64.1
2026-07-30T12:07:42Z	borg	0d6ce6266d76	sieve	-O3	63.9
2026-07-30T12:07:42Z	borg	0d6ce6266d76	sieve	fpc	31.9
2026-07-30T12:07:42Z	borg	0d6ce6266d76	nbody	-O0	615.2
2026-07-30T12:07:42Z	borg	0d6ce6266d76	nbody	-O2	565.0
2026-07-30T12:07:42Z	borg	0d6ce6266d76	nbody	-O3	364.6
2026-07-30T12:07:42Z	borg	0d6ce6266d76	nbody	fpc	63.9
2026-07-30T12:07:42Z	borg	0d6ce6266d76	fib	-O0	264.2
2026-07-30T12:07:42Z	borg	0d6ce6266d76	fib	-O2	164.5
2026-07-30T12:07:42Z	borg	0d6ce6266d76	fib	-O3	114.0
2026-07-30T12:07:42Z	borg	0d6ce6266d76	fib	fpc	114.0
2026-07-30T12:07:42Z	borg	0d6ce6266d76	selfcompile	-O0	6828.4
2026-07-30T12:07:42Z	borg	0d6ce6266d76	selfcompile	-O2	5426.1
2026-07-30T12:07:42Z	borg	0d6ce6266d76	selfcompile	-O3	6026.3
2026-07-30T12:26:59Z	borg	a51958e10614	mandelbrot	-O0	1366.4
2026-07-30T12:26:59Z	borg	a51958e10614	mandelbrot	-O2	1416.6
2026-07-30T12:26:59Z	borg	a51958e10614	mandelbrot	-O3	665.4
2026-07-30T12:26:59Z	borg	a51958e10614	mandelbrot-p	-O0	1416.7
2026-07-30T12:26:59Z	borg	a51958e10614	mandelbrot-p	-O2	1366.6
2026-07-30T12:26:59Z	borg	a51958e10614	mandelbrot-p	-O3	664.9
2026-07-30T12:26:59Z	borg	a51958e10614	mandelbrot-p	fpc	364.3
2026-07-30T12:26:59Z	borg	a51958e10614	raytracer	-O0	12540.2
2026-07-30T12:26:59Z	borg	a51958e10614	raytracer	-O2	6728.4
2026-07-30T12:26:59Z	borg	a51958e10614	raytracer	-O3	5525.4
2026-07-30T12:26:59Z	borg	a51958e10614	raytracer-p	-O0	314.6
2026-07-30T12:26:59Z	borg	a51958e10614	raytracer-p	-O2	314.4
2026-07-30T12:26:59Z	borg	a51958e10614	raytracer-p	-O3	314.6
2026-07-30T12:26:59Z	borg	a51958e10614	raytracer-p	fpc	31.8
2026-07-30T12:26:59Z	borg	a51958e10614	sieve	-O0	114.0
2026-07-30T12:26:59Z	borg	a51958e10614	sieve	-O2	64.0
2026-07-30T12:26:59Z	borg	a51958e10614	sieve	-O3	64.0
2026-07-30T12:26:59Z	borg	a51958e10614	sieve	fpc	31.8
2026-07-30T12:26:59Z	borg	a51958e10614	nbody	-O0	615.4
2026-07-30T12:26:59Z	borg	a51958e10614	nbody	-O2	565.1
2026-07-30T12:26:59Z	borg	a51958e10614	nbody	-O3	364.6
2026-07-30T12:26:59Z	borg	a51958e10614	nbody	fpc	63.9
2026-07-30T12:26:59Z	borg	a51958e10614	fib	-O0	264.4
2026-07-30T12:26:59Z	borg	a51958e10614	fib	-O2	164.2
2026-07-30T12:26:59Z	borg	a51958e10614	fib	-O3	114.1
2026-07-30T12:26:59Z	borg	a51958e10614	fib	fpc	114.8
2026-07-30T12:26:59Z	borg	a51958e10614	selfcompile	-O0	6929.1
2026-07-30T12:26:59Z	borg	a51958e10614	selfcompile	-O2	5426.2
2026-07-30T12:26:59Z	borg	a51958e10614	selfcompile	-O3	5626.1
2026-07-30T12:43:36Z	borg	f8f15b2631a7	mandelbrot	-O0	1416.3
2026-07-30T12:43:36Z	borg	f8f15b2631a7	mandelbrot	-O2	1366.5
2026-07-30T12:43:36Z	borg	f8f15b2631a7	mandelbrot	-O3	665.2
2026-07-30T12:43:36Z	borg	f8f15b2631a7	mandelbrot-p	-O0	1366.8
2026-07-30T12:43:36Z	borg	f8f15b2631a7	mandelbrot-p	-O2	1316.7
2026-07-30T12:43:36Z	borg	f8f15b2631a7	mandelbrot-p	-O3	615.1
2026-07-30T12:43:36Z	borg	f8f15b2631a7	mandelbrot-p	fpc	314.5
2026-07-30T12:43:36Z	borg	f8f15b2631a7	raytracer	-O0	11539.4
2026-07-30T12:43:36Z	borg	f8f15b2631a7	raytracer	-O2	6529.3
2026-07-30T12:43:36Z	borg	f8f15b2631a7	raytracer	-O3	5425.7
2026-07-30T12:43:36Z	borg	f8f15b2631a7	raytracer-p	-O0	314.5
2026-07-30T12:43:36Z	borg	f8f15b2631a7	raytracer-p	-O2	314.5
2026-07-30T12:43:36Z	borg	f8f15b2631a7	raytracer-p	-O3	264.5
2026-07-30T12:43:36Z	borg	f8f15b2631a7	raytracer-p	fpc	31.9
2026-07-30T12:43:36Z	borg	f8f15b2631a7	sieve	-O0	114.0
2026-07-30T12:43:36Z	borg	f8f15b2631a7	sieve	-O2	63.9
2026-07-30T12:43:36Z	borg	f8f15b2631a7	sieve	-O3	63.9
2026-07-30T12:43:36Z	borg	f8f15b2631a7	sieve	fpc	31.9
2026-07-30T12:43:36Z	borg	f8f15b2631a7	nbody	-O0	615.2
2026-07-30T12:43:36Z	borg	f8f15b2631a7	nbody	-O2	565.1
2026-07-30T12:43:36Z	borg	f8f15b2631a7	nbody	-O3	314.6
2026-07-30T12:43:36Z	borg	f8f15b2631a7	nbody	fpc	64.0
2026-07-30T12:43:36Z	borg	f8f15b2631a7	fib	-O0	264.4
2026-07-30T12:43:36Z	borg	f8f15b2631a7	fib	-O2	164.4
2026-07-30T12:43:36Z	borg	f8f15b2631a7	fib	-O3	114.1
2026-07-30T12:43:36Z	borg	f8f15b2631a7	fib	fpc	114.1
2026-07-30T12:43:36Z	borg	f8f15b2631a7	selfcompile	-O0	6680.1
2026-07-30T12:43:36Z	borg	f8f15b2631a7	selfcompile	-O2	5476.5
2026-07-30T12:43:36Z	borg	f8f15b2631a7	selfcompile	-O3	5526.2
2026-07-30T13:00:26Z	borg	58cb5c46ebfd	mandelbrot	-O0	1416.6
2026-07-30T13:00:26Z	borg	58cb5c46ebfd	mandelbrot	-O2	1367.1
2026-07-30T13:00:26Z	borg	58cb5c46ebfd	mandelbrot	-O3	665.3
2026-07-30T13:00:26Z	borg	58cb5c46ebfd	mandelbrot-p	-O0	1416.7
2026-07-30T13:00:26Z	borg	58cb5c46ebfd	mandelbrot-p	-O2	1366.6
2026-07-30T13:00:26Z	borg	58cb5c46ebfd	mandelbrot-p	-O3	665.2
2026-07-30T13:00:26Z	borg	58cb5c46ebfd	mandelbrot-p	fpc	364.4
2026-07-30T13:00:26Z	borg	58cb5c46ebfd	raytracer	-O0	11487.8
2026-07-30T13:00:26Z	borg	58cb5c46ebfd	raytracer	-O2	6678.3
2026-07-30T13:00:26Z	borg	58cb5c46ebfd	raytracer	-O3	5426.6
2026-07-30T13:00:26Z	borg	58cb5c46ebfd	raytracer-p	-O0	314.6
2026-07-30T13:00:26Z	borg	58cb5c46ebfd	raytracer-p	-O2	314.5
2026-07-30T13:00:26Z	borg	58cb5c46ebfd	raytracer-p	-O3	264.4
2026-07-30T13:00:26Z	borg	58cb5c46ebfd	raytracer-p	fpc	31.8
2026-07-30T13:00:26Z	borg	58cb5c46ebfd	sieve	-O0	114.1
2026-07-30T13:00:26Z	borg	58cb5c46ebfd	sieve	-O2	64.0
2026-07-30T13:00:26Z	borg	58cb5c46ebfd	sieve	-O3	64.0
2026-07-30T13:00:26Z	borg	58cb5c46ebfd	sieve	fpc	31.9
2026-07-30T13:00:26Z	borg	58cb5c46ebfd	nbody	-O0	615.3
2026-07-30T13:00:26Z	borg	58cb5c46ebfd	nbody	-O2	565.2
2026-07-30T13:00:26Z	borg	58cb5c46ebfd	nbody	-O3	364.7
2026-07-30T13:00:26Z	borg	58cb5c46ebfd	nbody	fpc	63.9
2026-07-30T13:00:26Z	borg	58cb5c46ebfd	fib	-O0	264.3
2026-07-30T13:00:26Z	borg	58cb5c46ebfd	fib	-O2	164.2
2026-07-30T13:00:26Z	borg	58cb5c46ebfd	fib	-O3	114.1
2026-07-30T13:00:26Z	borg	58cb5c46ebfd	fib	fpc	114.1
2026-07-30T13:00:26Z	borg	58cb5c46ebfd	selfcompile	-O0	6828.4
2026-07-30T13:00:26Z	borg	58cb5c46ebfd	selfcompile	-O2	5476.0
2026-07-30T13:00:26Z	borg	58cb5c46ebfd	selfcompile	-O3	5526.0
2026-07-30T13:17:03Z	borg	82187ab4f626	mandelbrot	-O0	1366.8
2026-07-30T13:17:03Z	borg	82187ab4f626	mandelbrot	-O2	1366.1
2026-07-30T13:17:03Z	borg	82187ab4f626	mandelbrot	-O3	665.1
2026-07-30T13:17:03Z	borg	82187ab4f626	mandelbrot-p	-O0	1466.7
2026-07-30T13:17:03Z	borg	82187ab4f626	mandelbrot-p	-O2	1466.7
2026-07-30T13:17:03Z	borg	82187ab4f626	mandelbrot-p	-O3	665.1
2026-07-30T13:17:03Z	borg	82187ab4f626	mandelbrot-p	fpc	364.5
2026-07-30T13:17:03Z	borg	82187ab4f626	raytracer	-O0	12740.1
2026-07-30T13:17:03Z	borg	82187ab4f626	raytracer	-O2	7181.6
2026-07-30T13:17:03Z	borg	82187ab4f626	raytracer	-O3	5926.3
2026-07-30T13:17:03Z	borg	82187ab4f626	raytracer-p	-O0	364.6
2026-07-30T13:17:03Z	borg	82187ab4f626	raytracer-p	-O2	364.5
2026-07-30T13:17:03Z	borg	82187ab4f626	raytracer-p	-O3	314.5
2026-07-30T13:17:03Z	borg	82187ab4f626	raytracer-p	fpc	31.8
2026-07-30T13:17:03Z	borg	82187ab4f626	sieve	-O0	114.0
2026-07-30T13:17:03Z	borg	82187ab4f626	sieve	-O2	64.0
2026-07-30T13:17:03Z	borg	82187ab4f626	sieve	-O3	114.0
2026-07-30T13:17:03Z	borg	82187ab4f626	sieve	fpc	31.7
2026-07-30T13:17:03Z	borg	82187ab4f626	nbody	-O0	665.2
2026-07-30T13:17:03Z	borg	82187ab4f626	nbody	-O2	615.1
2026-07-30T13:17:03Z	borg	82187ab4f626	nbody	-O3	364.5
2026-07-30T13:17:03Z	borg	82187ab4f626	nbody	fpc	63.9
2026-07-30T13:17:03Z	borg	82187ab4f626	fib	-O0	264.2
2026-07-30T13:17:03Z	borg	82187ab4f626	fib	-O2	164.1
2026-07-30T13:17:03Z	borg	82187ab4f626	fib	-O3	114.0
2026-07-30T13:17:03Z	borg	82187ab4f626	fib	fpc	113.9
2026-07-30T13:17:03Z	borg	82187ab4f626	selfcompile	-O0	6829.0
2026-07-30T13:17:03Z	borg	82187ab4f626	selfcompile	-O2	5526.4
2026-07-30T13:17:03Z	borg	82187ab4f626	selfcompile	-O3	5375.8
2026-07-30T13:34:26Z	borg	a1bf05137c24	mandelbrot	-O0	1366.8
2026-07-30T13:34:26Z	borg	a1bf05137c24	mandelbrot	-O2	1416.4
2026-07-30T13:34:26Z	borg	a1bf05137c24	mandelbrot	-O3	715.1
2026-07-30T13:34:26Z	borg	a1bf05137c24	mandelbrot-p	-O0	1416.9
2026-07-30T13:34:26Z	borg	a1bf05137c24	mandelbrot-p	-O2	1366.6
2026-07-30T13:34:26Z	borg	a1bf05137c24	mandelbrot-p	-O3	665.0
2026-07-30T13:34:26Z	borg	a1bf05137c24	mandelbrot-p	fpc	364.6
2026-07-30T13:34:26Z	borg	a1bf05137c24	raytracer	-O0	12791.4
2026-07-30T13:34:26Z	borg	a1bf05137c24	raytracer	-O2	7129.1
2026-07-30T13:34:26Z	borg	a1bf05137c24	raytracer	-O3	5926.2
2026-07-30T13:34:26Z	borg	a1bf05137c24	raytracer-p	-O0	364.5
2026-07-30T13:34:26Z	borg	a1bf05137c24	raytracer-p	-O2	314.5
2026-07-30T13:34:26Z	borg	a1bf05137c24	raytracer-p	-O3	314.4
2026-07-30T13:34:26Z	borg	a1bf05137c24	raytracer-p	fpc	64.0
2026-07-30T13:34:26Z	borg	a1bf05137c24	sieve	-O0	114.1
2026-07-30T13:34:26Z	borg	a1bf05137c24	sieve	-O2	64.0
2026-07-30T13:34:26Z	borg	a1bf05137c24	sieve	-O3	63.9
2026-07-30T13:34:26Z	borg	a1bf05137c24	sieve	fpc	31.8
2026-07-30T13:34:26Z	borg	a1bf05137c24	nbody	-O0	615.3
2026-07-30T13:34:26Z	borg	a1bf05137c24	nbody	-O2	565.0
2026-07-30T13:34:26Z	borg	a1bf05137c24	nbody	-O3	364.7
2026-07-30T13:34:26Z	borg	a1bf05137c24	nbody	fpc	63.9
2026-07-30T13:34:26Z	borg	a1bf05137c24	fib	-O0	264.2
2026-07-30T13:34:26Z	borg	a1bf05137c24	fib	-O2	164.2
2026-07-30T13:34:26Z	borg	a1bf05137c24	fib	-O3	113.8
2026-07-30T13:34:26Z	borg	a1bf05137c24	fib	fpc	114.0
2026-07-30T13:34:26Z	borg	a1bf05137c24	selfcompile	-O0	6829.2
2026-07-30T13:34:26Z	borg	a1bf05137c24	selfcompile	-O2	5977.0
2026-07-30T13:34:26Z	borg	a1bf05137c24	selfcompile	-O3	5475.5
2026-07-30T14:05:01Z	borg	559d5be57d35	mandelbrot	-O0	1316.7
2026-07-30T14:05:01Z	borg	559d5be57d35	mandelbrot	-O2	1316.9
2026-07-30T14:05:01Z	borg	559d5be57d35	mandelbrot	-O3	665.4
2026-07-30T14:05:01Z	borg	559d5be57d35	mandelbrot-p	-O0	1316.8
2026-07-30T14:05:01Z	borg	559d5be57d35	mandelbrot-p	-O2	1316.6
2026-07-30T14:05:01Z	borg	559d5be57d35	mandelbrot-p	-O3	614.9
2026-07-30T14:05:01Z	borg	559d5be57d35	mandelbrot-p	fpc	314.8
2026-07-30T14:05:01Z	borg	559d5be57d35	raytracer	-O0	11488.9
2026-07-30T14:05:01Z	borg	559d5be57d35	raytracer	-O2	6578.9
2026-07-30T14:05:01Z	borg	559d5be57d35	raytracer	-O3	5376.1
2026-07-30T14:05:01Z	borg	559d5be57d35	raytracer-p	-O0	364.4
2026-07-30T14:05:01Z	borg	559d5be57d35	raytracer-p	-O2	314.4
2026-07-30T14:05:01Z	borg	559d5be57d35	raytracer-p	-O3	314.4
2026-07-30T14:05:01Z	borg	559d5be57d35	raytracer-p	fpc	31.7
2026-07-30T14:05:01Z	borg	559d5be57d35	sieve	-O0	113.9
2026-07-30T14:05:01Z	borg	559d5be57d35	sieve	-O2	114.9
2026-07-30T14:05:01Z	borg	559d5be57d35	sieve	-O3	114.1
2026-07-30T14:05:01Z	borg	559d5be57d35	sieve	fpc	31.8
2026-07-30T14:05:01Z	borg	559d5be57d35	nbody	-O0	614.8
2026-07-30T14:05:01Z	borg	559d5be57d35	nbody	-O2	565.0
2026-07-30T14:05:01Z	borg	559d5be57d35	nbody	-O3	364.5
2026-07-30T14:05:01Z	borg	559d5be57d35	nbody	fpc	64.1
2026-07-30T14:05:01Z	borg	559d5be57d35	fib	-O0	264.2
2026-07-30T14:05:01Z	borg	559d5be57d35	fib	-O2	164.1
2026-07-30T14:05:01Z	borg	559d5be57d35	fib	-O3	114.0
2026-07-30T14:05:01Z	borg	559d5be57d35	fib	fpc	113.9
2026-07-30T14:05:01Z	borg	559d5be57d35	selfcompile	-O0	7429.1
2026-07-30T14:05:01Z	borg	559d5be57d35	selfcompile	-O2	5976.2
2026-07-30T14:05:01Z	borg	559d5be57d35	selfcompile	-O3	5725.9
2026-07-30T14:33:14Z	borg	0cff188ef750	mandelbrot	-O0	1266.4
2026-07-30T14:33:14Z	borg	0cff188ef750	mandelbrot	-O2	1266.6
2026-07-30T14:33:14Z	borg	0cff188ef750	mandelbrot	-O3	615.0
2026-07-30T14:33:14Z	borg	0cff188ef750	mandelbrot-p	-O0	1266.5
2026-07-30T14:33:14Z	borg	0cff188ef750	mandelbrot-p	-O2	1316.4
2026-07-30T14:33:14Z	borg	0cff188ef750	mandelbrot-p	-O3	615.0
2026-07-30T14:33:14Z	borg	0cff188ef750	mandelbrot-p	fpc	314.5
2026-07-30T14:33:14Z	borg	0cff188ef750	raytracer	-O0	11436.6
2026-07-30T14:33:14Z	borg	0cff188ef750	raytracer	-O2	6728.2
2026-07-30T14:33:14Z	borg	0cff188ef750	raytracer	-O3	5374.7
2026-07-30T14:33:14Z	borg	0cff188ef750	raytracer-p	-O0	314.5
2026-07-30T14:33:14Z	borg	0cff188ef750	raytracer-p	-O2	314.6
2026-07-30T14:33:14Z	borg	0cff188ef750	raytracer-p	-O3	264.4
2026-07-30T14:33:14Z	borg	0cff188ef750	raytracer-p	fpc	31.8
2026-07-30T14:33:14Z	borg	0cff188ef750	sieve	-O0	114.1
2026-07-30T14:33:14Z	borg	0cff188ef750	sieve	-O2	63.9
2026-07-30T14:33:14Z	borg	0cff188ef750	sieve	-O3	63.9
2026-07-30T14:33:14Z	borg	0cff188ef750	sieve	fpc	31.6
2026-07-30T14:33:14Z	borg	0cff188ef750	nbody	-O0	615.2
2026-07-30T14:33:14Z	borg	0cff188ef750	nbody	-O2	565.1
2026-07-30T14:33:14Z	borg	0cff188ef750	nbody	-O3	314.5
2026-07-30T14:33:14Z	borg	0cff188ef750	nbody	fpc	64.0
2026-07-30T14:33:14Z	borg	0cff188ef750	fib	-O0	264.4
2026-07-30T14:33:14Z	borg	0cff188ef750	fib	-O2	164.2
2026-07-30T14:33:14Z	borg	0cff188ef750	fib	-O3	114.1
2026-07-30T14:33:14Z	borg	0cff188ef750	fib	fpc	114.0
2026-07-30T14:33:14Z	borg	0cff188ef750	selfcompile	-O0	6628.2
2026-07-30T14:33:14Z	borg	0cff188ef750	selfcompile	-O2	5325.2
2026-07-30T14:33:14Z	borg	0cff188ef750	selfcompile	-O3	5325.0
2026-07-30T16:06:23Z	borg	7e90f99e37c8	mandelbrot	-O0	1417.0
2026-07-30T16:06:23Z	borg	7e90f99e37c8	mandelbrot	-O2	1366.9
2026-07-30T16:06:23Z	borg	7e90f99e37c8	mandelbrot	-O3	715.5
2026-07-30T16:06:23Z	borg	7e90f99e37c8	mandelbrot-p	-O0	1366.7
2026-07-30T16:06:23Z	borg	7e90f99e37c8	mandelbrot-p	-O2	1366.8
2026-07-30T16:06:23Z	borg	7e90f99e37c8	mandelbrot-p	-O3	665.2
2026-07-30T16:06:23Z	borg	7e90f99e37c8	mandelbrot-p	fpc	414.8
2026-07-30T16:06:23Z	borg	7e90f99e37c8	raytracer	-O0	11941.0
2026-07-30T16:06:23Z	borg	7e90f99e37c8	raytracer	-O2	7428.7
2026-07-30T16:06:23Z	borg	7e90f99e37c8	raytracer	-O3	5876.6
2026-07-30T16:06:23Z	borg	7e90f99e37c8	raytracer-p	-O0	364.6
2026-07-30T16:06:23Z	borg	7e90f99e37c8	raytracer-p	-O2	314.5
2026-07-30T16:06:23Z	borg	7e90f99e37c8	raytracer-p	-O3	264.3
2026-07-30T16:06:23Z	borg	7e90f99e37c8	raytracer-p	fpc	31.6
2026-07-30T16:06:23Z	borg	7e90f99e37c8	sieve	-O0	113.8
2026-07-30T16:06:23Z	borg	7e90f99e37c8	sieve	-O2	113.9
2026-07-30T16:06:23Z	borg	7e90f99e37c8	sieve	-O3	113.9
2026-07-30T16:06:23Z	borg	7e90f99e37c8	sieve	fpc	64.0
2026-07-30T16:06:23Z	borg	7e90f99e37c8	nbody	-O0	715.2
2026-07-30T16:06:23Z	borg	7e90f99e37c8	nbody	-O2	615.0
2026-07-30T16:06:23Z	borg	7e90f99e37c8	nbody	-O3	364.4
2026-07-30T16:06:23Z	borg	7e90f99e37c8	nbody	fpc	114.1
2026-07-30T16:06:23Z	borg	7e90f99e37c8	fib	-O0	314.5
2026-07-30T16:06:23Z	borg	7e90f99e37c8	fib	-O2	164.1
2026-07-30T16:06:23Z	borg	7e90f99e37c8	fib	-O3	114.1
2026-07-30T16:06:23Z	borg	7e90f99e37c8	fib	fpc	114.1
2026-07-30T16:06:23Z	borg	7e90f99e37c8	selfcompile	-O0	7881.4
2026-07-30T16:06:23Z	borg	7e90f99e37c8	selfcompile	-O2	6077.6
2026-07-30T16:06:23Z	borg	7e90f99e37c8	selfcompile	-O3	6076.6
2026-07-30T16:53:13Z	borg	18a7dc3fee62	mandelbrot	-O0	1568.7
2026-07-30T16:53:13Z	borg	18a7dc3fee62	mandelbrot	-O2	1366.2
2026-07-30T16:53:13Z	borg	18a7dc3fee62	mandelbrot	-O3	715.3
2026-07-30T16:53:13Z	borg	18a7dc3fee62	mandelbrot-p	-O0	1468.4
2026-07-30T16:53:13Z	borg	18a7dc3fee62	mandelbrot-p	-O2	1366.8
2026-07-30T16:53:13Z	borg	18a7dc3fee62	mandelbrot-p	-O3	665.0
2026-07-30T16:53:13Z	borg	18a7dc3fee62	mandelbrot-p	fpc	364.6
2026-07-30T16:53:13Z	borg	18a7dc3fee62	raytracer	-O0	12743.3
2026-07-30T16:53:13Z	borg	18a7dc3fee62	raytracer	-O2	6978.7
2026-07-30T16:53:13Z	borg	18a7dc3fee62	raytracer	-O3	5676.0
2026-07-30T16:53:13Z	borg	18a7dc3fee62	raytracer-p	-O0	365.8
2026-07-30T16:53:13Z	borg	18a7dc3fee62	raytracer-p	-O2	314.5
2026-07-30T16:53:13Z	borg	18a7dc3fee62	raytracer-p	-O3	314.3
2026-07-30T16:53:13Z	borg	18a7dc3fee62	raytracer-p	fpc	31.7
2026-07-30T16:53:13Z	borg	18a7dc3fee62	sieve	-O0	114.0
2026-07-30T16:53:13Z	borg	18a7dc3fee62	sieve	-O2	114.1
2026-07-30T16:53:13Z	borg	18a7dc3fee62	sieve	-O3	114.0
2026-07-30T16:53:13Z	borg	18a7dc3fee62	sieve	fpc	31.8
2026-07-30T16:53:13Z	borg	18a7dc3fee62	nbody	-O0	665.0
2026-07-30T16:53:13Z	borg	18a7dc3fee62	nbody	-O2	615.1
2026-07-30T16:53:13Z	borg	18a7dc3fee62	nbody	-O3	364.6
2026-07-30T16:53:13Z	borg	18a7dc3fee62	nbody	fpc	113.9
2026-07-30T16:53:13Z	borg	18a7dc3fee62	fib	-O0	314.5
2026-07-30T16:53:13Z	borg	18a7dc3fee62	fib	-O2	164.1
2026-07-30T16:53:13Z	borg	18a7dc3fee62	fib	-O3	114.1
2026-07-30T16:53:13Z	borg	18a7dc3fee62	fib	fpc	114.1
2026-07-30T16:53:13Z	borg	18a7dc3fee62	selfcompile	-O0	7529.2
2026-07-30T16:53:13Z	borg	18a7dc3fee62	selfcompile	-O2	5975.8
2026-07-30T16:53:13Z	borg	18a7dc3fee62	selfcompile	-O3	6226.5
2026-07-30T17:57:14Z	borg	dd5a9ff5bff0	mandelbrot	-O0	1516.7
2026-07-30T17:57:14Z	borg	dd5a9ff5bff0	mandelbrot	-O2	1617.1
2026-07-30T17:57:14Z	borg	dd5a9ff5bff0	mandelbrot	-O3	815.4
2026-07-30T17:57:14Z	borg	dd5a9ff5bff0	mandelbrot-p	-O0	1722.7
2026-07-30T17:57:14Z	borg	dd5a9ff5bff0	mandelbrot-p	-O2	1667.1
2026-07-30T17:57:14Z	borg	dd5a9ff5bff0	mandelbrot-p	-O3	765.2
2026-07-30T17:57:14Z	borg	dd5a9ff5bff0	mandelbrot-p	fpc	414.6
2026-07-30T17:57:14Z	borg	dd5a9ff5bff0	raytracer	-O0	14346.6
2026-07-30T17:57:14Z	borg	dd5a9ff5bff0	raytracer	-O2	7883.1
2026-07-30T17:57:14Z	borg	dd5a9ff5bff0	raytracer	-O3	7289.1
2026-07-30T17:57:14Z	borg	dd5a9ff5bff0	raytracer-p	-O0	414.6
2026-07-30T17:57:14Z	borg	dd5a9ff5bff0	raytracer-p	-O2	464.8
2026-07-30T17:57:14Z	borg	dd5a9ff5bff0	raytracer-p	-O3	364.7
2026-07-30T17:57:14Z	borg	dd5a9ff5bff0	raytracer-p	fpc	63.9
2026-07-30T17:57:14Z	borg	dd5a9ff5bff0	sieve	-O0	114.0
2026-07-30T17:57:14Z	borg	dd5a9ff5bff0	sieve	-O2	114.0
2026-07-30T17:57:14Z	borg	dd5a9ff5bff0	sieve	-O3	114.1
2026-07-30T17:57:14Z	borg	dd5a9ff5bff0	sieve	fpc	64.0
2026-07-30T17:57:14Z	borg	dd5a9ff5bff0	nbody	-O0	816.2
2026-07-30T17:57:14Z	borg	dd5a9ff5bff0	nbody	-O2	771.2
2026-07-30T17:57:14Z	borg	dd5a9ff5bff0	nbody	-O3	466.8
2026-07-30T17:57:14Z	borg	dd5a9ff5bff0	nbody	fpc	114.1
2026-07-30T17:57:14Z	borg	dd5a9ff5bff0	fib	-O0	314.5
2026-07-30T17:57:14Z	borg	dd5a9ff5bff0	fib	-O2	215.1
2026-07-30T17:57:14Z	borg	dd5a9ff5bff0	fib	-O3	164.2
2026-07-30T17:57:14Z	borg	dd5a9ff5bff0	fib	fpc	164.5
2026-07-30T17:57:14Z	borg	dd5a9ff5bff0	selfcompile	-O0	9494.1
2026-07-30T17:57:14Z	borg	dd5a9ff5bff0	selfcompile	-O2	7387.5
2026-07-30T17:57:14Z	borg	dd5a9ff5bff0	selfcompile	-O3	6329.7
2026-07-30T18:23:37Z	borg	61675a6cae15	mandelbrot	-O0	1517.9
2026-07-30T18:23:37Z	borg	61675a6cae15	mandelbrot	-O2	1469.0
2026-07-30T18:23:37Z	borg	61675a6cae15	mandelbrot	-O3	665.2
2026-07-30T18:23:37Z	borg	61675a6cae15	mandelbrot-p	-O0	1516.9
2026-07-30T18:23:37Z	borg	61675a6cae15	mandelbrot-p	-O2	1416.7
2026-07-30T18:23:37Z	borg	61675a6cae15	mandelbrot-p	-O3	665.1
2026-07-30T18:23:37Z	borg	61675a6cae15	mandelbrot-p	fpc	364.5
2026-07-30T18:23:37Z	borg	61675a6cae15	raytracer	-O0	14545.4
2026-07-30T18:23:37Z	borg	61675a6cae15	raytracer	-O2	8180.5
2026-07-30T18:23:37Z	borg	61675a6cae15	raytracer	-O3	6026.4
2026-07-30T18:23:37Z	borg	61675a6cae15	raytracer-p	-O0	414.8
2026-07-30T18:23:37Z	borg	61675a6cae15	raytracer-p	-O2	365.7
2026-07-30T18:23:37Z	borg	61675a6cae15	raytracer-p	-O3	316.5
2026-07-30T18:23:37Z	borg	61675a6cae15	raytracer-p	fpc	31.8
2026-07-30T18:23:37Z	borg	61675a6cae15	sieve	-O0	114.1
2026-07-30T18:23:37Z	borg	61675a6cae15	sieve	-O2	114.0
2026-07-30T18:23:37Z	borg	61675a6cae15	sieve	-O3	114.1
2026-07-30T18:23:37Z	borg	61675a6cae15	sieve	fpc	31.9
2026-07-30T18:23:37Z	borg	61675a6cae15	nbody	-O0	665.1
2026-07-30T18:23:37Z	borg	61675a6cae15	nbody	-O2	615.0
2026-07-30T18:23:37Z	borg	61675a6cae15	nbody	-O3	364.5
2026-07-30T18:23:37Z	borg	61675a6cae15	nbody	fpc	114.0
2026-07-30T18:23:37Z	borg	61675a6cae15	fib	-O0	264.5
2026-07-30T18:23:37Z	borg	61675a6cae15	fib	-O2	164.1
2026-07-30T18:23:37Z	borg	61675a6cae15	fib	-O3	113.9
2026-07-30T18:23:37Z	borg	61675a6cae15	fib	fpc	114.2
2026-07-30T18:23:37Z	borg	61675a6cae15	selfcompile	-O0	7579.3
2026-07-30T18:23:37Z	borg	61675a6cae15	selfcompile	-O2	6276.7
2026-07-30T18:23:37Z	borg	61675a6cae15	selfcompile	-O3	6126.4
2026-07-30T18:48:12Z	borg	ffa5f6de615c	mandelbrot	-O0	1724.1
2026-07-30T18:48:12Z	borg	ffa5f6de615c	mandelbrot	-O2	1617.1
2026-07-30T18:48:12Z	borg	ffa5f6de615c	mandelbrot	-O3	765.2
2026-07-30T18:48:12Z	borg	ffa5f6de615c	mandelbrot-p	-O0	1718.4
2026-07-30T18:48:12Z	borg	ffa5f6de615c	mandelbrot-p	-O2	1570.0
2026-07-30T18:48:12Z	borg	ffa5f6de615c	mandelbrot-p	-O3	815.4
2026-07-30T18:48:12Z	borg	ffa5f6de615c	mandelbrot-p	fpc	364.4
2026-07-30T18:48:12Z	borg	ffa5f6de615c	raytracer	-O0	14946.2
2026-07-30T18:48:12Z	borg	ffa5f6de615c	raytracer	-O2	7379.7
2026-07-30T18:48:12Z	borg	ffa5f6de615c	raytracer	-O3	6126.2
2026-07-30T18:48:12Z	borg	ffa5f6de615c	raytracer-p	-O0	364.5
2026-07-30T18:48:12Z	borg	ffa5f6de615c	raytracer-p	-O2	364.6
2026-07-30T18:48:12Z	borg	ffa5f6de615c	raytracer-p	-O3	314.5
2026-07-30T18:48:12Z	borg	ffa5f6de615c	raytracer-p	fpc	31.8
2026-07-30T18:48:12Z	borg	ffa5f6de615c	sieve	-O0	114.0
2026-07-30T18:48:12Z	borg	ffa5f6de615c	sieve	-O2	114.1
2026-07-30T18:48:12Z	borg	ffa5f6de615c	sieve	-O3	114.0
2026-07-30T18:48:12Z	borg	ffa5f6de615c	sieve	fpc	32.0
2026-07-30T18:48:12Z	borg	ffa5f6de615c	nbody	-O0	665.1
2026-07-30T18:48:12Z	borg	ffa5f6de615c	nbody	-O2	615.1
2026-07-30T18:48:12Z	borg	ffa5f6de615c	nbody	-O3	364.6
2026-07-30T18:48:12Z	borg	ffa5f6de615c	nbody	fpc	114.1
2026-07-30T18:48:12Z	borg	ffa5f6de615c	fib	-O0	264.4
2026-07-30T18:48:12Z	borg	ffa5f6de615c	fib	-O2	164.2
2026-07-30T18:48:12Z	borg	ffa5f6de615c	fib	-O3	113.9
2026-07-30T18:48:12Z	borg	ffa5f6de615c	fib	fpc	114.1
2026-07-30T18:48:12Z	borg	ffa5f6de615c	selfcompile	-O0	7880.4
2026-07-30T18:48:12Z	borg	ffa5f6de615c	selfcompile	-O2	5928.5
2026-07-30T18:48:12Z	borg	ffa5f6de615c	selfcompile	-O3	6780.7
2026-07-30T19:14:40Z	borg	c46b9c553a2a	mandelbrot	-O0	1466.5
2026-07-30T19:14:40Z	borg	c46b9c553a2a	mandelbrot	-O2	1466.8
2026-07-30T19:14:40Z	borg	c46b9c553a2a	mandelbrot	-O3	715.2
2026-07-30T19:14:40Z	borg	c46b9c553a2a	mandelbrot-p	-O0	1466.7
2026-07-30T19:14:40Z	borg	c46b9c553a2a	mandelbrot-p	-O2	1466.5
2026-07-30T19:14:40Z	borg	c46b9c553a2a	mandelbrot-p	-O3	866.5
2026-07-30T19:14:40Z	borg	c46b9c553a2a	mandelbrot-p	fpc	365.2
2026-07-30T19:14:40Z	borg	c46b9c553a2a	raytracer	-O0	12491.2
2026-07-30T19:14:40Z	borg	c46b9c553a2a	raytracer	-O2	7080.2
2026-07-30T19:14:40Z	borg	c46b9c553a2a	raytracer	-O3	5725.8
2026-07-30T19:14:40Z	borg	c46b9c553a2a	raytracer-p	-O0	416.5
2026-07-30T19:14:40Z	borg	c46b9c553a2a	raytracer-p	-O2	414.7
2026-07-30T19:14:40Z	borg	c46b9c553a2a	raytracer-p	-O3	314.5
2026-07-30T19:14:40Z	borg	c46b9c553a2a	raytracer-p	fpc	63.9
2026-07-30T19:14:40Z	borg	c46b9c553a2a	sieve	-O0	114.0
2026-07-30T19:14:40Z	borg	c46b9c553a2a	sieve	-O2	114.0
2026-07-30T19:14:40Z	borg	c46b9c553a2a	sieve	-O3	114.0
2026-07-30T19:14:40Z	borg	c46b9c553a2a	sieve	fpc	31.8
2026-07-30T19:14:40Z	borg	c46b9c553a2a	nbody	-O0	665.3
2026-07-30T19:14:40Z	borg	c46b9c553a2a	nbody	-O2	715.4
2026-07-30T19:14:40Z	borg	c46b9c553a2a	nbody	-O3	364.5
2026-07-30T19:14:40Z	borg	c46b9c553a2a	nbody	fpc	114.0
2026-07-30T19:14:40Z	borg	c46b9c553a2a	fib	-O0	264.4
2026-07-30T19:14:40Z	borg	c46b9c553a2a	fib	-O2	214.2
2026-07-30T19:14:40Z	borg	c46b9c553a2a	fib	-O3	114.1
2026-07-30T19:14:40Z	borg	c46b9c553a2a	fib	fpc	164.1
2026-07-30T19:14:40Z	borg	c46b9c553a2a	selfcompile	-O0	8731.4
2026-07-30T19:14:40Z	borg	c46b9c553a2a	selfcompile	-O2	6628.0
2026-07-30T19:14:40Z	borg	c46b9c553a2a	selfcompile	-O3	6476.9
2026-07-30T19:37:19Z	borg	8c08e9e82c01	mandelbrot	-O0	1416.7
2026-07-30T19:37:19Z	borg	8c08e9e82c01	mandelbrot	-O2	1416.8
2026-07-30T19:37:19Z	borg	8c08e9e82c01	mandelbrot	-O3	715.5
2026-07-30T19:37:19Z	borg	8c08e9e82c01	mandelbrot-p	-O0	1467.6
2026-07-30T19:37:19Z	borg	8c08e9e82c01	mandelbrot-p	-O2	1418.8
2026-07-30T19:37:19Z	borg	8c08e9e82c01	mandelbrot-p	-O3	665.3
2026-07-30T19:37:19Z	borg	8c08e9e82c01	mandelbrot-p	fpc	364.7
2026-07-30T19:37:19Z	borg	8c08e9e82c01	raytracer	-O0	12589.7
2026-07-30T19:37:19Z	borg	8c08e9e82c01	raytracer	-O2	7129.2
2026-07-30T19:37:19Z	borg	8c08e9e82c01	raytracer	-O3	5775.8
2026-07-30T19:37:19Z	borg	8c08e9e82c01	raytracer-p	-O0	364.7
2026-07-30T19:37:19Z	borg	8c08e9e82c01	raytracer-p	-O2	365.7
2026-07-30T19:37:19Z	borg	8c08e9e82c01	raytracer-p	-O3	315.4
2026-07-30T19:37:19Z	borg	8c08e9e82c01	raytracer-p	fpc	63.9
2026-07-30T19:37:19Z	borg	8c08e9e82c01	sieve	-O0	114.0
2026-07-30T19:37:19Z	borg	8c08e9e82c01	sieve	-O2	114.0
2026-07-30T19:37:19Z	borg	8c08e9e82c01	sieve	-O3	114.0
2026-07-30T19:37:19Z	borg	8c08e9e82c01	sieve	fpc	63.9
2026-07-30T19:37:19Z	borg	8c08e9e82c01	nbody	-O0	665.0
2026-07-30T19:37:19Z	borg	8c08e9e82c01	nbody	-O2	615.1
2026-07-30T19:37:19Z	borg	8c08e9e82c01	nbody	-O3	364.5
2026-07-30T19:37:19Z	borg	8c08e9e82c01	nbody	fpc	114.0
2026-07-30T19:37:19Z	borg	8c08e9e82c01	fib	-O0	264.4
2026-07-30T19:37:19Z	borg	8c08e9e82c01	fib	-O2	164.1
2026-07-30T19:37:19Z	borg	8c08e9e82c01	fib	-O3	114.1
2026-07-30T19:37:19Z	borg	8c08e9e82c01	fib	fpc	114.0
2026-07-30T19:37:19Z	borg	8c08e9e82c01	selfcompile	-O0	7781.2
2026-07-30T19:37:19Z	borg	8c08e9e82c01	selfcompile	-O2	6477.5
2026-07-30T19:37:19Z	borg	8c08e9e82c01	selfcompile	-O3	6026.2
2026-07-30T20:13:48Z	borg	8048ee8d61c1	mandelbrot	-O0	1516.8
2026-07-30T20:13:48Z	borg	8048ee8d61c1	mandelbrot	-O2	1416.8
2026-07-30T20:13:48Z	borg	8048ee8d61c1	mandelbrot	-O3	665.1
2026-07-30T20:13:48Z	borg	8048ee8d61c1	mandelbrot-p	-O0	1416.4
2026-07-30T20:13:48Z	borg	8048ee8d61c1	mandelbrot-p	-O2	1466.9
2026-07-30T20:13:48Z	borg	8048ee8d61c1	mandelbrot-p	-O3	665.0
2026-07-30T20:13:48Z	borg	8048ee8d61c1	mandelbrot-p	fpc	364.5
2026-07-30T20:13:48Z	borg	8048ee8d61c1	raytracer	-O0	12088.6
2026-07-30T20:13:48Z	borg	8048ee8d61c1	raytracer	-O2	7029.2
2026-07-30T20:13:48Z	borg	8048ee8d61c1	raytracer	-O3	5725.8
2026-07-30T20:13:48Z	borg	8048ee8d61c1	raytracer-p	-O0	364.6
2026-07-30T20:13:48Z	borg	8048ee8d61c1	raytracer-p	-O2	364.4
2026-07-30T20:13:48Z	borg	8048ee8d61c1	raytracer-p	-O3	315.3
2026-07-30T20:13:48Z	borg	8048ee8d61c1	raytracer-p	fpc	31.9
2026-07-30T20:13:48Z	borg	8048ee8d61c1	sieve	-O0	114.0
2026-07-30T20:13:48Z	borg	8048ee8d61c1	sieve	-O2	113.9
2026-07-30T20:13:48Z	borg	8048ee8d61c1	sieve	-O3	114.1
2026-07-30T20:13:48Z	borg	8048ee8d61c1	sieve	fpc	31.9
2026-07-30T20:13:48Z	borg	8048ee8d61c1	nbody	-O0	665.2
2026-07-30T20:13:48Z	borg	8048ee8d61c1	nbody	-O2	615.1
2026-07-30T20:13:48Z	borg	8048ee8d61c1	nbody	-O3	364.4
2026-07-30T20:13:48Z	borg	8048ee8d61c1	nbody	fpc	114.1
2026-07-30T20:13:48Z	borg	8048ee8d61c1	fib	-O0	264.6
2026-07-30T20:13:48Z	borg	8048ee8d61c1	fib	-O2	164.1
2026-07-30T20:13:48Z	borg	8048ee8d61c1	fib	-O3	114.0
2026-07-30T20:13:48Z	borg	8048ee8d61c1	fib	fpc	114.0
2026-07-30T20:13:48Z	borg	8048ee8d61c1	selfcompile	-O0	7630.5
2026-07-30T20:13:48Z	borg	8048ee8d61c1	selfcompile	-O2	5826.1
2026-07-30T20:13:48Z	borg	8048ee8d61c1	selfcompile	-O3	6027.1
2026-07-30T20:53:44Z	borg	48f1e1fefec5	mandelbrot	-O0	1566.9
2026-07-30T20:53:44Z	borg	48f1e1fefec5	mandelbrot	-O2	1516.9
2026-07-30T20:53:44Z	borg	48f1e1fefec5	mandelbrot	-O3	819.5
2026-07-30T20:53:44Z	borg	48f1e1fefec5	mandelbrot-p	-O0	1668.7
2026-07-30T20:53:44Z	borg	48f1e1fefec5	mandelbrot-p	-O2	1466.6
2026-07-30T20:53:44Z	borg	48f1e1fefec5	mandelbrot-p	-O3	819.5
2026-07-30T20:53:44Z	borg	48f1e1fefec5	mandelbrot-p	fpc	364.6
2026-07-30T20:53:44Z	borg	48f1e1fefec5	raytracer	-O0	13289.3
2026-07-30T20:53:44Z	borg	48f1e1fefec5	raytracer	-O2	7578.0
2026-07-30T20:53:44Z	borg	48f1e1fefec5	raytracer	-O3	6175.4
2026-07-30T20:53:44Z	borg	48f1e1fefec5	raytracer-p	-O0	364.6
2026-07-30T20:53:44Z	borg	48f1e1fefec5	raytracer-p	-O2	414.6
2026-07-30T20:53:44Z	borg	48f1e1fefec5	raytracer-p	-O3	314.4
2026-07-30T20:53:44Z	borg	48f1e1fefec5	raytracer-p	fpc	31.9
2026-07-30T20:53:44Z	borg	48f1e1fefec5	sieve	-O0	115.2
2026-07-30T20:53:44Z	borg	48f1e1fefec5	sieve	-O2	114.0
2026-07-30T20:53:44Z	borg	48f1e1fefec5	sieve	-O3	113.9
2026-07-30T20:53:44Z	borg	48f1e1fefec5	sieve	fpc	63.9
2026-07-30T20:53:44Z	borg	48f1e1fefec5	nbody	-O0	665.5
2026-07-30T20:53:44Z	borg	48f1e1fefec5	nbody	-O2	665.2
2026-07-30T20:53:44Z	borg	48f1e1fefec5	nbody	-O3	364.7
2026-07-30T20:53:44Z	borg	48f1e1fefec5	nbody	fpc	64.1
2026-07-30T20:53:44Z	borg	48f1e1fefec5	fib	-O0	264.3
2026-07-30T20:53:44Z	borg	48f1e1fefec5	fib	-O2	214.3
2026-07-30T20:53:44Z	borg	48f1e1fefec5	fib	-O3	114.0
2026-07-30T20:53:44Z	borg	48f1e1fefec5	fib	fpc	114.1
2026-07-30T20:53:44Z	borg	48f1e1fefec5	selfcompile	-O0	8230.3
2026-07-30T20:53:44Z	borg	48f1e1fefec5	selfcompile	-O2	6827.8
2026-07-30T20:53:44Z	borg	48f1e1fefec5	selfcompile	-O3	6478.0
2026-07-30T21:21:22Z	borg	93cbe5364ba2	mandelbrot	-O0	1416.7
2026-07-30T21:21:22Z	borg	93cbe5364ba2	mandelbrot	-O2	1366.1
2026-07-30T21:21:22Z	borg	93cbe5364ba2	mandelbrot	-O3	665.1
2026-07-30T21:21:22Z	borg	93cbe5364ba2	mandelbrot-p	-O0	1416.7
2026-07-30T21:21:22Z	borg	93cbe5364ba2	mandelbrot-p	-O2	1366.6
2026-07-30T21:21:22Z	borg	93cbe5364ba2	mandelbrot-p	-O3	665.2
2026-07-30T21:21:22Z	borg	93cbe5364ba2	mandelbrot-p	fpc	365.8
2026-07-30T21:21:22Z	borg	93cbe5364ba2	raytracer	-O0	12889.2
2026-07-30T21:21:22Z	borg	93cbe5364ba2	raytracer	-O2	7478.2
2026-07-30T21:21:22Z	borg	93cbe5364ba2	raytracer	-O3	6076.2
2026-07-30T21:21:22Z	borg	93cbe5364ba2	raytracer-p	-O0	364.6
2026-07-30T21:21:22Z	borg	93cbe5364ba2	raytracer-p	-O2	365.9
2026-07-30T21:21:22Z	borg	93cbe5364ba2	raytracer-p	-O3	315.8
2026-07-30T21:21:22Z	borg	93cbe5364ba2	raytracer-p	fpc	31.8
2026-07-30T21:21:22Z	borg	93cbe5364ba2	sieve	-O0	114.0
2026-07-30T21:21:22Z	borg	93cbe5364ba2	sieve	-O2	114.0
2026-07-30T21:21:22Z	borg	93cbe5364ba2	sieve	-O3	114.0
2026-07-30T21:21:22Z	borg	93cbe5364ba2	sieve	fpc	31.9
2026-07-30T21:21:22Z	borg	93cbe5364ba2	nbody	-O0	665.0
2026-07-30T21:21:22Z	borg	93cbe5364ba2	nbody	-O2	615.0
2026-07-30T21:21:22Z	borg	93cbe5364ba2	nbody	-O3	364.6
2026-07-30T21:21:22Z	borg	93cbe5364ba2	nbody	fpc	63.9
2026-07-30T21:21:22Z	borg	93cbe5364ba2	fib	-O0	264.4
2026-07-30T21:21:22Z	borg	93cbe5364ba2	fib	-O2	164.1
2026-07-30T21:21:22Z	borg	93cbe5364ba2	fib	-O3	114.0
2026-07-30T21:21:22Z	borg	93cbe5364ba2	fib	fpc	114.0
2026-07-30T21:21:22Z	borg	93cbe5364ba2	selfcompile	-O0	7529.5
2026-07-30T21:21:22Z	borg	93cbe5364ba2	selfcompile	-O2	6177.5
2026-07-30T21:21:22Z	borg	93cbe5364ba2	selfcompile	-O3	5875.8
2026-07-30T22:19:29Z	borg	08e55b2637ee	mandelbrot	-O0	1466.3
2026-07-30T22:19:29Z	borg	08e55b2637ee	mandelbrot	-O2	1366.9
2026-07-30T22:19:29Z	borg	08e55b2637ee	mandelbrot	-O3	664.8
2026-07-30T22:19:29Z	borg	08e55b2637ee	mandelbrot-p	-O0	1366.5
2026-07-30T22:19:29Z	borg	08e55b2637ee	mandelbrot-p	-O2	1416.2
2026-07-30T22:19:29Z	borg	08e55b2637ee	mandelbrot-p	-O3	614.8
2026-07-30T22:19:29Z	borg	08e55b2637ee	mandelbrot-p	fpc	364.4
2026-07-30T22:19:29Z	borg	08e55b2637ee	raytracer	-O0	11538.5
2026-07-30T22:19:29Z	borg	08e55b2637ee	raytracer	-O2	6828.4
2026-07-30T22:19:29Z	borg	08e55b2637ee	raytracer	-O3	5375.1
2026-07-30T22:19:29Z	borg	08e55b2637ee	raytracer-p	-O0	314.5
2026-07-30T22:19:29Z	borg	08e55b2637ee	raytracer-p	-O2	314.6
2026-07-30T22:19:29Z	borg	08e55b2637ee	raytracer-p	-O3	264.6
2026-07-30T22:19:29Z	borg	08e55b2637ee	raytracer-p	fpc	31.9
2026-07-30T22:19:29Z	borg	08e55b2637ee	sieve	-O0	114.0
2026-07-30T22:19:29Z	borg	08e55b2637ee	sieve	-O2	64.0
2026-07-30T22:19:29Z	borg	08e55b2637ee	sieve	-O3	64.0
2026-07-30T22:19:29Z	borg	08e55b2637ee	sieve	fpc	31.9
2026-07-30T22:19:29Z	borg	08e55b2637ee	nbody	-O0	615.2
2026-07-30T22:19:29Z	borg	08e55b2637ee	nbody	-O2	565.2
2026-07-30T22:19:29Z	borg	08e55b2637ee	nbody	-O3	314.6
2026-07-30T22:19:29Z	borg	08e55b2637ee	nbody	fpc	64.1
2026-07-30T22:19:29Z	borg	08e55b2637ee	fib	-O0	264.5
2026-07-30T22:19:29Z	borg	08e55b2637ee	fib	-O2	164.2
2026-07-30T22:19:29Z	borg	08e55b2637ee	fib	-O3	114.0
2026-07-30T22:19:29Z	borg	08e55b2637ee	fib	fpc	114.1
2026-07-30T22:19:29Z	borg	08e55b2637ee	selfcompile	-O0	6578.7
2026-07-30T22:19:29Z	borg	08e55b2637ee	selfcompile	-O2	5425.2
2026-07-30T22:19:29Z	borg	08e55b2637ee	selfcompile	-O3	5225.7
2026-07-30T22:37:32Z	borg	989cde91a657	mandelbrot	-O0	1416.4
2026-07-30T22:37:32Z	borg	989cde91a657	mandelbrot	-O2	1416.5
2026-07-30T22:37:32Z	borg	989cde91a657	mandelbrot	-O3	664.9
2026-07-30T22:37:32Z	borg	989cde91a657	mandelbrot-p	-O0	1366.7
2026-07-30T22:37:32Z	borg	989cde91a657	mandelbrot-p	-O2	1366.6
2026-07-30T22:37:32Z	borg	989cde91a657	mandelbrot-p	-O3	665.1
2026-07-30T22:37:32Z	borg	989cde91a657	mandelbrot-p	fpc	364.6
2026-07-30T22:37:32Z	borg	989cde91a657	raytracer	-O0	12589.4
2026-07-30T22:37:32Z	borg	989cde91a657	raytracer	-O2	6728.5
2026-07-30T22:37:32Z	borg	989cde91a657	raytracer	-O3	5225.9
2026-07-30T22:37:32Z	borg	989cde91a657	raytracer-p	-O0	314.6
2026-07-30T22:37:32Z	borg	989cde91a657	raytracer-p	-O2	314.4
2026-07-30T22:37:32Z	borg	989cde91a657	raytracer-p	-O3	264.4
2026-07-30T22:37:32Z	borg	989cde91a657	raytracer-p	fpc	31.9
2026-07-30T22:37:32Z	borg	989cde91a657	sieve	-O0	114.1
2026-07-30T22:37:32Z	borg	989cde91a657	sieve	-O2	64.1
2026-07-30T22:37:32Z	borg	989cde91a657	sieve	-O3	64.0
2026-07-30T22:37:32Z	borg	989cde91a657	sieve	fpc	31.9
2026-07-30T22:37:32Z	borg	989cde91a657	nbody	-O0	615.1
2026-07-30T22:37:32Z	borg	989cde91a657	nbody	-O2	565.2
2026-07-30T22:37:32Z	borg	989cde91a657	nbody	-O3	314.4
2026-07-30T22:37:32Z	borg	989cde91a657	nbody	fpc	64.0
2026-07-30T22:37:32Z	borg	989cde91a657	fib	-O0	265.6
2026-07-30T22:37:32Z	borg	989cde91a657	fib	-O2	164.3
2026-07-30T22:37:32Z	borg	989cde91a657	fib	-O3	115.3
2026-07-30T22:37:32Z	borg	989cde91a657	fib	fpc	114.0
2026-07-30T22:37:32Z	borg	989cde91a657	selfcompile	-O0	7229.2
2026-07-30T22:37:32Z	borg	989cde91a657	selfcompile	-O2	5525.4
2026-07-30T22:37:32Z	borg	989cde91a657	selfcompile	-O3	5975.8
2026-07-30T23:10:27Z	borg	608426f9d61b	mandelbrot	-O0	1366.1
2026-07-30T23:10:27Z	borg	608426f9d61b	mandelbrot	-O2	1316.3
2026-07-30T23:10:27Z	borg	608426f9d61b	mandelbrot	-O3	665.0
2026-07-30T23:10:27Z	borg	608426f9d61b	mandelbrot-p	-O0	1416.4
2026-07-30T23:10:27Z	borg	608426f9d61b	mandelbrot-p	-O2	1366.0
2026-07-30T23:10:27Z	borg	608426f9d61b	mandelbrot-p	-O3	665.2
2026-07-30T23:10:27Z	borg	608426f9d61b	mandelbrot-p	fpc	364.3
2026-07-30T23:10:27Z	borg	608426f9d61b	raytracer	-O0	12688.5
2026-07-30T23:10:27Z	borg	608426f9d61b	raytracer	-O2	7228.4
2026-07-30T23:10:27Z	borg	608426f9d61b	raytracer	-O3	5925.2
2026-07-30T23:10:27Z	borg	608426f9d61b	raytracer-p	-O0	364.3
2026-07-30T23:10:27Z	borg	608426f9d61b	raytracer-p	-O2	314.4
2026-07-30T23:10:27Z	borg	608426f9d61b	raytracer-p	-O3	264.4
2026-07-30T23:10:27Z	borg	608426f9d61b	raytracer-p	fpc	31.7
2026-07-30T23:10:27Z	borg	608426f9d61b	sieve	-O0	114.0
2026-07-30T23:10:27Z	borg	608426f9d61b	sieve	-O2	113.9
2026-07-30T23:10:27Z	borg	608426f9d61b	sieve	-O3	114.0
2026-07-30T23:10:27Z	borg	608426f9d61b	sieve	fpc	31.6
2026-07-30T23:10:27Z	borg	608426f9d61b	nbody	-O0	615.4
2026-07-30T23:10:27Z	borg	608426f9d61b	nbody	-O2	565.1
2026-07-30T23:10:27Z	borg	608426f9d61b	nbody	-O3	364.6
2026-07-30T23:10:27Z	borg	608426f9d61b	nbody	fpc	63.9
2026-07-30T23:10:27Z	borg	608426f9d61b	fib	-O0	264.3
2026-07-30T23:10:27Z	borg	608426f9d61b	fib	-O2	164.2
2026-07-30T23:10:27Z	borg	608426f9d61b	fib	-O3	114.0
2026-07-30T23:10:27Z	borg	608426f9d61b	fib	fpc	114.0
2026-07-30T23:10:27Z	borg	608426f9d61b	selfcompile	-O0	6979.0
2026-07-30T23:10:27Z	borg	608426f9d61b	selfcompile	-O2	5476.3
2026-07-30T23:10:27Z	borg	608426f9d61b	selfcompile	-O3	5575.3
2026-07-30T23:28:56Z	borg	eda53886e656	mandelbrot	-O0	1366.7
2026-07-30T23:28:56Z	borg	eda53886e656	mandelbrot	-O2	1317.5
2026-07-30T23:28:56Z	borg	eda53886e656	mandelbrot	-O3	665.0
2026-07-30T23:28:56Z	borg	eda53886e656	mandelbrot-p	-O0	1466.5
2026-07-30T23:28:56Z	borg	eda53886e656	mandelbrot-p	-O2	1366.0
2026-07-30T23:28:56Z	borg	eda53886e656	mandelbrot-p	-O3	665.1
2026-07-30T23:28:56Z	borg	eda53886e656	mandelbrot-p	fpc	414.7
2026-07-30T23:28:56Z	borg	eda53886e656	raytracer	-O0	12385.9
2026-07-30T23:28:56Z	borg	eda53886e656	raytracer	-O2	7227.4
2026-07-30T23:28:56Z	borg	eda53886e656	raytracer	-O3	5474.1
2026-07-30T23:28:56Z	borg	eda53886e656	raytracer-p	-O0	364.4
2026-07-30T23:28:56Z	borg	eda53886e656	raytracer-p	-O2	314.4
2026-07-30T23:28:56Z	borg	eda53886e656	raytracer-p	-O3	314.3
2026-07-30T23:28:56Z	borg	eda53886e656	raytracer-p	fpc	31.8
2026-07-30T23:28:56Z	borg	eda53886e656	sieve	-O0	114.0
2026-07-30T23:28:56Z	borg	eda53886e656	sieve	-O2	64.0
2026-07-30T23:28:56Z	borg	eda53886e656	sieve	-O3	114.0
2026-07-30T23:28:56Z	borg	eda53886e656	sieve	fpc	31.9
2026-07-30T23:28:56Z	borg	eda53886e656	nbody	-O0	664.9
2026-07-30T23:28:56Z	borg	eda53886e656	nbody	-O2	565.0
2026-07-30T23:28:56Z	borg	eda53886e656	nbody	-O3	364.6
2026-07-30T23:28:56Z	borg	eda53886e656	nbody	fpc	114.0
2026-07-30T23:28:56Z	borg	eda53886e656	fib	-O0	264.3
2026-07-30T23:28:56Z	borg	eda53886e656	fib	-O2	164.0
2026-07-30T23:28:56Z	borg	eda53886e656	fib	-O3	113.9
2026-07-30T23:28:56Z	borg	eda53886e656	fib	fpc	113.9
2026-07-30T23:28:56Z	borg	eda53886e656	selfcompile	-O0	7278.6
2026-07-30T23:28:56Z	borg	eda53886e656	selfcompile	-O2	5825.0
2026-07-30T23:28:56Z	borg	eda53886e656	selfcompile	-O3	5426.6
2026-07-30T23:55:18Z	borg	6df509eb1cc9	mandelbrot	-O0	1316.1
2026-07-30T23:55:18Z	borg	6df509eb1cc9	mandelbrot	-O2	1266.6
2026-07-30T23:55:18Z	borg	6df509eb1cc9	mandelbrot	-O3	615.3
2026-07-30T23:55:18Z	borg	6df509eb1cc9	mandelbrot-p	-O0	1316.8
2026-07-30T23:55:18Z	borg	6df509eb1cc9	mandelbrot-p	-O2	1266.8
2026-07-30T23:55:18Z	borg	6df509eb1cc9	mandelbrot-p	-O3	615.3
2026-07-30T23:55:18Z	borg	6df509eb1cc9	mandelbrot-p	fpc	314.3
2026-07-30T23:55:18Z	borg	6df509eb1cc9	raytracer	-O0	11132.2
2026-07-30T23:55:18Z	borg	6df509eb1cc9	raytracer	-O2	6728.0
2026-07-30T23:55:18Z	borg	6df509eb1cc9	raytracer	-O3	5375.4
2026-07-30T23:55:18Z	borg	6df509eb1cc9	raytracer-p	-O0	314.5
2026-07-30T23:55:18Z	borg	6df509eb1cc9	raytracer-p	-O2	314.4
2026-07-30T23:55:18Z	borg	6df509eb1cc9	raytracer-p	-O3	264.5
2026-07-30T23:55:18Z	borg	6df509eb1cc9	raytracer-p	fpc	31.8
2026-07-30T23:55:18Z	borg	6df509eb1cc9	sieve	-O0	114.1
2026-07-30T23:55:18Z	borg	6df509eb1cc9	sieve	-O2	64.0
2026-07-30T23:55:18Z	borg	6df509eb1cc9	sieve	-O3	114.1
2026-07-30T23:55:18Z	borg	6df509eb1cc9	sieve	fpc	32.0
2026-07-30T23:55:18Z	borg	6df509eb1cc9	nbody	-O0	615.2
2026-07-30T23:55:18Z	borg	6df509eb1cc9	nbody	-O2	565.2
2026-07-30T23:55:18Z	borg	6df509eb1cc9	nbody	-O3	314.6
2026-07-30T23:55:18Z	borg	6df509eb1cc9	nbody	fpc	63.9
2026-07-30T23:55:18Z	borg	6df509eb1cc9	fib	-O0	264.3
2026-07-30T23:55:18Z	borg	6df509eb1cc9	fib	-O2	164.2
2026-07-30T23:55:18Z	borg	6df509eb1cc9	fib	-O3	114.1
2026-07-30T23:55:18Z	borg	6df509eb1cc9	fib	fpc	114.0
2026-07-30T23:55:18Z	borg	6df509eb1cc9	selfcompile	-O0	6629.2
2026-07-30T23:55:18Z	borg	6df509eb1cc9	selfcompile	-O2	5425.9
2026-07-30T23:55:18Z	borg	6df509eb1cc9	selfcompile	-O3	5476.0
2026-07-31T00:33:47Z	borg	6ab1500942b7	mandelbrot	-O0	1366.7
2026-07-31T00:33:47Z	borg	6ab1500942b7	mandelbrot	-O2	1316.8
2026-07-31T00:33:47Z	borg	6ab1500942b7	mandelbrot	-O3	665.1
2026-07-31T00:33:47Z	borg	6ab1500942b7	mandelbrot-p	-O0	1416.6
2026-07-31T00:33:47Z	borg	6ab1500942b7	mandelbrot-p	-O2	1416.2
2026-07-31T00:33:47Z	borg	6ab1500942b7	mandelbrot-p	-O3	615.1
2026-07-31T00:33:47Z	borg	6ab1500942b7	mandelbrot-p	fpc	314.7
2026-07-31T00:33:47Z	borg	6ab1500942b7	raytracer	-O0	12488.0
2026-07-31T00:33:47Z	borg	6ab1500942b7	raytracer	-O2	6778.4
2026-07-31T00:33:47Z	borg	6ab1500942b7	raytracer	-O3	6176.7
2026-07-31T00:33:47Z	borg	6ab1500942b7	raytracer-p	-O0	364.5
2026-07-31T00:33:47Z	borg	6ab1500942b7	raytracer-p	-O2	314.5
2026-07-31T00:33:47Z	borg	6ab1500942b7	raytracer-p	-O3	264.3
2026-07-31T00:33:47Z	borg	6ab1500942b7	raytracer-p	fpc	31.7
2026-07-31T00:33:47Z	borg	6ab1500942b7	sieve	-O0	114.0
2026-07-31T00:33:47Z	borg	6ab1500942b7	sieve	-O2	114.0
2026-07-31T00:33:47Z	borg	6ab1500942b7	sieve	-O3	114.0
2026-07-31T00:33:47Z	borg	6ab1500942b7	sieve	fpc	31.8
2026-07-31T00:33:47Z	borg	6ab1500942b7	nbody	-O0	615.4
2026-07-31T00:33:47Z	borg	6ab1500942b7	nbody	-O2	615.1
2026-07-31T00:33:47Z	borg	6ab1500942b7	nbody	-O3	364.5
2026-07-31T00:33:47Z	borg	6ab1500942b7	nbody	fpc	63.9
2026-07-31T00:33:47Z	borg	6ab1500942b7	fib	-O0	264.3
2026-07-31T00:33:47Z	borg	6ab1500942b7	fib	-O2	164.1
2026-07-31T00:33:47Z	borg	6ab1500942b7	fib	-O3	114.0
2026-07-31T00:33:47Z	borg	6ab1500942b7	fib	fpc	114.0
2026-07-31T00:33:47Z	borg	6ab1500942b7	selfcompile	-O0	7429.5
2026-07-31T00:33:47Z	borg	6ab1500942b7	selfcompile	-O2	5775.8
2026-07-31T00:33:47Z	borg	6ab1500942b7	selfcompile	-O3	5725.3
2026-07-31T00:57:03Z	borg	a32c02a69bfb	mandelbrot	-O0	1366.7
2026-07-31T00:57:03Z	borg	a32c02a69bfb	mandelbrot	-O2	1366.7
2026-07-31T00:57:03Z	borg	a32c02a69bfb	mandelbrot	-O3	665.0
2026-07-31T00:57:03Z	borg	a32c02a69bfb	mandelbrot-p	-O0	1366.0
2026-07-31T00:57:03Z	borg	a32c02a69bfb	mandelbrot-p	-O2	1416.9
2026-07-31T00:57:03Z	borg	a32c02a69bfb	mandelbrot-p	-O3	664.9
2026-07-31T00:57:03Z	borg	a32c02a69bfb	mandelbrot-p	fpc	364.3
2026-07-31T00:57:03Z	borg	a32c02a69bfb	raytracer	-O0	12439.8
2026-07-31T00:57:03Z	borg	a32c02a69bfb	raytracer	-O2	7278.1
2026-07-31T00:57:03Z	borg	a32c02a69bfb	raytracer	-O3	5875.3
2026-07-31T00:57:03Z	borg	a32c02a69bfb	raytracer-p	-O0	364.5
2026-07-31T00:57:03Z	borg	a32c02a69bfb	raytracer-p	-O2	364.5
2026-07-31T00:57:03Z	borg	a32c02a69bfb	raytracer-p	-O3	264.4
2026-07-31T00:57:03Z	borg	a32c02a69bfb	raytracer-p	fpc	31.8
2026-07-31T00:57:03Z	borg	a32c02a69bfb	sieve	-O0	114.0
2026-07-31T00:57:03Z	borg	a32c02a69bfb	sieve	-O2	114.0
2026-07-31T00:57:03Z	borg	a32c02a69bfb	sieve	-O3	114.0
2026-07-31T00:57:03Z	borg	a32c02a69bfb	sieve	fpc	63.9
2026-07-31T00:57:03Z	borg	a32c02a69bfb	nbody	-O0	665.1
2026-07-31T00:57:03Z	borg	a32c02a69bfb	nbody	-O2	565.0
2026-07-31T00:57:03Z	borg	a32c02a69bfb	nbody	-O3	364.6
2026-07-31T00:57:03Z	borg	a32c02a69bfb	nbody	fpc	63.9
2026-07-31T00:57:03Z	borg	a32c02a69bfb	fib	-O0	264.3
2026-07-31T00:57:03Z	borg	a32c02a69bfb	fib	-O2	164.1
2026-07-31T00:57:03Z	borg	a32c02a69bfb	fib	-O3	113.9
2026-07-31T00:57:03Z	borg	a32c02a69bfb	fib	fpc	114.0
2026-07-31T00:57:03Z	borg	a32c02a69bfb	selfcompile	-O0	7528.2
2026-07-31T00:57:03Z	borg	a32c02a69bfb	selfcompile	-O2	5476.0
2026-07-31T00:57:03Z	borg	a32c02a69bfb	selfcompile	-O3	5425.7
2026-07-31T01:16:15Z	borg	6344fa9e4324	mandelbrot	-O0	1366.5
2026-07-31T01:16:15Z	borg	6344fa9e4324	mandelbrot	-O2	1366.5
2026-07-31T01:16:15Z	borg	6344fa9e4324	mandelbrot	-O3	665.3
2026-07-31T01:16:15Z	borg	6344fa9e4324	mandelbrot-p	-O0	1416.7
2026-07-31T01:16:15Z	borg	6344fa9e4324	mandelbrot-p	-O2	1366.3
2026-07-31T01:16:15Z	borg	6344fa9e4324	mandelbrot-p	-O3	665.1
2026-07-31T01:16:15Z	borg	6344fa9e4324	mandelbrot-p	fpc	314.5
2026-07-31T01:16:15Z	borg	6344fa9e4324	raytracer	-O0	12439.4
2026-07-31T01:16:15Z	borg	6344fa9e4324	raytracer	-O2	7229.2
2026-07-31T01:16:15Z	borg	6344fa9e4324	raytracer	-O3	5925.7
2026-07-31T01:16:15Z	borg	6344fa9e4324	raytracer-p	-O0	364.6
2026-07-31T01:16:15Z	borg	6344fa9e4324	raytracer-p	-O2	314.4
2026-07-31T01:16:15Z	borg	6344fa9e4324	raytracer-p	-O3	314.5
2026-07-31T01:16:15Z	borg	6344fa9e4324	raytracer-p	fpc	31.7
2026-07-31T01:16:15Z	borg	6344fa9e4324	sieve	-O0	114.0
2026-07-31T01:16:15Z	borg	6344fa9e4324	sieve	-O2	114.0
2026-07-31T01:16:15Z	borg	6344fa9e4324	sieve	-O3	114.0
2026-07-31T01:16:15Z	borg	6344fa9e4324	sieve	fpc	31.9
2026-07-31T01:16:15Z	borg	6344fa9e4324	nbody	-O0	665.1
2026-07-31T01:16:15Z	borg	6344fa9e4324	nbody	-O2	565.2
2026-07-31T01:16:15Z	borg	6344fa9e4324	nbody	-O3	364.7
2026-07-31T01:16:15Z	borg	6344fa9e4324	nbody	fpc	63.9
2026-07-31T01:16:15Z	borg	6344fa9e4324	fib	-O0	264.2
2026-07-31T01:16:15Z	borg	6344fa9e4324	fib	-O2	164.1
2026-07-31T01:16:15Z	borg	6344fa9e4324	fib	-O3	114.0
2026-07-31T01:16:15Z	borg	6344fa9e4324	fib	fpc	114.1
2026-07-31T01:16:15Z	borg	6344fa9e4324	selfcompile	-O0	7528.3
2026-07-31T01:16:15Z	borg	6344fa9e4324	selfcompile	-O2	5475.8
2026-07-31T01:16:15Z	borg	6344fa9e4324	selfcompile	-O3	5475.2
2026-07-31T01:35:04Z	borg	4aec440436f1	mandelbrot	-O0	1416.6
2026-07-31T01:35:04Z	borg	4aec440436f1	mandelbrot	-O2	1366.7
2026-07-31T01:35:04Z	borg	4aec440436f1	mandelbrot	-O3	665.2
2026-07-31T01:35:04Z	borg	4aec440436f1	mandelbrot-p	-O0	1466.8
2026-07-31T01:35:04Z	borg	4aec440436f1	mandelbrot-p	-O2	1416.6
2026-07-31T01:35:04Z	borg	4aec440436f1	mandelbrot-p	-O3	665.2
2026-07-31T01:35:04Z	borg	4aec440436f1	mandelbrot-p	fpc	314.7
2026-07-31T01:35:04Z	borg	4aec440436f1	raytracer	-O0	11539.3
2026-07-31T01:35:04Z	borg	4aec440436f1	raytracer	-O2	6725.6
2026-07-31T01:35:04Z	borg	4aec440436f1	raytracer	-O3	5925.8
2026-07-31T01:35:04Z	borg	4aec440436f1	raytracer-p	-O0	364.6
2026-07-31T01:35:04Z	borg	4aec440436f1	raytracer-p	-O2	314.5
2026-07-31T01:35:04Z	borg	4aec440436f1	raytracer-p	-O3	314.3
2026-07-31T01:35:04Z	borg	4aec440436f1	raytracer-p	fpc	31.7
2026-07-31T01:35:04Z	borg	4aec440436f1	sieve	-O0	114.0
2026-07-31T01:35:04Z	borg	4aec440436f1	sieve	-O2	114.0
2026-07-31T01:35:04Z	borg	4aec440436f1	sieve	-O3	113.9
2026-07-31T01:35:04Z	borg	4aec440436f1	sieve	fpc	31.7
2026-07-31T01:35:04Z	borg	4aec440436f1	nbody	-O0	615.4
2026-07-31T01:35:04Z	borg	4aec440436f1	nbody	-O2	565.1
2026-07-31T01:35:04Z	borg	4aec440436f1	nbody	-O3	364.4
2026-07-31T01:35:04Z	borg	4aec440436f1	nbody	fpc	114.0
2026-07-31T01:35:04Z	borg	4aec440436f1	fib	-O0	264.4
2026-07-31T01:35:04Z	borg	4aec440436f1	fib	-O2	164.1
2026-07-31T01:35:04Z	borg	4aec440436f1	fib	-O3	114.1
2026-07-31T01:35:04Z	borg	4aec440436f1	fib	fpc	114.1
2026-07-31T01:35:04Z	borg	4aec440436f1	selfcompile	-O0	7529.9
2026-07-31T01:35:04Z	borg	4aec440436f1	selfcompile	-O2	5926.1
2026-07-31T01:35:04Z	borg	4aec440436f1	selfcompile	-O3	5676.0
2026-07-31T01:58:20Z	borg	3aa949cfdb13	mandelbrot	-O0	1366.8
2026-07-31T01:58:20Z	borg	3aa949cfdb13	mandelbrot	-O2	1366.3
2026-07-31T01:58:20Z	borg	3aa949cfdb13	mandelbrot	-O3	665.2
2026-07-31T01:58:20Z	borg	3aa949cfdb13	mandelbrot-p	-O0	1416.6
2026-07-31T01:58:20Z	borg	3aa949cfdb13	mandelbrot-p	-O2	1416.5
2026-07-31T01:58:20Z	borg	3aa949cfdb13	mandelbrot-p	-O3	665.1
2026-07-31T01:58:20Z	borg	3aa949cfdb13	mandelbrot-p	fpc	314.5
2026-07-31T01:58:20Z	borg	3aa949cfdb13	raytracer	-O0	12488.8
2026-07-31T01:58:20Z	borg	3aa949cfdb13	raytracer	-O2	7328.6
2026-07-31T01:58:20Z	borg	3aa949cfdb13	raytracer	-O3	5875.5
2026-07-31T01:58:20Z	borg	3aa949cfdb13	raytracer-p	-O0	364.4
2026-07-31T01:58:20Z	borg	3aa949cfdb13	raytracer-p	-O2	314.3
2026-07-31T01:58:20Z	borg	3aa949cfdb13	raytracer-p	-O3	314.4
2026-07-31T01:58:20Z	borg	3aa949cfdb13	raytracer-p	fpc	31.8
2026-07-31T01:58:20Z	borg	3aa949cfdb13	sieve	-O0	114.0
2026-07-31T01:58:20Z	borg	3aa949cfdb13	sieve	-O2	113.9
2026-07-31T01:58:20Z	borg	3aa949cfdb13	sieve	-O3	113.9
2026-07-31T01:58:20Z	borg	3aa949cfdb13	sieve	fpc	31.7
2026-07-31T01:58:20Z	borg	3aa949cfdb13	nbody	-O0	665.2
2026-07-31T01:58:20Z	borg	3aa949cfdb13	nbody	-O2	615.1
2026-07-31T01:58:20Z	borg	3aa949cfdb13	nbody	-O3	364.5
2026-07-31T01:58:20Z	borg	3aa949cfdb13	nbody	fpc	114.0
2026-07-31T01:58:20Z	borg	3aa949cfdb13	fib	-O0	264.4
2026-07-31T01:58:20Z	borg	3aa949cfdb13	fib	-O2	164.1
2026-07-31T01:58:20Z	borg	3aa949cfdb13	fib	-O3	114.0
2026-07-31T01:58:20Z	borg	3aa949cfdb13	fib	fpc	113.9
2026-07-31T01:58:20Z	borg	3aa949cfdb13	selfcompile	-O0	6879.4
2026-07-31T01:58:20Z	borg	3aa949cfdb13	selfcompile	-O2	5473.2
2026-07-31T01:58:20Z	borg	3aa949cfdb13	selfcompile	-O3	5425.7
2026-07-31T03:03:39Z	borg	3ac4657537cb	mandelbrot	-O0	1366.6
2026-07-31T03:03:39Z	borg	3ac4657537cb	mandelbrot	-O2	1415.8
2026-07-31T03:03:39Z	borg	3ac4657537cb	mandelbrot	-O3	665.0
2026-07-31T03:03:39Z	borg	3ac4657537cb	mandelbrot-p	-O0	1416.5
2026-07-31T03:03:39Z	borg	3ac4657537cb	mandelbrot-p	-O2	1315.9
2026-07-31T03:03:39Z	borg	3ac4657537cb	mandelbrot-p	-O3	665.0
2026-07-31T03:03:39Z	borg	3ac4657537cb	mandelbrot-p	fpc	314.5
2026-07-31T03:03:39Z	borg	3ac4657537cb	raytracer	-O0	12087.6
2026-07-31T03:03:39Z	borg	3ac4657537cb	raytracer	-O2	6828.8
2026-07-31T03:03:39Z	borg	3ac4657537cb	raytracer	-O3	6126.8
2026-07-31T03:03:39Z	borg	3ac4657537cb	raytracer-p	-O0	364.5
2026-07-31T03:03:39Z	borg	3ac4657537cb	raytracer-p	-O2	314.5
2026-07-31T03:03:39Z	borg	3ac4657537cb	raytracer-p	-O3	314.4
2026-07-31T03:03:39Z	borg	3ac4657537cb	raytracer-p	fpc	31.7
2026-07-31T03:03:39Z	borg	3ac4657537cb	sieve	-O0	114.0
2026-07-31T03:03:39Z	borg	3ac4657537cb	sieve	-O2	113.9
2026-07-31T03:03:39Z	borg	3ac4657537cb	sieve	-O3	113.9
2026-07-31T03:03:39Z	borg	3ac4657537cb	sieve	fpc	31.9
2026-07-31T03:03:39Z	borg	3ac4657537cb	nbody	-O0	664.8
2026-07-31T03:03:39Z	borg	3ac4657537cb	nbody	-O2	614.9
2026-07-31T03:03:39Z	borg	3ac4657537cb	nbody	-O3	364.5
2026-07-31T03:03:39Z	borg	3ac4657537cb	nbody	fpc	114.0
2026-07-31T03:03:39Z	borg	3ac4657537cb	fib	-O0	264.2
2026-07-31T03:03:39Z	borg	3ac4657537cb	fib	-O2	164.0
2026-07-31T03:03:39Z	borg	3ac4657537cb	fib	-O3	114.0
2026-07-31T03:03:39Z	borg	3ac4657537cb	fib	fpc	114.0
2026-07-31T03:03:39Z	borg	3ac4657537cb	selfcompile	-O0	7678.4
2026-07-31T03:03:39Z	borg	3ac4657537cb	selfcompile	-O2	5826.5
2026-07-31T03:03:39Z	borg	3ac4657537cb	selfcompile	-O3	5826.1
2026-07-31T03:28:10Z	borg	acc7e3952815	mandelbrot	-O0	1366.2
2026-07-31T03:28:10Z	borg	acc7e3952815	mandelbrot	-O2	1266.3
2026-07-31T03:28:10Z	borg	acc7e3952815	mandelbrot	-O3	665.0
2026-07-31T03:28:10Z	borg	acc7e3952815	mandelbrot-p	-O0	1316.9
2026-07-31T03:28:10Z	borg	acc7e3952815	mandelbrot-p	-O2	1416.2
2026-07-31T03:28:10Z	borg	acc7e3952815	mandelbrot-p	-O3	665.3
2026-07-31T03:28:10Z	borg	acc7e3952815	mandelbrot-p	fpc	364.5
2026-07-31T03:28:10Z	borg	acc7e3952815	raytracer	-O0	12441.1
2026-07-31T03:28:10Z	borg	acc7e3952815	raytracer	-O2	7227.8
2026-07-31T03:28:10Z	borg	acc7e3952815	raytracer	-O3	6026.0
2026-07-31T03:28:10Z	borg	acc7e3952815	raytracer-p	-O0	364.6
2026-07-31T03:28:10Z	borg	acc7e3952815	raytracer-p	-O2	314.3
2026-07-31T03:28:10Z	borg	acc7e3952815	raytracer-p	-O3	264.1
2026-07-31T03:28:10Z	borg	acc7e3952815	raytracer-p	fpc	31.7
2026-07-31T03:28:10Z	borg	acc7e3952815	sieve	-O0	113.9
2026-07-31T03:28:10Z	borg	acc7e3952815	sieve	-O2	114.1
2026-07-31T03:28:10Z	borg	acc7e3952815	sieve	-O3	114.0
2026-07-31T03:28:10Z	borg	acc7e3952815	sieve	fpc	63.9
2026-07-31T03:28:10Z	borg	acc7e3952815	nbody	-O0	665.1
2026-07-31T03:28:10Z	borg	acc7e3952815	nbody	-O2	565.1
2026-07-31T03:28:10Z	borg	acc7e3952815	nbody	-O3	364.4
2026-07-31T03:28:10Z	borg	acc7e3952815	nbody	fpc	63.9
2026-07-31T03:28:10Z	borg	acc7e3952815	fib	-O0	264.4
2026-07-31T03:28:10Z	borg	acc7e3952815	fib	-O2	164.1
2026-07-31T03:28:10Z	borg	acc7e3952815	fib	-O3	114.0
2026-07-31T03:28:10Z	borg	acc7e3952815	fib	fpc	113.9
2026-07-31T03:28:10Z	borg	acc7e3952815	selfcompile	-O0	7579.4
2026-07-31T03:28:10Z	borg	acc7e3952815	selfcompile	-O2	5975.7
2026-07-31T03:28:10Z	borg	acc7e3952815	selfcompile	-O3	5825.6
2026-07-31T03:48:54Z	borg	7d77b0b36413	mandelbrot	-O0	1416.7
2026-07-31T03:48:54Z	borg	7d77b0b36413	mandelbrot	-O2	1366.7
2026-07-31T03:48:54Z	borg	7d77b0b36413	mandelbrot	-O3	665.2
2026-07-31T03:48:54Z	borg	7d77b0b36413	mandelbrot-p	-O0	1366.1
2026-07-31T03:48:54Z	borg	7d77b0b36413	mandelbrot-p	-O2	1416.9
2026-07-31T03:48:54Z	borg	7d77b0b36413	mandelbrot-p	-O3	665.2
2026-07-31T03:48:54Z	borg	7d77b0b36413	mandelbrot-p	fpc	364.5
2026-07-31T03:48:54Z	borg	7d77b0b36413	raytracer	-O0	12539.5
2026-07-31T03:48:54Z	borg	7d77b0b36413	raytracer	-O2	6728.1
2026-07-31T03:48:54Z	borg	7d77b0b36413	raytracer	-O3	5525.9
2026-07-31T03:48:54Z	borg	7d77b0b36413	raytracer-p	-O0	364.3
2026-07-31T03:48:54Z	borg	7d77b0b36413	raytracer-p	-O2	314.5
2026-07-31T03:48:54Z	borg	7d77b0b36413	raytracer-p	-O3	264.5
2026-07-31T03:48:54Z	borg	7d77b0b36413	raytracer-p	fpc	31.8
2026-07-31T03:48:54Z	borg	7d77b0b36413	sieve	-O0	114.0
2026-07-31T03:48:54Z	borg	7d77b0b36413	sieve	-O2	113.9
2026-07-31T03:48:54Z	borg	7d77b0b36413	sieve	-O3	114.0
2026-07-31T03:48:54Z	borg	7d77b0b36413	sieve	fpc	64.0
2026-07-31T03:48:54Z	borg	7d77b0b36413	nbody	-O0	665.2
2026-07-31T03:48:54Z	borg	7d77b0b36413	nbody	-O2	564.6
2026-07-31T03:48:54Z	borg	7d77b0b36413	nbody	-O3	414.6
2026-07-31T03:48:54Z	borg	7d77b0b36413	nbody	fpc	63.9
2026-07-31T03:48:54Z	borg	7d77b0b36413	fib	-O0	264.2
2026-07-31T03:48:54Z	borg	7d77b0b36413	fib	-O2	164.1
2026-07-31T03:48:54Z	borg	7d77b0b36413	fib	-O3	114.0
2026-07-31T03:48:54Z	borg	7d77b0b36413	fib	fpc	114.0
2026-07-31T03:48:54Z	borg	7d77b0b36413	selfcompile	-O0	7378.7
2026-07-31T03:48:54Z	borg	7d77b0b36413	selfcompile	-O2	5876.4
2026-07-31T03:48:54Z	borg	7d77b0b36413	selfcompile	-O3	5976.8
2026-07-31T04:13:14Z	borg	ef88f873c976	mandelbrot	-O0	1316.8
2026-07-31T04:13:14Z	borg	ef88f873c976	mandelbrot	-O2	1366.5
2026-07-31T04:13:14Z	borg	ef88f873c976	mandelbrot	-O3	664.9
2026-07-31T04:13:14Z	borg	ef88f873c976	mandelbrot-p	-O0	1416.8
2026-07-31T04:13:14Z	borg	ef88f873c976	mandelbrot-p	-O2	1416.1
2026-07-31T04:13:14Z	borg	ef88f873c976	mandelbrot-p	-O3	665.2
2026-07-31T04:13:14Z	borg	ef88f873c976	mandelbrot-p	fpc	314.6
2026-07-31T04:13:14Z	borg	ef88f873c976	raytracer	-O0	12540.0
2026-07-31T04:13:14Z	borg	ef88f873c976	raytracer	-O2	7527.1
2026-07-31T04:13:14Z	borg	ef88f873c976	raytracer	-O3	5926.4
2026-07-31T04:13:14Z	borg	ef88f873c976	raytracer-p	-O0	364.7
2026-07-31T04:13:14Z	borg	ef88f873c976	raytracer-p	-O2	364.6
2026-07-31T04:13:14Z	borg	ef88f873c976	raytracer-p	-O3	314.2
2026-07-31T04:13:14Z	borg	ef88f873c976	raytracer-p	fpc	63.8
2026-07-31T04:13:14Z	borg	ef88f873c976	sieve	-O0	113.9
2026-07-31T04:13:14Z	borg	ef88f873c976	sieve	-O2	113.9
2026-07-31T04:13:14Z	borg	ef88f873c976	sieve	-O3	114.0
2026-07-31T04:13:14Z	borg	ef88f873c976	sieve	fpc	31.7
2026-07-31T04:13:14Z	borg	ef88f873c976	nbody	-O0	665.3
2026-07-31T04:13:14Z	borg	ef88f873c976	nbody	-O2	615.0
2026-07-31T04:13:14Z	borg	ef88f873c976	nbody	-O3	364.3
2026-07-31T04:13:14Z	borg	ef88f873c976	nbody	fpc	63.8
2026-07-31T04:13:14Z	borg	ef88f873c976	fib	-O0	264.4
2026-07-31T04:13:14Z	borg	ef88f873c976	fib	-O2	164.1
2026-07-31T04:13:14Z	borg	ef88f873c976	fib	-O3	113.9
2026-07-31T04:13:14Z	borg	ef88f873c976	fib	fpc	114.0
2026-07-31T04:13:14Z	borg	ef88f873c976	selfcompile	-O0	7478.6
2026-07-31T04:13:14Z	borg	ef88f873c976	selfcompile	-O2	6076.8
2026-07-31T04:13:14Z	borg	ef88f873c976	selfcompile	-O3	5776.2
2026-07-31T04:34:28Z	borg	bb2f99fe17aa	mandelbrot	-O0	1367.1
2026-07-31T04:34:28Z	borg	bb2f99fe17aa	mandelbrot	-O2	1366.3
2026-07-31T04:34:28Z	borg	bb2f99fe17aa	mandelbrot	-O3	664.8
2026-07-31T04:34:28Z	borg	bb2f99fe17aa	mandelbrot-p	-O0	1366.2
2026-07-31T04:34:28Z	borg	bb2f99fe17aa	mandelbrot-p	-O2	1416.4
2026-07-31T04:34:28Z	borg	bb2f99fe17aa	mandelbrot-p	-O3	665.1
2026-07-31T04:34:28Z	borg	bb2f99fe17aa	mandelbrot-p	fpc	364.5
2026-07-31T04:34:28Z	borg	bb2f99fe17aa	raytracer	-O0	12487.9
2026-07-31T04:34:28Z	borg	bb2f99fe17aa	raytracer	-O2	7379.5
2026-07-31T04:34:28Z	borg	bb2f99fe17aa	raytracer	-O3	5876.1
2026-07-31T04:34:28Z	borg	bb2f99fe17aa	raytracer-p	-O0	364.5
2026-07-31T04:34:28Z	borg	bb2f99fe17aa	raytracer-p	-O2	314.4
2026-07-31T04:34:28Z	borg	bb2f99fe17aa	raytracer-p	-O3	314.4
2026-07-31T04:34:28Z	borg	bb2f99fe17aa	raytracer-p	fpc	31.8
2026-07-31T04:34:28Z	borg	bb2f99fe17aa	sieve	-O0	114.1
2026-07-31T04:34:28Z	borg	bb2f99fe17aa	sieve	-O2	63.9
2026-07-31T04:34:28Z	borg	bb2f99fe17aa	sieve	-O3	63.9
2026-07-31T04:34:28Z	borg	bb2f99fe17aa	sieve	fpc	31.6
2026-07-31T04:34:28Z	borg	bb2f99fe17aa	nbody	-O0	615.0
2026-07-31T04:34:28Z	borg	bb2f99fe17aa	nbody	-O2	614.8
2026-07-31T04:34:28Z	borg	bb2f99fe17aa	nbody	-O3	364.5
2026-07-31T04:34:28Z	borg	bb2f99fe17aa	nbody	fpc	63.9
2026-07-31T04:34:28Z	borg	bb2f99fe17aa	fib	-O0	264.2
2026-07-31T04:34:28Z	borg	bb2f99fe17aa	fib	-O2	164.2
2026-07-31T04:34:28Z	borg	bb2f99fe17aa	fib	-O3	113.9
2026-07-31T04:34:28Z	borg	bb2f99fe17aa	fib	fpc	113.9
2026-07-31T04:34:28Z	borg	bb2f99fe17aa	selfcompile	-O0	7579.4
2026-07-31T04:34:28Z	borg	bb2f99fe17aa	selfcompile	-O2	5925.9
2026-07-31T04:34:28Z	borg	bb2f99fe17aa	selfcompile	-O3	5976.0
2026-07-31T04:55:18Z	borg	ff96b1a1d163	mandelbrot	-O0	1416.7
2026-07-31T04:55:18Z	borg	ff96b1a1d163	mandelbrot	-O2	1366.6
2026-07-31T04:55:18Z	borg	ff96b1a1d163	mandelbrot	-O3	665.2
2026-07-31T04:55:18Z	borg	ff96b1a1d163	mandelbrot-p	-O0	1416.9
2026-07-31T04:55:18Z	borg	ff96b1a1d163	mandelbrot-p	-O2	1366.6
2026-07-31T04:55:18Z	borg	ff96b1a1d163	mandelbrot-p	-O3	665.2
2026-07-31T04:55:18Z	borg	ff96b1a1d163	mandelbrot-p	fpc	364.4
2026-07-31T04:55:18Z	borg	ff96b1a1d163	raytracer	-O0	11539.0
2026-07-31T04:55:18Z	borg	ff96b1a1d163	raytracer	-O2	6776.1
2026-07-31T04:55:18Z	borg	ff96b1a1d163	raytracer	-O3	5325.5
2026-07-31T04:55:18Z	borg	ff96b1a1d163	raytracer-p	-O0	364.5
2026-07-31T04:55:18Z	borg	ff96b1a1d163	raytracer-p	-O2	364.4
2026-07-31T04:55:18Z	borg	ff96b1a1d163	raytracer-p	-O3	314.6
2026-07-31T04:55:18Z	borg	ff96b1a1d163	raytracer-p	fpc	63.9
2026-07-31T04:55:18Z	borg	ff96b1a1d163	sieve	-O0	114.0
2026-07-31T04:55:18Z	borg	ff96b1a1d163	sieve	-O2	114.0
2026-07-31T04:55:18Z	borg	ff96b1a1d163	sieve	-O3	114.0
2026-07-31T04:55:18Z	borg	ff96b1a1d163	sieve	fpc	31.8
2026-07-31T04:55:18Z	borg	ff96b1a1d163	nbody	-O0	615.3
2026-07-31T04:55:18Z	borg	ff96b1a1d163	nbody	-O2	565.0
2026-07-31T04:55:18Z	borg	ff96b1a1d163	nbody	-O3	364.5
2026-07-31T04:55:18Z	borg	ff96b1a1d163	nbody	fpc	63.9
2026-07-31T04:55:18Z	borg	ff96b1a1d163	fib	-O0	264.2
2026-07-31T04:55:18Z	borg	ff96b1a1d163	fib	-O2	164.1
2026-07-31T04:55:18Z	borg	ff96b1a1d163	fib	-O3	113.9
2026-07-31T04:55:18Z	borg	ff96b1a1d163	fib	fpc	113.9
2026-07-31T04:55:18Z	borg	ff96b1a1d163	selfcompile	-O0	7479.1
2026-07-31T04:55:18Z	borg	ff96b1a1d163	selfcompile	-O2	5625.8
2026-07-31T04:55:18Z	borg	ff96b1a1d163	selfcompile	-O3	6026.1
2026-07-31T05:14:22Z	borg	d740f0dd59fe	mandelbrot	-O0	1366.5
2026-07-31T05:14:22Z	borg	d740f0dd59fe	mandelbrot	-O2	1366.8
2026-07-31T05:14:22Z	borg	d740f0dd59fe	mandelbrot	-O3	665.0
2026-07-31T05:14:22Z	borg	d740f0dd59fe	mandelbrot-p	-O0	1366.7
2026-07-31T05:14:22Z	borg	d740f0dd59fe	mandelbrot-p	-O2	1366.6
2026-07-31T05:14:22Z	borg	d740f0dd59fe	mandelbrot-p	-O3	665.1
2026-07-31T05:14:22Z	borg	d740f0dd59fe	mandelbrot-p	fpc	314.6
2026-07-31T05:14:22Z	borg	d740f0dd59fe	raytracer	-O0	12640.3
2026-07-31T05:14:22Z	borg	d740f0dd59fe	raytracer	-O2	7179.1
2026-07-31T05:14:22Z	borg	d740f0dd59fe	raytracer	-O3	5475.7
2026-07-31T05:14:22Z	borg	d740f0dd59fe	raytracer-p	-O0	314.6
2026-07-31T05:14:22Z	borg	d740f0dd59fe	raytracer-p	-O2	314.5
2026-07-31T05:14:22Z	borg	d740f0dd59fe	raytracer-p	-O3	264.4
2026-07-31T05:14:22Z	borg	d740f0dd59fe	raytracer-p	fpc	31.8
2026-07-31T05:14:22Z	borg	d740f0dd59fe	sieve	-O0	113.9
2026-07-31T05:14:22Z	borg	d740f0dd59fe	sieve	-O2	114.0
2026-07-31T05:14:22Z	borg	d740f0dd59fe	sieve	-O3	63.9
2026-07-31T05:14:22Z	borg	d740f0dd59fe	sieve	fpc	31.7
2026-07-31T05:14:22Z	borg	d740f0dd59fe	nbody	-O0	615.3
2026-07-31T05:14:22Z	borg	d740f0dd59fe	nbody	-O2	565.0
2026-07-31T05:14:22Z	borg	d740f0dd59fe	nbody	-O3	364.5
2026-07-31T05:14:22Z	borg	d740f0dd59fe	nbody	fpc	114.0
2026-07-31T05:14:22Z	borg	d740f0dd59fe	fib	-O0	264.4
2026-07-31T05:14:22Z	borg	d740f0dd59fe	fib	-O2	164.1
2026-07-31T05:14:22Z	borg	d740f0dd59fe	fib	-O3	114.1
2026-07-31T05:14:22Z	borg	d740f0dd59fe	fib	fpc	114.3
2026-07-31T05:14:22Z	borg	d740f0dd59fe	selfcompile	-O0	7479.3
2026-07-31T05:14:22Z	borg	d740f0dd59fe	selfcompile	-O2	6026.8
2026-07-31T05:14:22Z	borg	d740f0dd59fe	selfcompile	-O3	6125.7
2026-07-31T05:41:43Z	borg	eb4d271099f1	mandelbrot	-O0	1466.8
2026-07-31T05:41:43Z	borg	eb4d271099f1	mandelbrot	-O2	1416.3
2026-07-31T05:41:43Z	borg	eb4d271099f1	mandelbrot	-O3	665.2
2026-07-31T05:41:43Z	borg	eb4d271099f1	mandelbrot-p	-O0	1367.0
2026-07-31T05:41:43Z	borg	eb4d271099f1	mandelbrot-p	-O2	1416.5
2026-07-31T05:41:43Z	borg	eb4d271099f1	mandelbrot-p	-O3	665.1
2026-07-31T05:41:43Z	borg	eb4d271099f1	mandelbrot-p	fpc	364.4
2026-07-31T05:41:43Z	borg	eb4d271099f1	raytracer	-O0	12640.5
2026-07-31T05:41:43Z	borg	eb4d271099f1	raytracer	-O2	7980.0
2026-07-31T05:41:43Z	borg	eb4d271099f1	raytracer	-O3	6829.5
2026-07-31T05:41:43Z	borg	eb4d271099f1	raytracer-p	-O0	366.1
2026-07-31T05:41:43Z	borg	eb4d271099f1	raytracer-p	-O2	364.6
2026-07-31T05:41:43Z	borg	eb4d271099f1	raytracer-p	-O3	364.7
2026-07-31T05:41:43Z	borg	eb4d271099f1	raytracer-p	fpc	63.9
2026-07-31T05:41:43Z	borg	eb4d271099f1	sieve	-O0	114.0
2026-07-31T05:41:43Z	borg	eb4d271099f1	sieve	-O2	114.0
2026-07-31T05:41:43Z	borg	eb4d271099f1	sieve	-O3	114.0
2026-07-31T05:41:43Z	borg	eb4d271099f1	sieve	fpc	63.9
2026-07-31T05:41:43Z	borg	eb4d271099f1	nbody	-O0	765.2
2026-07-31T05:41:43Z	borg	eb4d271099f1	nbody	-O2	615.1
2026-07-31T05:41:43Z	borg	eb4d271099f1	nbody	-O3	364.6
2026-07-31T05:41:43Z	borg	eb4d271099f1	nbody	fpc	114.0
2026-07-31T05:41:43Z	borg	eb4d271099f1	fib	-O0	315.0
2026-07-31T05:41:43Z	borg	eb4d271099f1	fib	-O2	214.4
2026-07-31T05:41:43Z	borg	eb4d271099f1	fib	-O3	114.0
2026-07-31T05:41:43Z	borg	eb4d271099f1	fib	fpc	164.1
2026-07-31T05:41:43Z	borg	eb4d271099f1	selfcompile	-O0	9135.1
2026-07-31T05:41:43Z	borg	eb4d271099f1	selfcompile	-O2	7178.7
2026-07-31T05:41:43Z	borg	eb4d271099f1	selfcompile	-O3	7128.3
2026-07-31T06:05:41Z	borg	cede02bd78ac	mandelbrot	-O0	1416.4
2026-07-31T06:05:41Z	borg	cede02bd78ac	mandelbrot	-O2	1316.8
2026-07-31T06:05:41Z	borg	cede02bd78ac	mandelbrot	-O3	665.3
2026-07-31T06:05:41Z	borg	cede02bd78ac	mandelbrot-p	-O0	1316.7
2026-07-31T06:05:41Z	borg	cede02bd78ac	mandelbrot-p	-O2	1317.0
2026-07-31T06:05:41Z	borg	cede02bd78ac	mandelbrot-p	-O3	665.2
2026-07-31T06:05:41Z	borg	cede02bd78ac	mandelbrot-p	fpc	366.4
2026-07-31T06:05:41Z	borg	cede02bd78ac	raytracer	-O0	12947.4
2026-07-31T06:05:41Z	borg	cede02bd78ac	raytracer	-O2	7029.1
2026-07-31T06:05:41Z	borg	cede02bd78ac	raytracer	-O3	5625.2
2026-07-31T06:05:41Z	borg	cede02bd78ac	raytracer-p	-O0	364.5
2026-07-31T06:05:41Z	borg	cede02bd78ac	raytracer-p	-O2	364.6
2026-07-31T06:05:41Z	borg	cede02bd78ac	raytracer-p	-O3	314.4
2026-07-31T06:05:41Z	borg	cede02bd78ac	raytracer-p	fpc	31.8
2026-07-31T06:05:41Z	borg	cede02bd78ac	sieve	-O0	114.0
2026-07-31T06:05:41Z	borg	cede02bd78ac	sieve	-O2	114.0
2026-07-31T06:05:41Z	borg	cede02bd78ac	sieve	-O3	114.0
2026-07-31T06:05:41Z	borg	cede02bd78ac	sieve	fpc	63.9
2026-07-31T06:05:41Z	borg	cede02bd78ac	nbody	-O0	665.1
2026-07-31T06:05:41Z	borg	cede02bd78ac	nbody	-O2	615.0
2026-07-31T06:05:41Z	borg	cede02bd78ac	nbody	-O3	364.4
2026-07-31T06:05:41Z	borg	cede02bd78ac	nbody	fpc	114.0
2026-07-31T06:05:41Z	borg	cede02bd78ac	fib	-O0	314.4
2026-07-31T06:05:41Z	borg	cede02bd78ac	fib	-O2	214.4
2026-07-31T06:05:41Z	borg	cede02bd78ac	fib	-O3	114.0
2026-07-31T06:05:41Z	borg	cede02bd78ac	fib	fpc	114.0
2026-07-31T06:05:41Z	borg	cede02bd78ac	selfcompile	-O0	8029.3
2026-07-31T06:05:41Z	borg	cede02bd78ac	selfcompile	-O2	6878.8
2026-07-31T06:05:41Z	borg	cede02bd78ac	selfcompile	-O3	6730.0
2026-07-31T06:46:41Z	borg	d3825764329e	mandelbrot	-O0	1416.9
2026-07-31T06:46:41Z	borg	d3825764329e	mandelbrot	-O2	1416.7
2026-07-31T06:46:41Z	borg	d3825764329e	mandelbrot	-O3	665.3
2026-07-31T06:46:41Z	borg	d3825764329e	mandelbrot-p	-O0	1416.5
2026-07-31T06:46:41Z	borg	d3825764329e	mandelbrot-p	-O2	1366.8
2026-07-31T06:46:41Z	borg	d3825764329e	mandelbrot-p	-O3	665.2
2026-07-31T06:46:41Z	borg	d3825764329e	mandelbrot-p	fpc	365.7
2026-07-31T06:46:41Z	borg	d3825764329e	raytracer	-O0	12089.6
2026-07-31T06:46:41Z	borg	d3825764329e	raytracer	-O2	7129.3
2026-07-31T06:46:41Z	borg	d3825764329e	raytracer	-O3	5777.9
2026-07-31T06:46:41Z	borg	d3825764329e	raytracer-p	-O0	364.7
2026-07-31T06:46:41Z	borg	d3825764329e	raytracer-p	-O2	365.5
2026-07-31T06:46:41Z	borg	d3825764329e	raytracer-p	-O3	314.4
2026-07-31T06:46:41Z	borg	d3825764329e	raytracer-p	fpc	31.8
2026-07-31T06:46:41Z	borg	d3825764329e	sieve	-O0	114.1
2026-07-31T06:46:41Z	borg	d3825764329e	sieve	-O2	114.0
2026-07-31T06:46:41Z	borg	d3825764329e	sieve	-O3	114.1
2026-07-31T06:46:41Z	borg	d3825764329e	sieve	fpc	31.8
2026-07-31T06:46:41Z	borg	d3825764329e	nbody	-O0	665.2
2026-07-31T06:46:41Z	borg	d3825764329e	nbody	-O2	615.0
2026-07-31T06:46:41Z	borg	d3825764329e	nbody	-O3	364.6
2026-07-31T06:46:41Z	borg	d3825764329e	nbody	fpc	114.0
2026-07-31T06:46:41Z	borg	d3825764329e	fib	-O0	264.4
2026-07-31T06:46:41Z	borg	d3825764329e	fib	-O2	164.1
2026-07-31T06:46:41Z	borg	d3825764329e	fib	-O3	113.9
2026-07-31T06:46:41Z	borg	d3825764329e	fib	fpc	113.9
2026-07-31T06:46:41Z	borg	d3825764329e	selfcompile	-O0	7629.6
2026-07-31T06:46:41Z	borg	d3825764329e	selfcompile	-O2	6276.6
2026-07-31T06:46:41Z	borg	d3825764329e	selfcompile	-O3	6577.2
2026-07-31T07:36:19Z	borg	d606c75757f3	mandelbrot	-O0	1416.0
2026-07-31T07:36:19Z	borg	d606c75757f3	mandelbrot	-O2	1366.7
2026-07-31T07:36:19Z	borg	d606c75757f3	mandelbrot	-O3	665.1
2026-07-31T07:36:19Z	borg	d606c75757f3	mandelbrot-p	-O0	1416.4
2026-07-31T07:36:19Z	borg	d606c75757f3	mandelbrot-p	-O2	1416.7
2026-07-31T07:36:19Z	borg	d606c75757f3	mandelbrot-p	-O3	665.1
2026-07-31T07:36:19Z	borg	d606c75757f3	mandelbrot-p	fpc	364.6
2026-07-31T07:36:19Z	borg	d606c75757f3	raytracer	-O0	13492.9
2026-07-31T07:36:19Z	borg	d606c75757f3	raytracer	-O2	8034.9
2026-07-31T07:36:19Z	borg	d606c75757f3	raytracer	-O3	7282.7
2026-07-31T07:36:19Z	borg	d606c75757f3	raytracer-p	-O0	364.5
2026-07-31T07:36:19Z	borg	d606c75757f3	raytracer-p	-O2	364.8
2026-07-31T07:36:19Z	borg	d606c75757f3	raytracer-p	-O3	314.5
2026-07-31T07:36:19Z	borg	d606c75757f3	raytracer-p	fpc	64.0
2026-07-31T07:36:19Z	borg	d606c75757f3	sieve	-O0	114.0
2026-07-31T07:36:19Z	borg	d606c75757f3	sieve	-O2	114.1
2026-07-31T07:36:19Z	borg	d606c75757f3	sieve	-O3	114.0
2026-07-31T07:36:19Z	borg	d606c75757f3	sieve	fpc	32.0
2026-07-31T07:36:19Z	borg	d606c75757f3	nbody	-O0	665.2
2026-07-31T07:36:19Z	borg	d606c75757f3	nbody	-O2	815.5
2026-07-31T07:36:19Z	borg	d606c75757f3	nbody	-O3	364.6
2026-07-31T07:36:19Z	borg	d606c75757f3	nbody	fpc	114.1
2026-07-31T07:36:19Z	borg	d606c75757f3	fib	-O0	364.6
2026-07-31T07:36:19Z	borg	d606c75757f3	fib	-O2	214.3
2026-07-31T07:36:19Z	borg	d606c75757f3	fib	-O3	114.0
2026-07-31T07:36:19Z	borg	d606c75757f3	fib	fpc	114.1
2026-07-31T07:36:19Z	borg	d606c75757f3	selfcompile	-O0	7883.1
2026-07-31T07:36:19Z	borg	d606c75757f3	selfcompile	-O2	5975.2
2026-07-31T07:36:19Z	borg	d606c75757f3	selfcompile	-O3	6426.8
2026-07-31T08:26:32Z	borg	b06f9ffd737b	mandelbrot	-O0	1466.7
2026-07-31T08:26:32Z	borg	b06f9ffd737b	mandelbrot	-O2	1517.9
2026-07-31T08:26:32Z	borg	b06f9ffd737b	mandelbrot	-O3	815.3
2026-07-31T08:26:32Z	borg	b06f9ffd737b	mandelbrot-p	-O0	1467.2
2026-07-31T08:26:32Z	borg	b06f9ffd737b	mandelbrot-p	-O2	1467.0
2026-07-31T08:26:32Z	borg	b06f9ffd737b	mandelbrot-p	-O3	765.4
2026-07-31T08:26:32Z	borg	b06f9ffd737b	mandelbrot-p	fpc	364.5
2026-07-31T08:26:32Z	borg	b06f9ffd737b	raytracer	-O0	12742.0
2026-07-31T08:26:32Z	borg	b06f9ffd737b	raytracer	-O2	7382.5
2026-07-31T08:26:32Z	borg	b06f9ffd737b	raytracer	-O3	6228.3
2026-07-31T08:26:32Z	borg	b06f9ffd737b	raytracer-p	-O0	414.8
2026-07-31T08:26:32Z	borg	b06f9ffd737b	raytracer-p	-O2	364.5
2026-07-31T08:26:32Z	borg	b06f9ffd737b	raytracer-p	-O3	314.4
2026-07-31T08:26:32Z	borg	b06f9ffd737b	raytracer-p	fpc	31.8
2026-07-31T08:26:32Z	borg	b06f9ffd737b	sieve	-O0	114.0
2026-07-31T08:26:32Z	borg	b06f9ffd737b	sieve	-O2	113.9
2026-07-31T08:26:32Z	borg	b06f9ffd737b	sieve	-O3	114.0
2026-07-31T08:26:32Z	borg	b06f9ffd737b	sieve	fpc	31.9
2026-07-31T08:26:32Z	borg	b06f9ffd737b	nbody	-O0	664.9
2026-07-31T08:26:32Z	borg	b06f9ffd737b	nbody	-O2	715.2
2026-07-31T08:26:32Z	borg	b06f9ffd737b	nbody	-O3	364.4
2026-07-31T08:26:32Z	borg	b06f9ffd737b	nbody	fpc	114.0
2026-07-31T08:26:32Z	borg	b06f9ffd737b	fib	-O0	264.3
2026-07-31T08:26:32Z	borg	b06f9ffd737b	fib	-O2	164.2
2026-07-31T08:26:32Z	borg	b06f9ffd737b	fib	-O3	114.0
2026-07-31T08:26:32Z	borg	b06f9ffd737b	fib	fpc	164.3
2026-07-31T08:26:32Z	borg	b06f9ffd737b	selfcompile	-O0	7881.0
2026-07-31T08:26:32Z	borg	b06f9ffd737b	selfcompile	-O2	6327.1
2026-07-31T08:26:32Z	borg	b06f9ffd737b	selfcompile	-O3	6129.9
2026-07-31T09:19:39Z	borg	fde26bd09228	mandelbrot	-O0	1367.1
2026-07-31T09:19:39Z	borg	fde26bd09228	mandelbrot	-O2	1366.8
2026-07-31T09:19:39Z	borg	fde26bd09228	mandelbrot	-O3	715.4
2026-07-31T09:19:39Z	borg	fde26bd09228	mandelbrot-p	-O0	1416.8
2026-07-31T09:19:39Z	borg	fde26bd09228	mandelbrot-p	-O2	1466.8
2026-07-31T09:19:39Z	borg	fde26bd09228	mandelbrot-p	-O3	665.4
2026-07-31T09:19:39Z	borg	fde26bd09228	mandelbrot-p	fpc	364.6
2026-07-31T09:19:39Z	borg	fde26bd09228	raytracer	-O0	12088.9
2026-07-31T09:19:39Z	borg	fde26bd09228	raytracer	-O2	7579.4
2026-07-31T09:19:39Z	borg	fde26bd09228	raytracer	-O3	6276.7
2026-07-31T09:19:39Z	borg	fde26bd09228	raytracer-p	-O0	414.6
2026-07-31T09:19:39Z	borg	fde26bd09228	raytracer-p	-O2	414.7
2026-07-31T09:19:39Z	borg	fde26bd09228	raytracer-p	-O3	364.5
2026-07-31T09:19:39Z	borg	fde26bd09228	raytracer-p	fpc	64.0
2026-07-31T09:19:39Z	borg	fde26bd09228	sieve	-O0	114.9
2026-07-31T09:19:39Z	borg	fde26bd09228	sieve	-O2	114.1
2026-07-31T09:19:39Z	borg	fde26bd09228	sieve	-O3	114.1
2026-07-31T09:19:39Z	borg	fde26bd09228	sieve	fpc	64.3
2026-07-31T09:19:39Z	borg	fde26bd09228	nbody	-O0	765.3
2026-07-31T09:19:39Z	borg	fde26bd09228	nbody	-O2	665.2
2026-07-31T09:19:39Z	borg	fde26bd09228	nbody	-O3	414.6
2026-07-31T09:19:39Z	borg	fde26bd09228	nbody	fpc	114.0
2026-07-31T09:19:39Z	borg	fde26bd09228	fib	-O0	314.5
2026-07-31T09:19:39Z	borg	fde26bd09228	fib	-O2	214.1
2026-07-31T09:19:39Z	borg	fde26bd09228	fib	-O3	114.0
2026-07-31T09:19:39Z	borg	fde26bd09228	fib	fpc	114.1
2026-07-31T09:19:39Z	borg	fde26bd09228	selfcompile	-O0	8836.5
2026-07-31T09:19:39Z	borg	fde26bd09228	selfcompile	-O2	6479.3
2026-07-31T09:19:39Z	borg	fde26bd09228	selfcompile	-O3	6277.8
2026-07-31T10:01:37Z	borg	cfd6d589d29f	mandelbrot	-O0	1416.9
2026-07-31T10:01:37Z	borg	cfd6d589d29f	mandelbrot	-O2	1366.8
2026-07-31T10:01:37Z	borg	cfd6d589d29f	mandelbrot	-O3	715.3
2026-07-31T10:01:37Z	borg	cfd6d589d29f	mandelbrot-p	-O0	1416.7
2026-07-31T10:01:37Z	borg	cfd6d589d29f	mandelbrot-p	-O2	1366.6
2026-07-31T10:01:37Z	borg	cfd6d589d29f	mandelbrot-p	-O3	665.1
2026-07-31T10:01:37Z	borg	cfd6d589d29f	mandelbrot-p	fpc	364.5
2026-07-31T10:01:37Z	borg	cfd6d589d29f	raytracer	-O0	12239.6
2026-07-31T10:01:37Z	borg	cfd6d589d29f	raytracer	-O2	7078.8
2026-07-31T10:01:37Z	borg	cfd6d589d29f	raytracer	-O3	6127.4
2026-07-31T10:01:37Z	borg	cfd6d589d29f	raytracer-p	-O0	415.3
2026-07-31T10:01:37Z	borg	cfd6d589d29f	raytracer-p	-O2	364.5
2026-07-31T10:01:37Z	borg	cfd6d589d29f	raytracer-p	-O3	314.4
2026-07-31T10:01:37Z	borg	cfd6d589d29f	raytracer-p	fpc	31.8
2026-07-31T10:01:37Z	borg	cfd6d589d29f	sieve	-O0	114.1
2026-07-31T10:01:37Z	borg	cfd6d589d29f	sieve	-O2	63.8
2026-07-31T10:01:37Z	borg	cfd6d589d29f	sieve	-O3	114.0
2026-07-31T10:01:37Z	borg	cfd6d589d29f	sieve	fpc	31.9
2026-07-31T10:01:37Z	borg	cfd6d589d29f	nbody	-O0	665.2
2026-07-31T10:01:37Z	borg	cfd6d589d29f	nbody	-O2	615.0
2026-07-31T10:01:37Z	borg	cfd6d589d29f	nbody	-O3	364.7
2026-07-31T10:01:37Z	borg	cfd6d589d29f	nbody	fpc	64.1
2026-07-31T10:01:37Z	borg	cfd6d589d29f	fib	-O0	264.3
2026-07-31T10:01:37Z	borg	cfd6d589d29f	fib	-O2	164.2
2026-07-31T10:01:37Z	borg	cfd6d589d29f	fib	-O3	114.0
2026-07-31T10:01:37Z	borg	cfd6d589d29f	fib	fpc	114.1
2026-07-31T10:01:37Z	borg	cfd6d589d29f	selfcompile	-O0	7379.6
2026-07-31T10:01:37Z	borg	cfd6d589d29f	selfcompile	-O2	6076.4
2026-07-31T10:01:37Z	borg	cfd6d589d29f	selfcompile	-O3	6026.5
2026-07-31T13:24:28Z	borg	b45c759f9e65	mandelbrot	-O0	1366.4
2026-07-31T13:24:28Z	borg	b45c759f9e65	mandelbrot	-O2	1366.3
2026-07-31T13:24:28Z	borg	b45c759f9e65	mandelbrot	-O3	666.0
2026-07-31T13:24:28Z	borg	b45c759f9e65	mandelbrot-p	-O0	1416.7
2026-07-31T13:24:28Z	borg	b45c759f9e65	mandelbrot-p	-O2	1366.6
2026-07-31T13:24:28Z	borg	b45c759f9e65	mandelbrot-p	-O3	665.2
2026-07-31T13:24:28Z	borg	b45c759f9e65	mandelbrot-p	fpc	414.8
2026-07-31T13:24:28Z	borg	b45c759f9e65	raytracer	-O0	12640.8
2026-07-31T13:24:28Z	borg	b45c759f9e65	raytracer	-O2	7479.1
2026-07-31T13:24:28Z	borg	b45c759f9e65	raytracer	-O3	6328.2
2026-07-31T13:24:28Z	borg	b45c759f9e65	raytracer-p	-O0	364.5
2026-07-31T13:24:28Z	borg	b45c759f9e65	raytracer-p	-O2	364.6
2026-07-31T13:24:28Z	borg	b45c759f9e65	raytracer-p	-O3	314.5
2026-07-31T13:24:28Z	borg	b45c759f9e65	raytracer-p	fpc	63.9
2026-07-31T13:24:28Z	borg	b45c759f9e65	sieve	-O0	114.0
2026-07-31T13:24:28Z	borg	b45c759f9e65	sieve	-O2	114.0
2026-07-31T13:24:28Z	borg	b45c759f9e65	sieve	-O3	114.0
2026-07-31T13:24:28Z	borg	b45c759f9e65	sieve	fpc	64.0
2026-07-31T13:24:28Z	borg	b45c759f9e65	nbody	-O0	765.5
2026-07-31T13:24:28Z	borg	b45c759f9e65	nbody	-O2	715.5
2026-07-31T13:24:28Z	borg	b45c759f9e65	nbody	-O3	414.8
2026-07-31T13:24:28Z	borg	b45c759f9e65	nbody	fpc	114.1
2026-07-31T13:24:28Z	borg	b45c759f9e65	fib	-O0	264.5
2026-07-31T13:24:28Z	borg	b45c759f9e65	fib	-O2	164.2
2026-07-31T13:24:28Z	borg	b45c759f9e65	fib	-O3	114.0
2026-07-31T13:24:28Z	borg	b45c759f9e65	fib	fpc	114.1
2026-07-31T13:24:28Z	borg	b45c759f9e65	selfcompile	-O0	7880.2
2026-07-31T13:24:28Z	borg	b45c759f9e65	selfcompile	-O2	6177.2
2026-07-31T13:24:28Z	borg	b45c759f9e65	selfcompile	-O3	6026.3
2026-07-31T13:59:20Z	borg	0344760405e1	mandelbrot	-O0	1416.3
2026-07-31T13:59:20Z	borg	0344760405e1	mandelbrot	-O2	1416.9
2026-07-31T13:59:20Z	borg	0344760405e1	mandelbrot	-O3	665.3
2026-07-31T13:59:20Z	borg	0344760405e1	mandelbrot-p	-O0	1416.5
2026-07-31T13:59:20Z	borg	0344760405e1	mandelbrot-p	-O2	1366.1
2026-07-31T13:59:20Z	borg	0344760405e1	mandelbrot-p	-O3	765.6
2026-07-31T13:59:20Z	borg	0344760405e1	mandelbrot-p	fpc	364.5
2026-07-31T13:59:20Z	borg	0344760405e1	raytracer	-O0	13090.5
2026-07-31T13:59:20Z	borg	0344760405e1	raytracer	-O2	7580.0
2026-07-31T13:59:20Z	borg	0344760405e1	raytracer	-O3	6027.1
2026-07-31T13:59:20Z	borg	0344760405e1	raytracer-p	-O0	364.6
2026-07-31T13:59:20Z	borg	0344760405e1	raytracer-p	-O2	364.4
2026-07-31T13:59:20Z	borg	0344760405e1	raytracer-p	-O3	314.4
2026-07-31T13:59:20Z	borg	0344760405e1	raytracer-p	fpc	64.0
2026-07-31T13:59:20Z	borg	0344760405e1	sieve	-O0	114.1
2026-07-31T13:59:20Z	borg	0344760405e1	sieve	-O2	114.1
2026-07-31T13:59:20Z	borg	0344760405e1	sieve	-O3	63.9
2026-07-31T13:59:20Z	borg	0344760405e1	sieve	fpc	31.8
2026-07-31T13:59:20Z	borg	0344760405e1	nbody	-O0	665.3
2026-07-31T13:59:20Z	borg	0344760405e1	nbody	-O2	565.1
2026-07-31T13:59:20Z	borg	0344760405e1	nbody	-O3	364.6
2026-07-31T13:59:20Z	borg	0344760405e1	nbody	fpc	64.0
2026-07-31T13:59:20Z	borg	0344760405e1	fib	-O0	264.5
2026-07-31T13:59:20Z	borg	0344760405e1	fib	-O2	214.3
2026-07-31T13:59:20Z	borg	0344760405e1	fib	-O3	164.1
2026-07-31T13:59:20Z	borg	0344760405e1	fib	fpc	114.2
2026-07-31T13:59:20Z	borg	0344760405e1	selfcompile	-O0	8031.1
2026-07-31T13:59:20Z	borg	0344760405e1	selfcompile	-O2	6275.6
2026-07-31T13:59:20Z	borg	0344760405e1	selfcompile	-O3	6126.8
2026-07-31T14:45:36Z	borg	a9e9528c7f84	mandelbrot	-O0	1317.0
2026-07-31T14:45:36Z	borg	a9e9528c7f84	mandelbrot	-O2	1316.8
2026-07-31T14:45:36Z	borg	a9e9528c7f84	mandelbrot	-O3	615.3
2026-07-31T14:45:36Z	borg	a9e9528c7f84	mandelbrot-p	-O0	1316.6
2026-07-31T14:45:36Z	borg	a9e9528c7f84	mandelbrot-p	-O2	1316.8
2026-07-31T14:45:36Z	borg	a9e9528c7f84	mandelbrot-p	-O3	665.3
2026-07-31T14:45:36Z	borg	a9e9528c7f84	mandelbrot-p	fpc	314.6
2026-07-31T14:45:36Z	borg	a9e9528c7f84	raytracer	-O0	12190.1
2026-07-31T14:45:36Z	borg	a9e9528c7f84	raytracer	-O2	6930.7
2026-07-31T14:45:36Z	borg	a9e9528c7f84	raytracer	-O3	5776.5
2026-07-31T14:45:36Z	borg	a9e9528c7f84	raytracer-p	-O0	364.5
2026-07-31T14:45:36Z	borg	a9e9528c7f84	raytracer-p	-O2	314.6
2026-07-31T14:45:36Z	borg	a9e9528c7f84	raytracer-p	-O3	314.4
2026-07-31T14:45:36Z	borg	a9e9528c7f84	raytracer-p	fpc	63.9
2026-07-31T14:45:36Z	borg	a9e9528c7f84	sieve	-O0	114.0
2026-07-31T14:45:36Z	borg	a9e9528c7f84	sieve	-O2	114.0
2026-07-31T14:45:36Z	borg	a9e9528c7f84	sieve	-O3	114.0
2026-07-31T14:45:36Z	borg	a9e9528c7f84	sieve	fpc	31.9
2026-07-31T14:45:36Z	borg	a9e9528c7f84	nbody	-O0	665.2
2026-07-31T14:45:36Z	borg	a9e9528c7f84	nbody	-O2	565.5
2026-07-31T14:45:36Z	borg	a9e9528c7f84	nbody	-O3	364.6
2026-07-31T14:45:36Z	borg	a9e9528c7f84	nbody	fpc	64.0
2026-07-31T14:45:36Z	borg	a9e9528c7f84	fib	-O0	264.3
2026-07-31T14:45:36Z	borg	a9e9528c7f84	fib	-O2	214.2
2026-07-31T14:45:36Z	borg	a9e9528c7f84	fib	-O3	114.9
2026-07-31T14:45:36Z	borg	a9e9528c7f84	fib	fpc	114.1
2026-07-31T14:45:36Z	borg	a9e9528c7f84	selfcompile	-O0	8280.8
2026-07-31T14:45:36Z	borg	a9e9528c7f84	selfcompile	-O2	7131.4
2026-07-31T14:45:36Z	borg	a9e9528c7f84	selfcompile	-O3	6726.8
2026-07-31T16:05:52Z	borg	8b98dc33c6b9	mandelbrot	-O0	1317.0
2026-07-31T16:05:52Z	borg	8b98dc33c6b9	mandelbrot	-O2	1316.8
2026-07-31T16:05:52Z	borg	8b98dc33c6b9	mandelbrot	-O3	615.4
2026-07-31T16:05:52Z	borg	8b98dc33c6b9	mandelbrot-p	-O0	1366.5
2026-07-31T16:05:52Z	borg	8b98dc33c6b9	mandelbrot-p	-O2	1316.6
2026-07-31T16:05:52Z	borg	8b98dc33c6b9	mandelbrot-p	-O3	665.1
2026-07-31T16:05:52Z	borg	8b98dc33c6b9	mandelbrot-p	fpc	314.5
2026-07-31T16:05:52Z	borg	8b98dc33c6b9	raytracer	-O0	11788.1
2026-07-31T16:05:52Z	borg	8b98dc33c6b9	raytracer	-O2	6878.8
2026-07-31T16:05:52Z	borg	8b98dc33c6b9	raytracer	-O3	5574.3
2026-07-31T16:05:52Z	borg	8b98dc33c6b9	raytracer-p	-O0	364.5
2026-07-31T16:05:52Z	borg	8b98dc33c6b9	raytracer-p	-O2	314.5
2026-07-31T16:05:52Z	borg	8b98dc33c6b9	raytracer-p	-O3	364.8
2026-07-31T16:05:52Z	borg	8b98dc33c6b9	raytracer-p	fpc	63.9
2026-07-31T16:05:52Z	borg	8b98dc33c6b9	sieve	-O0	114.0
2026-07-31T16:05:52Z	borg	8b98dc33c6b9	sieve	-O2	113.9
2026-07-31T16:05:52Z	borg	8b98dc33c6b9	sieve	-O3	114.0
2026-07-31T16:05:52Z	borg	8b98dc33c6b9	sieve	fpc	31.9
2026-07-31T16:05:52Z	borg	8b98dc33c6b9	nbody	-O0	665.1
2026-07-31T16:05:52Z	borg	8b98dc33c6b9	nbody	-O2	565.0
2026-07-31T16:05:52Z	borg	8b98dc33c6b9	nbody	-O3	364.6
2026-07-31T16:05:52Z	borg	8b98dc33c6b9	nbody	fpc	64.0
2026-07-31T16:05:52Z	borg	8b98dc33c6b9	fib	-O0	264.4
2026-07-31T16:05:52Z	borg	8b98dc33c6b9	fib	-O2	164.5
2026-07-31T16:05:52Z	borg	8b98dc33c6b9	fib	-O3	114.0
2026-07-31T16:05:52Z	borg	8b98dc33c6b9	fib	fpc	114.1
2026-07-31T16:05:52Z	borg	8b98dc33c6b9	selfcompile	-O0	7280.7
2026-07-31T16:05:52Z	borg	8b98dc33c6b9	selfcompile	-O2	5729.1
2026-07-31T16:05:52Z	borg	8b98dc33c6b9	selfcompile	-O3	5875.8
2026-07-31T16:24:32Z	borg	6104264a4d1e	mandelbrot	-O0	1366.5
2026-07-31T16:24:32Z	borg	6104264a4d1e	mandelbrot	-O2	1366.2
2026-07-31T16:24:32Z	borg	6104264a4d1e	mandelbrot	-O3	665.0
2026-07-31T16:24:32Z	borg	6104264a4d1e	mandelbrot-p	-O0	1416.8
2026-07-31T16:24:32Z	borg	6104264a4d1e	mandelbrot-p	-O2	1367.0
2026-07-31T16:24:32Z	borg	6104264a4d1e	mandelbrot-p	-O3	665.0
2026-07-31T16:24:32Z	borg	6104264a4d1e	mandelbrot-p	fpc	364.5
2026-07-31T16:24:32Z	borg	6104264a4d1e	raytracer	-O0	12892.6
2026-07-31T16:24:32Z	borg	6104264a4d1e	raytracer	-O2	7629.8
2026-07-31T16:24:32Z	borg	6104264a4d1e	raytracer	-O3	6125.0
2026-07-31T16:24:32Z	borg	6104264a4d1e	raytracer-p	-O0	364.4
2026-07-31T16:24:32Z	borg	6104264a4d1e	raytracer-p	-O2	314.3
2026-07-31T16:24:32Z	borg	6104264a4d1e	raytracer-p	-O3	314.4
2026-07-31T16:24:32Z	borg	6104264a4d1e	raytracer-p	fpc	64.0
2026-07-31T16:24:32Z	borg	6104264a4d1e	sieve	-O0	114.0
2026-07-31T16:24:32Z	borg	6104264a4d1e	sieve	-O2	113.9
2026-07-31T16:24:32Z	borg	6104264a4d1e	sieve	-O3	114.0
2026-07-31T16:24:32Z	borg	6104264a4d1e	sieve	fpc	63.9
2026-07-31T16:24:32Z	borg	6104264a4d1e	nbody	-O0	664.9
2026-07-31T16:24:32Z	borg	6104264a4d1e	nbody	-O2	615.1
2026-07-31T16:24:32Z	borg	6104264a4d1e	nbody	-O3	364.6
2026-07-31T16:24:32Z	borg	6104264a4d1e	nbody	fpc	64.0
2026-07-31T16:24:32Z	borg	6104264a4d1e	fib	-O0	264.3
2026-07-31T16:24:32Z	borg	6104264a4d1e	fib	-O2	214.2
2026-07-31T16:24:32Z	borg	6104264a4d1e	fib	-O3	164.2
2026-07-31T16:24:32Z	borg	6104264a4d1e	fib	fpc	114.1
2026-07-31T16:24:32Z	borg	6104264a4d1e	selfcompile	-O0	7979.5
2026-07-31T16:24:32Z	borg	6104264a4d1e	selfcompile	-O2	6077.0
2026-07-31T16:24:32Z	borg	6104264a4d1e	selfcompile	-O3	6076.7
2026-07-31T16:48:47Z	borg	f2f1a3a9add8	mandelbrot	-O0	1416.7
2026-07-31T16:48:47Z	borg	f2f1a3a9add8	mandelbrot	-O2	1466.7
2026-07-31T16:48:47Z	borg	f2f1a3a9add8	mandelbrot	-O3	665.3
2026-07-31T16:48:47Z	borg	f2f1a3a9add8	mandelbrot-p	-O0	1366.2
2026-07-31T16:48:47Z	borg	f2f1a3a9add8	mandelbrot-p	-O2	1467.0
2026-07-31T16:48:47Z	borg	f2f1a3a9add8	mandelbrot-p	-O3	665.1
2026-07-31T16:48:47Z	borg	f2f1a3a9add8	mandelbrot-p	fpc	364.6
2026-07-31T16:48:47Z	borg	f2f1a3a9add8	raytracer	-O0	13241.9
2026-07-31T16:48:47Z	borg	f2f1a3a9add8	raytracer	-O2	7528.6
2026-07-31T16:48:47Z	borg	f2f1a3a9add8	raytracer	-O3	6074.3
2026-07-31T16:48:47Z	borg	f2f1a3a9add8	raytracer-p	-O0	364.6
2026-07-31T16:48:47Z	borg	f2f1a3a9add8	raytracer-p	-O2	364.6
2026-07-31T16:48:47Z	borg	f2f1a3a9add8	raytracer-p	-O3	314.4
2026-07-31T16:48:47Z	borg	f2f1a3a9add8	raytracer-p	fpc	63.9
2026-07-31T16:48:47Z	borg	f2f1a3a9add8	sieve	-O0	113.9
2026-07-31T16:48:47Z	borg	f2f1a3a9add8	sieve	-O2	114.0
2026-07-31T16:48:47Z	borg	f2f1a3a9add8	sieve	-O3	63.8
2026-07-31T16:48:47Z	borg	f2f1a3a9add8	sieve	fpc	31.7
2026-07-31T16:48:47Z	borg	f2f1a3a9add8	nbody	-O0	665.1
2026-07-31T16:48:47Z	borg	f2f1a3a9add8	nbody	-O2	665.5
2026-07-31T16:48:47Z	borg	f2f1a3a9add8	nbody	-O3	364.5
2026-07-31T16:48:47Z	borg	f2f1a3a9add8	nbody	fpc	113.9
2026-07-31T16:48:47Z	borg	f2f1a3a9add8	fib	-O0	264.2
2026-07-31T16:48:47Z	borg	f2f1a3a9add8	fib	-O2	164.1
2026-07-31T16:48:47Z	borg	f2f1a3a9add8	fib	-O3	114.1
2026-07-31T16:48:47Z	borg	f2f1a3a9add8	fib	fpc	114.1
2026-07-31T16:48:47Z	borg	f2f1a3a9add8	selfcompile	-O0	7780.0
2026-07-31T16:48:47Z	borg	f2f1a3a9add8	selfcompile	-O2	6679.1
2026-07-31T16:48:47Z	borg	f2f1a3a9add8	selfcompile	-O3	6626.3
2026-07-31T17:13:15Z	borg	7a935a711d49	mandelbrot	-O0	1317.1
2026-07-31T17:13:15Z	borg	7a935a711d49	mandelbrot	-O2	1317.2
2026-07-31T17:13:15Z	borg	7a935a711d49	mandelbrot	-O3	665.2
2026-07-31T17:13:15Z	borg	7a935a711d49	mandelbrot-p	-O0	1366.2
2026-07-31T17:13:15Z	borg	7a935a711d49	mandelbrot-p	-O2	1366.8
2026-07-31T17:13:15Z	borg	7a935a711d49	mandelbrot-p	-O3	665.4
2026-07-31T17:13:15Z	borg	7a935a711d49	mandelbrot-p	fpc	364.4
2026-07-31T17:13:15Z	borg	7a935a711d49	raytracer	-O0	12390.9
2026-07-31T17:13:15Z	borg	7a935a711d49	raytracer	-O2	6979.0
2026-07-31T17:13:15Z	borg	7a935a711d49	raytracer	-O3	5575.8
2026-07-31T17:13:15Z	borg	7a935a711d49	raytracer-p	-O0	364.6
2026-07-31T17:13:15Z	borg	7a935a711d49	raytracer-p	-O2	314.4
2026-07-31T17:13:15Z	borg	7a935a711d49	raytracer-p	-O3	264.6
2026-07-31T17:13:15Z	borg	7a935a711d49	raytracer-p	fpc	31.8
2026-07-31T17:13:15Z	borg	7a935a711d49	sieve	-O0	113.9
2026-07-31T17:13:15Z	borg	7a935a711d49	sieve	-O2	114.0
2026-07-31T17:13:15Z	borg	7a935a711d49	sieve	-O3	114.0
2026-07-31T17:13:15Z	borg	7a935a711d49	sieve	fpc	31.9
2026-07-31T17:13:15Z	borg	7a935a711d49	nbody	-O0	715.1
2026-07-31T17:13:15Z	borg	7a935a711d49	nbody	-O2	614.9
2026-07-31T17:13:15Z	borg	7a935a711d49	nbody	-O3	364.5
2026-07-31T17:13:15Z	borg	7a935a711d49	nbody	fpc	64.0
2026-07-31T17:13:15Z	borg	7a935a711d49	fib	-O0	264.3
2026-07-31T17:13:15Z	borg	7a935a711d49	fib	-O2	164.2
2026-07-31T17:13:15Z	borg	7a935a711d49	fib	-O3	114.2
2026-07-31T17:13:15Z	borg	7a935a711d49	fib	fpc	114.1
2026-07-31T17:13:15Z	borg	7a935a711d49	selfcompile	-O0	7680.3
2026-07-31T17:13:15Z	borg	7a935a711d49	selfcompile	-O2	6277.6
2026-07-31T17:13:15Z	borg	7a935a711d49	selfcompile	-O3	6226.0
2026-07-31T17:35:18Z	xeon	c562f4f1cf1c	mandelbrot	-O0	1868.1
2026-07-31T17:35:18Z	xeon	c562f4f1cf1c	mandelbrot	-O2	1867.8
2026-07-31T17:35:18Z	xeon	c562f4f1cf1c	mandelbrot	-O3	1016.0
2026-07-31T17:35:18Z	xeon	c562f4f1cf1c	mandelbrot-p	-O0	1867.9
2026-07-31T17:35:18Z	xeon	c562f4f1cf1c	mandelbrot-p	-O2	1867.8
2026-07-31T17:35:18Z	xeon	c562f4f1cf1c	mandelbrot-p	-O3	1016.1
2026-07-31T17:35:18Z	xeon	c562f4f1cf1c	mandelbrot-p	fpc	515.1
2026-07-31T17:35:18Z	xeon	c562f4f1cf1c	raytracer	-O0	17499.7
2026-07-31T17:35:18Z	xeon	c562f4f1cf1c	raytracer	-O2	10636.3
2026-07-31T17:35:18Z	xeon	c562f4f1cf1c	raytracer	-O3	9333.5
2026-07-31T17:35:18Z	xeon	c562f4f1cf1c	raytracer-p	-O0	465.1
2026-07-31T17:35:18Z	xeon	c562f4f1cf1c	raytracer-p	-O2	464.9
2026-07-31T17:35:18Z	xeon	c562f4f1cf1c	raytracer-p	-O3	364.9
2026-07-31T17:35:18Z	xeon	c562f4f1cf1c	raytracer-p	fpc	64.1
2026-07-31T17:35:18Z	xeon	c562f4f1cf1c	sieve	-O0	164.5
2026-07-31T17:35:18Z	xeon	c562f4f1cf1c	sieve	-O2	164.5
2026-07-31T17:35:18Z	xeon	c562f4f1cf1c	sieve	-O3	164.4
2026-07-31T17:35:18Z	xeon	c562f4f1cf1c	sieve	fpc	64.2
2026-07-31T17:35:18Z	xeon	c562f4f1cf1c	nbody	-O0	966.1
2026-07-31T17:35:18Z	xeon	c562f4f1cf1c	nbody	-O2	865.8
2026-07-31T17:35:18Z	xeon	c562f4f1cf1c	nbody	-O3	565.3
2026-07-31T17:35:18Z	xeon	c562f4f1cf1c	nbody	fpc	164.3
2026-07-31T17:35:18Z	xeon	c562f4f1cf1c	fib	-O0	414.8
2026-07-31T17:35:18Z	xeon	c562f4f1cf1c	fib	-O2	264.6
2026-07-31T17:35:18Z	xeon	c562f4f1cf1c	fib	-O3	214.6
2026-07-31T17:35:18Z	xeon	c562f4f1cf1c	fib	fpc	214.6
2026-07-31T17:35:18Z	xeon	c562f4f1cf1c	selfcompile	-O0	11839.5
2026-07-31T17:35:18Z	xeon	c562f4f1cf1c	selfcompile	-O2	9234.1
2026-07-31T17:35:18Z	xeon	c562f4f1cf1c	selfcompile	-O3	9333.6
2026-07-31T18:04:01Z	xeon	1bd8825800a1	mandelbrot	-O0	1867.9
2026-07-31T18:04:01Z	xeon	1bd8825800a1	mandelbrot	-O2	1867.9
2026-07-31T18:04:01Z	xeon	1bd8825800a1	mandelbrot	-O3	1016.2
2026-07-31T18:04:01Z	xeon	1bd8825800a1	mandelbrot-p	-O0	1867.9
2026-07-31T18:04:01Z	xeon	1bd8825800a1	mandelbrot-p	-O2	1867.7
2026-07-31T18:04:01Z	xeon	1bd8825800a1	mandelbrot-p	-O3	1016.2
2026-07-31T18:04:01Z	xeon	1bd8825800a1	mandelbrot-p	fpc	515.0
2026-07-31T18:04:01Z	xeon	1bd8825800a1	raytracer	-O0	17450.4
2026-07-31T18:04:01Z	xeon	1bd8825800a1	raytracer	-O2	10686.3
2026-07-31T18:04:01Z	xeon	1bd8825800a1	raytracer	-O3	9283.5
2026-07-31T18:04:01Z	xeon	1bd8825800a1	raytracer-p	-O0	464.9
2026-07-31T18:04:01Z	xeon	1bd8825800a1	raytracer-p	-O2	465.0
2026-07-31T18:04:01Z	xeon	1bd8825800a1	raytracer-p	-O3	364.8
2026-07-31T18:04:01Z	xeon	1bd8825800a1	raytracer-p	fpc	64.2
2026-07-31T18:04:01Z	xeon	1bd8825800a1	sieve	-O0	164.5
2026-07-31T18:04:01Z	xeon	1bd8825800a1	sieve	-O2	164.4
2026-07-31T18:04:01Z	xeon	1bd8825800a1	sieve	-O3	164.5
2026-07-31T18:04:01Z	xeon	1bd8825800a1	sieve	fpc	64.3
2026-07-31T18:04:01Z	xeon	1bd8825800a1	nbody	-O0	966.1
2026-07-31T18:04:01Z	xeon	1bd8825800a1	nbody	-O2	865.9
2026-07-31T18:04:01Z	xeon	1bd8825800a1	nbody	-O3	565.3
2026-07-31T18:04:01Z	xeon	1bd8825800a1	nbody	fpc	164.3
2026-07-31T18:04:01Z	xeon	1bd8825800a1	fib	-O0	414.9
2026-07-31T18:04:01Z	xeon	1bd8825800a1	fib	-O2	264.6
2026-07-31T18:04:01Z	xeon	1bd8825800a1	fib	-O3	164.4
2026-07-31T18:04:01Z	xeon	1bd8825800a1	fib	fpc	214.5
2026-07-31T18:04:01Z	xeon	1bd8825800a1	selfcompile	-O0	11839.3
2026-07-31T18:04:01Z	xeon	1bd8825800a1	selfcompile	-O2	9233.5
2026-07-31T18:04:01Z	xeon	1bd8825800a1	selfcompile	-O3	9334.0
2026-07-31T18:26:38Z	xeon	d4c1e5519290	mandelbrot	-O0	1868.3
2026-07-31T18:26:38Z	xeon	d4c1e5519290	mandelbrot	-O2	1867.8
2026-07-31T18:26:38Z	xeon	d4c1e5519290	mandelbrot	-O3	1016.1
2026-07-31T18:26:38Z	xeon	d4c1e5519290	mandelbrot-p	-O0	1868.0
2026-07-31T18:26:38Z	xeon	d4c1e5519290	mandelbrot-p	-O2	1867.9
2026-07-31T18:26:38Z	xeon	d4c1e5519290	mandelbrot-p	-O3	1016.1
2026-07-31T18:26:38Z	xeon	d4c1e5519290	mandelbrot-p	fpc	515.2
2026-07-31T18:26:38Z	xeon	d4c1e5519290	raytracer	-O0	17450.4
2026-07-31T18:26:38Z	xeon	d4c1e5519290	raytracer	-O2	10685.7
2026-07-31T18:26:38Z	xeon	d4c1e5519290	raytracer	-O3	9284.0
2026-07-31T18:26:38Z	xeon	d4c1e5519290	raytracer-p	-O0	465.1
2026-07-31T18:26:38Z	xeon	d4c1e5519290	raytracer-p	-O2	414.7
2026-07-31T18:26:38Z	xeon	d4c1e5519290	raytracer-p	-O3	364.7
2026-07-31T18:26:38Z	xeon	d4c1e5519290	raytracer-p	fpc	64.1
2026-07-31T18:26:38Z	xeon	d4c1e5519290	sieve	-O0	164.5
2026-07-31T18:26:38Z	xeon	d4c1e5519290	sieve	-O2	164.5
2026-07-31T18:26:38Z	xeon	d4c1e5519290	sieve	-O3	164.5
2026-07-31T18:26:38Z	xeon	d4c1e5519290	sieve	fpc	64.4
2026-07-31T18:26:38Z	xeon	d4c1e5519290	nbody	-O0	966.1
2026-07-31T18:26:38Z	xeon	d4c1e5519290	nbody	-O2	865.8
2026-07-31T18:26:38Z	xeon	d4c1e5519290	nbody	-O3	565.3
2026-07-31T18:26:38Z	xeon	d4c1e5519290	nbody	fpc	164.4
2026-07-31T18:26:38Z	xeon	d4c1e5519290	fib	-O0	414.8
2026-07-31T18:26:38Z	xeon	d4c1e5519290	fib	-O2	264.6
2026-07-31T18:26:38Z	xeon	d4c1e5519290	fib	-O3	164.4
2026-07-31T18:26:38Z	xeon	d4c1e5519290	fib	fpc	164.3
2026-07-31T18:26:38Z	xeon	d4c1e5519290	selfcompile	-O0	11889.2
2026-07-31T18:26:38Z	xeon	d4c1e5519290	selfcompile	-O2	9283.6
2026-07-31T18:26:38Z	xeon	d4c1e5519290	selfcompile	-O3	9334.0
2026-07-31T19:10:20Z	xeon	31616beb1080	mandelbrot	-O0	1918.5
2026-07-31T19:10:20Z	xeon	31616beb1080	mandelbrot	-O2	1918.0
2026-07-31T19:10:20Z	xeon	31616beb1080	mandelbrot	-O3	1016.3
2026-07-31T19:10:20Z	xeon	31616beb1080	mandelbrot-p	-O0	1868.0
2026-07-31T19:10:20Z	xeon	31616beb1080	mandelbrot-p	-O2	1867.9
2026-07-31T19:10:20Z	xeon	31616beb1080	mandelbrot-p	-O3	1016.1
2026-07-31T19:10:20Z	xeon	31616beb1080	mandelbrot-p	fpc	515.1
2026-07-31T19:10:20Z	xeon	31616beb1080	raytracer	-O0	17550.0
2026-07-31T19:10:20Z	xeon	31616beb1080	raytracer	-O2	10787.5
2026-07-31T19:10:20Z	xeon	31616beb1080	raytracer	-O3	9434.4
2026-07-31T19:10:20Z	xeon	31616beb1080	raytracer-p	-O0	465.1
2026-07-31T19:10:20Z	xeon	31616beb1080	raytracer-p	-O2	465.3
2026-07-31T19:10:20Z	xeon	31616beb1080	raytracer-p	-O3	364.8
2026-07-31T19:10:20Z	xeon	31616beb1080	raytracer-p	fpc	64.2
2026-07-31T19:10:20Z	xeon	31616beb1080	sieve	-O0	164.7
2026-07-31T19:10:20Z	xeon	31616beb1080	sieve	-O2	164.6
2026-07-31T19:10:20Z	xeon	31616beb1080	sieve	-O3	164.8
2026-07-31T19:10:20Z	xeon	31616beb1080	sieve	fpc	64.3
2026-07-31T19:10:20Z	xeon	31616beb1080	nbody	-O0	1166.9
2026-07-31T19:10:20Z	xeon	31616beb1080	nbody	-O2	1016.6
2026-07-31T19:10:20Z	xeon	31616beb1080	nbody	-O3	665.8
2026-07-31T19:10:20Z	xeon	31616beb1080	nbody	fpc	164.5
2026-07-31T19:10:20Z	xeon	31616beb1080	fib	-O0	465.3
2026-07-31T19:10:20Z	xeon	31616beb1080	fib	-O2	315.0
2026-07-31T19:10:20Z	xeon	31616beb1080	fib	-O3	214.9
2026-07-31T19:10:20Z	xeon	31616beb1080	fib	fpc	214.6
2026-07-31T19:10:20Z	xeon	31616beb1080	selfcompile	-O0	14849.2
2026-07-31T19:10:20Z	xeon	31616beb1080	selfcompile	-O2	11541.0
2026-07-31T19:10:20Z	xeon	31616beb1080	selfcompile	-O3	9484.3
2026-07-31T20:14:26Z	xeon	4790e38cdd9f	mandelbrot	-O0	1868.0
2026-07-31T20:14:26Z	xeon	4790e38cdd9f	mandelbrot	-O2	1918.0
2026-07-31T20:14:26Z	xeon	4790e38cdd9f	mandelbrot	-O3	1016.1
2026-07-31T20:14:26Z	xeon	4790e38cdd9f	mandelbrot-p	-O0	1867.8
2026-07-31T20:14:26Z	xeon	4790e38cdd9f	mandelbrot-p	-O2	1867.9
2026-07-31T20:14:26Z	xeon	4790e38cdd9f	mandelbrot-p	-O3	1016.1
2026-07-31T20:14:26Z	xeon	4790e38cdd9f	mandelbrot-p	fpc	515.1
2026-07-31T20:14:26Z	xeon	4790e38cdd9f	raytracer	-O0	17500.1
2026-07-31T20:14:26Z	xeon	4790e38cdd9f	raytracer	-O2	10686.5
2026-07-31T20:14:26Z	xeon	4790e38cdd9f	raytracer	-O3	9283.8
2026-07-31T20:14:26Z	xeon	4790e38cdd9f	raytracer-p	-O0	465.0
2026-07-31T20:14:26Z	xeon	4790e38cdd9f	raytracer-p	-O2	414.9
2026-07-31T20:14:26Z	xeon	4790e38cdd9f	raytracer-p	-O3	364.9
2026-07-31T20:14:26Z	xeon	4790e38cdd9f	raytracer-p	fpc	64.1
2026-07-31T20:14:26Z	xeon	4790e38cdd9f	sieve	-O0	164.5
2026-07-31T20:14:26Z	xeon	4790e38cdd9f	sieve	-O2	164.5
2026-07-31T20:14:26Z	xeon	4790e38cdd9f	sieve	-O3	164.4
2026-07-31T20:14:26Z	xeon	4790e38cdd9f	sieve	fpc	114.4
2026-07-31T20:14:26Z	xeon	4790e38cdd9f	nbody	-O0	966.1
2026-07-31T20:14:26Z	xeon	4790e38cdd9f	nbody	-O2	865.9
2026-07-31T20:14:26Z	xeon	4790e38cdd9f	nbody	-O3	565.2
2026-07-31T20:14:26Z	xeon	4790e38cdd9f	nbody	fpc	164.4
2026-07-31T20:14:26Z	xeon	4790e38cdd9f	fib	-O0	414.9
2026-07-31T20:14:26Z	xeon	4790e38cdd9f	fib	-O2	264.6
2026-07-31T20:14:26Z	xeon	4790e38cdd9f	fib	-O3	164.3
2026-07-31T20:14:26Z	xeon	4790e38cdd9f	fib	fpc	164.2
2026-07-31T20:14:26Z	xeon	4790e38cdd9f	selfcompile	-O0	11989.8
2026-07-31T20:14:26Z	xeon	4790e38cdd9f	selfcompile	-O2	9434.1
2026-07-31T20:14:26Z	xeon	4790e38cdd9f	selfcompile	-O3	9484.6
2026-07-31T20:14:26Z	xeon	4790e38cdd9f	selfcompile	fpc	5678.4
2026-07-31T21:34:11Z	xeon	2add2ebb487b	mandelbrot	-O0	1868.1
2026-07-31T21:34:11Z	xeon	2add2ebb487b	mandelbrot	-O2	1918.0
2026-07-31T21:34:11Z	xeon	2add2ebb487b	mandelbrot	-O3	1016.1
2026-07-31T21:34:11Z	xeon	2add2ebb487b	mandelbrot-p	-O0	1867.8
2026-07-31T21:34:11Z	xeon	2add2ebb487b	mandelbrot-p	-O2	1868.0
2026-07-31T21:34:11Z	xeon	2add2ebb487b	mandelbrot-p	-O3	1016.1
2026-07-31T21:34:11Z	xeon	2add2ebb487b	mandelbrot-p	fpc	515.3
2026-07-31T21:34:11Z	xeon	2add2ebb487b	raytracer	-O0	17495.3
2026-07-31T21:34:11Z	xeon	2add2ebb487b	raytracer	-O2	10686.3
2026-07-31T21:34:11Z	xeon	2add2ebb487b	raytracer	-O3	9333.4
2026-07-31T21:34:11Z	xeon	2add2ebb487b	raytracer-p	-O0	465.0
2026-07-31T21:34:11Z	xeon	2add2ebb487b	raytracer-p	-O2	464.9
2026-07-31T21:34:11Z	xeon	2add2ebb487b	raytracer-p	-O3	364.8
2026-07-31T21:34:11Z	xeon	2add2ebb487b	raytracer-p	fpc	64.2
2026-07-31T21:34:11Z	xeon	2add2ebb487b	sieve	-O0	164.4
2026-07-31T21:34:11Z	xeon	2add2ebb487b	sieve	-O2	114.0
2026-07-31T21:34:11Z	xeon	2add2ebb487b	sieve	-O3	114.2
2026-07-31T21:34:11Z	xeon	2add2ebb487b	sieve	fpc	64.0
2026-07-31T21:34:11Z	xeon	2add2ebb487b	nbody	-O0	966.1
2026-07-31T21:34:11Z	xeon	2add2ebb487b	nbody	-O2	865.9
2026-07-31T21:34:11Z	xeon	2add2ebb487b	nbody	-O3	565.4
2026-07-31T21:34:11Z	xeon	2add2ebb487b	nbody	fpc	164.4
2026-07-31T21:34:11Z	xeon	2add2ebb487b	fib	-O0	415.0
2026-07-31T21:34:11Z	xeon	2add2ebb487b	fib	-O2	264.5
2026-07-31T21:34:11Z	xeon	2add2ebb487b	fib	-O3	164.2
2026-07-31T21:34:11Z	xeon	2add2ebb487b	fib	fpc	214.5
2026-07-31T21:34:11Z	xeon	2add2ebb487b	selfcompile	-O0	12038.8
2026-07-31T21:34:11Z	xeon	2add2ebb487b	selfcompile	-O2	9434.2
2026-07-31T21:34:11Z	xeon	2add2ebb487b	selfcompile	-O3	9484.3
2026-07-31T21:34:11Z	xeon	2add2ebb487b	selfcompile	fpc	5678.2
2026-07-31T22:00:21Z	xeon	f9396231e2e1	mandelbrot	-O0	1867.9
2026-07-31T22:00:21Z	xeon	f9396231e2e1	mandelbrot	-O2	1918.1
2026-07-31T22:00:21Z	xeon	f9396231e2e1	mandelbrot	-O3	1016.1
2026-07-31T22:00:21Z	xeon	f9396231e2e1	mandelbrot-p	-O0	1867.9
2026-07-31T22:00:21Z	xeon	f9396231e2e1	mandelbrot-p	-O2	1867.9
2026-07-31T22:00:21Z	xeon	f9396231e2e1	mandelbrot-p	-O3	1016.2
2026-07-31T22:00:21Z	xeon	f9396231e2e1	mandelbrot-p	fpc	515.1
2026-07-31T22:00:21Z	xeon	f9396231e2e1	raytracer	-O0	17500.2
2026-07-31T22:00:21Z	xeon	f9396231e2e1	raytracer	-O2	10686.4
2026-07-31T22:00:21Z	xeon	f9396231e2e1	raytracer	-O3	9283.3
2026-07-31T22:00:21Z	xeon	f9396231e2e1	raytracer-p	-O0	465.0
2026-07-31T22:00:21Z	xeon	f9396231e2e1	raytracer-p	-O2	464.9
2026-07-31T22:00:21Z	xeon	f9396231e2e1	raytracer-p	-O3	364.9
2026-07-31T22:00:21Z	xeon	f9396231e2e1	raytracer-p	fpc	64.0
2026-07-31T22:00:21Z	xeon	f9396231e2e1	sieve	-O0	164.5
2026-07-31T22:00:21Z	xeon	f9396231e2e1	sieve	-O2	164.5
2026-07-31T22:00:21Z	xeon	f9396231e2e1	sieve	-O3	164.5
2026-07-31T22:00:21Z	xeon	f9396231e2e1	sieve	fpc	64.3
2026-07-31T22:00:21Z	xeon	f9396231e2e1	nbody	-O0	915.8
2026-07-31T22:00:21Z	xeon	f9396231e2e1	nbody	-O2	865.8
2026-07-31T22:00:21Z	xeon	f9396231e2e1	nbody	-O3	565.3
2026-07-31T22:00:21Z	xeon	f9396231e2e1	nbody	fpc	164.4
2026-07-31T22:00:21Z	xeon	f9396231e2e1	fib	-O0	414.9
2026-07-31T22:00:21Z	xeon	f9396231e2e1	fib	-O2	264.6
2026-07-31T22:00:21Z	xeon	f9396231e2e1	fib	-O3	164.2
2026-07-31T22:00:21Z	xeon	f9396231e2e1	fib	fpc	214.5
2026-07-31T22:00:21Z	xeon	f9396231e2e1	selfcompile	-O0	12039.2
2026-07-31T22:00:21Z	xeon	f9396231e2e1	selfcompile	-O2	9434.2
2026-07-31T22:00:21Z	xeon	f9396231e2e1	selfcompile	-O3	9484.3
2026-07-31T22:00:21Z	xeon	f9396231e2e1	selfcompile	fpc	5678.2
2026-07-31T22:25:58Z	xeon	0ceeeaa004dc	mandelbrot	-O0	1868.0
2026-07-31T22:25:58Z	xeon	0ceeeaa004dc	mandelbrot	-O2	1918.0
2026-07-31T22:25:58Z	xeon	0ceeeaa004dc	mandelbrot	-O3	1016.2
2026-07-31T22:25:58Z	xeon	0ceeeaa004dc	mandelbrot-p	-O0	1868.0
2026-07-31T22:25:58Z	xeon	0ceeeaa004dc	mandelbrot-p	-O2	1867.8
2026-07-31T22:25:58Z	xeon	0ceeeaa004dc	mandelbrot-p	-O3	1016.1
2026-07-31T22:25:58Z	xeon	0ceeeaa004dc	mandelbrot-p	fpc	515.1
2026-07-31T22:25:58Z	xeon	0ceeeaa004dc	raytracer	-O0	17500.7
2026-07-31T22:25:58Z	xeon	0ceeeaa004dc	raytracer	-O2	10686.5
2026-07-31T22:25:58Z	xeon	0ceeeaa004dc	raytracer	-O3	9333.7
2026-07-31T22:25:58Z	xeon	0ceeeaa004dc	raytracer-p	-O0	465.3
2026-07-31T22:25:58Z	xeon	0ceeeaa004dc	raytracer-p	-O2	466.0
2026-07-31T22:25:58Z	xeon	0ceeeaa004dc	raytracer-p	-O3	364.7
2026-07-31T22:25:58Z	xeon	0ceeeaa004dc	raytracer-p	fpc	64.1
2026-07-31T22:25:58Z	xeon	0ceeeaa004dc	sieve	-O0	164.5
2026-07-31T22:25:58Z	xeon	0ceeeaa004dc	sieve	-O2	164.5
2026-07-31T22:25:58Z	xeon	0ceeeaa004dc	sieve	-O3	164.4
2026-07-31T22:25:58Z	xeon	0ceeeaa004dc	sieve	fpc	64.1
2026-07-31T22:25:58Z	xeon	0ceeeaa004dc	nbody	-O0	916.0
2026-07-31T22:25:58Z	xeon	0ceeeaa004dc	nbody	-O2	865.9
2026-07-31T22:25:58Z	xeon	0ceeeaa004dc	nbody	-O3	565.1
2026-07-31T22:25:58Z	xeon	0ceeeaa004dc	nbody	fpc	164.4
2026-07-31T22:25:58Z	xeon	0ceeeaa004dc	fib	-O0	414.9
2026-07-31T22:25:58Z	xeon	0ceeeaa004dc	fib	-O2	264.5
2026-07-31T22:25:58Z	xeon	0ceeeaa004dc	fib	-O3	164.4
2026-07-31T22:25:58Z	xeon	0ceeeaa004dc	fib	fpc	214.5
2026-07-31T22:25:58Z	xeon	0ceeeaa004dc	selfcompile	-O0	12039.9
2026-07-31T22:25:58Z	xeon	0ceeeaa004dc	selfcompile	-O2	9434.5
2026-07-31T22:25:58Z	xeon	0ceeeaa004dc	selfcompile	-O3	9484.2
2026-07-31T22:25:58Z	xeon	0ceeeaa004dc	selfcompile	fpc	5678.8
2026-07-31T23:07:26Z	xeon	d87301219197	mandelbrot	-O0	1867.9
2026-07-31T23:07:26Z	xeon	d87301219197	mandelbrot	-O2	1867.7
2026-07-31T23:07:26Z	xeon	d87301219197	mandelbrot	-O3	1016.1
2026-07-31T23:07:26Z	xeon	d87301219197	mandelbrot-p	-O0	1868.1
2026-07-31T23:07:26Z	xeon	d87301219197	mandelbrot-p	-O2	1867.8
2026-07-31T23:07:26Z	xeon	d87301219197	mandelbrot-p	-O3	1016.2
2026-07-31T23:07:26Z	xeon	d87301219197	mandelbrot-p	fpc	515.1
2026-07-31T23:07:26Z	xeon	d87301219197	raytracer	-O0	17500.5
2026-07-31T23:07:26Z	xeon	d87301219197	raytracer	-O2	10686.7
2026-07-31T23:07:26Z	xeon	d87301219197	raytracer	-O3	9332.6
2026-07-31T23:07:26Z	xeon	d87301219197	raytracer-p	-O0	465.4
2026-07-31T23:07:26Z	xeon	d87301219197	raytracer-p	-O2	465.0
2026-07-31T23:07:26Z	xeon	d87301219197	raytracer-p	-O3	364.8
2026-07-31T23:07:26Z	xeon	d87301219197	raytracer-p	fpc	64.2
2026-07-31T23:07:26Z	xeon	d87301219197	sieve	-O0	164.4
2026-07-31T23:07:26Z	xeon	d87301219197	sieve	-O2	164.4
2026-07-31T23:07:26Z	xeon	d87301219197	sieve	-O3	164.4
2026-07-31T23:07:26Z	xeon	d87301219197	sieve	fpc	64.3
2026-07-31T23:07:26Z	xeon	d87301219197	nbody	-O0	915.7
2026-07-31T23:07:26Z	xeon	d87301219197	nbody	-O2	865.7
2026-07-31T23:07:26Z	xeon	d87301219197	nbody	-O3	565.3
2026-07-31T23:07:26Z	xeon	d87301219197	nbody	fpc	164.4
2026-07-31T23:07:26Z	xeon	d87301219197	fib	-O0	465.2
2026-07-31T23:07:26Z	xeon	d87301219197	fib	-O2	314.8
2026-07-31T23:07:26Z	xeon	d87301219197	fib	-O3	214.5
2026-07-31T23:07:26Z	xeon	d87301219197	fib	fpc	214.5
2026-07-31T23:07:26Z	xeon	d87301219197	selfcompile	-O0	12040.0
2026-07-31T23:07:26Z	xeon	d87301219197	selfcompile	-O2	9434.5
2026-07-31T23:07:26Z	xeon	d87301219197	selfcompile	-O3	9484.5
2026-07-31T23:07:26Z	xeon	d87301219197	selfcompile	fpc	5728.4
2026-07-31T23:40:24Z	xeon	5f1596bde8d1	mandelbrot	-O0	1868.3
2026-07-31T23:40:24Z	xeon	5f1596bde8d1	mandelbrot	-O2	1917.9
2026-07-31T23:40:24Z	xeon	5f1596bde8d1	mandelbrot	-O3	1016.0
2026-07-31T23:40:24Z	xeon	5f1596bde8d1	mandelbrot-p	-O0	1867.9
2026-07-31T23:40:24Z	xeon	5f1596bde8d1	mandelbrot-p	-O2	1868.0
2026-07-31T23:40:24Z	xeon	5f1596bde8d1	mandelbrot-p	-O3	1016.2
2026-07-31T23:40:24Z	xeon	5f1596bde8d1	mandelbrot-p	fpc	515.0
2026-07-31T23:40:24Z	xeon	5f1596bde8d1	raytracer	-O0	17500.7
2026-07-31T23:40:24Z	xeon	5f1596bde8d1	raytracer	-O2	10686.6
2026-07-31T23:40:24Z	xeon	5f1596bde8d1	raytracer	-O3	9333.5
2026-07-31T23:40:24Z	xeon	5f1596bde8d1	raytracer-p	-O0	465.0
2026-07-31T23:40:24Z	xeon	5f1596bde8d1	raytracer-p	-O2	414.8
2026-07-31T23:40:24Z	xeon	5f1596bde8d1	raytracer-p	-O3	364.9
2026-07-31T23:40:24Z	xeon	5f1596bde8d1	raytracer-p	fpc	64.2
2026-07-31T23:40:24Z	xeon	5f1596bde8d1	sieve	-O0	164.5
2026-07-31T23:40:24Z	xeon	5f1596bde8d1	sieve	-O2	164.4
2026-07-31T23:40:24Z	xeon	5f1596bde8d1	sieve	-O3	164.4
2026-07-31T23:40:24Z	xeon	5f1596bde8d1	sieve	fpc	64.3
2026-07-31T23:40:24Z	xeon	5f1596bde8d1	nbody	-O0	966.1
2026-07-31T23:40:24Z	xeon	5f1596bde8d1	nbody	-O2	865.7
2026-07-31T23:40:24Z	xeon	5f1596bde8d1	nbody	-O3	565.3
2026-07-31T23:40:24Z	xeon	5f1596bde8d1	nbody	fpc	164.4
2026-07-31T23:40:24Z	xeon	5f1596bde8d1	fib	-O0	415.0
2026-07-31T23:40:24Z	xeon	5f1596bde8d1	fib	-O2	264.5
2026-07-31T23:40:24Z	xeon	5f1596bde8d1	fib	-O3	164.4
2026-07-31T23:40:24Z	xeon	5f1596bde8d1	fib	fpc	214.5
2026-07-31T23:40:24Z	xeon	5f1596bde8d1	selfcompile	-O0	12039.8
2026-07-31T23:40:24Z	xeon	5f1596bde8d1	selfcompile	-O2	9434.3
2026-07-31T23:40:24Z	xeon	5f1596bde8d1	selfcompile	-O3	9434.7
2026-07-31T23:40:24Z	xeon	5f1596bde8d1	selfcompile	fpc	5678.5
2026-08-01T00:00:01Z	xeon	2fb1c83047ef	mandelbrot	-O0	1867.9
2026-08-01T00:00:01Z	xeon	2fb1c83047ef	mandelbrot	-O2	1917.8
2026-08-01T00:00:01Z	xeon	2fb1c83047ef	mandelbrot	-O3	1015.9
2026-08-01T00:00:01Z	xeon	2fb1c83047ef	mandelbrot-p	-O0	1867.8
2026-08-01T00:00:01Z	xeon	2fb1c83047ef	mandelbrot-p	-O2	1867.7
2026-08-01T00:00:01Z	xeon	2fb1c83047ef	mandelbrot-p	-O3	1016.0
2026-08-01T00:00:01Z	xeon	2fb1c83047ef	mandelbrot-p	fpc	515.5
2026-08-01T00:00:01Z	xeon	2fb1c83047ef	raytracer	-O0	17500.3
2026-08-01T00:00:01Z	xeon	2fb1c83047ef	raytracer	-O2	10686.0
2026-08-01T00:00:01Z	xeon	2fb1c83047ef	raytracer	-O3	9283.1
2026-08-01T00:00:01Z	xeon	2fb1c83047ef	raytracer-p	-O0	465.0
2026-08-01T00:00:01Z	xeon	2fb1c83047ef	raytracer-p	-O2	464.9
2026-08-01T00:00:01Z	xeon	2fb1c83047ef	raytracer-p	-O3	364.8
2026-08-01T00:00:01Z	xeon	2fb1c83047ef	raytracer-p	fpc	64.0
2026-08-01T00:00:01Z	xeon	2fb1c83047ef	sieve	-O0	164.5
2026-08-01T00:00:01Z	xeon	2fb1c83047ef	sieve	-O2	164.5
2026-08-01T00:00:01Z	xeon	2fb1c83047ef	sieve	-O3	164.4
2026-08-01T00:00:01Z	xeon	2fb1c83047ef	sieve	fpc	64.3
2026-08-01T00:00:01Z	xeon	2fb1c83047ef	nbody	-O0	966.0
2026-08-01T00:00:01Z	xeon	2fb1c83047ef	nbody	-O2	865.8
2026-08-01T00:00:01Z	xeon	2fb1c83047ef	nbody	-O3	565.2
2026-08-01T00:00:01Z	xeon	2fb1c83047ef	nbody	fpc	164.4
2026-08-01T00:00:01Z	xeon	2fb1c83047ef	fib	-O0	414.9
2026-08-01T00:00:01Z	xeon	2fb1c83047ef	fib	-O2	264.5
2026-08-01T00:00:01Z	xeon	2fb1c83047ef	fib	-O3	164.3
2026-08-01T00:00:01Z	xeon	2fb1c83047ef	fib	fpc	214.6
2026-08-01T00:00:01Z	xeon	2fb1c83047ef	selfcompile	-O0	12039.7
2026-08-01T00:00:01Z	xeon	2fb1c83047ef	selfcompile	-O2	9434.1
2026-08-01T00:00:01Z	xeon	2fb1c83047ef	selfcompile	-O3	9434.0
2026-08-01T00:00:01Z	xeon	2fb1c83047ef	selfcompile	fpc	5678.2
2026-08-01T00:22:45Z	xeon	a12a083542ac	mandelbrot	-O0	1867.9
2026-08-01T00:22:45Z	xeon	a12a083542ac	mandelbrot	-O2	1917.9
2026-08-01T00:22:45Z	xeon	a12a083542ac	mandelbrot	-O3	1016.0
2026-08-01T00:22:45Z	xeon	a12a083542ac	mandelbrot-p	-O0	1868.0
2026-08-01T00:22:45Z	xeon	a12a083542ac	mandelbrot-p	-O2	1867.9
2026-08-01T00:22:45Z	xeon	a12a083542ac	mandelbrot-p	-O3	1016.1
2026-08-01T00:22:45Z	xeon	a12a083542ac	mandelbrot-p	fpc	515.1
2026-08-01T00:22:45Z	xeon	a12a083542ac	raytracer	-O0	17500.4
2026-08-01T00:22:45Z	xeon	a12a083542ac	raytracer	-O2	10686.4
2026-08-01T00:22:45Z	xeon	a12a083542ac	raytracer	-O3	9333.6
2026-08-01T00:22:45Z	xeon	a12a083542ac	raytracer-p	-O0	465.0
2026-08-01T00:22:45Z	xeon	a12a083542ac	raytracer-p	-O2	465.0
2026-08-01T00:22:45Z	xeon	a12a083542ac	raytracer-p	-O3	364.7
2026-08-01T00:22:45Z	xeon	a12a083542ac	raytracer-p	fpc	64.1
2026-08-01T00:22:45Z	xeon	a12a083542ac	sieve	-O0	164.5
2026-08-01T00:22:45Z	xeon	a12a083542ac	sieve	-O2	164.5
2026-08-01T00:22:45Z	xeon	a12a083542ac	sieve	-O3	114.2
2026-08-01T00:22:45Z	xeon	a12a083542ac	sieve	fpc	64.1
2026-08-01T00:22:45Z	xeon	a12a083542ac	nbody	-O0	966.1
2026-08-01T00:22:45Z	xeon	a12a083542ac	nbody	-O2	865.8
2026-08-01T00:22:45Z	xeon	a12a083542ac	nbody	-O3	565.2
2026-08-01T00:22:45Z	xeon	a12a083542ac	nbody	fpc	164.3
2026-08-01T00:22:45Z	xeon	a12a083542ac	fib	-O0	414.9
2026-08-01T00:22:45Z	xeon	a12a083542ac	fib	-O2	264.5
2026-08-01T00:22:45Z	xeon	a12a083542ac	fib	-O3	164.3
2026-08-01T00:22:45Z	xeon	a12a083542ac	fib	fpc	214.4
2026-08-01T00:22:45Z	xeon	a12a083542ac	selfcompile	-O0	12039.5
2026-08-01T00:22:45Z	xeon	a12a083542ac	selfcompile	-O2	9434.4
2026-08-01T00:22:45Z	xeon	a12a083542ac	selfcompile	-O3	9484.3
2026-08-01T00:22:45Z	xeon	a12a083542ac	selfcompile	fpc	5678.3
2026-08-01T00:55:46Z	xeon	20f9db609681	mandelbrot	-O0	1867.9
2026-08-01T00:55:46Z	xeon	20f9db609681	mandelbrot	-O2	1867.9
2026-08-01T00:55:46Z	xeon	20f9db609681	mandelbrot	-O3	1016.0
2026-08-01T00:55:46Z	xeon	20f9db609681	mandelbrot-p	-O0	1867.8
2026-08-01T00:55:46Z	xeon	20f9db609681	mandelbrot-p	-O2	1867.9
2026-08-01T00:55:46Z	xeon	20f9db609681	mandelbrot-p	-O3	1016.0
2026-08-01T00:55:46Z	xeon	20f9db609681	mandelbrot-p	fpc	565.6
2026-08-01T00:55:46Z	xeon	20f9db609681	raytracer	-O0	17500.0
2026-08-01T00:55:46Z	xeon	20f9db609681	raytracer	-O2	10686.6
2026-08-01T00:55:46Z	xeon	20f9db609681	raytracer	-O3	9283.4
2026-08-01T00:55:46Z	xeon	20f9db609681	raytracer-p	-O0	465.1
2026-08-01T00:55:46Z	xeon	20f9db609681	raytracer-p	-O2	465.0
2026-08-01T00:55:46Z	xeon	20f9db609681	raytracer-p	-O3	364.6
2026-08-01T00:55:46Z	xeon	20f9db609681	raytracer-p	fpc	64.1
2026-08-01T00:55:46Z	xeon	20f9db609681	sieve	-O0	164.4
2026-08-01T00:55:46Z	xeon	20f9db609681	sieve	-O2	164.4
2026-08-01T00:55:46Z	xeon	20f9db609681	sieve	-O3	164.4
2026-08-01T00:55:46Z	xeon	20f9db609681	sieve	fpc	64.3
2026-08-01T00:55:46Z	xeon	20f9db609681	nbody	-O0	966.0
2026-08-01T00:55:46Z	xeon	20f9db609681	nbody	-O2	865.8
2026-08-01T00:55:46Z	xeon	20f9db609681	nbody	-O3	565.2
2026-08-01T00:55:46Z	xeon	20f9db609681	nbody	fpc	164.4
2026-08-01T00:55:46Z	xeon	20f9db609681	fib	-O0	414.8
2026-08-01T00:55:46Z	xeon	20f9db609681	fib	-O2	264.7
2026-08-01T00:55:46Z	xeon	20f9db609681	fib	-O3	164.4
2026-08-01T00:55:46Z	xeon	20f9db609681	fib	fpc	214.6
2026-08-01T00:55:46Z	xeon	20f9db609681	selfcompile	-O0	12039.6
2026-08-01T00:55:46Z	xeon	20f9db609681	selfcompile	-O2	9434.4
2026-08-01T00:55:46Z	xeon	20f9db609681	selfcompile	-O3	9484.3
2026-08-01T00:55:46Z	xeon	20f9db609681	selfcompile	fpc	5728.8
2026-08-01T01:32:14Z	xeon	5d4f2fee0346	mandelbrot	-O0	1867.8
2026-08-01T01:32:14Z	xeon	5d4f2fee0346	mandelbrot	-O2	1868.4
2026-08-01T01:32:14Z	xeon	5d4f2fee0346	mandelbrot	-O3	1015.9
2026-08-01T01:32:14Z	xeon	5d4f2fee0346	mandelbrot-p	-O0	1867.8
2026-08-01T01:32:14Z	xeon	5d4f2fee0346	mandelbrot-p	-O2	1868.0
2026-08-01T01:32:14Z	xeon	5d4f2fee0346	mandelbrot-p	-O3	1016.2
2026-08-01T01:32:14Z	xeon	5d4f2fee0346	mandelbrot-p	fpc	515.2
2026-08-01T01:32:14Z	xeon	5d4f2fee0346	raytracer	-O0	17500.5
2026-08-01T01:32:14Z	xeon	5d4f2fee0346	raytracer	-O2	10736.4
2026-08-01T01:32:14Z	xeon	5d4f2fee0346	raytracer	-O3	9283.1
2026-08-01T01:32:14Z	xeon	5d4f2fee0346	raytracer-p	-O0	465.0
2026-08-01T01:32:14Z	xeon	5d4f2fee0346	raytracer-p	-O2	464.8
2026-08-01T01:32:14Z	xeon	5d4f2fee0346	raytracer-p	-O3	364.8
2026-08-01T01:32:14Z	xeon	5d4f2fee0346	raytracer-p	fpc	64.1
2026-08-01T01:32:14Z	xeon	5d4f2fee0346	sieve	-O0	164.5
2026-08-01T01:32:14Z	xeon	5d4f2fee0346	sieve	-O2	164.5
2026-08-01T01:32:14Z	xeon	5d4f2fee0346	sieve	-O3	164.4
2026-08-01T01:32:14Z	xeon	5d4f2fee0346	sieve	fpc	64.3
2026-08-01T01:32:14Z	xeon	5d4f2fee0346	nbody	-O0	966.0
2026-08-01T01:32:14Z	xeon	5d4f2fee0346	nbody	-O2	865.6
2026-08-01T01:32:14Z	xeon	5d4f2fee0346	nbody	-O3	565.3
2026-08-01T01:32:14Z	xeon	5d4f2fee0346	nbody	fpc	164.2
2026-08-01T01:32:14Z	xeon	5d4f2fee0346	fib	-O0	415.0
2026-08-01T01:32:14Z	xeon	5d4f2fee0346	fib	-O2	264.6
2026-08-01T01:32:14Z	xeon	5d4f2fee0346	fib	-O3	164.3
2026-08-01T01:32:14Z	xeon	5d4f2fee0346	fib	fpc	214.5
2026-08-01T01:32:14Z	xeon	5d4f2fee0346	selfcompile	-O0	12090.0
2026-08-01T01:32:14Z	xeon	5d4f2fee0346	selfcompile	-O2	9484.6
2026-08-01T01:32:14Z	xeon	5d4f2fee0346	selfcompile	-O3	9533.9
2026-08-01T01:32:14Z	xeon	5d4f2fee0346	selfcompile	fpc	5728.4
2026-08-01T02:09:35Z	xeon	134578edecfa	mandelbrot	-O0	1868.0
2026-08-01T02:09:35Z	xeon	134578edecfa	mandelbrot	-O2	1917.8
2026-08-01T02:09:35Z	xeon	134578edecfa	mandelbrot	-O3	1016.3
2026-08-01T02:09:35Z	xeon	134578edecfa	mandelbrot-p	-O0	1867.9
2026-08-01T02:09:35Z	xeon	134578edecfa	mandelbrot-p	-O2	1867.7
2026-08-01T02:09:35Z	xeon	134578edecfa	mandelbrot-p	-O3	1016.2
2026-08-01T02:09:35Z	xeon	134578edecfa	mandelbrot-p	fpc	515.1
2026-08-01T02:09:35Z	xeon	134578edecfa	raytracer	-O0	17500.6
2026-08-01T02:09:35Z	xeon	134578edecfa	raytracer	-O2	10686.8
2026-08-01T02:09:35Z	xeon	134578edecfa	raytracer	-O3	9283.8
2026-08-01T02:09:35Z	xeon	134578edecfa	raytracer-p	-O0	465.0
2026-08-01T02:09:35Z	xeon	134578edecfa	raytracer-p	-O2	414.7
2026-08-01T02:09:35Z	xeon	134578edecfa	raytracer-p	-O3	364.8
2026-08-01T02:09:35Z	xeon	134578edecfa	raytracer-p	fpc	64.1
2026-08-01T02:09:35Z	xeon	134578edecfa	sieve	-O0	164.5
2026-08-01T02:09:35Z	xeon	134578edecfa	sieve	-O2	164.5
2026-08-01T02:09:35Z	xeon	134578edecfa	sieve	-O3	164.5
2026-08-01T02:09:35Z	xeon	134578edecfa	sieve	fpc	64.2
2026-08-01T02:09:35Z	xeon	134578edecfa	nbody	-O0	966.0
2026-08-01T02:09:35Z	xeon	134578edecfa	nbody	-O2	865.8
2026-08-01T02:09:35Z	xeon	134578edecfa	nbody	-O3	565.2
2026-08-01T02:09:35Z	xeon	134578edecfa	nbody	fpc	164.4
2026-08-01T02:09:35Z	xeon	134578edecfa	fib	-O0	414.8
2026-08-01T02:09:35Z	xeon	134578edecfa	fib	-O2	264.6
2026-08-01T02:09:35Z	xeon	134578edecfa	fib	-O3	164.4
2026-08-01T02:09:35Z	xeon	134578edecfa	fib	fpc	214.5
2026-08-01T02:09:35Z	xeon	134578edecfa	selfcompile	-O0	12039.5
2026-08-01T02:09:35Z	xeon	134578edecfa	selfcompile	-O2	9434.1
2026-08-01T02:09:35Z	xeon	134578edecfa	selfcompile	-O3	9484.4
2026-08-01T02:09:35Z	xeon	134578edecfa	selfcompile	fpc	5678.2
2026-08-01T02:43:59Z	xeon	ac1dad059df9	mandelbrot	-O0	1868.0
2026-08-01T02:43:59Z	xeon	ac1dad059df9	mandelbrot	-O2	1917.9
2026-08-01T02:43:59Z	xeon	ac1dad059df9	mandelbrot	-O3	1016.2
2026-08-01T02:43:59Z	xeon	ac1dad059df9	mandelbrot-p	-O0	1867.9
2026-08-01T02:43:59Z	xeon	ac1dad059df9	mandelbrot-p	-O2	1868.0
2026-08-01T02:43:59Z	xeon	ac1dad059df9	mandelbrot-p	-O3	1016.3
2026-08-01T02:43:59Z	xeon	ac1dad059df9	mandelbrot-p	fpc	565.4
2026-08-01T02:43:59Z	xeon	ac1dad059df9	raytracer	-O0	17500.1
2026-08-01T02:43:59Z	xeon	ac1dad059df9	raytracer	-O2	10686.5
2026-08-01T02:43:59Z	xeon	ac1dad059df9	raytracer	-O3	9333.3
2026-08-01T02:43:59Z	xeon	ac1dad059df9	raytracer-p	-O0	465.2
2026-08-01T02:43:59Z	xeon	ac1dad059df9	raytracer-p	-O2	415.1
2026-08-01T02:43:59Z	xeon	ac1dad059df9	raytracer-p	-O3	364.8
2026-08-01T02:43:59Z	xeon	ac1dad059df9	raytracer-p	fpc	64.2
2026-08-01T02:43:59Z	xeon	ac1dad059df9	sieve	-O0	164.4
2026-08-01T02:43:59Z	xeon	ac1dad059df9	sieve	-O2	164.5
2026-08-01T02:43:59Z	xeon	ac1dad059df9	sieve	-O3	164.5
2026-08-01T02:43:59Z	xeon	ac1dad059df9	sieve	fpc	64.3
2026-08-01T02:43:59Z	xeon	ac1dad059df9	nbody	-O0	966.0
2026-08-01T02:43:59Z	xeon	ac1dad059df9	nbody	-O2	865.8
2026-08-01T02:43:59Z	xeon	ac1dad059df9	nbody	-O3	565.2
2026-08-01T02:43:59Z	xeon	ac1dad059df9	nbody	fpc	164.5
2026-08-01T02:43:59Z	xeon	ac1dad059df9	fib	-O0	414.7
2026-08-01T02:43:59Z	xeon	ac1dad059df9	fib	-O2	264.5
2026-08-01T02:43:59Z	xeon	ac1dad059df9	fib	-O3	164.3
2026-08-01T02:43:59Z	xeon	ac1dad059df9	fib	fpc	214.5
2026-08-01T02:43:59Z	xeon	ac1dad059df9	selfcompile	-O0	11989.9
2026-08-01T02:43:59Z	xeon	ac1dad059df9	selfcompile	-O2	9484.3
2026-08-01T02:43:59Z	xeon	ac1dad059df9	selfcompile	-O3	9484.4
2026-08-01T02:43:59Z	xeon	ac1dad059df9	selfcompile	fpc	5678.5
2026-08-01T03:08:29Z	xeon	a8c53ac07822	mandelbrot	-O0	1867.8
2026-08-01T03:08:29Z	xeon	a8c53ac07822	mandelbrot	-O2	1918.0
2026-08-01T03:08:29Z	xeon	a8c53ac07822	mandelbrot	-O3	1016.0
2026-08-01T03:08:29Z	xeon	a8c53ac07822	mandelbrot-p	-O0	1867.9
2026-08-01T03:08:29Z	xeon	a8c53ac07822	mandelbrot-p	-O2	1867.9
2026-08-01T03:08:29Z	xeon	a8c53ac07822	mandelbrot-p	-O3	1016.3
2026-08-01T03:08:29Z	xeon	a8c53ac07822	mandelbrot-p	fpc	515.2
2026-08-01T03:08:29Z	xeon	a8c53ac07822	raytracer	-O0	17450.7
2026-08-01T03:08:29Z	xeon	a8c53ac07822	raytracer	-O2	10686.6
2026-08-01T03:08:29Z	xeon	a8c53ac07822	raytracer	-O3	9333.8
2026-08-01T03:08:29Z	xeon	a8c53ac07822	raytracer-p	-O0	465.1
2026-08-01T03:08:29Z	xeon	a8c53ac07822	raytracer-p	-O2	414.9
2026-08-01T03:08:29Z	xeon	a8c53ac07822	raytracer-p	-O3	364.6
2026-08-01T03:08:29Z	xeon	a8c53ac07822	raytracer-p	fpc	64.1
2026-08-01T03:08:29Z	xeon	a8c53ac07822	sieve	-O0	164.5
2026-08-01T03:08:29Z	xeon	a8c53ac07822	sieve	-O2	164.5
2026-08-01T03:08:29Z	xeon	a8c53ac07822	sieve	-O3	164.5
2026-08-01T03:08:29Z	xeon	a8c53ac07822	sieve	fpc	64.2
2026-08-01T03:08:29Z	xeon	a8c53ac07822	nbody	-O0	966.1
2026-08-01T03:08:29Z	xeon	a8c53ac07822	nbody	-O2	865.8
2026-08-01T03:08:29Z	xeon	a8c53ac07822	nbody	-O3	565.3
2026-08-01T03:08:29Z	xeon	a8c53ac07822	nbody	fpc	164.4
2026-08-01T03:08:29Z	xeon	a8c53ac07822	fib	-O0	414.9
2026-08-01T03:08:29Z	xeon	a8c53ac07822	fib	-O2	264.6
2026-08-01T03:08:29Z	xeon	a8c53ac07822	fib	-O3	164.3
2026-08-01T03:08:29Z	xeon	a8c53ac07822	fib	fpc	214.6
2026-08-01T03:08:29Z	xeon	a8c53ac07822	selfcompile	-O0	12039.7
2026-08-01T03:08:29Z	xeon	a8c53ac07822	selfcompile	-O2	9434.3
2026-08-01T03:08:29Z	xeon	a8c53ac07822	selfcompile	-O3	9534.4
2026-08-01T03:08:29Z	xeon	a8c53ac07822	selfcompile	fpc	5678.4
2026-08-01T03:27:54Z	xeon	71aa695a58e5	mandelbrot	-O0	1867.9
2026-08-01T03:27:54Z	xeon	71aa695a58e5	mandelbrot	-O2	1917.9
2026-08-01T03:27:54Z	xeon	71aa695a58e5	mandelbrot	-O3	1016.0
2026-08-01T03:27:54Z	xeon	71aa695a58e5	mandelbrot-p	-O0	1868.0
2026-08-01T03:27:54Z	xeon	71aa695a58e5	mandelbrot-p	-O2	1867.8
2026-08-01T03:27:54Z	xeon	71aa695a58e5	mandelbrot-p	-O3	1016.3
2026-08-01T03:27:54Z	xeon	71aa695a58e5	mandelbrot-p	fpc	515.1
2026-08-01T03:27:54Z	xeon	71aa695a58e5	raytracer	-O0	17500.1
2026-08-01T03:27:54Z	xeon	71aa695a58e5	raytracer	-O2	10686.1
2026-08-01T03:27:54Z	xeon	71aa695a58e5	raytracer	-O3	9283.4
2026-08-01T03:27:54Z	xeon	71aa695a58e5	raytracer-p	-O0	465.0
2026-08-01T03:27:54Z	xeon	71aa695a58e5	raytracer-p	-O2	464.9
2026-08-01T03:27:54Z	xeon	71aa695a58e5	raytracer-p	-O3	364.8
2026-08-01T03:27:54Z	xeon	71aa695a58e5	raytracer-p	fpc	64.2
2026-08-01T03:27:54Z	xeon	71aa695a58e5	sieve	-O0	164.5
2026-08-01T03:27:54Z	xeon	71aa695a58e5	sieve	-O2	164.5
2026-08-01T03:27:54Z	xeon	71aa695a58e5	sieve	-O3	164.5
2026-08-01T03:27:54Z	xeon	71aa695a58e5	sieve	fpc	64.3
2026-08-01T03:27:54Z	xeon	71aa695a58e5	nbody	-O0	915.9
2026-08-01T03:27:54Z	xeon	71aa695a58e5	nbody	-O2	865.9
2026-08-01T03:27:54Z	xeon	71aa695a58e5	nbody	-O3	565.3
2026-08-01T03:27:54Z	xeon	71aa695a58e5	nbody	fpc	164.4
2026-08-01T03:27:54Z	xeon	71aa695a58e5	fib	-O0	414.9
2026-08-01T03:27:54Z	xeon	71aa695a58e5	fib	-O2	264.6
2026-08-01T03:27:54Z	xeon	71aa695a58e5	fib	-O3	164.4
2026-08-01T03:27:54Z	xeon	71aa695a58e5	fib	fpc	214.6
2026-08-01T03:27:54Z	xeon	71aa695a58e5	selfcompile	-O0	11990.0
2026-08-01T03:27:54Z	xeon	71aa695a58e5	selfcompile	-O2	9484.3
2026-08-01T03:27:54Z	xeon	71aa695a58e5	selfcompile	-O3	9484.1
2026-08-01T03:27:54Z	xeon	71aa695a58e5	selfcompile	fpc	5678.2
2026-08-01T03:50:13Z	xeon	4aeed1385135	mandelbrot	-O0	1867.8
2026-08-01T03:50:13Z	xeon	4aeed1385135	mandelbrot	-O2	1918.5
2026-08-01T03:50:13Z	xeon	4aeed1385135	mandelbrot	-O3	1016.5
2026-08-01T03:50:13Z	xeon	4aeed1385135	mandelbrot-p	-O0	1867.6
2026-08-01T03:50:13Z	xeon	4aeed1385135	mandelbrot-p	-O2	1868.6
2026-08-01T03:50:13Z	xeon	4aeed1385135	mandelbrot-p	-O3	1016.1
2026-08-01T03:50:13Z	xeon	4aeed1385135	mandelbrot-p	fpc	515.3
2026-08-01T03:50:13Z	xeon	4aeed1385135	raytracer	-O0	17702.5
2026-08-01T03:50:13Z	xeon	4aeed1385135	raytracer	-O2	13043.1
2026-08-01T03:50:13Z	xeon	4aeed1385135	raytracer	-O3	11439.5
2026-08-01T03:50:13Z	xeon	4aeed1385135	raytracer-p	-O0	565.7
2026-08-01T03:50:13Z	xeon	4aeed1385135	raytracer-p	-O2	515.5
2026-08-01T03:50:13Z	xeon	4aeed1385135	raytracer-p	-O3	465.7
2026-08-01T03:50:13Z	xeon	4aeed1385135	raytracer-p	fpc	64.1
2026-08-01T03:50:13Z	xeon	4aeed1385135	sieve	-O0	164.5
2026-08-01T03:50:13Z	xeon	4aeed1385135	sieve	-O2	164.4
2026-08-01T03:50:13Z	xeon	4aeed1385135	sieve	-O3	164.7
2026-08-01T03:50:13Z	xeon	4aeed1385135	sieve	fpc	64.2
2026-08-01T03:50:13Z	xeon	4aeed1385135	nbody	-O0	1167.0
2026-08-01T03:50:13Z	xeon	4aeed1385135	nbody	-O2	1016.7
2026-08-01T03:50:13Z	xeon	4aeed1385135	nbody	-O3	665.6
2026-08-01T03:50:13Z	xeon	4aeed1385135	nbody	fpc	164.5
2026-08-01T03:50:13Z	xeon	4aeed1385135	fib	-O0	465.3
2026-08-01T03:50:13Z	xeon	4aeed1385135	fib	-O2	314.8
2026-08-01T03:50:13Z	xeon	4aeed1385135	fib	-O3	214.5
2026-08-01T03:50:13Z	xeon	4aeed1385135	fib	fpc	215.2
2026-08-01T03:50:13Z	xeon	4aeed1385135	selfcompile	-O0	12040.0
2026-08-01T03:50:13Z	xeon	4aeed1385135	selfcompile	-O2	9484.4
2026-08-01T03:50:13Z	xeon	4aeed1385135	selfcompile	-O3	9534.5
2026-08-01T03:50:13Z	xeon	4aeed1385135	selfcompile	fpc	5678.0
2026-08-01T05:07:51Z	xeon	74669f4ef3fd	mandelbrot	-O0	1868.0
2026-08-01T05:07:51Z	xeon	74669f4ef3fd	mandelbrot	-O2	1867.8
2026-08-01T05:07:51Z	xeon	74669f4ef3fd	mandelbrot	-O3	1016.1
2026-08-01T05:07:51Z	xeon	74669f4ef3fd	mandelbrot-p	-O0	1867.7
2026-08-01T05:07:51Z	xeon	74669f4ef3fd	mandelbrot-p	-O2	1867.9
2026-08-01T05:07:51Z	xeon	74669f4ef3fd	mandelbrot-p	-O3	1016.1
2026-08-01T05:07:51Z	xeon	74669f4ef3fd	mandelbrot-p	fpc	515.1
2026-08-01T05:07:51Z	xeon	74669f4ef3fd	raytracer	-O0	17500.3
2026-08-01T05:07:51Z	xeon	74669f4ef3fd	raytracer	-O2	10736.5
2026-08-01T05:07:51Z	xeon	74669f4ef3fd	raytracer	-O3	9333.2
2026-08-01T05:07:51Z	xeon	74669f4ef3fd	raytracer-p	-O0	465.2
2026-08-01T05:07:51Z	xeon	74669f4ef3fd	raytracer-p	-O2	465.0
2026-08-01T05:07:51Z	xeon	74669f4ef3fd	raytracer-p	-O3	364.7
2026-08-01T05:07:51Z	xeon	74669f4ef3fd	raytracer-p	fpc	64.0
2026-08-01T05:07:51Z	xeon	74669f4ef3fd	sieve	-O0	164.4
2026-08-01T05:07:51Z	xeon	74669f4ef3fd	sieve	-O2	164.4
2026-08-01T05:07:51Z	xeon	74669f4ef3fd	sieve	-O3	164.5
2026-08-01T05:07:51Z	xeon	74669f4ef3fd	sieve	fpc	64.2
2026-08-01T05:07:51Z	xeon	74669f4ef3fd	nbody	-O0	966.0
2026-08-01T05:07:51Z	xeon	74669f4ef3fd	nbody	-O2	865.8
2026-08-01T05:07:51Z	xeon	74669f4ef3fd	nbody	-O3	565.0
2026-08-01T05:07:51Z	xeon	74669f4ef3fd	nbody	fpc	164.4
2026-08-01T05:07:51Z	xeon	74669f4ef3fd	fib	-O0	414.9
2026-08-01T05:07:51Z	xeon	74669f4ef3fd	fib	-O2	264.6
2026-08-01T05:07:51Z	xeon	74669f4ef3fd	fib	-O3	164.4
2026-08-01T05:07:51Z	xeon	74669f4ef3fd	fib	fpc	214.5
2026-08-01T05:07:51Z	xeon	74669f4ef3fd	selfcompile	-O0	12089.7
2026-08-01T05:07:51Z	xeon	74669f4ef3fd	selfcompile	-O2	9635.2
2026-08-01T05:07:51Z	xeon	74669f4ef3fd	selfcompile	-O3	9584.8
2026-08-01T05:07:51Z	xeon	74669f4ef3fd	selfcompile	fpc	5829.5
2026-08-01T05:30:01Z	xeon	a8d7ad200e1f	mandelbrot	-O0	1867.8
2026-08-01T05:30:01Z	xeon	a8d7ad200e1f	mandelbrot	-O2	1867.8
2026-08-01T05:30:01Z	xeon	a8d7ad200e1f	mandelbrot	-O3	1016.1
2026-08-01T05:30:01Z	xeon	a8d7ad200e1f	mandelbrot-p	-O0	1867.9
2026-08-01T05:30:01Z	xeon	a8d7ad200e1f	mandelbrot-p	-O2	1867.9
2026-08-01T05:30:01Z	xeon	a8d7ad200e1f	mandelbrot-p	-O3	1016.1
2026-08-01T05:30:01Z	xeon	a8d7ad200e1f	mandelbrot-p	fpc	515.0
2026-08-01T05:30:01Z	xeon	a8d7ad200e1f	raytracer	-O0	17500.7
2026-08-01T05:30:01Z	xeon	a8d7ad200e1f	raytracer	-O2	10686.5
2026-08-01T05:30:01Z	xeon	a8d7ad200e1f	raytracer	-O3	9333.4
2026-08-01T05:30:01Z	xeon	a8d7ad200e1f	raytracer-p	-O0	465.0
2026-08-01T05:30:01Z	xeon	a8d7ad200e1f	raytracer-p	-O2	465.0
2026-08-01T05:30:01Z	xeon	a8d7ad200e1f	raytracer-p	-O3	364.8
2026-08-01T05:30:01Z	xeon	a8d7ad200e1f	raytracer-p	fpc	64.1
2026-08-01T05:30:01Z	xeon	a8d7ad200e1f	sieve	-O0	164.5
2026-08-01T05:30:01Z	xeon	a8d7ad200e1f	sieve	-O2	164.5
2026-08-01T05:30:01Z	xeon	a8d7ad200e1f	sieve	-O3	164.4
2026-08-01T05:30:01Z	xeon	a8d7ad200e1f	sieve	fpc	64.2
2026-08-01T05:30:01Z	xeon	a8d7ad200e1f	nbody	-O0	915.9
2026-08-01T05:30:01Z	xeon	a8d7ad200e1f	nbody	-O2	865.8
2026-08-01T05:30:01Z	xeon	a8d7ad200e1f	nbody	-O3	565.1
2026-08-01T05:30:01Z	xeon	a8d7ad200e1f	nbody	fpc	164.4
2026-08-01T05:30:01Z	xeon	a8d7ad200e1f	fib	-O0	414.7
2026-08-01T05:30:01Z	xeon	a8d7ad200e1f	fib	-O2	264.6
2026-08-01T05:30:01Z	xeon	a8d7ad200e1f	fib	-O3	164.3
2026-08-01T05:30:01Z	xeon	a8d7ad200e1f	fib	fpc	214.5
2026-08-01T05:30:01Z	xeon	a8d7ad200e1f	selfcompile	-O0	12089.3
2026-08-01T05:30:01Z	xeon	a8d7ad200e1f	selfcompile	-O2	9484.5
2026-08-01T05:30:01Z	xeon	a8d7ad200e1f	selfcompile	-O3	9534.5
2026-08-01T05:30:01Z	xeon	a8d7ad200e1f	selfcompile	fpc	5677.8
2026-08-01T06:03:47Z	xeon	bccb39fece27	mandelbrot	-O0	1867.8
2026-08-01T06:03:47Z	xeon	bccb39fece27	mandelbrot	-O2	1867.6
2026-08-01T06:03:47Z	xeon	bccb39fece27	mandelbrot	-O3	1016.2
2026-08-01T06:03:47Z	xeon	bccb39fece27	mandelbrot-p	-O0	1867.7
2026-08-01T06:03:47Z	xeon	bccb39fece27	mandelbrot-p	-O2	1868.0
2026-08-01T06:03:47Z	xeon	bccb39fece27	mandelbrot-p	-O3	1016.1
2026-08-01T06:03:47Z	xeon	bccb39fece27	mandelbrot-p	fpc	515.2
2026-08-01T06:03:47Z	xeon	bccb39fece27	raytracer	-O0	17500.5
2026-08-01T06:03:47Z	xeon	bccb39fece27	raytracer	-O2	10686.3
2026-08-01T06:03:47Z	xeon	bccb39fece27	raytracer	-O3	9333.3
2026-08-01T06:03:47Z	xeon	bccb39fece27	raytracer-p	-O0	464.9
2026-08-01T06:03:47Z	xeon	bccb39fece27	raytracer-p	-O2	414.6
2026-08-01T06:03:47Z	xeon	bccb39fece27	raytracer-p	-O3	364.7
2026-08-01T06:03:47Z	xeon	bccb39fece27	raytracer-p	fpc	64.1
2026-08-01T06:03:47Z	xeon	bccb39fece27	sieve	-O0	164.5
2026-08-01T06:03:47Z	xeon	bccb39fece27	sieve	-O2	164.5
2026-08-01T06:03:47Z	xeon	bccb39fece27	sieve	-O3	165.4
2026-08-01T06:03:47Z	xeon	bccb39fece27	sieve	fpc	64.2
2026-08-01T06:03:47Z	xeon	bccb39fece27	nbody	-O0	966.2
2026-08-01T06:03:47Z	xeon	bccb39fece27	nbody	-O2	865.7
2026-08-01T06:03:47Z	xeon	bccb39fece27	nbody	-O3	565.1
2026-08-01T06:03:47Z	xeon	bccb39fece27	nbody	fpc	164.4
2026-08-01T06:03:47Z	xeon	bccb39fece27	fib	-O0	414.7
2026-08-01T06:03:47Z	xeon	bccb39fece27	fib	-O2	264.5
2026-08-01T06:03:47Z	xeon	bccb39fece27	fib	-O3	164.3
2026-08-01T06:03:47Z	xeon	bccb39fece27	fib	fpc	214.4
2026-08-01T06:03:47Z	xeon	bccb39fece27	selfcompile	-O0	12139.7
2026-08-01T06:03:47Z	xeon	bccb39fece27	selfcompile	-O2	9434.5
2026-08-01T06:03:47Z	xeon	bccb39fece27	selfcompile	-O3	9634.7
2026-08-01T06:03:47Z	xeon	bccb39fece27	selfcompile	fpc	5728.4
2026-08-01T08:43:30Z	xeon	3f2c5b915125	mandelbrot	-O0	1868.0
2026-08-01T08:43:30Z	xeon	3f2c5b915125	mandelbrot	-O2	1917.9
2026-08-01T08:43:30Z	xeon	3f2c5b915125	mandelbrot	-O3	1016.1
2026-08-01T08:43:30Z	xeon	3f2c5b915125	mandelbrot-p	-O0	1867.9
2026-08-01T08:43:30Z	xeon	3f2c5b915125	mandelbrot-p	-O2	1867.8
2026-08-01T08:43:30Z	xeon	3f2c5b915125	mandelbrot-p	-O3	1016.0
2026-08-01T08:43:30Z	xeon	3f2c5b915125	mandelbrot-p	fpc	515.1
2026-08-01T08:43:30Z	xeon	3f2c5b915125	raytracer	-O0	17500.2
2026-08-01T08:43:30Z	xeon	3f2c5b915125	raytracer	-O2	10686.1
2026-08-01T08:43:30Z	xeon	3f2c5b915125	raytracer	-O3	9333.1
2026-08-01T08:43:30Z	xeon	3f2c5b915125	raytracer-p	-O0	465.2
2026-08-01T08:43:30Z	xeon	3f2c5b915125	raytracer-p	-O2	465.0
2026-08-01T08:43:30Z	xeon	3f2c5b915125	raytracer-p	-O3	364.7
2026-08-01T08:43:30Z	xeon	3f2c5b915125	raytracer-p	fpc	64.1
2026-08-01T08:43:30Z	xeon	3f2c5b915125	sieve	-O0	164.5
2026-08-01T08:43:30Z	xeon	3f2c5b915125	sieve	-O2	164.5
2026-08-01T08:43:30Z	xeon	3f2c5b915125	sieve	-O3	164.5
2026-08-01T08:43:30Z	xeon	3f2c5b915125	sieve	fpc	64.2
2026-08-01T08:43:30Z	xeon	3f2c5b915125	nbody	-O0	916.1
2026-08-01T08:43:30Z	xeon	3f2c5b915125	nbody	-O2	865.9
2026-08-01T08:43:30Z	xeon	3f2c5b915125	nbody	-O3	565.3
2026-08-01T08:43:30Z	xeon	3f2c5b915125	nbody	fpc	164.4
2026-08-01T08:43:30Z	xeon	3f2c5b915125	fib	-O0	415.0
2026-08-01T08:43:30Z	xeon	3f2c5b915125	fib	-O2	264.4
2026-08-01T08:43:30Z	xeon	3f2c5b915125	fib	-O3	164.3
2026-08-01T08:43:30Z	xeon	3f2c5b915125	fib	fpc	214.6
2026-08-01T08:43:30Z	xeon	3f2c5b915125	selfcompile	-O0	12089.6
2026-08-01T08:43:30Z	xeon	3f2c5b915125	selfcompile	-O2	9433.7
2026-08-01T08:43:30Z	xeon	3f2c5b915125	selfcompile	-O3	9584.6
2026-08-01T08:43:30Z	xeon	3f2c5b915125	selfcompile	fpc	5728.4
2026-08-01T09:35:55Z	xeon	596fce8d5f10	mandelbrot	-O0	1868.1
2026-08-01T09:35:55Z	xeon	596fce8d5f10	mandelbrot	-O2	1918.0
2026-08-01T09:35:55Z	xeon	596fce8d5f10	mandelbrot	-O3	1016.1
2026-08-01T09:35:55Z	xeon	596fce8d5f10	mandelbrot-p	-O0	1867.8
2026-08-01T09:35:55Z	xeon	596fce8d5f10	mandelbrot-p	-O2	1867.8
2026-08-01T09:35:55Z	xeon	596fce8d5f10	mandelbrot-p	-O3	1016.1
2026-08-01T09:35:55Z	xeon	596fce8d5f10	mandelbrot-p	fpc	515.1
2026-08-01T09:35:55Z	xeon	596fce8d5f10	raytracer	-O0	17500.5
2026-08-01T09:35:55Z	xeon	596fce8d5f10	raytracer	-O2	10686.3
2026-08-01T09:35:55Z	xeon	596fce8d5f10	raytracer	-O3	9333.5
2026-08-01T09:35:55Z	xeon	596fce8d5f10	raytracer-p	-O0	465.3
2026-08-01T09:35:55Z	xeon	596fce8d5f10	raytracer-p	-O2	414.8
2026-08-01T09:35:55Z	xeon	596fce8d5f10	raytracer-p	-O3	364.7
2026-08-01T09:35:55Z	xeon	596fce8d5f10	raytracer-p	fpc	64.1
2026-08-01T09:35:55Z	xeon	596fce8d5f10	sieve	-O0	164.4
2026-08-01T09:35:55Z	xeon	596fce8d5f10	sieve	-O2	164.4
2026-08-01T09:35:55Z	xeon	596fce8d5f10	sieve	-O3	164.6
2026-08-01T09:35:55Z	xeon	596fce8d5f10	sieve	fpc	64.2
2026-08-01T09:35:55Z	xeon	596fce8d5f10	nbody	-O0	915.9
2026-08-01T09:35:55Z	xeon	596fce8d5f10	nbody	-O2	865.8
2026-08-01T09:35:55Z	xeon	596fce8d5f10	nbody	-O3	565.1
2026-08-01T09:35:55Z	xeon	596fce8d5f10	nbody	fpc	164.2
2026-08-01T09:35:55Z	xeon	596fce8d5f10	fib	-O0	414.8
2026-08-01T09:35:55Z	xeon	596fce8d5f10	fib	-O2	264.5
2026-08-01T09:35:55Z	xeon	596fce8d5f10	fib	-O3	164.4
2026-08-01T09:35:55Z	xeon	596fce8d5f10	fib	fpc	164.3
2026-08-01T09:35:55Z	xeon	596fce8d5f10	selfcompile	-O0	12138.4
2026-08-01T09:35:55Z	xeon	596fce8d5f10	selfcompile	-O2	9434.3
2026-08-01T09:35:55Z	xeon	596fce8d5f10	selfcompile	-O3	9584.7
2026-08-01T09:35:55Z	xeon	596fce8d5f10	selfcompile	fpc	5728.7
2026-08-01T10:01:44Z	xeon	273a12bfdb0b	mandelbrot	-O0	1868.2
2026-08-01T10:01:44Z	xeon	273a12bfdb0b	mandelbrot	-O2	1917.9
2026-08-01T10:01:44Z	xeon	273a12bfdb0b	mandelbrot	-O3	1016.1
2026-08-01T10:01:44Z	xeon	273a12bfdb0b	mandelbrot-p	-O0	1867.9
2026-08-01T10:01:44Z	xeon	273a12bfdb0b	mandelbrot-p	-O2	1867.9
2026-08-01T10:01:44Z	xeon	273a12bfdb0b	mandelbrot-p	-O3	1016.0
2026-08-01T10:01:44Z	xeon	273a12bfdb0b	mandelbrot-p	fpc	515.1
2026-08-01T10:01:44Z	xeon	273a12bfdb0b	raytracer	-O0	17801.3
2026-08-01T10:01:44Z	xeon	273a12bfdb0b	raytracer	-O2	10836.5
2026-08-01T10:01:44Z	xeon	273a12bfdb0b	raytracer	-O3	9433.6
2026-08-01T10:01:44Z	xeon	273a12bfdb0b	raytracer-p	-O0	464.9
2026-08-01T10:01:44Z	xeon	273a12bfdb0b	raytracer-p	-O2	515.2
2026-08-01T10:01:44Z	xeon	273a12bfdb0b	raytracer-p	-O3	465.3
2026-08-01T10:01:44Z	xeon	273a12bfdb0b	raytracer-p	fpc	64.2
2026-08-01T10:01:44Z	xeon	273a12bfdb0b	sieve	-O0	164.3
2026-08-01T10:01:44Z	xeon	273a12bfdb0b	sieve	-O2	164.4
2026-08-01T10:01:44Z	xeon	273a12bfdb0b	sieve	-O3	164.5
2026-08-01T10:01:44Z	xeon	273a12bfdb0b	sieve	fpc	64.2
2026-08-01T10:01:44Z	xeon	273a12bfdb0b	nbody	-O0	1166.6
2026-08-01T10:01:44Z	xeon	273a12bfdb0b	nbody	-O2	1016.6
2026-08-01T10:01:44Z	xeon	273a12bfdb0b	nbody	-O3	665.5
2026-08-01T10:01:44Z	xeon	273a12bfdb0b	nbody	fpc	164.4
2026-08-01T10:01:44Z	xeon	273a12bfdb0b	fib	-O0	465.2
2026-08-01T10:01:44Z	xeon	273a12bfdb0b	fib	-O2	314.7
2026-08-01T10:01:44Z	xeon	273a12bfdb0b	fib	-O3	214.7
2026-08-01T10:01:44Z	xeon	273a12bfdb0b	fib	fpc	214.6
2026-08-01T10:01:44Z	xeon	273a12bfdb0b	selfcompile	-O0	12340.7
2026-08-01T10:01:44Z	xeon	273a12bfdb0b	selfcompile	-O2	9634.8
2026-08-01T10:01:44Z	xeon	273a12bfdb0b	selfcompile	-O3	9735.3
2026-08-01T10:01:44Z	xeon	273a12bfdb0b	selfcompile	fpc	5828.7
2026-08-01T10:48:02Z	xeon	7395c29d0a96	mandelbrot	-O0	1918.2
2026-08-01T10:48:02Z	xeon	7395c29d0a96	mandelbrot	-O2	1917.9
2026-08-01T10:48:02Z	xeon	7395c29d0a96	mandelbrot	-O3	1016.3
2026-08-01T10:48:02Z	xeon	7395c29d0a96	mandelbrot-p	-O0	1867.9
2026-08-01T10:48:02Z	xeon	7395c29d0a96	mandelbrot-p	-O2	1918.2
2026-08-01T10:48:02Z	xeon	7395c29d0a96	mandelbrot-p	-O3	1016.1
2026-08-01T10:48:02Z	xeon	7395c29d0a96	mandelbrot-p	fpc	515.0
2026-08-01T10:48:02Z	xeon	7395c29d0a96	raytracer	-O0	17601.1
2026-08-01T10:48:02Z	xeon	7395c29d0a96	raytracer	-O2	10786.6
2026-08-01T10:48:02Z	xeon	7395c29d0a96	raytracer	-O3	9433.5
2026-08-01T10:48:02Z	xeon	7395c29d0a96	raytracer-p	-O0	465.1
2026-08-01T10:48:02Z	xeon	7395c29d0a96	raytracer-p	-O2	465.1
2026-08-01T10:48:02Z	xeon	7395c29d0a96	raytracer-p	-O3	364.8
2026-08-01T10:48:02Z	xeon	7395c29d0a96	raytracer-p	fpc	64.1
2026-08-01T10:48:02Z	xeon	7395c29d0a96	sieve	-O0	164.5
2026-08-01T10:48:02Z	xeon	7395c29d0a96	sieve	-O2	164.5
2026-08-01T10:48:02Z	xeon	7395c29d0a96	sieve	-O3	164.5
2026-08-01T10:48:02Z	xeon	7395c29d0a96	sieve	fpc	64.3
2026-08-01T10:48:02Z	xeon	7395c29d0a96	nbody	-O0	966.3
2026-08-01T10:48:02Z	xeon	7395c29d0a96	nbody	-O2	866.1
2026-08-01T10:48:02Z	xeon	7395c29d0a96	nbody	-O3	565.1
2026-08-01T10:48:02Z	xeon	7395c29d0a96	nbody	fpc	164.3
2026-08-01T10:48:02Z	xeon	7395c29d0a96	fib	-O0	415.0
2026-08-01T10:48:02Z	xeon	7395c29d0a96	fib	-O2	264.5
2026-08-01T10:48:02Z	xeon	7395c29d0a96	fib	-O3	164.2
2026-08-01T10:48:02Z	xeon	7395c29d0a96	fib	fpc	214.5
2026-08-01T10:48:02Z	xeon	7395c29d0a96	selfcompile	-O0	12288.0
2026-08-01T10:48:02Z	xeon	7395c29d0a96	selfcompile	-O2	9634.1
2026-08-01T10:48:02Z	xeon	7395c29d0a96	selfcompile	-O3	9734.4
2026-08-01T10:48:02Z	xeon	7395c29d0a96	selfcompile	fpc	5777.8
2026-08-01T11:40:49Z	xeon	b78988fe8977	mandelbrot	-O0	1918.4
2026-08-01T11:40:49Z	xeon	b78988fe8977	mandelbrot	-O2	1918.1
2026-08-01T11:40:49Z	xeon	b78988fe8977	mandelbrot	-O3	1016.2
2026-08-01T11:40:49Z	xeon	b78988fe8977	mandelbrot-p	-O0	1868.2
2026-08-01T11:40:49Z	xeon	b78988fe8977	mandelbrot-p	-O2	1918.0
2026-08-01T11:40:49Z	xeon	b78988fe8977	mandelbrot-p	-O3	1016.2
2026-08-01T11:40:49Z	xeon	b78988fe8977	mandelbrot-p	fpc	515.1
2026-08-01T11:40:49Z	xeon	b78988fe8977	raytracer	-O0	17601.0
2026-08-01T11:40:49Z	xeon	b78988fe8977	raytracer	-O2	10736.5
2026-08-01T11:40:49Z	xeon	b78988fe8977	raytracer	-O3	9383.3
2026-08-01T11:40:49Z	xeon	b78988fe8977	raytracer-p	-O0	465.2
2026-08-01T11:40:49Z	xeon	b78988fe8977	raytracer-p	-O2	464.9
2026-08-01T11:40:49Z	xeon	b78988fe8977	raytracer-p	-O3	364.7
2026-08-01T11:40:49Z	xeon	b78988fe8977	raytracer-p	fpc	64.1
2026-08-01T11:40:49Z	xeon	b78988fe8977	sieve	-O0	164.4
2026-08-01T11:40:49Z	xeon	b78988fe8977	sieve	-O2	164.5
2026-08-01T11:40:49Z	xeon	b78988fe8977	sieve	-O3	164.5
2026-08-01T11:40:49Z	xeon	b78988fe8977	sieve	fpc	64.2
2026-08-01T11:40:49Z	xeon	b78988fe8977	nbody	-O0	966.3
2026-08-01T11:40:49Z	xeon	b78988fe8977	nbody	-O2	865.9
2026-08-01T11:40:49Z	xeon	b78988fe8977	nbody	-O3	565.2
2026-08-01T11:40:49Z	xeon	b78988fe8977	nbody	fpc	164.5
2026-08-01T11:40:49Z	xeon	b78988fe8977	fib	-O0	414.9
2026-08-01T11:40:49Z	xeon	b78988fe8977	fib	-O2	264.6
2026-08-01T11:40:49Z	xeon	b78988fe8977	fib	-O3	164.6
2026-08-01T11:40:49Z	xeon	b78988fe8977	fib	fpc	214.5
2026-08-01T11:40:49Z	xeon	b78988fe8977	selfcompile	-O0	12290.2
2026-08-01T11:40:49Z	xeon	b78988fe8977	selfcompile	-O2	9584.4
2026-08-01T11:40:49Z	xeon	b78988fe8977	selfcompile	-O3	9685.0
2026-08-01T11:40:49Z	xeon	b78988fe8977	selfcompile	fpc	5778.5
2026-08-01T15:08:40Z	xeon	eeae1e4a3057	mandelbrot	-O0	2318.6
2026-08-01T15:08:40Z	xeon	eeae1e4a3057	mandelbrot	-O2	2319.4
2026-08-01T15:08:40Z	xeon	eeae1e4a3057	mandelbrot	-O3	1216.6
2026-08-01T15:08:40Z	xeon	eeae1e4a3057	mandelbrot-p	-O0	2269.3
2026-08-01T15:08:40Z	xeon	eeae1e4a3057	mandelbrot-p	-O2	2269.8
2026-08-01T15:08:40Z	xeon	eeae1e4a3057	mandelbrot-p	-O3	1216.9
2026-08-01T15:08:40Z	xeon	eeae1e4a3057	mandelbrot-p	fpc	615.7
2026-08-01T15:08:40Z	xeon	eeae1e4a3057	raytracer	-O0	17701.1
2026-08-01T15:08:40Z	xeon	eeae1e4a3057	raytracer	-O2	10786.5
2026-08-01T15:08:40Z	xeon	eeae1e4a3057	raytracer	-O3	9433.7
2026-08-01T15:08:40Z	xeon	eeae1e4a3057	raytracer-p	-O0	464.9
2026-08-01T15:08:40Z	xeon	eeae1e4a3057	raytracer-p	-O2	465.0
2026-08-01T15:08:40Z	xeon	eeae1e4a3057	raytracer-p	-O3	364.8
2026-08-01T15:08:40Z	xeon	eeae1e4a3057	raytracer-p	fpc	64.1
2026-08-01T15:08:40Z	xeon	eeae1e4a3057	sieve	-O0	164.4
2026-08-01T15:08:40Z	xeon	eeae1e4a3057	sieve	-O2	164.4
2026-08-01T15:08:40Z	xeon	eeae1e4a3057	sieve	-O3	164.3
2026-08-01T15:08:40Z	xeon	eeae1e4a3057	sieve	fpc	64.2
2026-08-01T15:08:40Z	xeon	eeae1e4a3057	nbody	-O0	966.2
2026-08-01T15:08:40Z	xeon	eeae1e4a3057	nbody	-O2	866.0
2026-08-01T15:08:40Z	xeon	eeae1e4a3057	nbody	-O3	565.4
2026-08-01T15:08:40Z	xeon	eeae1e4a3057	nbody	fpc	164.3
2026-08-01T15:08:40Z	xeon	eeae1e4a3057	fib	-O0	415.2
2026-08-01T15:08:40Z	xeon	eeae1e4a3057	fib	-O2	264.4
2026-08-01T15:08:40Z	xeon	eeae1e4a3057	fib	-O3	164.3
2026-08-01T15:08:40Z	xeon	eeae1e4a3057	fib	fpc	214.5
2026-08-01T15:08:40Z	xeon	eeae1e4a3057	selfcompile	-O0	12339.9
2026-08-01T15:08:40Z	xeon	eeae1e4a3057	selfcompile	-O2	9634.1
2026-08-01T15:08:40Z	xeon	eeae1e4a3057	selfcompile	-O3	9684.7
2026-08-01T15:08:40Z	xeon	eeae1e4a3057	selfcompile	fpc	5778.2
2026-08-01T15:33:01Z	xeon	6840247771d5	mandelbrot	-O0	1918.1
2026-08-01T15:33:01Z	xeon	6840247771d5	mandelbrot	-O2	1918.0
2026-08-01T15:33:01Z	xeon	6840247771d5	mandelbrot	-O3	1016.2
2026-08-01T15:33:01Z	xeon	6840247771d5	mandelbrot-p	-O0	1868.1
2026-08-01T15:33:01Z	xeon	6840247771d5	mandelbrot-p	-O2	1918.1
2026-08-01T15:33:01Z	xeon	6840247771d5	mandelbrot-p	-O3	1016.2
2026-08-01T15:33:01Z	xeon	6840247771d5	mandelbrot-p	fpc	515.1
2026-08-01T15:33:01Z	xeon	6840247771d5	raytracer	-O0	17651.0
2026-08-01T15:33:01Z	xeon	6840247771d5	raytracer	-O2	10786.3
2026-08-01T15:33:01Z	xeon	6840247771d5	raytracer	-O3	9383.1
2026-08-01T15:33:01Z	xeon	6840247771d5	raytracer-p	-O0	465.0
2026-08-01T15:33:01Z	xeon	6840247771d5	raytracer-p	-O2	465.0
2026-08-01T15:33:01Z	xeon	6840247771d5	raytracer-p	-O3	364.7
2026-08-01T15:33:01Z	xeon	6840247771d5	raytracer-p	fpc	64.2
2026-08-01T15:33:01Z	xeon	6840247771d5	sieve	-O0	164.4
2026-08-01T15:33:01Z	xeon	6840247771d5	sieve	-O2	164.4
2026-08-01T15:33:01Z	xeon	6840247771d5	sieve	-O3	164.5
2026-08-01T15:33:01Z	xeon	6840247771d5	sieve	fpc	114.4
2026-08-01T15:33:01Z	xeon	6840247771d5	nbody	-O0	966.1
2026-08-01T15:33:01Z	xeon	6840247771d5	nbody	-O2	865.9
2026-08-01T15:33:01Z	xeon	6840247771d5	nbody	-O3	565.5
2026-08-01T15:33:01Z	xeon	6840247771d5	nbody	fpc	164.4
2026-08-01T15:33:01Z	xeon	6840247771d5	fib	-O0	415.0
2026-08-01T15:33:01Z	xeon	6840247771d5	fib	-O2	264.6
2026-08-01T15:33:01Z	xeon	6840247771d5	fib	-O3	164.3
2026-08-01T15:33:01Z	xeon	6840247771d5	fib	fpc	214.6
2026-08-01T15:33:01Z	xeon	6840247771d5	selfcompile	-O0	12290.3
2026-08-01T15:33:01Z	xeon	6840247771d5	selfcompile	-O2	9634.3
2026-08-01T15:33:01Z	xeon	6840247771d5	selfcompile	-O3	9734.2
2026-08-01T15:33:01Z	xeon	6840247771d5	selfcompile	fpc	5778.8
2026-08-01T16:17:27Z	xeon	2a2b478e6fbb	mandelbrot	-O0	1918.4
2026-08-01T16:17:27Z	xeon	2a2b478e6fbb	mandelbrot	-O2	1918.2
2026-08-01T16:17:27Z	xeon	2a2b478e6fbb	mandelbrot	-O3	1016.1
2026-08-01T16:17:27Z	xeon	2a2b478e6fbb	mandelbrot-p	-O0	1868.0
2026-08-01T16:17:27Z	xeon	2a2b478e6fbb	mandelbrot-p	-O2	1917.9
2026-08-01T16:17:27Z	xeon	2a2b478e6fbb	mandelbrot-p	-O3	1016.2
2026-08-01T16:17:27Z	xeon	2a2b478e6fbb	mandelbrot-p	fpc	515.0
2026-08-01T16:17:27Z	xeon	2a2b478e6fbb	raytracer	-O0	17650.6
2026-08-01T16:17:27Z	xeon	2a2b478e6fbb	raytracer	-O2	10786.6
2026-08-01T16:17:27Z	xeon	2a2b478e6fbb	raytracer	-O3	9383.6
2026-08-01T16:17:27Z	xeon	2a2b478e6fbb	raytracer-p	-O0	465.1
2026-08-01T16:17:27Z	xeon	2a2b478e6fbb	raytracer-p	-O2	465.3
2026-08-01T16:17:27Z	xeon	2a2b478e6fbb	raytracer-p	-O3	364.7
2026-08-01T16:17:27Z	xeon	2a2b478e6fbb	raytracer-p	fpc	64.2
2026-08-01T16:17:27Z	xeon	2a2b478e6fbb	sieve	-O0	164.3
2026-08-01T16:17:27Z	xeon	2a2b478e6fbb	sieve	-O2	164.4
2026-08-01T16:17:27Z	xeon	2a2b478e6fbb	sieve	-O3	164.4
2026-08-01T16:17:27Z	xeon	2a2b478e6fbb	sieve	fpc	64.2
2026-08-01T16:17:27Z	xeon	2a2b478e6fbb	nbody	-O0	966.3
2026-08-01T16:17:27Z	xeon	2a2b478e6fbb	nbody	-O2	865.9
2026-08-01T16:17:27Z	xeon	2a2b478e6fbb	nbody	-O3	565.5
2026-08-01T16:17:27Z	xeon	2a2b478e6fbb	nbody	fpc	164.4
2026-08-01T16:17:27Z	xeon	2a2b478e6fbb	fib	-O0	414.9
2026-08-01T16:17:27Z	xeon	2a2b478e6fbb	fib	-O2	264.6
2026-08-01T16:17:27Z	xeon	2a2b478e6fbb	fib	-O3	164.4
2026-08-01T16:17:27Z	xeon	2a2b478e6fbb	fib	fpc	214.5
2026-08-01T16:17:27Z	xeon	2a2b478e6fbb	selfcompile	-O0	12290.1
2026-08-01T16:17:27Z	xeon	2a2b478e6fbb	selfcompile	-O2	9634.5
2026-08-01T16:17:27Z	xeon	2a2b478e6fbb	selfcompile	-O3	9733.7
2026-08-01T16:17:27Z	xeon	2a2b478e6fbb	selfcompile	fpc	5778.6
2026-08-01T18:10:16Z	xeon	832a0ad03776	mandelbrot	-O0	1918.5
2026-08-01T18:10:16Z	xeon	832a0ad03776	mandelbrot	-O2	1917.8
2026-08-01T18:10:16Z	xeon	832a0ad03776	mandelbrot	-O3	1016.1
2026-08-01T18:10:16Z	xeon	832a0ad03776	mandelbrot-p	-O0	1868.0
2026-08-01T18:10:16Z	xeon	832a0ad03776	mandelbrot-p	-O2	1918.1
2026-08-01T18:10:16Z	xeon	832a0ad03776	mandelbrot-p	-O3	1016.1
2026-08-01T18:10:16Z	xeon	832a0ad03776	mandelbrot-p	fpc	515.5
2026-08-01T18:10:16Z	xeon	832a0ad03776	raytracer	-O0	17650.9
2026-08-01T18:10:16Z	xeon	832a0ad03776	raytracer	-O2	10786.5
2026-08-01T18:10:16Z	xeon	832a0ad03776	raytracer	-O3	9383.6
2026-08-01T18:10:16Z	xeon	832a0ad03776	raytracer-p	-O0	464.8
2026-08-01T18:10:16Z	xeon	832a0ad03776	raytracer-p	-O2	465.1
2026-08-01T18:10:16Z	xeon	832a0ad03776	raytracer-p	-O3	364.7
2026-08-01T18:10:16Z	xeon	832a0ad03776	raytracer-p	fpc	64.1
2026-08-01T18:10:16Z	xeon	832a0ad03776	sieve	-O0	164.6
2026-08-01T18:10:16Z	xeon	832a0ad03776	sieve	-O2	164.5
2026-08-01T18:10:16Z	xeon	832a0ad03776	sieve	-O3	164.5
2026-08-01T18:10:16Z	xeon	832a0ad03776	sieve	fpc	64.2
2026-08-01T18:10:16Z	xeon	832a0ad03776	nbody	-O0	966.3
2026-08-01T18:10:16Z	xeon	832a0ad03776	nbody	-O2	1016.7
2026-08-01T18:10:16Z	xeon	832a0ad03776	nbody	-O3	665.7
2026-08-01T18:10:16Z	xeon	832a0ad03776	nbody	fpc	164.6
2026-08-01T18:10:16Z	xeon	832a0ad03776	fib	-O0	465.4
2026-08-01T18:10:16Z	xeon	832a0ad03776	fib	-O2	314.8
2026-08-01T18:10:16Z	xeon	832a0ad03776	fib	-O3	214.6
2026-08-01T18:10:16Z	xeon	832a0ad03776	fib	fpc	214.6
2026-08-01T18:10:16Z	xeon	832a0ad03776	selfcompile	-O0	15301.2
2026-08-01T18:10:16Z	xeon	832a0ad03776	selfcompile	-O2	10888.6
2026-08-01T18:10:16Z	xeon	832a0ad03776	selfcompile	-O3	9885.6
2026-08-01T18:10:16Z	xeon	832a0ad03776	selfcompile	fpc	6982.2
2026-08-01T19:00:17Z	xeon	edaa4fa1ca90	mandelbrot	-O0	2319.3
2026-08-01T19:00:17Z	xeon	edaa4fa1ca90	mandelbrot	-O2	2319.1
2026-08-01T19:00:17Z	xeon	edaa4fa1ca90	mandelbrot	-O3	1016.4
2026-08-01T19:00:17Z	xeon	edaa4fa1ca90	mandelbrot-p	-O0	1867.7
2026-08-01T19:00:17Z	xeon	edaa4fa1ca90	mandelbrot-p	-O2	1918.2
2026-08-01T19:00:17Z	xeon	edaa4fa1ca90	mandelbrot-p	-O3	1016.6
2026-08-01T19:00:17Z	xeon	edaa4fa1ca90	mandelbrot-p	fpc	515.6
2026-08-01T19:00:17Z	xeon	edaa4fa1ca90	raytracer	-O0	17852.3
2026-08-01T19:00:17Z	xeon	edaa4fa1ca90	raytracer	-O2	10786.7
2026-08-01T19:00:17Z	xeon	edaa4fa1ca90	raytracer	-O3	9383.7
2026-08-01T19:00:17Z	xeon	edaa4fa1ca90	raytracer-p	-O0	465.0
2026-08-01T19:00:17Z	xeon	edaa4fa1ca90	raytracer-p	-O2	464.9
2026-08-01T19:00:17Z	xeon	edaa4fa1ca90	raytracer-p	-O3	364.8
2026-08-01T19:00:17Z	xeon	edaa4fa1ca90	raytracer-p	fpc	64.2
2026-08-01T19:00:17Z	xeon	edaa4fa1ca90	sieve	-O0	164.4
2026-08-01T19:00:17Z	xeon	edaa4fa1ca90	sieve	-O2	164.6
2026-08-01T19:00:17Z	xeon	edaa4fa1ca90	sieve	-O3	164.6
2026-08-01T19:00:17Z	xeon	edaa4fa1ca90	sieve	fpc	64.2
2026-08-01T19:00:17Z	xeon	edaa4fa1ca90	nbody	-O0	1166.7
2026-08-01T19:00:17Z	xeon	edaa4fa1ca90	nbody	-O2	1016.4
2026-08-01T19:00:17Z	xeon	edaa4fa1ca90	nbody	-O3	665.8
2026-08-01T19:00:17Z	xeon	edaa4fa1ca90	nbody	fpc	164.4
2026-08-01T19:00:17Z	xeon	edaa4fa1ca90	fib	-O0	465.3
2026-08-01T19:00:17Z	xeon	edaa4fa1ca90	fib	-O2	314.8
2026-08-01T19:00:17Z	xeon	edaa4fa1ca90	fib	-O3	214.7
2026-08-01T19:00:17Z	xeon	edaa4fa1ca90	fib	fpc	214.8
2026-08-01T19:00:17Z	xeon	edaa4fa1ca90	selfcompile	-O0	12843.5
2026-08-01T19:00:17Z	xeon	edaa4fa1ca90	selfcompile	-O2	11742.8
2026-08-01T19:00:17Z	xeon	edaa4fa1ca90	selfcompile	-O3	12043.8
2026-08-01T19:00:17Z	xeon	edaa4fa1ca90	selfcompile	fpc	6481.5
2026-08-01T19:42:35Z	xeon	874b684e8f44	mandelbrot	-O0	2319.1
2026-08-01T19:42:35Z	xeon	874b684e8f44	mandelbrot	-O2	2319.4
2026-08-01T19:42:35Z	xeon	874b684e8f44	mandelbrot	-O3	1216.8
2026-08-01T19:42:35Z	xeon	874b684e8f44	mandelbrot-p	-O0	2269.3
2026-08-01T19:42:35Z	xeon	874b684e8f44	mandelbrot-p	-O2	2269.7
2026-08-01T19:42:35Z	xeon	874b684e8f44	mandelbrot-p	-O3	1217.0
2026-08-01T19:42:35Z	xeon	874b684e8f44	mandelbrot-p	fpc	615.6
2026-08-01T19:42:35Z	xeon	874b684e8f44	raytracer	-O0	17802.6
2026-08-01T19:42:35Z	xeon	874b684e8f44	raytracer	-O2	10836.8
2026-08-01T19:42:35Z	xeon	874b684e8f44	raytracer	-O3	9384.2
2026-08-01T19:42:35Z	xeon	874b684e8f44	raytracer-p	-O0	464.9
2026-08-01T19:42:35Z	xeon	874b684e8f44	raytracer-p	-O2	515.2
2026-08-01T19:42:35Z	xeon	874b684e8f44	raytracer-p	-O3	364.8
2026-08-01T19:42:35Z	xeon	874b684e8f44	raytracer-p	fpc	64.1
2026-08-01T19:42:35Z	xeon	874b684e8f44	sieve	-O0	164.5
2026-08-01T19:42:35Z	xeon	874b684e8f44	sieve	-O2	164.5
2026-08-01T19:42:35Z	xeon	874b684e8f44	sieve	-O3	164.5
2026-08-01T19:42:35Z	xeon	874b684e8f44	sieve	fpc	114.4
2026-08-01T19:42:35Z	xeon	874b684e8f44	nbody	-O0	966.2
2026-08-01T19:42:35Z	xeon	874b684e8f44	nbody	-O2	866.0
2026-08-01T19:42:35Z	xeon	874b684e8f44	nbody	-O3	565.5
2026-08-01T19:42:35Z	xeon	874b684e8f44	nbody	fpc	164.3
2026-08-01T19:42:35Z	xeon	874b684e8f44	fib	-O0	415.0
2026-08-01T19:42:35Z	xeon	874b684e8f44	fib	-O2	264.4
2026-08-01T19:42:35Z	xeon	874b684e8f44	fib	-O3	164.3
2026-08-01T19:42:35Z	xeon	874b684e8f44	fib	fpc	164.6
2026-08-01T19:42:35Z	xeon	874b684e8f44	selfcompile	-O0	12289.8
2026-08-01T19:42:35Z	xeon	874b684e8f44	selfcompile	-O2	9634.8
2026-08-01T19:42:35Z	xeon	874b684e8f44	selfcompile	-O3	9734.9
2026-08-01T19:42:35Z	xeon	874b684e8f44	selfcompile	fpc	5778.5
2026-08-01T21:23:33Z	xeon	4d61f857edeb	mandelbrot	-O0	1918.2
2026-08-01T21:23:33Z	xeon	4d61f857edeb	mandelbrot	-O2	1918.2
2026-08-01T21:23:33Z	xeon	4d61f857edeb	mandelbrot	-O3	1016.1
2026-08-01T21:23:33Z	xeon	4d61f857edeb	mandelbrot-p	-O0	1867.9
2026-08-01T21:23:33Z	xeon	4d61f857edeb	mandelbrot-p	-O2	1918.1
2026-08-01T21:23:33Z	xeon	4d61f857edeb	mandelbrot-p	-O3	1016.3
2026-08-01T21:23:33Z	xeon	4d61f857edeb	mandelbrot-p	fpc	515.1
2026-08-01T21:23:33Z	xeon	4d61f857edeb	raytracer	-O0	17646.5
2026-08-01T21:23:33Z	xeon	4d61f857edeb	raytracer	-O2	10786.6
2026-08-01T21:23:33Z	xeon	4d61f857edeb	raytracer	-O3	9383.2
2026-08-01T21:23:33Z	xeon	4d61f857edeb	raytracer-p	-O0	465.2
2026-08-01T21:23:33Z	xeon	4d61f857edeb	raytracer-p	-O2	465.0
2026-08-01T21:23:33Z	xeon	4d61f857edeb	raytracer-p	-O3	364.7
2026-08-01T21:23:33Z	xeon	4d61f857edeb	raytracer-p	fpc	64.2
2026-08-01T21:23:33Z	xeon	4d61f857edeb	sieve	-O0	164.5
2026-08-01T21:23:33Z	xeon	4d61f857edeb	sieve	-O2	164.6
2026-08-01T21:23:33Z	xeon	4d61f857edeb	sieve	-O3	164.4
2026-08-01T21:23:33Z	xeon	4d61f857edeb	sieve	fpc	64.5
2026-08-01T21:23:33Z	xeon	4d61f857edeb	nbody	-O0	966.3
2026-08-01T21:23:33Z	xeon	4d61f857edeb	nbody	-O2	866.1
2026-08-01T21:23:33Z	xeon	4d61f857edeb	nbody	-O3	565.4
2026-08-01T21:23:33Z	xeon	4d61f857edeb	nbody	fpc	164.3
2026-08-01T21:23:33Z	xeon	4d61f857edeb	fib	-O0	415.0
2026-08-01T21:23:33Z	xeon	4d61f857edeb	fib	-O2	264.5
2026-08-01T21:23:33Z	xeon	4d61f857edeb	fib	-O3	164.4
2026-08-01T21:23:33Z	xeon	4d61f857edeb	fib	fpc	214.5
2026-08-01T21:23:33Z	xeon	4d61f857edeb	selfcompile	-O0	12389.9
2026-08-01T21:23:33Z	xeon	4d61f857edeb	selfcompile	-O2	9732.9
2026-08-01T21:23:33Z	xeon	4d61f857edeb	selfcompile	-O3	9785.0
2026-08-01T21:23:33Z	xeon	4d61f857edeb	selfcompile	fpc	5778.7
2026-08-02T05:20:02Z	xeon	1476a0162fb9	mandelbrot	-O0	1918.4
2026-08-02T05:20:02Z	xeon	1476a0162fb9	mandelbrot	-O2	1918.1
2026-08-02T05:20:02Z	xeon	1476a0162fb9	mandelbrot	-O3	1016.2
2026-08-02T05:20:02Z	xeon	1476a0162fb9	mandelbrot-p	-O0	1868.0
2026-08-02T05:20:02Z	xeon	1476a0162fb9	mandelbrot-p	-O2	1868.5
2026-08-02T05:20:02Z	xeon	1476a0162fb9	mandelbrot-p	-O3	1016.1
2026-08-02T05:20:02Z	xeon	1476a0162fb9	mandelbrot-p	fpc	515.1
2026-08-02T05:20:02Z	xeon	1476a0162fb9	raytracer	-O0	17650.8
2026-08-02T05:20:02Z	xeon	1476a0162fb9	raytracer	-O2	10785.9
2026-08-02T05:20:02Z	xeon	1476a0162fb9	raytracer	-O3	9383.8
2026-08-02T05:20:02Z	xeon	1476a0162fb9	raytracer-p	-O0	465.1
2026-08-02T05:20:02Z	xeon	1476a0162fb9	raytracer-p	-O2	464.9
2026-08-02T05:20:02Z	xeon	1476a0162fb9	raytracer-p	-O3	364.8
2026-08-02T05:20:02Z	xeon	1476a0162fb9	raytracer-p	fpc	64.1
2026-08-02T05:20:02Z	xeon	1476a0162fb9	sieve	-O0	164.5
2026-08-02T05:20:02Z	xeon	1476a0162fb9	sieve	-O2	164.5
2026-08-02T05:20:02Z	xeon	1476a0162fb9	sieve	-O3	164.5
2026-08-02T05:20:02Z	xeon	1476a0162fb9	sieve	fpc	64.2
2026-08-02T05:20:02Z	xeon	1476a0162fb9	nbody	-O0	966.0
2026-08-02T05:20:02Z	xeon	1476a0162fb9	nbody	-O2	865.9
2026-08-02T05:20:02Z	xeon	1476a0162fb9	nbody	-O3	565.2
2026-08-02T05:20:02Z	xeon	1476a0162fb9	nbody	fpc	164.5
2026-08-02T05:20:02Z	xeon	1476a0162fb9	fib	-O0	415.2
2026-08-02T05:20:02Z	xeon	1476a0162fb9	fib	-O2	314.7
2026-08-02T05:20:02Z	xeon	1476a0162fb9	fib	-O3	214.5
2026-08-02T05:20:02Z	xeon	1476a0162fb9	fib	fpc	214.7
2026-08-02T05:20:02Z	xeon	1476a0162fb9	selfcompile	-O0	12440.6
2026-08-02T05:20:02Z	xeon	1476a0162fb9	selfcompile	-O2	9735.3
2026-08-02T05:20:02Z	xeon	1476a0162fb9	selfcompile	-O3	9785.2
2026-08-02T05:20:02Z	xeon	1476a0162fb9	selfcompile	fpc	5778.5
2026-08-02T05:55:34Z	xeon	d6342921a10b	mandelbrot	-O0	1918.3
2026-08-02T05:55:34Z	xeon	d6342921a10b	mandelbrot	-O2	1918.1
2026-08-02T05:55:34Z	xeon	d6342921a10b	mandelbrot	-O3	1016.2
2026-08-02T05:55:34Z	xeon	d6342921a10b	mandelbrot-p	-O0	1868.1
2026-08-02T05:55:34Z	xeon	d6342921a10b	mandelbrot-p	-O2	1918.1
2026-08-02T05:55:34Z	xeon	d6342921a10b	mandelbrot-p	-O3	1016.2
2026-08-02T05:55:34Z	xeon	d6342921a10b	mandelbrot-p	fpc	515.0
2026-08-02T05:55:34Z	xeon	d6342921a10b	raytracer	-O0	17651.0
2026-08-02T05:55:34Z	xeon	d6342921a10b	raytracer	-O2	10786.2
2026-08-02T05:55:34Z	xeon	d6342921a10b	raytracer	-O3	9383.9
2026-08-02T05:55:34Z	xeon	d6342921a10b	raytracer-p	-O0	465.1
2026-08-02T05:55:34Z	xeon	d6342921a10b	raytracer-p	-O2	464.9
2026-08-02T05:55:34Z	xeon	d6342921a10b	raytracer-p	-O3	364.7
2026-08-02T05:55:34Z	xeon	d6342921a10b	raytracer-p	fpc	64.1
2026-08-02T05:55:34Z	xeon	d6342921a10b	sieve	-O0	164.4
2026-08-02T05:55:34Z	xeon	d6342921a10b	sieve	-O2	164.5
2026-08-02T05:55:34Z	xeon	d6342921a10b	sieve	-O3	164.6
2026-08-02T05:55:34Z	xeon	d6342921a10b	sieve	fpc	64.2
2026-08-02T05:55:34Z	xeon	d6342921a10b	nbody	-O0	966.3
2026-08-02T05:55:34Z	xeon	d6342921a10b	nbody	-O2	866.1
2026-08-02T05:55:34Z	xeon	d6342921a10b	nbody	-O3	565.2
2026-08-02T05:55:34Z	xeon	d6342921a10b	nbody	fpc	164.3
2026-08-02T05:55:34Z	xeon	d6342921a10b	fib	-O0	415.0
2026-08-02T05:55:34Z	xeon	d6342921a10b	fib	-O2	264.5
2026-08-02T05:55:34Z	xeon	d6342921a10b	fib	-O3	164.4
2026-08-02T05:55:34Z	xeon	d6342921a10b	fib	fpc	214.5
2026-08-02T05:55:34Z	xeon	d6342921a10b	selfcompile	-O0	12390.4
2026-08-02T05:55:34Z	xeon	d6342921a10b	selfcompile	-O2	9734.6
2026-08-02T05:55:34Z	xeon	d6342921a10b	selfcompile	-O3	9735.3
2026-08-02T05:55:34Z	xeon	d6342921a10b	selfcompile	fpc	5828.5
2026-08-02T06:53:14Z	xeon	428e3e6a95c3	mandelbrot	-O0	2319.2
2026-08-02T06:53:14Z	xeon	428e3e6a95c3	mandelbrot	-O2	2319.0
2026-08-02T06:53:14Z	xeon	428e3e6a95c3	mandelbrot	-O3	1217.2
2026-08-02T06:53:14Z	xeon	428e3e6a95c3	mandelbrot-p	-O0	2269.3
2026-08-02T06:53:14Z	xeon	428e3e6a95c3	mandelbrot-p	-O2	2269.6
2026-08-02T06:53:14Z	xeon	428e3e6a95c3	mandelbrot-p	-O3	1217.1
2026-08-02T06:53:14Z	xeon	428e3e6a95c3	mandelbrot-p	fpc	616.1
2026-08-02T06:53:14Z	xeon	428e3e6a95c3	raytracer	-O0	21511.3
2026-08-02T06:53:14Z	xeon	428e3e6a95c3	raytracer	-O2	13142.8
2026-08-02T06:53:14Z	xeon	428e3e6a95c3	raytracer	-O3	9382.9
2026-08-02T06:53:14Z	xeon	428e3e6a95c3	raytracer-p	-O0	465.1
2026-08-02T06:53:14Z	xeon	428e3e6a95c3	raytracer-p	-O2	465.1
2026-08-02T06:53:14Z	xeon	428e3e6a95c3	raytracer-p	-O3	364.8
2026-08-02T06:53:14Z	xeon	428e3e6a95c3	raytracer-p	fpc	64.0
2026-08-02T06:53:14Z	xeon	428e3e6a95c3	sieve	-O0	164.4
2026-08-02T06:53:14Z	xeon	428e3e6a95c3	sieve	-O2	164.4
2026-08-02T06:53:14Z	xeon	428e3e6a95c3	sieve	-O3	164.5
2026-08-02T06:53:14Z	xeon	428e3e6a95c3	sieve	fpc	64.2
2026-08-02T06:53:14Z	xeon	428e3e6a95c3	nbody	-O0	966.2
2026-08-02T06:53:14Z	xeon	428e3e6a95c3	nbody	-O2	866.2
2026-08-02T06:53:14Z	xeon	428e3e6a95c3	nbody	-O3	565.2
2026-08-02T06:53:14Z	xeon	428e3e6a95c3	nbody	fpc	164.4
2026-08-02T06:53:14Z	xeon	428e3e6a95c3	fib	-O0	415.1
2026-08-02T06:53:14Z	xeon	428e3e6a95c3	fib	-O2	264.6
2026-08-02T06:53:14Z	xeon	428e3e6a95c3	fib	-O3	164.4
2026-08-02T06:53:14Z	xeon	428e3e6a95c3	fib	fpc	214.5
2026-08-02T06:53:14Z	xeon	428e3e6a95c3	selfcompile	-O0	12439.9
2026-08-02T06:53:14Z	xeon	428e3e6a95c3	selfcompile	-O2	9836.0
2026-08-02T06:53:14Z	xeon	428e3e6a95c3	selfcompile	-O3	9987.3
2026-08-02T06:53:14Z	xeon	428e3e6a95c3	selfcompile	fpc	7234.0
2026-08-02T07:14:18Z	xeon	ad4ab74837a4	mandelbrot	-O0	1918.5
2026-08-02T07:14:18Z	xeon	ad4ab74837a4	mandelbrot	-O2	1918.0
2026-08-02T07:14:18Z	xeon	ad4ab74837a4	mandelbrot	-O3	1016.4
2026-08-02T07:14:18Z	xeon	ad4ab74837a4	mandelbrot-p	-O0	1868.1
2026-08-02T07:14:18Z	xeon	ad4ab74837a4	mandelbrot-p	-O2	1918.1
2026-08-02T07:14:18Z	xeon	ad4ab74837a4	mandelbrot-p	-O3	1016.1
2026-08-02T07:14:18Z	xeon	ad4ab74837a4	mandelbrot-p	fpc	515.0
2026-08-02T07:14:18Z	xeon	ad4ab74837a4	raytracer	-O0	17651.0
2026-08-02T07:14:18Z	xeon	ad4ab74837a4	raytracer	-O2	10786.3
2026-08-02T07:14:18Z	xeon	ad4ab74837a4	raytracer	-O3	9383.9
2026-08-02T07:14:18Z	xeon	ad4ab74837a4	raytracer-p	-O0	464.8
2026-08-02T07:14:18Z	xeon	ad4ab74837a4	raytracer-p	-O2	464.9
2026-08-02T07:14:18Z	xeon	ad4ab74837a4	raytracer-p	-O3	364.8
2026-08-02T07:14:18Z	xeon	ad4ab74837a4	raytracer-p	fpc	64.1
2026-08-02T07:14:18Z	xeon	ad4ab74837a4	sieve	-O0	164.4
2026-08-02T07:14:18Z	xeon	ad4ab74837a4	sieve	-O2	164.3
2026-08-02T07:14:18Z	xeon	ad4ab74837a4	sieve	-O3	164.3
2026-08-02T07:14:18Z	xeon	ad4ab74837a4	sieve	fpc	64.2
2026-08-02T07:14:18Z	xeon	ad4ab74837a4	nbody	-O0	966.4
2026-08-02T07:14:18Z	xeon	ad4ab74837a4	nbody	-O2	866.0
2026-08-02T07:14:18Z	xeon	ad4ab74837a4	nbody	-O3	565.3
2026-08-02T07:14:18Z	xeon	ad4ab74837a4	nbody	fpc	164.3
2026-08-02T07:14:18Z	xeon	ad4ab74837a4	fib	-O0	414.9
2026-08-02T07:14:18Z	xeon	ad4ab74837a4	fib	-O2	264.6
2026-08-02T07:14:18Z	xeon	ad4ab74837a4	fib	-O3	164.3
2026-08-02T07:14:18Z	xeon	ad4ab74837a4	fib	fpc	214.5
2026-08-02T07:14:18Z	xeon	ad4ab74837a4	selfcompile	-O0	12389.9
2026-08-02T07:14:18Z	xeon	ad4ab74837a4	selfcompile	-O2	9685.1
2026-08-02T07:14:18Z	xeon	ad4ab74837a4	selfcompile	-O3	12142.3
2026-08-02T07:14:18Z	xeon	ad4ab74837a4	selfcompile	fpc	7183.8
2026-08-02T09:11:46Z	xeon	2e626bcd9b4f	mandelbrot	-O0	1880.7
2026-08-02T09:11:46Z	xeon	2e626bcd9b4f	mandelbrot	-O2	1887.8
2026-08-02T09:11:46Z	xeon	2e626bcd9b4f	mandelbrot	-O3	998.2
2026-08-02T09:11:46Z	xeon	2e626bcd9b4f	mandelbrot-p	-O0	1856.8
2026-08-02T09:11:46Z	xeon	2e626bcd9b4f	mandelbrot-p	-O2	1865.1
2026-08-02T09:11:46Z	xeon	2e626bcd9b4f	mandelbrot-p	-O3	984.6
2026-08-02T09:11:46Z	xeon	2e626bcd9b4f	mandelbrot-p	fpc	475.0
2026-08-02T09:11:46Z	xeon	2e626bcd9b4f	raytracer	-O0	17592.4
2026-08-02T09:11:46Z	xeon	2e626bcd9b4f	raytracer	-O2	10744.3
2026-08-02T09:11:46Z	xeon	2e626bcd9b4f	raytracer	-O3	9369.7
2026-08-02T09:11:46Z	xeon	2e626bcd9b4f	raytracer-p	-O0	439.0
2026-08-02T09:11:46Z	xeon	2e626bcd9b4f	raytracer-p	-O2	414.1
2026-08-02T09:11:46Z	xeon	2e626bcd9b4f	raytracer-p	-O3	352.7
2026-08-02T09:11:46Z	xeon	2e626bcd9b4f	raytracer-p	fpc	42.1
2026-08-02T09:11:46Z	xeon	2e626bcd9b4f	sieve	-O0	120.6
2026-08-02T09:11:46Z	xeon	2e626bcd9b4f	sieve	-O2	107.4
2026-08-02T09:11:46Z	xeon	2e626bcd9b4f	sieve	-O3	110.5
2026-08-02T09:11:46Z	xeon	2e626bcd9b4f	sieve	fpc	56.4
2026-08-02T09:11:46Z	xeon	2e626bcd9b4f	nbody	-O0	926.0
2026-08-02T09:11:46Z	xeon	2e626bcd9b4f	nbody	-O2	837.0
2026-08-02T09:11:46Z	xeon	2e626bcd9b4f	nbody	-O3	536.9
2026-08-02T09:11:46Z	xeon	2e626bcd9b4f	nbody	fpc	125.9
2026-08-02T09:11:46Z	xeon	2e626bcd9b4f	fib	-O0	379.7
2026-08-02T09:11:46Z	xeon	2e626bcd9b4f	fib	-O2	228.9
2026-08-02T09:11:46Z	xeon	2e626bcd9b4f	fib	-O3	143.0
2026-08-02T09:11:46Z	xeon	2e626bcd9b4f	fib	fpc	163.5
2026-08-02T09:11:46Z	xeon	2e626bcd9b4f	selfcompile	-O0	12315.8
2026-08-02T09:11:46Z	xeon	2e626bcd9b4f	selfcompile	-O2	9687.4
2026-08-02T09:11:46Z	xeon	2e626bcd9b4f	selfcompile	-O3	9766.3
2026-08-02T09:11:46Z	xeon	2e626bcd9b4f	selfcompile	fpc	5784.3
2026-08-02T14:11:03Z	xeon	28eb1a105ddb	mandelbrot	-O0	1872.7
2026-08-02T14:11:03Z	xeon	28eb1a105ddb	mandelbrot	-O2	1879.8
2026-08-02T14:11:03Z	xeon	28eb1a105ddb	mandelbrot	-O3	997.3
2026-08-02T14:11:03Z	xeon	28eb1a105ddb	mandelbrot-p	-O0	1859.0
2026-08-02T14:11:03Z	xeon	28eb1a105ddb	mandelbrot-p	-O2	1862.6
2026-08-02T14:11:03Z	xeon	28eb1a105ddb	mandelbrot-p	-O3	984.2
2026-08-02T14:11:03Z	xeon	28eb1a105ddb	mandelbrot-p	fpc	473.9
2026-08-02T14:11:03Z	xeon	28eb1a105ddb	raytracer	-O0	17637.7
2026-08-02T14:11:03Z	xeon	28eb1a105ddb	raytracer	-O2	10762.2
2026-08-02T14:11:03Z	xeon	28eb1a105ddb	raytracer	-O3	9382.2
2026-08-02T14:11:03Z	xeon	28eb1a105ddb	raytracer-p	-O0	433.6
2026-08-02T14:11:03Z	xeon	28eb1a105ddb	raytracer-p	-O2	418.6
2026-08-02T14:11:03Z	xeon	28eb1a105ddb	raytracer-p	-O3	348.0
2026-08-02T14:11:03Z	xeon	28eb1a105ddb	raytracer-p	fpc	42.4
2026-08-02T14:11:03Z	xeon	28eb1a105ddb	sieve	-O0	117.8
2026-08-02T14:11:03Z	xeon	28eb1a105ddb	sieve	-O2	107.5
2026-08-02T14:11:03Z	xeon	28eb1a105ddb	sieve	-O3	105.6
2026-08-02T14:11:03Z	xeon	28eb1a105ddb	sieve	fpc	52.2
2026-08-02T14:11:03Z	xeon	28eb1a105ddb	nbody	-O0	931.6
2026-08-02T14:11:03Z	xeon	28eb1a105ddb	nbody	-O2	1007.6
2026-08-02T14:11:03Z	xeon	28eb1a105ddb	nbody	-O3	651.2
2026-08-02T14:11:03Z	xeon	28eb1a105ddb	nbody	fpc	146.9
2026-08-02T14:11:03Z	xeon	28eb1a105ddb	fib	-O0	457.2
2026-08-02T14:11:03Z	xeon	28eb1a105ddb	fib	-O2	271.7
2026-08-02T14:11:03Z	xeon	28eb1a105ddb	fib	-O3	168.9
2026-08-02T14:11:03Z	xeon	28eb1a105ddb	fib	fpc	198.3
2026-08-02T14:11:03Z	xeon	28eb1a105ddb	selfcompile	-O0	15274.4
2026-08-02T14:11:03Z	xeon	28eb1a105ddb	selfcompile	-O2	11983.6
2026-08-02T14:11:03Z	xeon	28eb1a105ddb	selfcompile	-O3	12066.1
2026-08-02T14:11:03Z	xeon	28eb1a105ddb	selfcompile	fpc	7208.5
2026-08-02T15:00:36Z	xeon	53985d3194f0	mandelbrot	-O0	1866.2
2026-08-02T15:00:36Z	xeon	53985d3194f0	mandelbrot	-O2	1880.2
2026-08-02T15:00:36Z	xeon	53985d3194f0	mandelbrot	-O3	996.8
2026-08-02T15:00:36Z	xeon	53985d3194f0	mandelbrot-p	-O0	1858.3
2026-08-02T15:00:36Z	xeon	53985d3194f0	mandelbrot-p	-O2	1869.7
2026-08-02T15:00:36Z	xeon	53985d3194f0	mandelbrot-p	-O3	985.2
2026-08-02T15:00:36Z	xeon	53985d3194f0	mandelbrot-p	fpc	475.2
2026-08-02T15:00:36Z	xeon	53985d3194f0	raytracer	-O0	17626.7
2026-08-02T15:00:36Z	xeon	53985d3194f0	raytracer	-O2	10765.9
2026-08-02T15:00:36Z	xeon	53985d3194f0	raytracer	-O3	9392.6
2026-08-02T15:00:36Z	xeon	53985d3194f0	raytracer-p	-O0	438.3
2026-08-02T15:00:36Z	xeon	53985d3194f0	raytracer-p	-O2	412.3
2026-08-02T15:00:36Z	xeon	53985d3194f0	raytracer-p	-O3	350.2
2026-08-02T15:00:36Z	xeon	53985d3194f0	raytracer-p	fpc	47.1
2026-08-02T15:00:36Z	xeon	53985d3194f0	sieve	-O0	116.9
2026-08-02T15:00:36Z	xeon	53985d3194f0	sieve	-O2	110.7
2026-08-02T15:00:36Z	xeon	53985d3194f0	sieve	-O3	110.1
2026-08-02T15:00:36Z	xeon	53985d3194f0	sieve	fpc	52.0
2026-08-02T15:00:36Z	xeon	53985d3194f0	nbody	-O0	921.6
2026-08-02T15:00:36Z	xeon	53985d3194f0	nbody	-O2	830.1
2026-08-02T15:00:36Z	xeon	53985d3194f0	nbody	-O3	536.1
2026-08-02T15:00:36Z	xeon	53985d3194f0	nbody	fpc	125.2
2026-08-02T15:00:36Z	xeon	53985d3194f0	fib	-O0	375.2
2026-08-02T15:00:36Z	xeon	53985d3194f0	fib	-O2	224.5
2026-08-02T15:00:36Z	xeon	53985d3194f0	fib	-O3	140.0
2026-08-02T15:00:36Z	xeon	53985d3194f0	fib	fpc	167.3
2026-08-02T15:00:36Z	xeon	53985d3194f0	selfcompile	-O0	12354.8
2026-08-02T15:00:36Z	xeon	53985d3194f0	selfcompile	-O2	9699.6
2026-08-02T15:00:36Z	xeon	53985d3194f0	selfcompile	-O3	9770.5
2026-08-02T17:08:37Z	xeon	bc2841228042	mandelbrot	-O0	1872.4
2026-08-02T17:08:37Z	xeon	bc2841228042	mandelbrot	-O2	1880.7
2026-08-02T17:08:37Z	xeon	bc2841228042	mandelbrot	-O3	997.0
2026-08-02T17:08:37Z	xeon	bc2841228042	mandelbrot-p	-O0	1855.8
2026-08-02T17:08:37Z	xeon	bc2841228042	mandelbrot-p	-O2	1862.5
2026-08-02T17:08:37Z	xeon	bc2841228042	mandelbrot-p	-O3	980.6
2026-08-02T17:08:37Z	xeon	bc2841228042	mandelbrot-p	fpc	469.7
2026-08-02T17:08:37Z	xeon	bc2841228042	raytracer	-O0	17606.9
2026-08-02T17:08:37Z	xeon	bc2841228042	raytracer	-O2	10762.1
2026-08-02T17:08:37Z	xeon	bc2841228042	raytracer	-O3	9378.3
2026-08-02T17:08:37Z	xeon	bc2841228042	raytracer-p	-O0	436.8
2026-08-02T17:08:37Z	xeon	bc2841228042	raytracer-p	-O2	417.5
2026-08-02T17:08:37Z	xeon	bc2841228042	raytracer-p	-O3	350.1
2026-08-02T17:08:37Z	xeon	bc2841228042	raytracer-p	fpc	43.1
2026-08-02T17:08:37Z	xeon	bc2841228042	sieve	-O0	117.5
2026-08-02T17:08:37Z	xeon	bc2841228042	sieve	-O2	106.7
2026-08-02T17:08:37Z	xeon	bc2841228042	sieve	-O3	106.0
2026-08-02T17:08:37Z	xeon	bc2841228042	sieve	fpc	57.2
2026-08-02T17:08:37Z	xeon	bc2841228042	nbody	-O0	922.2
2026-08-02T17:08:37Z	xeon	bc2841228042	nbody	-O2	829.4
2026-08-02T17:08:37Z	xeon	bc2841228042	nbody	-O3	539.8
2026-08-02T17:08:37Z	xeon	bc2841228042	nbody	fpc	126.0
2026-08-02T17:08:37Z	xeon	bc2841228042	fib	-O0	380.2
2026-08-02T17:08:37Z	xeon	bc2841228042	fib	-O2	228.8
2026-08-02T17:08:37Z	xeon	bc2841228042	fib	-O3	144.6
2026-08-02T17:08:37Z	xeon	bc2841228042	fib	fpc	199.2
2026-08-02T17:08:37Z	xeon	bc2841228042	selfcompile	-O0	12385.3
2026-08-02T17:08:37Z	xeon	bc2841228042	selfcompile	-O2	9725.6
2026-08-02T17:08:37Z	xeon	bc2841228042	selfcompile	-O3	9767.4
2026-08-02T17:08:37Z	xeon	bc2841228042	selfcompile	fpc	5797.6
2026-08-02T18:13:33Z	xeon	3351d96f719a	mandelbrot	-O0	1866.7
2026-08-02T18:13:33Z	xeon	3351d96f719a	mandelbrot	-O2	1884.8
2026-08-02T18:13:33Z	xeon	3351d96f719a	mandelbrot	-O3	998.9
2026-08-02T18:13:33Z	xeon	3351d96f719a	mandelbrot-p	-O0	1851.1
2026-08-02T18:13:33Z	xeon	3351d96f719a	mandelbrot-p	-O2	1863.8
2026-08-02T18:13:33Z	xeon	3351d96f719a	mandelbrot-p	-O3	985.9
2026-08-02T18:13:33Z	xeon	3351d96f719a	mandelbrot-p	fpc	476.8
2026-08-02T18:13:33Z	xeon	3351d96f719a	raytracer	-O0	17632.9
2026-08-02T18:13:33Z	xeon	3351d96f719a	raytracer	-O2	10768.6
2026-08-02T18:13:33Z	xeon	3351d96f719a	raytracer	-O3	9395.5
2026-08-02T18:13:33Z	xeon	3351d96f719a	raytracer-p	-O0	439.6
2026-08-02T18:13:33Z	xeon	3351d96f719a	raytracer-p	-O2	416.6
2026-08-02T18:13:33Z	xeon	3351d96f719a	raytracer-p	-O3	348.3
2026-08-02T18:13:33Z	xeon	3351d96f719a	raytracer-p	fpc	42.6
2026-08-02T18:13:33Z	xeon	3351d96f719a	sieve	-O0	121.1
2026-08-02T18:13:33Z	xeon	3351d96f719a	sieve	-O2	107.4
2026-08-02T18:13:33Z	xeon	3351d96f719a	sieve	-O3	105.8
2026-08-02T18:13:33Z	xeon	3351d96f719a	sieve	fpc	52.8
2026-08-02T18:13:33Z	xeon	3351d96f719a	nbody	-O0	919.7
2026-08-02T18:13:33Z	xeon	3351d96f719a	nbody	-O2	831.4
2026-08-02T18:13:33Z	xeon	3351d96f719a	nbody	-O3	535.2
2026-08-02T18:13:33Z	xeon	3351d96f719a	nbody	fpc	122.8
2026-08-02T18:13:33Z	xeon	3351d96f719a	fib	-O0	375.6
2026-08-02T18:13:33Z	xeon	3351d96f719a	fib	-O2	226.6
2026-08-02T18:13:33Z	xeon	3351d96f719a	fib	-O3	142.0
2026-08-02T18:13:33Z	xeon	3351d96f719a	fib	fpc	163.9
2026-08-02T18:13:33Z	xeon	3351d96f719a	selfcompile	-O0	12419.3
2026-08-02T18:13:33Z	xeon	3351d96f719a	selfcompile	-O2	9739.7
2026-08-02T18:13:33Z	xeon	3351d96f719a	selfcompile	-O3	9808.9
2026-08-02T18:13:33Z	xeon	3351d96f719a	selfcompile	fpc	5805.7
2026-08-02T18:46:40Z	xeon	b0778734a386	mandelbrot	-O0	1870.1
2026-08-02T18:46:40Z	xeon	b0778734a386	mandelbrot	-O2	1881.4
2026-08-02T18:46:40Z	xeon	b0778734a386	mandelbrot	-O3	995.3
2026-08-02T18:46:40Z	xeon	b0778734a386	mandelbrot-p	-O0	1855.1
2026-08-02T18:46:40Z	xeon	b0778734a386	mandelbrot-p	-O2	1858.6
2026-08-02T18:46:40Z	xeon	b0778734a386	mandelbrot-p	-O3	982.3
2026-08-02T18:46:40Z	xeon	b0778734a386	mandelbrot-p	fpc	475.6
2026-08-02T18:46:40Z	xeon	b0778734a386	raytracer	-O0	17672.4
2026-08-02T18:46:40Z	xeon	b0778734a386	raytracer	-O2	10763.2
2026-08-02T18:46:40Z	xeon	b0778734a386	raytracer	-O3	9378.5
2026-08-02T18:46:40Z	xeon	b0778734a386	raytracer-p	-O0	434.7
2026-08-02T18:46:40Z	xeon	b0778734a386	raytracer-p	-O2	417.8
2026-08-02T18:46:40Z	xeon	b0778734a386	raytracer-p	-O3	347.8
2026-08-02T18:46:40Z	xeon	b0778734a386	raytracer-p	fpc	42.2
2026-08-02T18:46:40Z	xeon	b0778734a386	sieve	-O0	118.8
2026-08-02T18:46:40Z	xeon	b0778734a386	sieve	-O2	111.1
2026-08-02T18:46:40Z	xeon	b0778734a386	sieve	-O3	106.3
2026-08-02T18:46:40Z	xeon	b0778734a386	sieve	fpc	52.2
2026-08-02T18:46:40Z	xeon	b0778734a386	nbody	-O0	923.1
2026-08-02T18:46:40Z	xeon	b0778734a386	nbody	-O2	831.8
2026-08-02T18:46:40Z	xeon	b0778734a386	nbody	-O3	535.4
2026-08-02T18:46:40Z	xeon	b0778734a386	nbody	fpc	121.9
2026-08-02T18:46:40Z	xeon	b0778734a386	fib	-O0	375.3
2026-08-02T18:46:40Z	xeon	b0778734a386	fib	-O2	224.3
2026-08-02T18:46:40Z	xeon	b0778734a386	fib	-O3	144.9
2026-08-02T18:46:40Z	xeon	b0778734a386	fib	fpc	163.5
2026-08-02T18:46:40Z	xeon	b0778734a386	selfcompile	-O0	12400.0
2026-08-02T18:46:40Z	xeon	b0778734a386	selfcompile	-O2	9749.8
2026-08-02T18:46:40Z	xeon	b0778734a386	selfcompile	-O3	9820.5
2026-08-02T18:46:40Z	xeon	b0778734a386	selfcompile	fpc	5808.2
2026-08-02T19:12:25Z	xeon	8d5276eeb581	mandelbrot	-O0	1873.1
2026-08-02T19:12:25Z	xeon	8d5276eeb581	mandelbrot	-O2	1889.5
2026-08-02T19:12:25Z	xeon	8d5276eeb581	mandelbrot	-O3	996.6
2026-08-02T19:12:25Z	xeon	8d5276eeb581	mandelbrot-p	-O0	1854.0
2026-08-02T19:12:25Z	xeon	8d5276eeb581	mandelbrot-p	-O2	1865.9
2026-08-02T19:12:25Z	xeon	8d5276eeb581	mandelbrot-p	-O3	984.5
2026-08-02T19:12:25Z	xeon	8d5276eeb581	mandelbrot-p	fpc	473.0
2026-08-02T19:12:25Z	xeon	8d5276eeb581	raytracer	-O0	17631.2
2026-08-02T19:12:25Z	xeon	8d5276eeb581	raytracer	-O2	10741.9
2026-08-02T19:12:25Z	xeon	8d5276eeb581	raytracer	-O3	9367.6
2026-08-02T19:12:25Z	xeon	8d5276eeb581	raytracer-p	-O0	433.6
2026-08-02T19:12:25Z	xeon	8d5276eeb581	raytracer-p	-O2	415.3
2026-08-02T19:12:25Z	xeon	8d5276eeb581	raytracer-p	-O3	348.8
2026-08-02T19:12:25Z	xeon	8d5276eeb581	raytracer-p	fpc	42.6
2026-08-02T19:12:25Z	xeon	8d5276eeb581	sieve	-O0	117.0
2026-08-02T19:12:25Z	xeon	8d5276eeb581	sieve	-O2	106.2
2026-08-02T19:12:25Z	xeon	8d5276eeb581	sieve	-O3	111.3
2026-08-02T19:12:25Z	xeon	8d5276eeb581	sieve	fpc	51.8
2026-08-02T19:12:25Z	xeon	8d5276eeb581	nbody	-O0	923.6
2026-08-02T19:12:25Z	xeon	8d5276eeb581	nbody	-O2	833.3
2026-08-02T19:12:25Z	xeon	8d5276eeb581	nbody	-O3	536.6
2026-08-02T19:12:25Z	xeon	8d5276eeb581	nbody	fpc	122.6
2026-08-02T19:12:25Z	xeon	8d5276eeb581	fib	-O0	378.7
2026-08-02T19:12:25Z	xeon	8d5276eeb581	fib	-O2	228.9
2026-08-02T19:12:25Z	xeon	8d5276eeb581	fib	-O3	140.6
2026-08-02T19:12:25Z	xeon	8d5276eeb581	fib	fpc	164.5
2026-08-02T19:12:25Z	xeon	8d5276eeb581	selfcompile	-O0	12395.6
2026-08-02T19:12:25Z	xeon	8d5276eeb581	selfcompile	-O2	9754.4
2026-08-02T19:12:25Z	xeon	8d5276eeb581	selfcompile	-O3	9854.2
2026-08-02T19:12:25Z	xeon	8d5276eeb581	selfcompile	fpc	5784.3
2026-08-02T20:19:34Z	xeon	5321ce207ef8	mandelbrot	-O0	1872.4
2026-08-02T20:19:34Z	xeon	5321ce207ef8	mandelbrot	-O2	1887.4
2026-08-02T20:19:34Z	xeon	5321ce207ef8	mandelbrot	-O3	996.2
2026-08-02T20:19:34Z	xeon	5321ce207ef8	mandelbrot-p	-O0	1848.5
2026-08-02T20:19:34Z	xeon	5321ce207ef8	mandelbrot-p	-O2	1862.6
2026-08-02T20:19:34Z	xeon	5321ce207ef8	mandelbrot-p	-O3	984.0
2026-08-02T20:19:34Z	xeon	5321ce207ef8	mandelbrot-p	fpc	474.1
2026-08-02T20:19:34Z	xeon	5321ce207ef8	raytracer	-O0	17605.8
2026-08-02T20:19:34Z	xeon	5321ce207ef8	raytracer	-O2	10774.6
2026-08-02T20:19:34Z	xeon	5321ce207ef8	raytracer	-O3	9377.9
2026-08-02T20:19:34Z	xeon	5321ce207ef8	raytracer-p	-O0	434.8
2026-08-02T20:19:34Z	xeon	5321ce207ef8	raytracer-p	-O2	416.2
2026-08-02T20:19:34Z	xeon	5321ce207ef8	raytracer-p	-O3	351.7
2026-08-02T20:19:34Z	xeon	5321ce207ef8	raytracer-p	fpc	42.8
2026-08-02T20:19:34Z	xeon	5321ce207ef8	sieve	-O0	117.6
2026-08-02T20:19:34Z	xeon	5321ce207ef8	sieve	-O2	107.3
2026-08-02T20:19:34Z	xeon	5321ce207ef8	sieve	-O3	107.4
2026-08-02T20:19:34Z	xeon	5321ce207ef8	sieve	fpc	53.6
2026-08-02T20:19:34Z	xeon	5321ce207ef8	nbody	-O0	922.1
2026-08-02T20:19:34Z	xeon	5321ce207ef8	nbody	-O2	832.9
2026-08-02T20:19:34Z	xeon	5321ce207ef8	nbody	-O3	535.5
2026-08-02T20:19:34Z	xeon	5321ce207ef8	nbody	fpc	126.5
2026-08-02T20:19:34Z	xeon	5321ce207ef8	fib	-O0	379.5
2026-08-02T20:19:34Z	xeon	5321ce207ef8	fib	-O2	223.9
2026-08-02T20:19:34Z	xeon	5321ce207ef8	fib	-O3	140.7
2026-08-02T20:19:34Z	xeon	5321ce207ef8	fib	fpc	164.9
2026-08-02T20:19:34Z	xeon	5321ce207ef8	selfcompile	-O0	12387.6
2026-08-02T20:19:34Z	xeon	5321ce207ef8	selfcompile	-O2	9744.6
2026-08-02T20:19:34Z	xeon	5321ce207ef8	selfcompile	-O3	9887.9
2026-08-02T20:19:34Z	xeon	5321ce207ef8	selfcompile	fpc	5812.7
2026-08-02T21:25:04Z	xeon	f474ecce7bf8	mandelbrot	-O0	1874.9
2026-08-02T21:25:04Z	xeon	f474ecce7bf8	mandelbrot	-O2	1884.6
2026-08-02T21:25:04Z	xeon	f474ecce7bf8	mandelbrot	-O3	997.8
2026-08-02T21:25:04Z	xeon	f474ecce7bf8	mandelbrot-p	-O0	1856.7
2026-08-02T21:25:04Z	xeon	f474ecce7bf8	mandelbrot-p	-O2	1864.3
2026-08-02T21:25:04Z	xeon	f474ecce7bf8	mandelbrot-p	-O3	986.0
2026-08-02T21:25:04Z	xeon	f474ecce7bf8	mandelbrot-p	fpc	474.7
2026-08-02T21:25:04Z	xeon	f474ecce7bf8	raytracer	-O0	17621.2
2026-08-02T21:25:04Z	xeon	f474ecce7bf8	raytracer	-O2	10773.1
2026-08-02T21:25:04Z	xeon	f474ecce7bf8	raytracer	-O3	9376.1
2026-08-02T21:25:04Z	xeon	f474ecce7bf8	raytracer-p	-O0	434.5
2026-08-02T21:25:04Z	xeon	f474ecce7bf8	raytracer-p	-O2	418.4
2026-08-02T21:25:04Z	xeon	f474ecce7bf8	raytracer-p	-O3	353.0
2026-08-02T21:25:04Z	xeon	f474ecce7bf8	raytracer-p	fpc	43.1
2026-08-02T21:25:04Z	xeon	f474ecce7bf8	sieve	-O0	116.2
2026-08-02T21:25:04Z	xeon	f474ecce7bf8	sieve	-O2	107.5
2026-08-02T21:25:04Z	xeon	f474ecce7bf8	sieve	-O3	107.2
2026-08-02T21:25:04Z	xeon	f474ecce7bf8	sieve	fpc	52.7
2026-08-02T21:25:04Z	xeon	f474ecce7bf8	nbody	-O0	922.8
2026-08-02T21:25:04Z	xeon	f474ecce7bf8	nbody	-O2	830.9
2026-08-02T21:25:04Z	xeon	f474ecce7bf8	nbody	-O3	536.6
2026-08-02T21:25:04Z	xeon	f474ecce7bf8	nbody	fpc	126.1
2026-08-02T21:25:04Z	xeon	f474ecce7bf8	fib	-O0	376.2
2026-08-02T21:25:04Z	xeon	f474ecce7bf8	fib	-O2	223.5
2026-08-02T21:25:04Z	xeon	f474ecce7bf8	fib	-O3	140.1
2026-08-02T21:25:04Z	xeon	f474ecce7bf8	fib	fpc	164.8
2026-08-02T21:25:04Z	xeon	f474ecce7bf8	selfcompile	-O0	12359.8
2026-08-02T21:25:04Z	xeon	f474ecce7bf8	selfcompile	-O2	9725.7
2026-08-02T21:25:04Z	xeon	f474ecce7bf8	selfcompile	-O3	9807.3
2026-08-02T21:25:04Z	xeon	f474ecce7bf8	selfcompile	fpc	5801.6
2026-08-02T22:38:40Z	xeon	877631dbe175	mandelbrot	-O0	1871.9
2026-08-02T22:38:40Z	xeon	877631dbe175	mandelbrot	-O2	1888.1
2026-08-02T22:38:40Z	xeon	877631dbe175	mandelbrot	-O3	997.9
2026-08-02T22:38:40Z	xeon	877631dbe175	mandelbrot-p	-O0	1855.7
2026-08-02T22:38:40Z	xeon	877631dbe175	mandelbrot-p	-O2	1865.6
2026-08-02T22:38:40Z	xeon	877631dbe175	mandelbrot-p	-O3	981.9
2026-08-02T22:38:40Z	xeon	877631dbe175	mandelbrot-p	fpc	476.1
2026-08-02T22:38:40Z	xeon	877631dbe175	raytracer	-O0	17639.5
2026-08-02T22:38:40Z	xeon	877631dbe175	raytracer	-O2	10760.9
2026-08-02T22:38:40Z	xeon	877631dbe175	raytracer	-O3	9380.3
2026-08-02T22:38:40Z	xeon	877631dbe175	raytracer-p	-O0	438.5
2026-08-02T22:38:40Z	xeon	877631dbe175	raytracer-p	-O2	415.0
2026-08-02T22:38:40Z	xeon	877631dbe175	raytracer-p	-O3	348.2
2026-08-02T22:38:40Z	xeon	877631dbe175	raytracer-p	fpc	43.3
2026-08-02T22:38:40Z	xeon	877631dbe175	sieve	-O0	117.0
2026-08-02T22:38:40Z	xeon	877631dbe175	sieve	-O2	111.4
2026-08-02T22:38:40Z	xeon	877631dbe175	sieve	-O3	112.0
2026-08-02T22:38:40Z	xeon	877631dbe175	sieve	fpc	52.4
2026-08-02T22:38:40Z	xeon	877631dbe175	nbody	-O0	921.0
2026-08-02T22:38:40Z	xeon	877631dbe175	nbody	-O2	831.5
2026-08-02T22:38:40Z	xeon	877631dbe175	nbody	-O3	534.7
2026-08-02T22:38:40Z	xeon	877631dbe175	nbody	fpc	121.3
2026-08-02T22:38:40Z	xeon	877631dbe175	fib	-O0	379.0
2026-08-02T22:38:40Z	xeon	877631dbe175	fib	-O2	225.1
2026-08-02T22:38:40Z	xeon	877631dbe175	fib	-O3	144.9
2026-08-02T22:38:40Z	xeon	877631dbe175	fib	fpc	164.6
2026-08-02T22:38:40Z	xeon	877631dbe175	selfcompile	-O0	12427.0
2026-08-02T22:38:40Z	xeon	877631dbe175	selfcompile	-O2	9779.2
2026-08-02T22:38:40Z	xeon	877631dbe175	selfcompile	-O3	9816.3
2026-08-02T22:38:40Z	xeon	877631dbe175	selfcompile	fpc	5811.8
2026-08-02T23:40:54Z	xeon	c787485a25d2	mandelbrot	-O0	1913.8
2026-08-02T23:40:54Z	xeon	c787485a25d2	mandelbrot	-O2	1895.6
2026-08-02T23:40:54Z	xeon	c787485a25d2	mandelbrot	-O3	1002.1
2026-08-02T23:40:54Z	xeon	c787485a25d2	mandelbrot-p	-O0	1859.9
2026-08-02T23:40:54Z	xeon	c787485a25d2	mandelbrot-p	-O2	1875.0
2026-08-02T23:40:54Z	xeon	c787485a25d2	mandelbrot-p	-O3	981.6
2026-08-02T23:40:54Z	xeon	c787485a25d2	mandelbrot-p	fpc	472.7
2026-08-02T23:40:54Z	xeon	c787485a25d2	raytracer	-O0	17638.5
2026-08-02T23:40:54Z	xeon	c787485a25d2	raytracer	-O2	10753.8
2026-08-02T23:40:54Z	xeon	c787485a25d2	raytracer	-O3	9380.0
2026-08-02T23:40:54Z	xeon	c787485a25d2	raytracer-p	-O0	435.1
2026-08-02T23:40:54Z	xeon	c787485a25d2	raytracer-p	-O2	412.8
2026-08-02T23:40:54Z	xeon	c787485a25d2	raytracer-p	-O3	351.1
2026-08-02T23:40:54Z	xeon	c787485a25d2	raytracer-p	fpc	47.0
2026-08-02T23:40:54Z	xeon	c787485a25d2	sieve	-O0	140.2
2026-08-02T23:40:54Z	xeon	c787485a25d2	sieve	-O2	128.0
2026-08-02T23:40:54Z	xeon	c787485a25d2	sieve	-O3	129.0
2026-08-02T23:40:54Z	xeon	c787485a25d2	sieve	fpc	63.7
2026-08-02T23:40:54Z	xeon	c787485a25d2	nbody	-O0	922.1
2026-08-02T23:40:54Z	xeon	c787485a25d2	nbody	-O2	828.2
2026-08-02T23:40:54Z	xeon	c787485a25d2	nbody	-O3	534.5
2026-08-02T23:40:54Z	xeon	c787485a25d2	nbody	fpc	120.8
2026-08-02T23:40:54Z	xeon	c787485a25d2	fib	-O0	375.6
2026-08-02T23:40:54Z	xeon	c787485a25d2	fib	-O2	224.4
2026-08-02T23:40:54Z	xeon	c787485a25d2	fib	-O3	142.8
2026-08-02T23:40:54Z	xeon	c787485a25d2	fib	fpc	163.4
2026-08-02T23:40:54Z	xeon	c787485a25d2	selfcompile	-O0	12341.6
2026-08-02T23:40:54Z	xeon	c787485a25d2	selfcompile	-O2	9760.6
2026-08-02T23:40:54Z	xeon	c787485a25d2	selfcompile	-O3	9808.5
2026-08-02T23:40:54Z	xeon	c787485a25d2	selfcompile	fpc	5822.0
2026-08-03T07:59:40Z	xeon	52667a754ed4	mandelbrot	-O0	1873.8
2026-08-03T07:59:40Z	xeon	52667a754ed4	mandelbrot	-O2	1882.7
2026-08-03T07:59:40Z	xeon	52667a754ed4	mandelbrot	-O3	998.5
2026-08-03T07:59:40Z	xeon	52667a754ed4	mandelbrot-p	-O0	1855.2
2026-08-03T07:59:40Z	xeon	52667a754ed4	mandelbrot-p	-O2	1863.8
2026-08-03T07:59:40Z	xeon	52667a754ed4	mandelbrot-p	-O3	980.1
2026-08-03T07:59:40Z	xeon	52667a754ed4	mandelbrot-p	fpc	472.4
2026-08-03T07:59:40Z	xeon	52667a754ed4	raytracer	-O0	17633.2
2026-08-03T07:59:40Z	xeon	52667a754ed4	raytracer	-O2	10782.8
2026-08-03T07:59:40Z	xeon	52667a754ed4	raytracer	-O3	9368.1
2026-08-03T07:59:40Z	xeon	52667a754ed4	raytracer-p	-O0	437.9
2026-08-03T07:59:40Z	xeon	52667a754ed4	raytracer-p	-O2	418.4
2026-08-03T07:59:40Z	xeon	52667a754ed4	raytracer-p	-O3	349.6
2026-08-03T07:59:40Z	xeon	52667a754ed4	raytracer-p	fpc	41.9
2026-08-03T07:59:40Z	xeon	52667a754ed4	sieve	-O0	116.7
2026-08-03T07:59:40Z	xeon	52667a754ed4	sieve	-O2	108.0
2026-08-03T07:59:40Z	xeon	52667a754ed4	sieve	-O3	107.2
2026-08-03T07:59:40Z	xeon	52667a754ed4	sieve	fpc	56.9
2026-08-03T07:59:40Z	xeon	52667a754ed4	nbody	-O0	926.0
2026-08-03T07:59:40Z	xeon	52667a754ed4	nbody	-O2	827.0
2026-08-03T07:59:40Z	xeon	52667a754ed4	nbody	-O3	537.7
2026-08-03T07:59:40Z	xeon	52667a754ed4	nbody	fpc	121.8
2026-08-03T07:59:40Z	xeon	52667a754ed4	fib	-O0	379.2
2026-08-03T07:59:40Z	xeon	52667a754ed4	fib	-O2	224.0
2026-08-03T07:59:40Z	xeon	52667a754ed4	fib	-O3	140.5
2026-08-03T07:59:40Z	xeon	52667a754ed4	fib	fpc	168.4
2026-08-03T07:59:40Z	xeon	52667a754ed4	selfcompile	-O0	12536.3
2026-08-03T07:59:40Z	xeon	52667a754ed4	selfcompile	-O2	9938.9
2026-08-03T07:59:40Z	xeon	52667a754ed4	selfcompile	-O3	9977.8
2026-08-03T07:59:40Z	xeon	52667a754ed4	selfcompile	fpc	5840.2
2026-08-03T08:57:18Z	xeon	c09661647763	mandelbrot	-O0	1872.0
2026-08-03T08:57:18Z	xeon	c09661647763	mandelbrot	-O2	1882.8
2026-08-03T08:57:18Z	xeon	c09661647763	mandelbrot	-O3	997.2
2026-08-03T08:57:18Z	xeon	c09661647763	mandelbrot-p	-O0	1855.1
2026-08-03T08:57:18Z	xeon	c09661647763	mandelbrot-p	-O2	1869.9
2026-08-03T08:57:18Z	xeon	c09661647763	mandelbrot-p	-O3	979.4
2026-08-03T08:57:18Z	xeon	c09661647763	mandelbrot-p	fpc	476.5
2026-08-03T08:57:18Z	xeon	c09661647763	raytracer	-O0	17615.9
2026-08-03T08:57:18Z	xeon	c09661647763	raytracer	-O2	10771.0
2026-08-03T08:57:18Z	xeon	c09661647763	raytracer	-O3	9340.1
2026-08-03T08:57:18Z	xeon	c09661647763	raytracer-p	-O0	439.6
2026-08-03T08:57:18Z	xeon	c09661647763	raytracer-p	-O2	411.1
2026-08-03T08:57:18Z	xeon	c09661647763	raytracer-p	-O3	350.3
2026-08-03T08:57:18Z	xeon	c09661647763	raytracer-p	fpc	43.0
2026-08-03T08:57:18Z	xeon	c09661647763	sieve	-O0	118.1
2026-08-03T08:57:18Z	xeon	c09661647763	sieve	-O2	109.9
2026-08-03T08:57:18Z	xeon	c09661647763	sieve	-O3	103.7
2026-08-03T08:57:18Z	xeon	c09661647763	sieve	fpc	55.1
2026-08-03T08:57:18Z	xeon	c09661647763	nbody	-O0	920.3
2026-08-03T08:57:18Z	xeon	c09661647763	nbody	-O2	827.8
2026-08-03T08:57:18Z	xeon	c09661647763	nbody	-O3	536.8
2026-08-03T08:57:18Z	xeon	c09661647763	nbody	fpc	126.1
2026-08-03T08:57:18Z	xeon	c09661647763	fib	-O0	377.9
2026-08-03T08:57:18Z	xeon	c09661647763	fib	-O2	228.0
2026-08-03T08:57:18Z	xeon	c09661647763	fib	-O3	141.7
2026-08-03T08:57:18Z	xeon	c09661647763	fib	fpc	164.9
2026-08-03T08:57:18Z	xeon	c09661647763	selfcompile	-O0	12478.5
2026-08-03T08:57:18Z	xeon	c09661647763	selfcompile	-O2	9848.9
2026-08-03T08:57:18Z	xeon	c09661647763	selfcompile	-O3	9963.9
2026-08-03T08:57:18Z	xeon	c09661647763	selfcompile	fpc	5873.2
2026-08-03T10:09:17Z	xeon	0f3d060f4d41	mandelbrot	-O0	1869.9
2026-08-03T10:09:17Z	xeon	0f3d060f4d41	mandelbrot	-O2	1880.2
2026-08-03T10:09:17Z	xeon	0f3d060f4d41	mandelbrot	-O3	994.3
2026-08-03T10:09:17Z	xeon	0f3d060f4d41	mandelbrot-p	-O0	1856.5
2026-08-03T10:09:17Z	xeon	0f3d060f4d41	mandelbrot-p	-O2	1863.1
2026-08-03T10:09:17Z	xeon	0f3d060f4d41	mandelbrot-p	-O3	983.5
2026-08-03T10:09:17Z	xeon	0f3d060f4d41	mandelbrot-p	fpc	477.5
2026-08-03T10:09:17Z	xeon	0f3d060f4d41	raytracer	-O0	17636.1
2026-08-03T10:09:17Z	xeon	0f3d060f4d41	raytracer	-O2	10806.4
2026-08-03T10:09:17Z	xeon	0f3d060f4d41	raytracer	-O3	9370.0
2026-08-03T10:09:17Z	xeon	0f3d060f4d41	raytracer-p	-O0	436.4
2026-08-03T10:09:17Z	xeon	0f3d060f4d41	raytracer-p	-O2	412.8
2026-08-03T10:09:17Z	xeon	0f3d060f4d41	raytracer-p	-O3	348.4
2026-08-03T10:09:17Z	xeon	0f3d060f4d41	raytracer-p	fpc	42.4
2026-08-03T10:09:17Z	xeon	0f3d060f4d41	sieve	-O0	117.5
2026-08-03T10:09:17Z	xeon	0f3d060f4d41	sieve	-O2	109.3
2026-08-03T10:09:17Z	xeon	0f3d060f4d41	sieve	-O3	103.6
2026-08-03T10:09:17Z	xeon	0f3d060f4d41	sieve	fpc	52.8
2026-08-03T10:09:17Z	xeon	0f3d060f4d41	nbody	-O0	921.0
2026-08-03T10:09:17Z	xeon	0f3d060f4d41	nbody	-O2	830.2
2026-08-03T10:09:17Z	xeon	0f3d060f4d41	nbody	-O3	534.2
2026-08-03T10:09:17Z	xeon	0f3d060f4d41	nbody	fpc	125.9
2026-08-03T10:09:17Z	xeon	0f3d060f4d41	fib	-O0	378.2
2026-08-03T10:09:17Z	xeon	0f3d060f4d41	fib	-O2	223.8
2026-08-03T10:09:17Z	xeon	0f3d060f4d41	fib	-O3	144.4
2026-08-03T10:09:17Z	xeon	0f3d060f4d41	fib	fpc	163.4
2026-08-03T10:09:17Z	xeon	0f3d060f4d41	selfcompile	-O0	12559.3
2026-08-03T10:09:17Z	xeon	0f3d060f4d41	selfcompile	-O2	9959.8
2026-08-03T10:09:17Z	xeon	0f3d060f4d41	selfcompile	-O3	10001.4
2026-08-03T10:09:17Z	xeon	0f3d060f4d41	selfcompile	fpc	5878.5
2026-08-03T11:13:07Z	xeon	ff1a30aae401	mandelbrot	-O0	1869.6
2026-08-03T11:13:07Z	xeon	ff1a30aae401	mandelbrot	-O2	1875.8
2026-08-03T11:13:07Z	xeon	ff1a30aae401	mandelbrot	-O3	992.0
2026-08-03T11:13:07Z	xeon	ff1a30aae401	mandelbrot-p	-O0	1855.8
2026-08-03T11:13:07Z	xeon	ff1a30aae401	mandelbrot-p	-O2	1865.7
2026-08-03T11:13:07Z	xeon	ff1a30aae401	mandelbrot-p	-O3	979.4
2026-08-03T11:13:07Z	xeon	ff1a30aae401	mandelbrot-p	fpc	476.9
2026-08-03T11:13:07Z	xeon	ff1a30aae401	raytracer	-O0	17666.4
2026-08-03T11:13:07Z	xeon	ff1a30aae401	raytracer	-O2	13121.3
2026-08-03T11:13:07Z	xeon	ff1a30aae401	raytracer	-O3	9592.4
2026-08-03T11:13:07Z	xeon	ff1a30aae401	raytracer-p	-O0	438.9
2026-08-03T11:13:07Z	xeon	ff1a30aae401	raytracer-p	-O2	412.6
2026-08-03T11:13:07Z	xeon	ff1a30aae401	raytracer-p	-O3	348.2
2026-08-03T11:13:07Z	xeon	ff1a30aae401	raytracer-p	fpc	42.6
2026-08-03T11:13:07Z	xeon	ff1a30aae401	sieve	-O0	121.9
2026-08-03T11:13:07Z	xeon	ff1a30aae401	sieve	-O2	113.0
2026-08-03T11:13:07Z	xeon	ff1a30aae401	sieve	-O3	105.3
2026-08-03T11:13:07Z	xeon	ff1a30aae401	sieve	fpc	53.1
2026-08-03T11:13:07Z	xeon	ff1a30aae401	nbody	-O0	922.1
2026-08-03T11:13:07Z	xeon	ff1a30aae401	nbody	-O2	829.1
2026-08-03T11:13:07Z	xeon	ff1a30aae401	nbody	-O3	537.3
2026-08-03T11:13:07Z	xeon	ff1a30aae401	nbody	fpc	123.1
2026-08-03T11:13:07Z	xeon	ff1a30aae401	fib	-O0	377.6
2026-08-03T11:13:07Z	xeon	ff1a30aae401	fib	-O2	228.7
2026-08-03T11:13:07Z	xeon	ff1a30aae401	fib	-O3	139.9
2026-08-03T11:13:07Z	xeon	ff1a30aae401	fib	fpc	162.9
2026-08-03T11:13:07Z	xeon	ff1a30aae401	selfcompile	-O0	12600.4
2026-08-03T11:13:07Z	xeon	ff1a30aae401	selfcompile	-O2	9990.0
2026-08-03T11:13:07Z	xeon	ff1a30aae401	selfcompile	-O3	10030.4
2026-08-03T11:13:07Z	xeon	ff1a30aae401	selfcompile	fpc	5888.3
2026-08-03T12:18:59Z	xeon	b1edede90158	mandelbrot	-O0	1876.3
2026-08-03T12:18:59Z	xeon	b1edede90158	mandelbrot	-O2	1884.1
2026-08-03T12:18:59Z	xeon	b1edede90158	mandelbrot	-O3	1003.9
2026-08-03T12:18:59Z	xeon	b1edede90158	mandelbrot-p	-O0	1855.0
2026-08-03T12:18:59Z	xeon	b1edede90158	mandelbrot-p	-O2	1867.2
2026-08-03T12:18:59Z	xeon	b1edede90158	mandelbrot-p	-O3	981.6
2026-08-03T12:18:59Z	xeon	b1edede90158	mandelbrot-p	fpc	471.9
2026-08-03T12:18:59Z	xeon	b1edede90158	raytracer	-O0	17617.9
2026-08-03T12:18:59Z	xeon	b1edede90158	raytracer	-O2	10766.9
2026-08-03T12:18:59Z	xeon	b1edede90158	raytracer	-O3	9365.2
2026-08-03T12:18:59Z	xeon	b1edede90158	raytracer-p	-O0	436.9
2026-08-03T12:18:59Z	xeon	b1edede90158	raytracer-p	-O2	414.5
2026-08-03T12:18:59Z	xeon	b1edede90158	raytracer-p	-O3	352.5
2026-08-03T12:18:59Z	xeon	b1edede90158	raytracer-p	fpc	42.8
2026-08-03T12:18:59Z	xeon	b1edede90158	sieve	-O0	118.3
2026-08-03T12:18:59Z	xeon	b1edede90158	sieve	-O2	132.2
2026-08-03T12:18:59Z	xeon	b1edede90158	sieve	-O3	126.8
2026-08-03T12:18:59Z	xeon	b1edede90158	sieve	fpc	61.8
2026-08-03T12:18:59Z	xeon	b1edede90158	nbody	-O0	921.8
2026-08-03T12:18:59Z	xeon	b1edede90158	nbody	-O2	836.0
2026-08-03T12:18:59Z	xeon	b1edede90158	nbody	-O3	533.5
2026-08-03T12:18:59Z	xeon	b1edede90158	nbody	fpc	122.4
2026-08-03T12:18:59Z	xeon	b1edede90158	fib	-O0	375.9
2026-08-03T12:18:59Z	xeon	b1edede90158	fib	-O2	225.5
2026-08-03T12:18:59Z	xeon	b1edede90158	fib	-O3	139.6
2026-08-03T12:18:59Z	xeon	b1edede90158	fib	fpc	168.9
2026-08-03T12:18:59Z	xeon	b1edede90158	selfcompile	-O0	12635.3
2026-08-03T12:18:59Z	xeon	b1edede90158	selfcompile	-O2	9957.2
2026-08-03T12:18:59Z	xeon	b1edede90158	selfcompile	-O3	10016.3
2026-08-03T12:18:59Z	xeon	b1edede90158	selfcompile	fpc	5872.8
2026-08-03T14:52:12Z	xeon	c3920992b93d	mandelbrot	-O0	1870.3
2026-08-03T14:52:12Z	xeon	c3920992b93d	mandelbrot	-O2	1883.7
2026-08-03T14:52:12Z	xeon	c3920992b93d	mandelbrot	-O3	995.0
2026-08-03T14:52:12Z	xeon	c3920992b93d	mandelbrot-p	-O0	1847.5
2026-08-03T14:52:12Z	xeon	c3920992b93d	mandelbrot-p	-O2	1869.1
2026-08-03T14:52:12Z	xeon	c3920992b93d	mandelbrot-p	-O3	981.9
2026-08-03T14:52:12Z	xeon	c3920992b93d	mandelbrot-p	fpc	475.6
2026-08-03T14:52:12Z	xeon	c3920992b93d	raytracer	-O0	17590.9
2026-08-03T14:52:12Z	xeon	c3920992b93d	raytracer	-O2	10777.4
2026-08-03T14:52:12Z	xeon	c3920992b93d	raytracer	-O3	9354.3
2026-08-03T14:52:12Z	xeon	c3920992b93d	raytracer-p	-O0	434.2
2026-08-03T14:52:12Z	xeon	c3920992b93d	raytracer-p	-O2	414.6
2026-08-03T14:52:12Z	xeon	c3920992b93d	raytracer-p	-O3	350.5
2026-08-03T14:52:12Z	xeon	c3920992b93d	raytracer-p	fpc	43.5
2026-08-03T14:52:12Z	xeon	c3920992b93d	sieve	-O0	140.8
2026-08-03T14:52:12Z	xeon	c3920992b93d	sieve	-O2	132.2
2026-08-03T14:52:12Z	xeon	c3920992b93d	sieve	-O3	126.6
2026-08-03T14:52:12Z	xeon	c3920992b93d	sieve	fpc	63.1
2026-08-03T14:52:12Z	xeon	c3920992b93d	nbody	-O0	926.5
2026-08-03T14:52:12Z	xeon	c3920992b93d	nbody	-O2	830.2
2026-08-03T14:52:12Z	xeon	c3920992b93d	nbody	-O3	535.1
2026-08-03T14:52:12Z	xeon	c3920992b93d	nbody	fpc	126.1
2026-08-03T14:52:12Z	xeon	c3920992b93d	fib	-O0	375.4
2026-08-03T14:52:12Z	xeon	c3920992b93d	fib	-O2	225.0
2026-08-03T14:52:12Z	xeon	c3920992b93d	fib	-O3	139.4
2026-08-03T14:52:12Z	xeon	c3920992b93d	fib	fpc	168.0
2026-08-03T14:52:12Z	xeon	c3920992b93d	selfcompile	-O0	12684.3
2026-08-03T14:52:12Z	xeon	c3920992b93d	selfcompile	-O2	9979.2
2026-08-03T14:52:12Z	xeon	c3920992b93d	selfcompile	-O3	10004.1
2026-08-03T14:52:12Z	xeon	c3920992b93d	selfcompile	fpc	5870.2
2026-08-03T15:26:41Z	xeon	d3afe9dae0e6	mandelbrot	-O0	1874.8
2026-08-03T15:26:41Z	xeon	d3afe9dae0e6	mandelbrot	-O2	1883.0
2026-08-03T15:26:41Z	xeon	d3afe9dae0e6	mandelbrot	-O3	996.2
2026-08-03T15:26:41Z	xeon	d3afe9dae0e6	mandelbrot-p	-O0	1857.1
2026-08-03T15:26:41Z	xeon	d3afe9dae0e6	mandelbrot-p	-O2	1868.0
2026-08-03T15:26:41Z	xeon	d3afe9dae0e6	mandelbrot-p	-O3	980.9
2026-08-03T15:26:41Z	xeon	d3afe9dae0e6	mandelbrot-p	fpc	474.8
2026-08-03T15:26:41Z	xeon	d3afe9dae0e6	raytracer	-O0	17615.2
2026-08-03T15:26:41Z	xeon	d3afe9dae0e6	raytracer	-O2	10758.7
2026-08-03T15:26:41Z	xeon	d3afe9dae0e6	raytracer	-O3	9376.6
2026-08-03T15:26:41Z	xeon	d3afe9dae0e6	raytracer-p	-O0	435.7
2026-08-03T15:26:41Z	xeon	d3afe9dae0e6	raytracer-p	-O2	412.9
2026-08-03T15:26:41Z	xeon	d3afe9dae0e6	raytracer-p	-O3	348.7
2026-08-03T15:26:41Z	xeon	d3afe9dae0e6	raytracer-p	fpc	43.1
2026-08-03T15:26:41Z	xeon	d3afe9dae0e6	sieve	-O0	117.8
2026-08-03T15:26:41Z	xeon	d3afe9dae0e6	sieve	-O2	113.4
2026-08-03T15:26:41Z	xeon	d3afe9dae0e6	sieve	-O3	104.7
2026-08-03T15:26:41Z	xeon	d3afe9dae0e6	sieve	fpc	52.8
2026-08-03T15:26:41Z	xeon	d3afe9dae0e6	nbody	-O0	925.0
2026-08-03T15:26:41Z	xeon	d3afe9dae0e6	nbody	-O2	833.0
2026-08-03T15:26:41Z	xeon	d3afe9dae0e6	nbody	-O3	535.3
2026-08-03T15:26:41Z	xeon	d3afe9dae0e6	nbody	fpc	146.6
2026-08-03T15:26:41Z	xeon	d3afe9dae0e6	fib	-O0	455.9
2026-08-03T15:26:41Z	xeon	d3afe9dae0e6	fib	-O2	271.1
2026-08-03T15:26:41Z	xeon	d3afe9dae0e6	fib	-O3	169.0
2026-08-03T15:26:41Z	xeon	d3afe9dae0e6	fib	fpc	199.5
2026-08-03T15:26:41Z	xeon	d3afe9dae0e6	selfcompile	-O0	12634.0
2026-08-03T15:26:41Z	xeon	d3afe9dae0e6	selfcompile	-O2	10025.4
2026-08-03T15:26:41Z	xeon	d3afe9dae0e6	selfcompile	-O3	10003.3
2026-08-03T15:26:41Z	xeon	d3afe9dae0e6	selfcompile	fpc	5878.1
2026-08-03T15:47:56Z	xeon	92d53f596af2	mandelbrot	-O0	1873.9
2026-08-03T15:47:56Z	xeon	92d53f596af2	mandelbrot	-O2	1880.7
2026-08-03T15:47:56Z	xeon	92d53f596af2	mandelbrot	-O3	994.5
2026-08-03T15:47:56Z	xeon	92d53f596af2	mandelbrot-p	-O0	1860.3
2026-08-03T15:47:56Z	xeon	92d53f596af2	mandelbrot-p	-O2	1863.8
2026-08-03T15:47:56Z	xeon	92d53f596af2	mandelbrot-p	-O3	981.0
2026-08-03T15:47:56Z	xeon	92d53f596af2	mandelbrot-p	fpc	472.1
2026-08-03T15:47:56Z	xeon	92d53f596af2	raytracer	-O0	17636.5
2026-08-03T15:47:56Z	xeon	92d53f596af2	raytracer	-O2	10780.2
2026-08-03T15:47:56Z	xeon	92d53f596af2	raytracer	-O3	9366.3
2026-08-03T15:47:56Z	xeon	92d53f596af2	raytracer-p	-O0	439.4
2026-08-03T15:47:56Z	xeon	92d53f596af2	raytracer-p	-O2	410.7
2026-08-03T15:47:56Z	xeon	92d53f596af2	raytracer-p	-O3	346.2
2026-08-03T15:47:56Z	xeon	92d53f596af2	raytracer-p	fpc	41.8
2026-08-03T15:47:56Z	xeon	92d53f596af2	sieve	-O0	118.3
2026-08-03T15:47:56Z	xeon	92d53f596af2	sieve	-O2	114.3
2026-08-03T15:47:56Z	xeon	92d53f596af2	sieve	-O3	105.1
2026-08-03T15:47:56Z	xeon	92d53f596af2	sieve	fpc	59.6
2026-08-03T15:47:56Z	xeon	92d53f596af2	nbody	-O0	924.5
2026-08-03T15:47:56Z	xeon	92d53f596af2	nbody	-O2	826.8
2026-08-03T15:47:56Z	xeon	92d53f596af2	nbody	-O3	533.2
2026-08-03T15:47:56Z	xeon	92d53f596af2	nbody	fpc	121.5
2026-08-03T15:47:56Z	xeon	92d53f596af2	fib	-O0	375.3
2026-08-03T15:47:56Z	xeon	92d53f596af2	fib	-O2	226.4
2026-08-03T15:47:56Z	xeon	92d53f596af2	fib	-O3	139.9
2026-08-03T15:47:56Z	xeon	92d53f596af2	fib	fpc	167.1
2026-08-03T15:47:56Z	xeon	92d53f596af2	selfcompile	-O0	12683.6
2026-08-03T15:47:56Z	xeon	92d53f596af2	selfcompile	-O2	9959.9
2026-08-03T15:47:56Z	xeon	92d53f596af2	selfcompile	-O3	9973.7
2026-08-03T15:47:56Z	xeon	92d53f596af2	selfcompile	fpc	5882.2
2026-08-03T16:26:30Z	xeon	e33afb66e597	mandelbrot	-O0	1875.3
2026-08-03T16:26:30Z	xeon	e33afb66e597	mandelbrot	-O2	1884.7
2026-08-03T16:26:30Z	xeon	e33afb66e597	mandelbrot	-O3	994.7
2026-08-03T16:26:30Z	xeon	e33afb66e597	mandelbrot-p	-O0	1854.8
2026-08-03T16:26:30Z	xeon	e33afb66e597	mandelbrot-p	-O2	1866.7
2026-08-03T16:26:30Z	xeon	e33afb66e597	mandelbrot-p	-O3	985.6
2026-08-03T16:26:30Z	xeon	e33afb66e597	mandelbrot-p	fpc	472.8
2026-08-03T16:26:30Z	xeon	e33afb66e597	raytracer	-O0	17636.3
2026-08-03T16:26:30Z	xeon	e33afb66e597	raytracer	-O2	10776.5
2026-08-03T16:26:30Z	xeon	e33afb66e597	raytracer	-O3	9377.2
2026-08-03T16:26:30Z	xeon	e33afb66e597	raytracer-p	-O0	435.1
2026-08-03T16:26:30Z	xeon	e33afb66e597	raytracer-p	-O2	411.9
2026-08-03T16:26:30Z	xeon	e33afb66e597	raytracer-p	-O3	348.8
2026-08-03T16:26:30Z	xeon	e33afb66e597	raytracer-p	fpc	42.4
2026-08-03T16:26:30Z	xeon	e33afb66e597	sieve	-O0	140.8
2026-08-03T16:26:30Z	xeon	e33afb66e597	sieve	-O2	133.8
2026-08-03T16:26:30Z	xeon	e33afb66e597	sieve	-O3	125.6
2026-08-03T16:26:30Z	xeon	e33afb66e597	sieve	fpc	63.6
2026-08-03T16:26:30Z	xeon	e33afb66e597	nbody	-O0	920.4
2026-08-03T16:26:30Z	xeon	e33afb66e597	nbody	-O2	828.0
2026-08-03T16:26:30Z	xeon	e33afb66e597	nbody	-O3	535.7
2026-08-03T16:26:30Z	xeon	e33afb66e597	nbody	fpc	123.0
2026-08-03T16:26:30Z	xeon	e33afb66e597	fib	-O0	379.4
2026-08-03T16:26:30Z	xeon	e33afb66e597	fib	-O2	225.3
2026-08-03T16:26:30Z	xeon	e33afb66e597	fib	-O3	144.2
2026-08-03T16:26:30Z	xeon	e33afb66e597	fib	fpc	164.2
2026-08-03T16:26:30Z	xeon	e33afb66e597	selfcompile	-O0	12644.4
2026-08-03T16:26:30Z	xeon	e33afb66e597	selfcompile	-O2	10008.6
2026-08-03T16:26:30Z	xeon	e33afb66e597	selfcompile	-O3	10002.9
2026-08-03T16:26:30Z	xeon	e33afb66e597	selfcompile	fpc	5916.9
2026-08-03T16:47:30Z	xeon	b8a8d4344e02	mandelbrot	-O0	1876.6
2026-08-03T16:47:30Z	xeon	b8a8d4344e02	mandelbrot	-O2	1879.4
2026-08-03T16:47:30Z	xeon	b8a8d4344e02	mandelbrot	-O3	997.7
2026-08-03T16:47:30Z	xeon	b8a8d4344e02	mandelbrot-p	-O0	1858.3
2026-08-03T16:47:30Z	xeon	b8a8d4344e02	mandelbrot-p	-O2	1864.4
2026-08-03T16:47:30Z	xeon	b8a8d4344e02	mandelbrot-p	-O3	984.5
2026-08-03T16:47:30Z	xeon	b8a8d4344e02	mandelbrot-p	fpc	471.9
2026-08-03T16:47:30Z	xeon	b8a8d4344e02	raytracer	-O0	17661.6
2026-08-03T16:47:30Z	xeon	b8a8d4344e02	raytracer	-O2	10752.1
2026-08-03T16:47:30Z	xeon	b8a8d4344e02	raytracer	-O3	9357.5
2026-08-03T16:47:30Z	xeon	b8a8d4344e02	raytracer-p	-O0	434.6
2026-08-03T16:47:30Z	xeon	b8a8d4344e02	raytracer-p	-O2	414.1
2026-08-03T16:47:30Z	xeon	b8a8d4344e02	raytracer-p	-O3	347.5
2026-08-03T16:47:30Z	xeon	b8a8d4344e02	raytracer-p	fpc	45.7
2026-08-03T16:47:30Z	xeon	b8a8d4344e02	sieve	-O0	121.7
2026-08-03T16:47:30Z	xeon	b8a8d4344e02	sieve	-O2	110.9
2026-08-03T16:47:30Z	xeon	b8a8d4344e02	sieve	-O3	107.3
2026-08-03T16:47:30Z	xeon	b8a8d4344e02	sieve	fpc	57.0
2026-08-03T16:47:30Z	xeon	b8a8d4344e02	nbody	-O0	919.4
2026-08-03T16:47:30Z	xeon	b8a8d4344e02	nbody	-O2	829.1
2026-08-03T16:47:30Z	xeon	b8a8d4344e02	nbody	-O3	534.4
2026-08-03T16:47:30Z	xeon	b8a8d4344e02	nbody	fpc	126.4
2026-08-03T16:47:30Z	xeon	b8a8d4344e02	fib	-O0	377.9
2026-08-03T16:47:30Z	xeon	b8a8d4344e02	fib	-O2	224.5
2026-08-03T16:47:30Z	xeon	b8a8d4344e02	fib	-O3	139.8
2026-08-03T16:47:30Z	xeon	b8a8d4344e02	fib	fpc	166.8
2026-08-03T16:47:30Z	xeon	b8a8d4344e02	selfcompile	-O0	12634.9
2026-08-03T16:47:30Z	xeon	b8a8d4344e02	selfcompile	-O2	10013.0
2026-08-03T16:47:30Z	xeon	b8a8d4344e02	selfcompile	-O3	10023.9
2026-08-03T16:47:30Z	xeon	b8a8d4344e02	selfcompile	fpc	5887.1
2026-08-03T17:18:37Z	xeon	1c8df90abc35	mandelbrot	-O0	1874.5
2026-08-03T17:18:37Z	xeon	1c8df90abc35	mandelbrot	-O2	1884.6
2026-08-03T17:18:37Z	xeon	1c8df90abc35	mandelbrot	-O3	997.7
2026-08-03T17:18:37Z	xeon	1c8df90abc35	mandelbrot-p	-O0	1856.2
2026-08-03T17:18:37Z	xeon	1c8df90abc35	mandelbrot-p	-O2	1870.2
2026-08-03T17:18:37Z	xeon	1c8df90abc35	mandelbrot-p	-O3	982.1
2026-08-03T17:18:37Z	xeon	1c8df90abc35	mandelbrot-p	fpc	472.3
2026-08-03T17:18:37Z	xeon	1c8df90abc35	raytracer	-O0	17653.8
2026-08-03T17:18:37Z	xeon	1c8df90abc35	raytracer	-O2	10749.8
2026-08-03T17:18:37Z	xeon	1c8df90abc35	raytracer	-O3	9369.9
2026-08-03T17:18:37Z	xeon	1c8df90abc35	raytracer-p	-O0	438.8
2026-08-03T17:18:37Z	xeon	1c8df90abc35	raytracer-p	-O2	415.3
2026-08-03T17:18:37Z	xeon	1c8df90abc35	raytracer-p	-O3	347.3
2026-08-03T17:18:37Z	xeon	1c8df90abc35	raytracer-p	fpc	43.1
2026-08-03T17:18:37Z	xeon	1c8df90abc35	sieve	-O0	140.7
2026-08-03T17:18:37Z	xeon	1c8df90abc35	sieve	-O2	132.4
2026-08-03T17:18:37Z	xeon	1c8df90abc35	sieve	-O3	127.0
2026-08-03T17:18:37Z	xeon	1c8df90abc35	sieve	fpc	61.7
2026-08-03T17:18:37Z	xeon	1c8df90abc35	nbody	-O0	920.7
2026-08-03T17:18:37Z	xeon	1c8df90abc35	nbody	-O2	832.4
2026-08-03T17:18:37Z	xeon	1c8df90abc35	nbody	-O3	533.6
2026-08-03T17:18:37Z	xeon	1c8df90abc35	nbody	fpc	123.2
2026-08-03T17:18:37Z	xeon	1c8df90abc35	fib	-O0	377.2
2026-08-03T17:18:37Z	xeon	1c8df90abc35	fib	-O2	224.6
2026-08-03T17:18:37Z	xeon	1c8df90abc35	fib	-O3	144.8
2026-08-03T17:18:37Z	xeon	1c8df90abc35	fib	fpc	168.7
2026-08-03T17:18:37Z	xeon	1c8df90abc35	selfcompile	-O0	12610.0
2026-08-03T17:18:37Z	xeon	1c8df90abc35	selfcompile	-O2	9980.4
2026-08-03T17:18:37Z	xeon	1c8df90abc35	selfcompile	-O3	10035.0
2026-08-03T17:18:37Z	xeon	1c8df90abc35	selfcompile	fpc	5886.8
2026-08-03T17:59:44Z	xeon	3368e6fa62cc	mandelbrot	-O0	1868.3
2026-08-03T17:59:44Z	xeon	3368e6fa62cc	mandelbrot	-O2	1878.1
2026-08-03T17:59:44Z	xeon	3368e6fa62cc	mandelbrot	-O3	997.5
2026-08-03T17:59:44Z	xeon	3368e6fa62cc	mandelbrot-p	-O0	1863.2
2026-08-03T17:59:44Z	xeon	3368e6fa62cc	mandelbrot-p	-O2	1870.8
2026-08-03T17:59:44Z	xeon	3368e6fa62cc	mandelbrot-p	-O3	986.1
2026-08-03T17:59:44Z	xeon	3368e6fa62cc	mandelbrot-p	fpc	471.5
2026-08-03T17:59:44Z	xeon	3368e6fa62cc	raytracer	-O0	17613.4
2026-08-03T17:59:44Z	xeon	3368e6fa62cc	raytracer	-O2	10768.2
2026-08-03T17:59:44Z	xeon	3368e6fa62cc	raytracer	-O3	9355.1
2026-08-03T17:59:44Z	xeon	3368e6fa62cc	raytracer-p	-O0	437.6
2026-08-03T17:59:44Z	xeon	3368e6fa62cc	raytracer-p	-O2	411.6
2026-08-03T17:59:44Z	xeon	3368e6fa62cc	raytracer-p	-O3	351.6
2026-08-03T17:59:44Z	xeon	3368e6fa62cc	raytracer-p	fpc	43.0
2026-08-03T17:59:44Z	xeon	3368e6fa62cc	sieve	-O0	141.3
2026-08-03T17:59:44Z	xeon	3368e6fa62cc	sieve	-O2	132.2
2026-08-03T17:59:44Z	xeon	3368e6fa62cc	sieve	-O3	125.3
2026-08-03T17:59:44Z	xeon	3368e6fa62cc	sieve	fpc	61.9
2026-08-03T17:59:44Z	xeon	3368e6fa62cc	nbody	-O0	921.1
2026-08-03T17:59:44Z	xeon	3368e6fa62cc	nbody	-O2	833.1
2026-08-03T17:59:44Z	xeon	3368e6fa62cc	nbody	-O3	535.9
2026-08-03T17:59:44Z	xeon	3368e6fa62cc	nbody	fpc	125.9
2026-08-03T17:59:44Z	xeon	3368e6fa62cc	fib	-O0	378.1
2026-08-03T17:59:44Z	xeon	3368e6fa62cc	fib	-O2	225.2
2026-08-03T17:59:44Z	xeon	3368e6fa62cc	fib	-O3	143.5
2026-08-03T17:59:44Z	xeon	3368e6fa62cc	fib	fpc	164.0
2026-08-03T17:59:44Z	xeon	3368e6fa62cc	selfcompile	-O0	12714.3
2026-08-03T17:59:44Z	xeon	3368e6fa62cc	selfcompile	-O2	10029.8
2026-08-03T17:59:44Z	xeon	3368e6fa62cc	selfcompile	-O3	10042.2
2026-08-03T17:59:44Z	xeon	3368e6fa62cc	selfcompile	fpc	5882.1
2026-08-03T18:38:51Z	xeon	98fa7f0f3a12	mandelbrot	-O0	2281.7
2026-08-03T18:38:51Z	xeon	98fa7f0f3a12	mandelbrot	-O2	2294.5
2026-08-03T18:38:51Z	xeon	98fa7f0f3a12	mandelbrot	-O3	1208.4
2026-08-03T18:38:51Z	xeon	98fa7f0f3a12	mandelbrot-p	-O0	2259.2
2026-08-03T18:38:51Z	xeon	98fa7f0f3a12	mandelbrot-p	-O2	2277.2
2026-08-03T18:38:51Z	xeon	98fa7f0f3a12	mandelbrot-p	-O3	1198.4
2026-08-03T18:38:51Z	xeon	98fa7f0f3a12	mandelbrot-p	fpc	575.5
2026-08-03T18:38:51Z	xeon	98fa7f0f3a12	raytracer	-O0	21554.9
2026-08-03T18:38:51Z	xeon	98fa7f0f3a12	raytracer	-O2	13172.1
2026-08-03T18:38:51Z	xeon	98fa7f0f3a12	raytracer	-O3	11456.9
2026-08-03T18:38:51Z	xeon	98fa7f0f3a12	raytracer-p	-O0	529.6
2026-08-03T18:38:51Z	xeon	98fa7f0f3a12	raytracer-p	-O2	501.4
2026-08-03T18:38:51Z	xeon	98fa7f0f3a12	raytracer-p	-O3	421.2
2026-08-03T18:38:51Z	xeon	98fa7f0f3a12	raytracer-p	fpc	50.0
2026-08-03T18:38:51Z	xeon	98fa7f0f3a12	sieve	-O0	141.0
2026-08-03T18:38:51Z	xeon	98fa7f0f3a12	sieve	-O2	132.4
2026-08-03T18:38:51Z	xeon	98fa7f0f3a12	sieve	-O3	125.3
2026-08-03T18:38:51Z	xeon	98fa7f0f3a12	sieve	fpc	61.8
2026-08-03T18:38:51Z	xeon	98fa7f0f3a12	nbody	-O0	1116.8
2026-08-03T18:38:51Z	xeon	98fa7f0f3a12	nbody	-O2	1008.8
2026-08-03T18:38:51Z	xeon	98fa7f0f3a12	nbody	-O3	654.6
2026-08-03T18:38:51Z	xeon	98fa7f0f3a12	nbody	fpc	147.9
2026-08-03T18:38:51Z	xeon	98fa7f0f3a12	fib	-O0	457.6
2026-08-03T18:38:51Z	xeon	98fa7f0f3a12	fib	-O2	272.9
2026-08-03T18:38:51Z	xeon	98fa7f0f3a12	fib	-O3	169.6
2026-08-03T18:38:51Z	xeon	98fa7f0f3a12	fib	fpc	197.6
2026-08-03T18:38:51Z	xeon	98fa7f0f3a12	selfcompile	-O0	15591.6
2026-08-03T18:38:51Z	xeon	98fa7f0f3a12	selfcompile	-O2	12418.5
2026-08-03T18:38:51Z	xeon	98fa7f0f3a12	selfcompile	-O3	12395.1
2026-08-03T18:38:51Z	xeon	98fa7f0f3a12	selfcompile	fpc	7373.1
2026-08-03T19:31:17Z	xeon	135ead622883	mandelbrot	-O0	1872.6
2026-08-03T19:31:17Z	xeon	135ead622883	mandelbrot	-O2	1905.3
2026-08-03T19:31:17Z	xeon	135ead622883	mandelbrot	-O3	1000.2
2026-08-03T19:31:17Z	xeon	135ead622883	mandelbrot-p	-O0	1883.2
2026-08-03T19:31:17Z	xeon	135ead622883	mandelbrot-p	-O2	2080.2
2026-08-03T19:31:17Z	xeon	135ead622883	mandelbrot-p	-O3	1193.7
2026-08-03T19:31:17Z	xeon	135ead622883	mandelbrot-p	fpc	573.9
2026-08-03T19:31:17Z	xeon	135ead622883	raytracer	-O0	21533.6
2026-08-03T19:31:17Z	xeon	135ead622883	raytracer	-O2	13115.8
2026-08-03T19:31:17Z	xeon	135ead622883	raytracer	-O3	11414.9
2026-08-03T19:31:17Z	xeon	135ead622883	raytracer-p	-O0	528.0
2026-08-03T19:31:17Z	xeon	135ead622883	raytracer-p	-O2	502.7
2026-08-03T19:31:17Z	xeon	135ead622883	raytracer-p	-O3	424.7
2026-08-03T19:31:17Z	xeon	135ead622883	raytracer-p	fpc	49.8
2026-08-03T19:31:17Z	xeon	135ead622883	sieve	-O0	141.0
2026-08-03T19:31:17Z	xeon	135ead622883	sieve	-O2	132.2
2026-08-03T19:31:17Z	xeon	135ead622883	sieve	-O3	125.3
2026-08-03T19:31:17Z	xeon	135ead622883	sieve	fpc	63.0
2026-08-03T19:31:17Z	xeon	135ead622883	nbody	-O0	916.9
2026-08-03T19:31:17Z	xeon	135ead622883	nbody	-O2	828.5
2026-08-03T19:31:17Z	xeon	135ead622883	nbody	-O3	538.8
2026-08-03T19:31:17Z	xeon	135ead622883	nbody	fpc	121.7
2026-08-03T19:31:17Z	xeon	135ead622883	fib	-O0	379.7
2026-08-03T19:31:17Z	xeon	135ead622883	fib	-O2	224.8
2026-08-03T19:31:17Z	xeon	135ead622883	fib	-O3	140.1
2026-08-03T19:31:17Z	xeon	135ead622883	fib	fpc	163.3
2026-08-03T19:31:17Z	xeon	135ead622883	selfcompile	-O0	12645.7
2026-08-03T19:31:17Z	xeon	135ead622883	selfcompile	-O2	9952.7
2026-08-03T19:31:17Z	xeon	135ead622883	selfcompile	-O3	10007.7
2026-08-03T19:31:17Z	xeon	135ead622883	selfcompile	fpc	5891.0
2026-08-03T20:39:57Z	xeon	05465c183ecc	mandelbrot	-O0	1878.7
2026-08-03T20:39:57Z	xeon	05465c183ecc	mandelbrot	-O2	1884.7
2026-08-03T20:39:57Z	xeon	05465c183ecc	mandelbrot	-O3	996.9
2026-08-03T20:39:57Z	xeon	05465c183ecc	mandelbrot-p	-O0	1852.2
2026-08-03T20:39:57Z	xeon	05465c183ecc	mandelbrot-p	-O2	1862.9
2026-08-03T20:39:57Z	xeon	05465c183ecc	mandelbrot-p	-O3	981.6
2026-08-03T20:39:57Z	xeon	05465c183ecc	mandelbrot-p	fpc	474.1
2026-08-03T20:39:57Z	xeon	05465c183ecc	raytracer	-O0	17636.6
2026-08-03T20:39:57Z	xeon	05465c183ecc	raytracer	-O2	10755.9
2026-08-03T20:39:57Z	xeon	05465c183ecc	raytracer	-O3	9361.0
2026-08-03T20:39:57Z	xeon	05465c183ecc	raytracer-p	-O0	435.2
2026-08-03T20:39:57Z	xeon	05465c183ecc	raytracer-p	-O2	412.6
2026-08-03T20:39:57Z	xeon	05465c183ecc	raytracer-p	-O3	348.4
2026-08-03T20:39:57Z	xeon	05465c183ecc	raytracer-p	fpc	42.3
2026-08-03T20:39:57Z	xeon	05465c183ecc	sieve	-O0	117.2
2026-08-03T20:39:57Z	xeon	05465c183ecc	sieve	-O2	110.5
2026-08-03T20:39:57Z	xeon	05465c183ecc	sieve	-O3	104.0
2026-08-03T20:39:57Z	xeon	05465c183ecc	sieve	fpc	55.0
2026-08-03T20:39:57Z	xeon	05465c183ecc	nbody	-O0	922.6
2026-08-03T20:39:57Z	xeon	05465c183ecc	nbody	-O2	829.6
2026-08-03T20:39:57Z	xeon	05465c183ecc	nbody	-O3	535.0
2026-08-03T20:39:57Z	xeon	05465c183ecc	nbody	fpc	126.0
2026-08-03T20:39:57Z	xeon	05465c183ecc	fib	-O0	377.4
2026-08-03T20:39:57Z	xeon	05465c183ecc	fib	-O2	223.9
2026-08-03T20:39:57Z	xeon	05465c183ecc	fib	-O3	143.1
2026-08-03T20:39:57Z	xeon	05465c183ecc	fib	fpc	168.2
2026-08-03T20:39:57Z	xeon	05465c183ecc	selfcompile	-O0	12688.8
2026-08-03T20:39:57Z	xeon	05465c183ecc	selfcompile	-O2	10005.3
2026-08-03T20:39:57Z	xeon	05465c183ecc	selfcompile	-O3	10099.4
2026-08-03T20:39:57Z	xeon	05465c183ecc	selfcompile	fpc	5906.3
2026-08-03T21:26:48Z	xeon	82156a52d6ff	mandelbrot	-O0	1874.2
2026-08-03T21:26:48Z	xeon	82156a52d6ff	mandelbrot	-O2	1884.0
2026-08-03T21:26:48Z	xeon	82156a52d6ff	mandelbrot	-O3	998.9
2026-08-03T21:26:48Z	xeon	82156a52d6ff	mandelbrot-p	-O0	1856.5
2026-08-03T21:26:48Z	xeon	82156a52d6ff	mandelbrot-p	-O2	1859.1
2026-08-03T21:26:48Z	xeon	82156a52d6ff	mandelbrot-p	-O3	980.3
2026-08-03T21:26:48Z	xeon	82156a52d6ff	mandelbrot-p	fpc	474.7
2026-08-03T21:26:48Z	xeon	82156a52d6ff	raytracer	-O0	17623.4
2026-08-03T21:26:48Z	xeon	82156a52d6ff	raytracer	-O2	10765.5
2026-08-03T21:26:48Z	xeon	82156a52d6ff	raytracer	-O3	9368.6
2026-08-03T21:26:48Z	xeon	82156a52d6ff	raytracer-p	-O0	433.7
2026-08-03T21:26:48Z	xeon	82156a52d6ff	raytracer-p	-O2	411.9
2026-08-03T21:26:48Z	xeon	82156a52d6ff	raytracer-p	-O3	351.1
2026-08-03T21:26:48Z	xeon	82156a52d6ff	raytracer-p	fpc	42.9
2026-08-03T21:26:48Z	xeon	82156a52d6ff	sieve	-O0	117.6
2026-08-03T21:26:48Z	xeon	82156a52d6ff	sieve	-O2	109.9
2026-08-03T21:26:48Z	xeon	82156a52d6ff	sieve	-O3	104.5
2026-08-03T21:26:48Z	xeon	82156a52d6ff	sieve	fpc	52.5
2026-08-03T21:26:48Z	xeon	82156a52d6ff	nbody	-O0	921.0
2026-08-03T21:26:48Z	xeon	82156a52d6ff	nbody	-O2	832.2
2026-08-03T21:26:48Z	xeon	82156a52d6ff	nbody	-O3	539.4
2026-08-03T21:26:48Z	xeon	82156a52d6ff	nbody	fpc	121.6
2026-08-03T21:26:48Z	xeon	82156a52d6ff	fib	-O0	378.6
2026-08-03T21:26:48Z	xeon	82156a52d6ff	fib	-O2	227.8
2026-08-03T21:26:48Z	xeon	82156a52d6ff	fib	-O3	140.4
2026-08-03T21:26:48Z	xeon	82156a52d6ff	fib	fpc	163.2
2026-08-03T21:26:48Z	xeon	82156a52d6ff	selfcompile	-O0	12701.9
2026-08-03T21:26:48Z	xeon	82156a52d6ff	selfcompile	-O2	9998.9
2026-08-03T21:26:48Z	xeon	82156a52d6ff	selfcompile	-O3	10122.6
2026-08-03T21:26:48Z	xeon	82156a52d6ff	selfcompile	fpc	5941.5
2026-08-03T23:27:19Z	xeon	2501060cf95b	mandelbrot	-O0	1876.6
2026-08-03T23:27:19Z	xeon	2501060cf95b	mandelbrot	-O2	1880.2
2026-08-03T23:27:19Z	xeon	2501060cf95b	mandelbrot	-O3	996.8
2026-08-03T23:27:19Z	xeon	2501060cf95b	mandelbrot-p	-O0	1847.8
2026-08-03T23:27:19Z	xeon	2501060cf95b	mandelbrot-p	-O2	1867.5
2026-08-03T23:27:19Z	xeon	2501060cf95b	mandelbrot-p	-O3	979.2
2026-08-03T23:27:19Z	xeon	2501060cf95b	mandelbrot-p	fpc	472.8
2026-08-03T23:27:19Z	xeon	2501060cf95b	raytracer	-O0	17644.0
2026-08-03T23:27:19Z	xeon	2501060cf95b	raytracer	-O2	10767.8
2026-08-03T23:27:19Z	xeon	2501060cf95b	raytracer	-O3	9375.5
2026-08-03T23:27:19Z	xeon	2501060cf95b	raytracer-p	-O0	438.3
2026-08-03T23:27:19Z	xeon	2501060cf95b	raytracer-p	-O2	416.3
2026-08-03T23:27:19Z	xeon	2501060cf95b	raytracer-p	-O3	349.0
2026-08-03T23:27:19Z	xeon	2501060cf95b	raytracer-p	fpc	42.2
2026-08-03T23:27:19Z	xeon	2501060cf95b	sieve	-O0	120.2
2026-08-03T23:27:19Z	xeon	2501060cf95b	sieve	-O2	109.9
2026-08-03T23:27:19Z	xeon	2501060cf95b	sieve	-O3	108.6
2026-08-03T23:27:19Z	xeon	2501060cf95b	sieve	fpc	52.1
2026-08-03T23:27:19Z	xeon	2501060cf95b	nbody	-O0	920.0
2026-08-03T23:27:19Z	xeon	2501060cf95b	nbody	-O2	828.4
2026-08-03T23:27:19Z	xeon	2501060cf95b	nbody	-O3	533.9
2026-08-03T23:27:19Z	xeon	2501060cf95b	nbody	fpc	126.4
2026-08-03T23:27:19Z	xeon	2501060cf95b	fib	-O0	375.3
2026-08-03T23:27:19Z	xeon	2501060cf95b	fib	-O2	224.7
2026-08-03T23:27:19Z	xeon	2501060cf95b	fib	-O3	145.2
2026-08-03T23:27:19Z	xeon	2501060cf95b	fib	fpc	164.3
2026-08-03T23:27:19Z	xeon	2501060cf95b	selfcompile	-O0	12770.9
2026-08-03T23:27:19Z	xeon	2501060cf95b	selfcompile	-O2	10102.8
2026-08-03T23:27:19Z	xeon	2501060cf95b	selfcompile	-O3	10135.8
2026-08-03T23:27:19Z	xeon	2501060cf95b	selfcompile	fpc	5935.1
2026-08-04T04:44:54Z	xeon	a4277a93a3a2	mandelbrot	-O0	1867.8
2026-08-04T04:44:54Z	xeon	a4277a93a3a2	mandelbrot	-O2	1879.3
2026-08-04T04:44:54Z	xeon	a4277a93a3a2	mandelbrot	-O3	995.4
2026-08-04T04:44:54Z	xeon	a4277a93a3a2	mandelbrot-p	-O0	1852.2
2026-08-04T04:44:54Z	xeon	a4277a93a3a2	mandelbrot-p	-O2	1865.9
2026-08-04T04:44:54Z	xeon	a4277a93a3a2	mandelbrot-p	-O3	981.6
2026-08-04T04:44:54Z	xeon	a4277a93a3a2	mandelbrot-p	fpc	476.0
2026-08-04T04:44:54Z	xeon	a4277a93a3a2	raytracer	-O0	17581.9
2026-08-04T04:44:54Z	xeon	a4277a93a3a2	raytracer	-O2	10758.7
2026-08-04T04:44:54Z	xeon	a4277a93a3a2	raytracer	-O3	9350.7
2026-08-04T04:44:54Z	xeon	a4277a93a3a2	raytracer-p	-O0	434.6
2026-08-04T04:44:54Z	xeon	a4277a93a3a2	raytracer-p	-O2	412.0
2026-08-04T04:44:54Z	xeon	a4277a93a3a2	raytracer-p	-O3	351.3
2026-08-04T04:44:54Z	xeon	a4277a93a3a2	raytracer-p	fpc	42.3
2026-08-04T04:44:54Z	xeon	a4277a93a3a2	sieve	-O0	121.3
2026-08-04T04:44:54Z	xeon	a4277a93a3a2	sieve	-O2	110.6
2026-08-04T04:44:54Z	xeon	a4277a93a3a2	sieve	-O3	106.9
2026-08-04T04:44:54Z	xeon	a4277a93a3a2	sieve	fpc	56.7
2026-08-04T04:44:54Z	xeon	a4277a93a3a2	nbody	-O0	920.8
2026-08-04T04:44:54Z	xeon	a4277a93a3a2	nbody	-O2	834.3
2026-08-04T04:44:54Z	xeon	a4277a93a3a2	nbody	-O3	534.5
2026-08-04T04:44:54Z	xeon	a4277a93a3a2	nbody	fpc	126.8
2026-08-04T04:44:54Z	xeon	a4277a93a3a2	fib	-O0	374.9
2026-08-04T04:44:54Z	xeon	a4277a93a3a2	fib	-O2	224.4
2026-08-04T04:44:54Z	xeon	a4277a93a3a2	fib	-O3	144.6
2026-08-04T04:44:54Z	xeon	a4277a93a3a2	fib	fpc	168.1
2026-08-04T04:44:54Z	xeon	a4277a93a3a2	selfcompile	-O0	12829.5
2026-08-04T04:44:54Z	xeon	a4277a93a3a2	selfcompile	-O2	10103.3
2026-08-04T04:44:54Z	xeon	a4277a93a3a2	selfcompile	-O3	10140.3
2026-08-04T04:44:54Z	xeon	a4277a93a3a2	selfcompile	fpc	5920.5
2026-08-04T05:06:51Z	xeon	9df2717684a3	mandelbrot	-O0	1869.6
2026-08-04T05:06:51Z	xeon	9df2717684a3	mandelbrot	-O2	1887.9
2026-08-04T05:06:51Z	xeon	9df2717684a3	mandelbrot	-O3	994.8
2026-08-04T05:06:51Z	xeon	9df2717684a3	mandelbrot-p	-O0	1850.9
2026-08-04T05:06:51Z	xeon	9df2717684a3	mandelbrot-p	-O2	1864.4
2026-08-04T05:06:51Z	xeon	9df2717684a3	mandelbrot-p	-O3	981.0
2026-08-04T05:06:51Z	xeon	9df2717684a3	mandelbrot-p	fpc	472.6
2026-08-04T05:06:51Z	xeon	9df2717684a3	raytracer	-O0	17612.5
2026-08-04T05:06:51Z	xeon	9df2717684a3	raytracer	-O2	13125.4
2026-08-04T05:06:51Z	xeon	9df2717684a3	raytracer	-O3	11451.7
2026-08-04T05:06:51Z	xeon	9df2717684a3	raytracer-p	-O0	529.7
2026-08-04T05:06:51Z	xeon	9df2717684a3	raytracer-p	-O2	502.9
2026-08-04T05:06:51Z	xeon	9df2717684a3	raytracer-p	-O3	422.6
2026-08-04T05:06:51Z	xeon	9df2717684a3	raytracer-p	fpc	51.3
2026-08-04T05:06:51Z	xeon	9df2717684a3	sieve	-O0	141.0
2026-08-04T05:06:51Z	xeon	9df2717684a3	sieve	-O2	132.2
2026-08-04T05:06:51Z	xeon	9df2717684a3	sieve	-O3	125.7
2026-08-04T05:06:51Z	xeon	9df2717684a3	sieve	fpc	61.8
2026-08-04T05:06:51Z	xeon	9df2717684a3	nbody	-O0	1119.4
2026-08-04T05:06:51Z	xeon	9df2717684a3	nbody	-O2	1012.0
2026-08-04T05:06:51Z	xeon	9df2717684a3	nbody	-O3	651.5
2026-08-04T05:06:51Z	xeon	9df2717684a3	nbody	fpc	146.9
2026-08-04T05:06:51Z	xeon	9df2717684a3	fib	-O0	455.3
2026-08-04T05:06:51Z	xeon	9df2717684a3	fib	-O2	271.1
2026-08-04T05:06:51Z	xeon	9df2717684a3	fib	-O3	169.2
2026-08-04T05:06:51Z	xeon	9df2717684a3	fib	fpc	200.3
2026-08-04T05:06:51Z	xeon	9df2717684a3	selfcompile	-O0	15824.3
2026-08-04T05:06:51Z	xeon	9df2717684a3	selfcompile	-O2	12400.8
2026-08-04T05:06:51Z	xeon	9df2717684a3	selfcompile	-O3	12347.3
2026-08-04T05:06:51Z	xeon	9df2717684a3	selfcompile	fpc	7348.6
# 2026-08-04 9df2717684a3 CONTENDED BATCH — do not read these rows as a regression. An agent's compiler builds and gate runs shared the box while this batch measured. The FPC rows are the control (pxx is not involved in them at all) and are +14.8% mean, so the box, not the compiler, is what changed. Inflation is PER-ROW because the load was intermittent: mandelbrot/raytracer -O0 are within 0.2% of the previous batch while selfcompile is +23-24%. See bug-t-bench-timings-recorded-under-co-tenancy.
2026-08-04T05:34:30Z	xeon	309296d6fb5e	mandelbrot	-O0	1870.8
2026-08-04T05:34:30Z	xeon	309296d6fb5e	mandelbrot	-O2	1875.5
2026-08-04T05:34:30Z	xeon	309296d6fb5e	mandelbrot	-O3	997.4
2026-08-04T05:34:30Z	xeon	309296d6fb5e	mandelbrot-p	-O0	1857.1
2026-08-04T05:34:30Z	xeon	309296d6fb5e	mandelbrot-p	-O2	1868.3
2026-08-04T05:34:30Z	xeon	309296d6fb5e	mandelbrot-p	-O3	981.2
2026-08-04T05:34:30Z	xeon	309296d6fb5e	mandelbrot-p	fpc	477.2
2026-08-04T05:34:30Z	xeon	309296d6fb5e	raytracer	-O0	17636.4
2026-08-04T05:34:30Z	xeon	309296d6fb5e	raytracer	-O2	10771.3
2026-08-04T05:34:30Z	xeon	309296d6fb5e	raytracer	-O3	9368.6
2026-08-04T05:34:30Z	xeon	309296d6fb5e	raytracer-p	-O0	436.3
2026-08-04T05:34:30Z	xeon	309296d6fb5e	raytracer-p	-O2	412.6
2026-08-04T05:34:30Z	xeon	309296d6fb5e	raytracer-p	-O3	346.8
2026-08-04T05:34:30Z	xeon	309296d6fb5e	raytracer-p	fpc	42.4
2026-08-04T05:34:30Z	xeon	309296d6fb5e	sieve	-O0	117.5
2026-08-04T05:34:30Z	xeon	309296d6fb5e	sieve	-O2	110.6
2026-08-04T05:34:30Z	xeon	309296d6fb5e	sieve	-O3	108.9
2026-08-04T05:34:30Z	xeon	309296d6fb5e	sieve	fpc	56.6
2026-08-04T05:34:30Z	xeon	309296d6fb5e	nbody	-O0	921.4
2026-08-04T05:34:30Z	xeon	309296d6fb5e	nbody	-O2	831.5
2026-08-04T05:34:30Z	xeon	309296d6fb5e	nbody	-O3	537.3
2026-08-04T05:34:30Z	xeon	309296d6fb5e	nbody	fpc	126.1
2026-08-04T05:34:30Z	xeon	309296d6fb5e	fib	-O0	375.4
2026-08-04T05:34:30Z	xeon	309296d6fb5e	fib	-O2	225.3
2026-08-04T05:34:30Z	xeon	309296d6fb5e	fib	-O3	140.1
2026-08-04T05:34:30Z	xeon	309296d6fb5e	fib	fpc	164.2
2026-08-04T05:34:30Z	xeon	309296d6fb5e	selfcompile	-O0	12809.3
2026-08-04T05:34:30Z	xeon	309296d6fb5e	selfcompile	-O2	10026.2
2026-08-04T05:34:30Z	xeon	309296d6fb5e	selfcompile	-O3	10149.1
2026-08-04T05:34:30Z	xeon	309296d6fb5e	selfcompile	fpc	5944.1
2026-08-04T06:50:01Z	xeon	c4f6ef4b9149	mandelbrot	-O0	1870.9
2026-08-04T06:50:01Z	xeon	c4f6ef4b9149	mandelbrot	-O2	1885.2
2026-08-04T06:50:01Z	xeon	c4f6ef4b9149	mandelbrot	-O3	993.7
2026-08-04T06:50:01Z	xeon	c4f6ef4b9149	mandelbrot-p	-O0	1856.4
2026-08-04T06:50:01Z	xeon	c4f6ef4b9149	mandelbrot-p	-O2	1868.4
2026-08-04T06:50:01Z	xeon	c4f6ef4b9149	mandelbrot-p	-O3	982.5
2026-08-04T06:50:01Z	xeon	c4f6ef4b9149	mandelbrot-p	fpc	471.9
2026-08-04T06:50:01Z	xeon	c4f6ef4b9149	raytracer	-O0	17618.0
2026-08-04T06:50:01Z	xeon	c4f6ef4b9149	raytracer	-O2	10714.7
2026-08-04T06:50:01Z	xeon	c4f6ef4b9149	raytracer	-O3	9373.1
2026-08-04T06:50:01Z	xeon	c4f6ef4b9149	raytracer-p	-O0	438.8
2026-08-04T06:50:01Z	xeon	c4f6ef4b9149	raytracer-p	-O2	411.9
2026-08-04T06:50:01Z	xeon	c4f6ef4b9149	raytracer-p	-O3	352.4
2026-08-04T06:50:01Z	xeon	c4f6ef4b9149	raytracer-p	fpc	43.9
2026-08-04T06:50:01Z	xeon	c4f6ef4b9149	sieve	-O0	117.5
2026-08-04T06:50:01Z	xeon	c4f6ef4b9149	sieve	-O2	113.0
2026-08-04T06:50:01Z	xeon	c4f6ef4b9149	sieve	-O3	107.5
2026-08-04T06:50:01Z	xeon	c4f6ef4b9149	sieve	fpc	56.7
2026-08-04T06:50:01Z	xeon	c4f6ef4b9149	nbody	-O0	925.1
2026-08-04T06:50:01Z	xeon	c4f6ef4b9149	nbody	-O2	830.4
2026-08-04T06:50:01Z	xeon	c4f6ef4b9149	nbody	-O3	532.7
2026-08-04T06:50:01Z	xeon	c4f6ef4b9149	nbody	fpc	126.3
2026-08-04T06:50:01Z	xeon	c4f6ef4b9149	fib	-O0	377.3
2026-08-04T06:50:01Z	xeon	c4f6ef4b9149	fib	-O2	224.2
2026-08-04T06:50:01Z	xeon	c4f6ef4b9149	fib	-O3	140.3
2026-08-04T06:50:01Z	xeon	c4f6ef4b9149	fib	fpc	163.9
2026-08-04T06:50:01Z	xeon	c4f6ef4b9149	selfcompile	-O0	12774.2
2026-08-04T06:50:01Z	xeon	c4f6ef4b9149	selfcompile	-O2	10106.0
2026-08-04T06:50:01Z	xeon	c4f6ef4b9149	selfcompile	-O3	10130.5
2026-08-04T06:50:01Z	xeon	c4f6ef4b9149	selfcompile	fpc	5935.7
2026-08-04T07:13:00Z	xeon	a5f6cc5e0ecf	mandelbrot	-O0	1877.1
2026-08-04T07:13:00Z	xeon	a5f6cc5e0ecf	mandelbrot	-O2	1883.6
2026-08-04T07:13:00Z	xeon	a5f6cc5e0ecf	mandelbrot	-O3	996.6
2026-08-04T07:13:00Z	xeon	a5f6cc5e0ecf	mandelbrot-p	-O0	1855.9
2026-08-04T07:13:00Z	xeon	a5f6cc5e0ecf	mandelbrot-p	-O2	1866.5
2026-08-04T07:13:00Z	xeon	a5f6cc5e0ecf	mandelbrot-p	-O3	980.6
2026-08-04T07:13:00Z	xeon	a5f6cc5e0ecf	mandelbrot-p	fpc	475.8
2026-08-04T07:13:00Z	xeon	a5f6cc5e0ecf	raytracer	-O0	17674.3
2026-08-04T07:13:00Z	xeon	a5f6cc5e0ecf	raytracer	-O2	10781.2
2026-08-04T07:13:00Z	xeon	a5f6cc5e0ecf	raytracer	-O3	9361.5
2026-08-04T07:13:00Z	xeon	a5f6cc5e0ecf	raytracer-p	-O0	436.0
2026-08-04T07:13:00Z	xeon	a5f6cc5e0ecf	raytracer-p	-O2	412.4
2026-08-04T07:13:00Z	xeon	a5f6cc5e0ecf	raytracer-p	-O3	347.4
2026-08-04T07:13:00Z	xeon	a5f6cc5e0ecf	raytracer-p	fpc	42.8
2026-08-04T07:13:00Z	xeon	a5f6cc5e0ecf	sieve	-O0	118.1
2026-08-04T07:13:00Z	xeon	a5f6cc5e0ecf	sieve	-O2	110.7
2026-08-04T07:13:00Z	xeon	a5f6cc5e0ecf	sieve	-O3	104.9
2026-08-04T07:13:00Z	xeon	a5f6cc5e0ecf	sieve	fpc	51.9
2026-08-04T07:13:00Z	xeon	a5f6cc5e0ecf	nbody	-O0	922.2
2026-08-04T07:13:00Z	xeon	a5f6cc5e0ecf	nbody	-O2	829.9
2026-08-04T07:13:00Z	xeon	a5f6cc5e0ecf	nbody	-O3	534.5
2026-08-04T07:13:00Z	xeon	a5f6cc5e0ecf	nbody	fpc	122.0
2026-08-04T07:13:00Z	xeon	a5f6cc5e0ecf	fib	-O0	375.2
2026-08-04T07:13:00Z	xeon	a5f6cc5e0ecf	fib	-O2	223.5
2026-08-04T07:13:00Z	xeon	a5f6cc5e0ecf	fib	-O3	140.2
2026-08-04T07:13:00Z	xeon	a5f6cc5e0ecf	fib	fpc	168.9
2026-08-04T07:13:00Z	xeon	a5f6cc5e0ecf	selfcompile	-O0	12847.0
2026-08-04T07:13:00Z	xeon	a5f6cc5e0ecf	selfcompile	-O2	10051.0
2026-08-04T07:13:00Z	xeon	a5f6cc5e0ecf	selfcompile	-O3	10124.4
2026-08-04T07:13:00Z	xeon	a5f6cc5e0ecf	selfcompile	fpc	5920.5
2026-08-04T08:02:31Z	xeon	fca6c8a87165	mandelbrot	-O0	1873.5
2026-08-04T08:02:31Z	xeon	fca6c8a87165	mandelbrot	-O2	1880.3
2026-08-04T08:02:31Z	xeon	fca6c8a87165	mandelbrot	-O3	996.9
2026-08-04T08:02:31Z	xeon	fca6c8a87165	mandelbrot-p	-O0	1853.9
2026-08-04T08:02:31Z	xeon	fca6c8a87165	mandelbrot-p	-O2	1865.9
2026-08-04T08:02:31Z	xeon	fca6c8a87165	mandelbrot-p	-O3	981.0
2026-08-04T08:02:31Z	xeon	fca6c8a87165	mandelbrot-p	fpc	475.1
2026-08-04T08:02:31Z	xeon	fca6c8a87165	raytracer	-O0	17633.4
2026-08-04T08:02:31Z	xeon	fca6c8a87165	raytracer	-O2	10765.0
2026-08-04T08:02:31Z	xeon	fca6c8a87165	raytracer	-O3	9360.0
2026-08-04T08:02:31Z	xeon	fca6c8a87165	raytracer-p	-O0	439.6
2026-08-04T08:02:31Z	xeon	fca6c8a87165	raytracer-p	-O2	411.0
2026-08-04T08:02:31Z	xeon	fca6c8a87165	raytracer-p	-O3	351.9
2026-08-04T08:02:31Z	xeon	fca6c8a87165	raytracer-p	fpc	42.0
2026-08-04T08:02:31Z	xeon	fca6c8a87165	sieve	-O0	120.5
2026-08-04T08:02:31Z	xeon	fca6c8a87165	sieve	-O2	109.7
2026-08-04T08:02:31Z	xeon	fca6c8a87165	sieve	-O3	107.3
2026-08-04T08:02:31Z	xeon	fca6c8a87165	sieve	fpc	53.2
2026-08-04T08:02:31Z	xeon	fca6c8a87165	nbody	-O0	920.3
2026-08-04T08:02:31Z	xeon	fca6c8a87165	nbody	-O2	828.4
2026-08-04T08:02:31Z	xeon	fca6c8a87165	nbody	-O3	538.7
2026-08-04T08:02:31Z	xeon	fca6c8a87165	nbody	fpc	122.3
2026-08-04T08:02:31Z	xeon	fca6c8a87165	fib	-O0	377.8
2026-08-04T08:02:31Z	xeon	fca6c8a87165	fib	-O2	223.3
2026-08-04T08:02:31Z	xeon	fca6c8a87165	fib	-O3	144.5
2026-08-04T08:02:31Z	xeon	fca6c8a87165	fib	fpc	165.7
2026-08-04T08:02:31Z	xeon	fca6c8a87165	selfcompile	-O0	12866.1
2026-08-04T08:02:31Z	xeon	fca6c8a87165	selfcompile	-O2	10138.0
2026-08-04T08:02:31Z	xeon	fca6c8a87165	selfcompile	-O3	10176.5
2026-08-04T08:02:31Z	xeon	fca6c8a87165	selfcompile	fpc	5929.1
2026-08-04T10:47:37Z	xeon	105cd8e4e832	mandelbrot	-O0	1869.8
2026-08-04T10:47:37Z	xeon	105cd8e4e832	mandelbrot	-O2	1881.6
2026-08-04T10:47:37Z	xeon	105cd8e4e832	mandelbrot	-O3	995.7
2026-08-04T10:47:37Z	xeon	105cd8e4e832	mandelbrot-p	-O0	1858.4
2026-08-04T10:47:37Z	xeon	105cd8e4e832	mandelbrot-p	-O2	1860.4
2026-08-04T10:47:37Z	xeon	105cd8e4e832	mandelbrot-p	-O3	981.8
2026-08-04T10:47:37Z	xeon	105cd8e4e832	mandelbrot-p	fpc	476.5
2026-08-04T10:47:37Z	xeon	105cd8e4e832	raytracer	-O0	17639.1
2026-08-04T10:47:37Z	xeon	105cd8e4e832	raytracer	-O2	10763.3
2026-08-04T10:47:37Z	xeon	105cd8e4e832	raytracer	-O3	9368.0
2026-08-04T10:47:37Z	xeon	105cd8e4e832	raytracer-p	-O0	434.9
2026-08-04T10:47:37Z	xeon	105cd8e4e832	raytracer-p	-O2	416.1
2026-08-04T10:47:37Z	xeon	105cd8e4e832	raytracer-p	-O3	350.1
2026-08-04T10:47:37Z	xeon	105cd8e4e832	raytracer-p	fpc	43.1
2026-08-04T10:47:37Z	xeon	105cd8e4e832	sieve	-O0	117.6
2026-08-04T10:47:37Z	xeon	105cd8e4e832	sieve	-O2	110.8
2026-08-04T10:47:37Z	xeon	105cd8e4e832	sieve	-O3	109.1
2026-08-04T10:47:37Z	xeon	105cd8e4e832	sieve	fpc	52.0
2026-08-04T10:47:37Z	xeon	105cd8e4e832	nbody	-O0	922.3
2026-08-04T10:47:37Z	xeon	105cd8e4e832	nbody	-O2	830.6
2026-08-04T10:47:37Z	xeon	105cd8e4e832	nbody	-O3	535.3
2026-08-04T10:47:37Z	xeon	105cd8e4e832	nbody	fpc	121.8
2026-08-04T10:47:37Z	xeon	105cd8e4e832	fib	-O0	376.9
2026-08-04T10:47:37Z	xeon	105cd8e4e832	fib	-O2	225.5
2026-08-04T10:47:37Z	xeon	105cd8e4e832	fib	-O3	141.2
2026-08-04T10:47:37Z	xeon	105cd8e4e832	fib	fpc	168.3
2026-08-04T10:47:37Z	xeon	105cd8e4e832	selfcompile	-O0	12940.9
2026-08-04T10:47:37Z	xeon	105cd8e4e832	selfcompile	-O2	10413.4
2026-08-04T10:47:37Z	xeon	105cd8e4e832	selfcompile	-O3	10802.0
2026-08-04T10:47:37Z	xeon	105cd8e4e832	selfcompile	fpc	7454.6
# 2026-08-04 abcf66b0b308 HOST RENAMED xeon -> plexus — rows below are the SAME physical box (Xeon E5-2620 v2, T7610) under a new name, not a new machine: join the two series across this line. The hosts.json epochs do NOT share a fingerprint (xeon 4426967897b7, plexus 07ce4bf86a35) but that is a defect, not evidence of a hardware change — mem_total_kb is hashed raw from /proc/meminfo MemTotal, which drifts a few kB per boot (63424932 -> 63424944 here); every other hardware field is identical. The plexus epoch carries renamed_from: xeon.
2026-08-04T23:49:54Z	plexus	abcf66b0b308	mandelbrot	-O0	1849.7
2026-08-04T23:49:54Z	plexus	abcf66b0b308	mandelbrot	-O2	1859.4
2026-08-04T23:49:54Z	plexus	abcf66b0b308	mandelbrot	-O3	990.4
2026-08-04T23:49:54Z	plexus	abcf66b0b308	mandelbrot-p	-O0	1834.5
2026-08-04T23:49:54Z	plexus	abcf66b0b308	mandelbrot-p	-O2	1840.4
2026-08-04T23:49:54Z	plexus	abcf66b0b308	mandelbrot-p	-O3	967.5
2026-08-04T23:49:54Z	plexus	abcf66b0b308	mandelbrot-p	fpc	471.9
2026-08-04T23:49:54Z	plexus	abcf66b0b308	raytracer	-O0	17371.9
2026-08-04T23:49:54Z	plexus	abcf66b0b308	raytracer	-O2	10631.0
2026-08-04T23:49:54Z	plexus	abcf66b0b308	raytracer	-O3	9256.0
2026-08-04T23:49:54Z	plexus	abcf66b0b308	raytracer-p	-O0	429.4
2026-08-04T23:49:54Z	plexus	abcf66b0b308	raytracer-p	-O2	413.6
2026-08-04T23:49:54Z	plexus	abcf66b0b308	raytracer-p	-O3	343.2
2026-08-04T23:49:54Z	plexus	abcf66b0b308	raytracer-p	fpc	46.5
2026-08-04T23:49:54Z	plexus	abcf66b0b308	sieve	-O0	121.1
2026-08-04T23:49:54Z	plexus	abcf66b0b308	sieve	-O2	109.3
2026-08-04T23:49:54Z	plexus	abcf66b0b308	sieve	-O3	108.0
2026-08-04T23:49:54Z	plexus	abcf66b0b308	sieve	fpc	55.3
2026-08-04T23:49:54Z	plexus	abcf66b0b308	nbody	-O0	913.3
2026-08-04T23:49:54Z	plexus	abcf66b0b308	nbody	-O2	825.2
2026-08-04T23:49:54Z	plexus	abcf66b0b308	nbody	-O3	530.6
2026-08-04T23:49:54Z	plexus	abcf66b0b308	nbody	fpc	125.6
2026-08-04T23:49:54Z	plexus	abcf66b0b308	fib	-O0	376.6
2026-08-04T23:49:54Z	plexus	abcf66b0b308	fib	-O2	222.0
2026-08-04T23:49:54Z	plexus	abcf66b0b308	fib	-O3	140.9
2026-08-04T23:49:54Z	plexus	abcf66b0b308	fib	fpc	163.4
2026-08-04T23:49:54Z	plexus	abcf66b0b308	selfcompile	-O0	12747.4
2026-08-04T23:49:54Z	plexus	abcf66b0b308	selfcompile	-O2	10066.8
2026-08-04T23:49:54Z	plexus	abcf66b0b308	selfcompile	-O3	10173.6
2026-08-04T23:49:54Z	plexus	abcf66b0b308	selfcompile	fpc	6052.1
2026-08-05T00:21:52Z	plexus	bd7216f45038	mandelbrot	-O0	1848.1
2026-08-05T00:21:52Z	plexus	bd7216f45038	mandelbrot	-O2	1862.5
2026-08-05T00:21:52Z	plexus	bd7216f45038	mandelbrot	-O3	986.1
2026-08-05T00:21:52Z	plexus	bd7216f45038	mandelbrot-p	-O0	1833.0
2026-08-05T00:21:52Z	plexus	bd7216f45038	mandelbrot-p	-O2	1838.4
2026-08-05T00:21:52Z	plexus	bd7216f45038	mandelbrot-p	-O3	967.2
2026-08-05T00:21:52Z	plexus	bd7216f45038	mandelbrot-p	fpc	467.1
2026-08-05T00:21:52Z	plexus	bd7216f45038	raytracer	-O0	17404.3
2026-08-05T00:21:52Z	plexus	bd7216f45038	raytracer	-O2	10606.8
2026-08-05T00:21:52Z	plexus	bd7216f45038	raytracer	-O3	9258.2
2026-08-05T00:21:52Z	plexus	bd7216f45038	raytracer-p	-O0	433.9
2026-08-05T00:21:52Z	plexus	bd7216f45038	raytracer-p	-O2	413.7
2026-08-05T00:21:52Z	plexus	bd7216f45038	raytracer-p	-O3	348.0
2026-08-05T00:21:52Z	plexus	bd7216f45038	raytracer-p	fpc	42.4
2026-08-05T00:21:52Z	plexus	bd7216f45038	sieve	-O0	116.9
2026-08-05T00:21:52Z	plexus	bd7216f45038	sieve	-O2	109.2
2026-08-05T00:21:52Z	plexus	bd7216f45038	sieve	-O3	103.5
2026-08-05T00:21:52Z	plexus	bd7216f45038	sieve	fpc	51.8
2026-08-05T00:21:52Z	plexus	bd7216f45038	nbody	-O0	910.3
2026-08-05T00:21:52Z	plexus	bd7216f45038	nbody	-O2	824.0
2026-08-05T00:21:52Z	plexus	bd7216f45038	nbody	-O3	529.7
2026-08-05T00:21:52Z	plexus	bd7216f45038	nbody	fpc	125.5
2026-08-05T00:21:52Z	plexus	bd7216f45038	fib	-O0	373.6
2026-08-05T00:21:52Z	plexus	bd7216f45038	fib	-O2	226.0
2026-08-05T00:21:52Z	plexus	bd7216f45038	fib	-O3	143.2
2026-08-05T00:21:52Z	plexus	bd7216f45038	fib	fpc	166.5
2026-08-05T00:21:52Z	plexus	bd7216f45038	selfcompile	-O0	12715.1
2026-08-05T00:21:52Z	plexus	bd7216f45038	selfcompile	-O2	10114.6
2026-08-05T00:21:52Z	plexus	bd7216f45038	selfcompile	-O3	10127.9
2026-08-05T00:21:52Z	plexus	bd7216f45038	selfcompile	fpc	5909.3
2026-08-05T00:56:08Z	plexus	34ddc4abeeb0	mandelbrot	-O0	1849.2
2026-08-05T00:56:08Z	plexus	34ddc4abeeb0	mandelbrot	-O2	1858.5
2026-08-05T00:56:08Z	plexus	34ddc4abeeb0	mandelbrot	-O3	991.4
2026-08-05T00:56:08Z	plexus	34ddc4abeeb0	mandelbrot-p	-O0	1831.4
2026-08-05T00:56:08Z	plexus	34ddc4abeeb0	mandelbrot-p	-O2	1844.7
2026-08-05T00:56:08Z	plexus	34ddc4abeeb0	mandelbrot-p	-O3	968.8
2026-08-05T00:56:08Z	plexus	34ddc4abeeb0	mandelbrot-p	fpc	468.8
2026-08-05T00:56:08Z	plexus	34ddc4abeeb0	raytracer	-O0	17410.3
2026-08-05T00:56:08Z	plexus	34ddc4abeeb0	raytracer	-O2	10626.9
2026-08-05T00:56:08Z	plexus	34ddc4abeeb0	raytracer	-O3	9258.5
2026-08-05T00:56:08Z	plexus	34ddc4abeeb0	raytracer-p	-O0	434.7
2026-08-05T00:56:08Z	plexus	34ddc4abeeb0	raytracer-p	-O2	413.0
2026-08-05T00:56:08Z	plexus	34ddc4abeeb0	raytracer-p	-O3	345.8
2026-08-05T00:56:08Z	plexus	34ddc4abeeb0	raytracer-p	fpc	42.1
2026-08-05T00:56:08Z	plexus	34ddc4abeeb0	sieve	-O0	116.2
2026-08-05T00:56:08Z	plexus	34ddc4abeeb0	sieve	-O2	106.1
2026-08-05T00:56:08Z	plexus	34ddc4abeeb0	sieve	-O3	106.4
2026-08-05T00:56:08Z	plexus	34ddc4abeeb0	sieve	fpc	52.1
2026-08-05T00:56:08Z	plexus	34ddc4abeeb0	nbody	-O0	916.1
2026-08-05T00:56:08Z	plexus	34ddc4abeeb0	nbody	-O2	821.4
2026-08-05T00:56:08Z	plexus	34ddc4abeeb0	nbody	-O3	536.2
2026-08-05T00:56:08Z	plexus	34ddc4abeeb0	nbody	fpc	121.4
2026-08-05T00:56:08Z	plexus	34ddc4abeeb0	fib	-O0	376.0
2026-08-05T00:56:08Z	plexus	34ddc4abeeb0	fib	-O2	224.8
2026-08-05T00:56:08Z	plexus	34ddc4abeeb0	fib	-O3	141.1
2026-08-05T00:56:08Z	plexus	34ddc4abeeb0	fib	fpc	163.4
2026-08-05T00:56:08Z	plexus	34ddc4abeeb0	selfcompile	-O0	12755.3
2026-08-05T00:56:08Z	plexus	34ddc4abeeb0	selfcompile	-O2	10101.1
2026-08-05T00:56:08Z	plexus	34ddc4abeeb0	selfcompile	-O3	10205.0
2026-08-05T00:56:08Z	plexus	34ddc4abeeb0	selfcompile	fpc	5925.8
2026-08-05T01:31:14Z	plexus	3465e60b08a8	mandelbrot	-O0	1858.2
2026-08-05T01:31:14Z	plexus	3465e60b08a8	mandelbrot	-O2	1864.5
2026-08-05T01:31:14Z	plexus	3465e60b08a8	mandelbrot	-O3	993.3
2026-08-05T01:31:14Z	plexus	3465e60b08a8	mandelbrot-p	-O0	1841.9
2026-08-05T01:31:14Z	plexus	3465e60b08a8	mandelbrot-p	-O2	1852.0
2026-08-05T01:31:14Z	plexus	3465e60b08a8	mandelbrot-p	-O3	972.0
2026-08-05T01:31:14Z	plexus	3465e60b08a8	mandelbrot-p	fpc	469.3
2026-08-05T01:31:14Z	plexus	3465e60b08a8	raytracer	-O0	17454.0
2026-08-05T01:31:14Z	plexus	3465e60b08a8	raytracer	-O2	10680.0
2026-08-05T01:31:14Z	plexus	3465e60b08a8	raytracer	-O3	9297.5
2026-08-05T01:31:14Z	plexus	3465e60b08a8	raytracer-p	-O0	430.8
2026-08-05T01:31:14Z	plexus	3465e60b08a8	raytracer-p	-O2	409.6
2026-08-05T01:31:14Z	plexus	3465e60b08a8	raytracer-p	-O3	344.6
2026-08-05T01:31:14Z	plexus	3465e60b08a8	raytracer-p	fpc	46.7
2026-08-05T01:31:14Z	plexus	3465e60b08a8	sieve	-O0	116.2
2026-08-05T01:31:14Z	plexus	3465e60b08a8	sieve	-O2	109.5
2026-08-05T01:31:14Z	plexus	3465e60b08a8	sieve	-O3	103.3
2026-08-05T01:31:14Z	plexus	3465e60b08a8	sieve	fpc	51.8
2026-08-05T01:31:14Z	plexus	3465e60b08a8	nbody	-O0	914.5
2026-08-05T01:31:14Z	plexus	3465e60b08a8	nbody	-O2	843.6
2026-08-05T01:31:14Z	plexus	3465e60b08a8	nbody	-O3	533.0
2026-08-05T01:31:14Z	plexus	3465e60b08a8	nbody	fpc	120.6
2026-08-05T01:31:14Z	plexus	3465e60b08a8	fib	-O0	373.4
2026-08-05T01:31:14Z	plexus	3465e60b08a8	fib	-O2	226.0
2026-08-05T01:31:14Z	plexus	3465e60b08a8	fib	-O3	145.2
2026-08-05T01:31:14Z	plexus	3465e60b08a8	fib	fpc	162.5
2026-08-05T01:31:14Z	plexus	3465e60b08a8	selfcompile	-O0	12786.2
2026-08-05T01:31:14Z	plexus	3465e60b08a8	selfcompile	-O2	10129.8
2026-08-05T01:31:14Z	plexus	3465e60b08a8	selfcompile	-O3	10235.0
2026-08-05T01:31:14Z	plexus	3465e60b08a8	selfcompile	fpc	5931.4
2026-08-05T02:44:48Z	plexus	a298d587f411	mandelbrot	-O0	1864.1
2026-08-05T02:44:48Z	plexus	a298d587f411	mandelbrot	-O2	1864.8
2026-08-05T02:44:48Z	plexus	a298d587f411	mandelbrot	-O3	989.0
2026-08-05T02:44:48Z	plexus	a298d587f411	mandelbrot-p	-O0	1842.1
2026-08-05T02:44:48Z	plexus	a298d587f411	mandelbrot-p	-O2	1847.6
2026-08-05T02:44:48Z	plexus	a298d587f411	mandelbrot-p	-O3	974.0
2026-08-05T02:44:48Z	plexus	a298d587f411	mandelbrot-p	fpc	473.4
2026-08-05T02:44:48Z	plexus	a298d587f411	raytracer	-O0	17456.1
2026-08-05T02:44:48Z	plexus	a298d587f411	raytracer	-O2	10697.0
2026-08-05T02:44:48Z	plexus	a298d587f411	raytracer	-O3	9310.7
2026-08-05T02:44:48Z	plexus	a298d587f411	raytracer-p	-O0	430.6
2026-08-05T02:44:48Z	plexus	a298d587f411	raytracer-p	-O2	410.2
2026-08-05T02:44:48Z	plexus	a298d587f411	raytracer-p	-O3	345.0
2026-08-05T02:44:48Z	plexus	a298d587f411	raytracer-p	fpc	41.9
2026-08-05T02:44:48Z	plexus	a298d587f411	sieve	-O0	119.2
2026-08-05T02:44:48Z	plexus	a298d587f411	sieve	-O2	109.6
2026-08-05T02:44:48Z	plexus	a298d587f411	sieve	-O3	107.5
2026-08-05T02:44:48Z	plexus	a298d587f411	sieve	fpc	55.1
2026-08-05T02:44:48Z	plexus	a298d587f411	nbody	-O0	915.7
2026-08-05T02:44:48Z	plexus	a298d587f411	nbody	-O2	821.9
2026-08-05T02:44:48Z	plexus	a298d587f411	nbody	-O3	535.8
2026-08-05T02:44:48Z	plexus	a298d587f411	nbody	fpc	125.4
2026-08-05T02:44:48Z	plexus	a298d587f411	fib	-O0	375.7
2026-08-05T02:44:48Z	plexus	a298d587f411	fib	-O2	222.4
2026-08-05T02:44:48Z	plexus	a298d587f411	fib	-O3	140.0
2026-08-05T02:44:48Z	plexus	a298d587f411	fib	fpc	166.7
2026-08-05T02:44:48Z	plexus	a298d587f411	selfcompile	-O0	12800.5
2026-08-05T02:44:48Z	plexus	a298d587f411	selfcompile	-O2	10112.0
2026-08-05T02:44:48Z	plexus	a298d587f411	selfcompile	-O3	10234.7
2026-08-05T02:44:48Z	plexus	a298d587f411	selfcompile	fpc	5931.0
2026-08-05T06:06:28Z	plexus	45e0a6bd4220	mandelbrot	-O0	1857.4
2026-08-05T06:06:28Z	plexus	45e0a6bd4220	mandelbrot	-O2	1866.0
2026-08-05T06:06:28Z	plexus	45e0a6bd4220	mandelbrot	-O3	988.2
2026-08-05T06:06:28Z	plexus	45e0a6bd4220	mandelbrot-p	-O0	1838.7
2026-08-05T06:06:28Z	plexus	45e0a6bd4220	mandelbrot-p	-O2	1846.7
2026-08-05T06:06:28Z	plexus	45e0a6bd4220	mandelbrot-p	-O3	974.9
2026-08-05T06:06:28Z	plexus	45e0a6bd4220	mandelbrot-p	fpc	469.5
2026-08-05T06:06:28Z	plexus	45e0a6bd4220	raytracer	-O0	17510.5
2026-08-05T06:06:28Z	plexus	45e0a6bd4220	raytracer	-O2	10649.8
2026-08-05T06:06:28Z	plexus	45e0a6bd4220	raytracer	-O3	9284.8
2026-08-05T06:06:28Z	plexus	45e0a6bd4220	raytracer-p	-O0	430.0
2026-08-05T06:06:28Z	plexus	45e0a6bd4220	raytracer-p	-O2	409.0
2026-08-05T06:06:28Z	plexus	45e0a6bd4220	raytracer-p	-O3	346.9
2026-08-05T06:06:28Z	plexus	45e0a6bd4220	raytracer-p	fpc	42.6
2026-08-05T06:06:28Z	plexus	45e0a6bd4220	sieve	-O0	116.1
2026-08-05T06:06:28Z	plexus	45e0a6bd4220	sieve	-O2	109.8
2026-08-05T06:06:28Z	plexus	45e0a6bd4220	sieve	-O3	106.6
2026-08-05T06:06:28Z	plexus	45e0a6bd4220	sieve	fpc	56.3
2026-08-05T06:06:28Z	plexus	45e0a6bd4220	nbody	-O0	914.9
2026-08-05T06:06:28Z	plexus	45e0a6bd4220	nbody	-O2	828.9
2026-08-05T06:06:28Z	plexus	45e0a6bd4220	nbody	-O3	530.5
2026-08-05T06:06:28Z	plexus	45e0a6bd4220	nbody	fpc	125.8
2026-08-05T06:06:28Z	plexus	45e0a6bd4220	fib	-O0	373.9
2026-08-05T06:06:28Z	plexus	45e0a6bd4220	fib	-O2	227.7
2026-08-05T06:06:28Z	plexus	45e0a6bd4220	fib	-O3	144.8
2026-08-05T06:06:28Z	plexus	45e0a6bd4220	fib	fpc	168.0
2026-08-05T06:06:28Z	plexus	45e0a6bd4220	selfcompile	-O0	12763.0
2026-08-05T06:06:28Z	plexus	45e0a6bd4220	selfcompile	-O2	10168.1
2026-08-05T06:06:28Z	plexus	45e0a6bd4220	selfcompile	-O3	10217.3
2026-08-05T06:06:28Z	plexus	45e0a6bd4220	selfcompile	fpc	5938.4
2026-08-05T06:50:37Z	plexus	1787b2cf4b61	mandelbrot	-O0	1859.1
2026-08-05T06:50:37Z	plexus	1787b2cf4b61	mandelbrot	-O2	1869.5
2026-08-05T06:50:37Z	plexus	1787b2cf4b61	mandelbrot	-O3	987.5
2026-08-05T06:50:37Z	plexus	1787b2cf4b61	mandelbrot-p	-O0	1841.2
2026-08-05T06:50:37Z	plexus	1787b2cf4b61	mandelbrot-p	-O2	1842.0
2026-08-05T06:50:37Z	plexus	1787b2cf4b61	mandelbrot-p	-O3	970.5
2026-08-05T06:50:37Z	plexus	1787b2cf4b61	mandelbrot-p	fpc	471.7
2026-08-05T06:50:37Z	plexus	1787b2cf4b61	raytracer	-O0	17461.4
2026-08-05T06:50:37Z	plexus	1787b2cf4b61	raytracer	-O2	10649.9
2026-08-05T06:50:37Z	plexus	1787b2cf4b61	raytracer	-O3	9267.1
2026-08-05T06:50:37Z	plexus	1787b2cf4b61	raytracer-p	-O0	435.2
2026-08-05T06:50:37Z	plexus	1787b2cf4b61	raytracer-p	-O2	410.5
2026-08-05T06:50:37Z	plexus	1787b2cf4b61	raytracer-p	-O3	345.7
2026-08-05T06:50:37Z	plexus	1787b2cf4b61	raytracer-p	fpc	42.3
2026-08-05T06:50:37Z	plexus	1787b2cf4b61	sieve	-O0	115.6
2026-08-05T06:50:37Z	plexus	1787b2cf4b61	sieve	-O2	112.0
2026-08-05T06:50:37Z	plexus	1787b2cf4b61	sieve	-O3	106.6
2026-08-05T06:50:37Z	plexus	1787b2cf4b61	sieve	fpc	56.6
2026-08-05T06:50:37Z	plexus	1787b2cf4b61	nbody	-O0	910.5
2026-08-05T06:50:37Z	plexus	1787b2cf4b61	nbody	-O2	821.6
2026-08-05T06:50:37Z	plexus	1787b2cf4b61	nbody	-O3	536.7
2026-08-05T06:50:37Z	plexus	1787b2cf4b61	nbody	fpc	121.4
2026-08-05T06:50:37Z	plexus	1787b2cf4b61	fib	-O0	376.4
2026-08-05T06:50:37Z	plexus	1787b2cf4b61	fib	-O2	227.1
2026-08-05T06:50:37Z	plexus	1787b2cf4b61	fib	-O3	139.6
2026-08-05T06:50:37Z	plexus	1787b2cf4b61	fib	fpc	162.9
2026-08-05T06:50:37Z	plexus	1787b2cf4b61	selfcompile	-O0	12762.9
2026-08-05T06:50:37Z	plexus	1787b2cf4b61	selfcompile	-O2	10095.2
2026-08-05T06:50:37Z	plexus	1787b2cf4b61	selfcompile	-O3	10163.3
2026-08-05T06:50:37Z	plexus	1787b2cf4b61	selfcompile	fpc	5936.7
2026-08-05T07:59:40Z	plexus	65baa25f64df	mandelbrot	-O0	1858.3
2026-08-05T07:59:40Z	plexus	65baa25f64df	mandelbrot	-O2	1868.1
2026-08-05T07:59:40Z	plexus	65baa25f64df	mandelbrot	-O3	986.6
2026-08-05T07:59:40Z	plexus	65baa25f64df	mandelbrot-p	-O0	1839.5
2026-08-05T07:59:40Z	plexus	65baa25f64df	mandelbrot-p	-O2	1844.9
2026-08-05T07:59:40Z	plexus	65baa25f64df	mandelbrot-p	-O3	974.2
2026-08-05T07:59:40Z	plexus	65baa25f64df	mandelbrot-p	fpc	469.8
2026-08-05T07:59:40Z	plexus	65baa25f64df	raytracer	-O0	17446.3
2026-08-05T07:59:40Z	plexus	65baa25f64df	raytracer	-O2	10667.2
2026-08-05T07:59:40Z	plexus	65baa25f64df	raytracer	-O3	9308.8
2026-08-05T07:59:40Z	plexus	65baa25f64df	raytracer-p	-O0	431.2
2026-08-05T07:59:40Z	plexus	65baa25f64df	raytracer-p	-O2	409.1
2026-08-05T07:59:40Z	plexus	65baa25f64df	raytracer-p	-O3	345.5
2026-08-05T07:59:40Z	plexus	65baa25f64df	raytracer-p	fpc	47.3
2026-08-05T07:59:40Z	plexus	65baa25f64df	sieve	-O0	115.5
2026-08-05T07:59:40Z	plexus	65baa25f64df	sieve	-O2	109.4
2026-08-05T07:59:40Z	plexus	65baa25f64df	sieve	-O3	106.9
2026-08-05T07:59:40Z	plexus	65baa25f64df	sieve	fpc	56.5
2026-08-05T07:59:40Z	plexus	65baa25f64df	nbody	-O0	917.9
2026-08-05T07:59:40Z	plexus	65baa25f64df	nbody	-O2	825.9
2026-08-05T07:59:40Z	plexus	65baa25f64df	nbody	-O3	536.3
2026-08-05T07:59:40Z	plexus	65baa25f64df	nbody	fpc	121.2
2026-08-05T07:59:40Z	plexus	65baa25f64df	fib	-O0	373.0
2026-08-05T07:59:40Z	plexus	65baa25f64df	fib	-O2	223.2
2026-08-05T07:59:40Z	plexus	65baa25f64df	fib	-O3	143.2
2026-08-05T07:59:40Z	plexus	65baa25f64df	fib	fpc	167.3
2026-08-05T07:59:40Z	plexus	65baa25f64df	selfcompile	-O0	12852.1
2026-08-05T07:59:40Z	plexus	65baa25f64df	selfcompile	-O2	10172.3
2026-08-05T07:59:40Z	plexus	65baa25f64df	selfcompile	-O3	10269.4
2026-08-05T07:59:40Z	plexus	65baa25f64df	selfcompile	fpc	5954.7
2026-08-05T08:22:14Z	plexus	9df868bf3680	mandelbrot	-O0	1854.6
2026-08-05T08:22:14Z	plexus	9df868bf3680	mandelbrot	-O2	1862.7
2026-08-05T08:22:14Z	plexus	9df868bf3680	mandelbrot	-O3	989.1
2026-08-05T08:22:14Z	plexus	9df868bf3680	mandelbrot-p	-O0	1845.8
2026-08-05T08:22:14Z	plexus	9df868bf3680	mandelbrot-p	-O2	1853.7
2026-08-05T08:22:14Z	plexus	9df868bf3680	mandelbrot-p	-O3	973.2
2026-08-05T08:22:14Z	plexus	9df868bf3680	mandelbrot-p	fpc	473.0
2026-08-05T08:22:14Z	plexus	9df868bf3680	raytracer	-O0	17468.6
2026-08-05T08:22:14Z	plexus	9df868bf3680	raytracer	-O2	10681.3
2026-08-05T08:22:14Z	plexus	9df868bf3680	raytracer	-O3	9294.3
2026-08-05T08:22:14Z	plexus	9df868bf3680	raytracer-p	-O0	432.4
2026-08-05T08:22:14Z	plexus	9df868bf3680	raytracer-p	-O2	410.6
2026-08-05T08:22:14Z	plexus	9df868bf3680	raytracer-p	-O3	346.6
2026-08-05T08:22:14Z	plexus	9df868bf3680	raytracer-p	fpc	46.8
2026-08-05T08:22:14Z	plexus	9df868bf3680	sieve	-O0	120.8
2026-08-05T08:22:14Z	plexus	9df868bf3680	sieve	-O2	113.1
2026-08-05T08:22:14Z	plexus	9df868bf3680	sieve	-O3	106.5
2026-08-05T08:22:14Z	plexus	9df868bf3680	sieve	fpc	56.9
2026-08-05T08:22:14Z	plexus	9df868bf3680	nbody	-O0	917.5
2026-08-05T08:22:14Z	plexus	9df868bf3680	nbody	-O2	826.4
2026-08-05T08:22:14Z	plexus	9df868bf3680	nbody	-O3	531.2
2026-08-05T08:22:14Z	plexus	9df868bf3680	nbody	fpc	130.5
2026-08-05T08:22:14Z	plexus	9df868bf3680	fib	-O0	455.2
2026-08-05T08:22:14Z	plexus	9df868bf3680	fib	-O2	239.9
2026-08-05T08:22:14Z	plexus	9df868bf3680	fib	-O3	144.9
2026-08-05T08:22:14Z	plexus	9df868bf3680	fib	fpc	162.8
2026-08-05T08:22:14Z	plexus	9df868bf3680	selfcompile	-O0	12865.8
2026-08-05T08:22:14Z	plexus	9df868bf3680	selfcompile	-O2	10166.3
2026-08-05T08:22:14Z	plexus	9df868bf3680	selfcompile	-O3	10352.7
2026-08-05T08:22:14Z	plexus	9df868bf3680	selfcompile	fpc	5930.2
2026-08-05T08:50:15Z	plexus	7f635d4e13de	mandelbrot	-O0	1858.3
2026-08-05T08:50:15Z	plexus	7f635d4e13de	mandelbrot	-O2	1861.7
2026-08-05T08:50:15Z	plexus	7f635d4e13de	mandelbrot	-O3	987.1
2026-08-05T08:50:15Z	plexus	7f635d4e13de	mandelbrot-p	-O0	1838.8
2026-08-05T08:50:15Z	plexus	7f635d4e13de	mandelbrot-p	-O2	1847.9
2026-08-05T08:50:15Z	plexus	7f635d4e13de	mandelbrot-p	-O3	973.3
2026-08-05T08:50:15Z	plexus	7f635d4e13de	mandelbrot-p	fpc	470.4
2026-08-05T08:50:15Z	plexus	7f635d4e13de	raytracer	-O0	17518.3
2026-08-05T08:50:15Z	plexus	7f635d4e13de	raytracer	-O2	10645.6
2026-08-05T08:50:15Z	plexus	7f635d4e13de	raytracer	-O3	9287.9
2026-08-05T08:50:15Z	plexus	7f635d4e13de	raytracer-p	-O0	429.9
2026-08-05T08:50:15Z	plexus	7f635d4e13de	raytracer-p	-O2	414.1
2026-08-05T08:50:15Z	plexus	7f635d4e13de	raytracer-p	-O3	345.8
2026-08-05T08:50:15Z	plexus	7f635d4e13de	raytracer-p	fpc	46.9
2026-08-05T08:50:15Z	plexus	7f635d4e13de	sieve	-O0	115.9
2026-08-05T08:50:15Z	plexus	7f635d4e13de	sieve	-O2	112.9
2026-08-05T08:50:15Z	plexus	7f635d4e13de	sieve	-O3	106.3
2026-08-05T08:50:15Z	plexus	7f635d4e13de	sieve	fpc	51.9
2026-08-05T08:50:15Z	plexus	7f635d4e13de	nbody	-O0	915.0
2026-08-05T08:50:15Z	plexus	7f635d4e13de	nbody	-O2	823.9
2026-08-05T08:50:15Z	plexus	7f635d4e13de	nbody	-O3	531.5
2026-08-05T08:50:15Z	plexus	7f635d4e13de	nbody	fpc	125.6
2026-08-05T08:50:15Z	plexus	7f635d4e13de	fib	-O0	372.6
2026-08-05T08:50:15Z	plexus	7f635d4e13de	fib	-O2	222.7
2026-08-05T08:50:15Z	plexus	7f635d4e13de	fib	-O3	143.2
2026-08-05T08:50:15Z	plexus	7f635d4e13de	fib	fpc	162.9
2026-08-05T08:50:15Z	plexus	7f635d4e13de	selfcompile	-O0	12880.6
2026-08-05T08:50:15Z	plexus	7f635d4e13de	selfcompile	-O2	10144.6
2026-08-05T08:50:15Z	plexus	7f635d4e13de	selfcompile	-O3	10307.0
2026-08-05T08:50:15Z	plexus	7f635d4e13de	selfcompile	fpc	5948.4
2026-08-05T09:50:19Z	plexus	1b5f7c924744	mandelbrot	-O0	1857.8
2026-08-05T09:50:19Z	plexus	1b5f7c924744	mandelbrot	-O2	1869.1
2026-08-05T09:50:19Z	plexus	1b5f7c924744	mandelbrot	-O3	986.7
2026-08-05T09:50:19Z	plexus	1b5f7c924744	mandelbrot-p	-O0	1844.0
2026-08-05T09:50:19Z	plexus	1b5f7c924744	mandelbrot-p	-O2	1848.1
2026-08-05T09:50:19Z	plexus	1b5f7c924744	mandelbrot-p	-O3	974.7
2026-08-05T09:50:19Z	plexus	1b5f7c924744	mandelbrot-p	fpc	469.0
2026-08-05T09:50:19Z	plexus	1b5f7c924744	raytracer	-O0	17474.3
2026-08-05T09:50:19Z	plexus	1b5f7c924744	raytracer	-O2	10675.1
2026-08-05T09:50:19Z	plexus	1b5f7c924744	raytracer	-O3	9308.3
2026-08-05T09:50:19Z	plexus	1b5f7c924744	raytracer-p	-O0	431.2
2026-08-05T09:50:19Z	plexus	1b5f7c924744	raytracer-p	-O2	415.2
2026-08-05T09:50:19Z	plexus	1b5f7c924744	raytracer-p	-O3	344.5
2026-08-05T09:50:19Z	plexus	1b5f7c924744	raytracer-p	fpc	42.0
2026-08-05T09:50:19Z	plexus	1b5f7c924744	sieve	-O0	115.9
2026-08-05T09:50:19Z	plexus	1b5f7c924744	sieve	-O2	109.7
2026-08-05T09:50:19Z	plexus	1b5f7c924744	sieve	-O3	106.6
2026-08-05T09:50:19Z	plexus	1b5f7c924744	sieve	fpc	52.0
2026-08-05T09:50:19Z	plexus	1b5f7c924744	nbody	-O0	913.3
2026-08-05T09:50:19Z	plexus	1b5f7c924744	nbody	-O2	823.4
2026-08-05T09:50:19Z	plexus	1b5f7c924744	nbody	-O3	530.9
2026-08-05T09:50:19Z	plexus	1b5f7c924744	nbody	fpc	120.7
2026-08-05T09:50:19Z	plexus	1b5f7c924744	fib	-O0	377.5
2026-08-05T09:50:19Z	plexus	1b5f7c924744	fib	-O2	226.4
2026-08-05T09:50:19Z	plexus	1b5f7c924744	fib	-O3	140.0
2026-08-05T09:50:19Z	plexus	1b5f7c924744	fib	fpc	163.1
2026-08-05T09:50:19Z	plexus	1b5f7c924744	selfcompile	-O0	12898.3
2026-08-05T09:50:19Z	plexus	1b5f7c924744	selfcompile	-O2	10162.2
2026-08-05T09:50:19Z	plexus	1b5f7c924744	selfcompile	-O3	10318.6
2026-08-05T09:50:19Z	plexus	1b5f7c924744	selfcompile	fpc	5950.0
2026-08-05T12:11:51Z	plexus	40e9f860e744	mandelbrot	-O0	1849.8
2026-08-05T12:11:51Z	plexus	40e9f860e744	mandelbrot	-O2	1857.7
2026-08-05T12:11:51Z	plexus	40e9f860e744	mandelbrot	-O3	986.9
2026-08-05T12:11:51Z	plexus	40e9f860e744	mandelbrot-p	-O0	1832.5
2026-08-05T12:11:51Z	plexus	40e9f860e744	mandelbrot-p	-O2	1839.5
2026-08-05T12:11:51Z	plexus	40e9f860e744	mandelbrot-p	-O3	970.0
2026-08-05T12:11:51Z	plexus	40e9f860e744	mandelbrot-p	fpc	467.5
2026-08-05T12:11:51Z	plexus	40e9f860e744	raytracer	-O0	17375.0
2026-08-05T12:11:51Z	plexus	40e9f860e744	raytracer	-O2	10611.4
2026-08-05T12:11:51Z	plexus	40e9f860e744	raytracer	-O3	9259.9
2026-08-05T12:11:51Z	plexus	40e9f860e744	raytracer-p	-O0	429.6
2026-08-05T12:11:51Z	plexus	40e9f860e744	raytracer-p	-O2	411.9
2026-08-05T12:11:51Z	plexus	40e9f860e744	raytracer-p	-O3	348.3
2026-08-05T12:11:51Z	plexus	40e9f860e744	raytracer-p	fpc	46.0
2026-08-05T12:11:51Z	plexus	40e9f860e744	sieve	-O0	116.2
2026-08-05T12:11:51Z	plexus	40e9f860e744	sieve	-O2	113.8
2026-08-05T12:11:51Z	plexus	40e9f860e744	sieve	-O3	111.3
2026-08-05T12:11:51Z	plexus	40e9f860e744	sieve	fpc	51.9
2026-08-05T12:11:51Z	plexus	40e9f860e744	nbody	-O0	906.7
2026-08-05T12:11:51Z	plexus	40e9f860e744	nbody	-O2	824.4
2026-08-05T12:11:51Z	plexus	40e9f860e744	nbody	-O3	532.7
2026-08-05T12:11:51Z	plexus	40e9f860e744	nbody	fpc	121.6
2026-08-05T12:11:51Z	plexus	40e9f860e744	fib	-O0	376.6
2026-08-05T12:11:51Z	plexus	40e9f860e744	fib	-O2	223.6
2026-08-05T12:11:51Z	plexus	40e9f860e744	fib	-O3	139.0
2026-08-05T12:11:51Z	plexus	40e9f860e744	fib	fpc	166.0
2026-08-05T12:11:51Z	plexus	40e9f860e744	selfcompile	-O0	12847.0
2026-08-05T12:11:51Z	plexus	40e9f860e744	selfcompile	-O2	10194.4
2026-08-05T12:11:51Z	plexus	40e9f860e744	selfcompile	-O3	10480.9
2026-08-05T12:11:51Z	plexus	40e9f860e744	selfcompile	fpc	6043.3
2026-08-05T14:17:23Z	plexus	42a43b0dbab5	mandelbrot	-O0	1858.1
2026-08-05T14:17:23Z	plexus	42a43b0dbab5	mandelbrot	-O2	1871.9
2026-08-05T14:17:23Z	plexus	42a43b0dbab5	mandelbrot	-O3	987.7
2026-08-05T14:17:23Z	plexus	42a43b0dbab5	mandelbrot-p	-O0	1853.2
2026-08-05T14:17:23Z	plexus	42a43b0dbab5	mandelbrot-p	-O2	1856.4
2026-08-05T14:17:23Z	plexus	42a43b0dbab5	mandelbrot-p	-O3	971.4
2026-08-05T14:17:23Z	plexus	42a43b0dbab5	mandelbrot-p	fpc	470.7
2026-08-05T14:17:23Z	plexus	42a43b0dbab5	raytracer	-O0	17515.5
2026-08-05T14:17:23Z	plexus	42a43b0dbab5	raytracer	-O2	10721.2
2026-08-05T14:17:23Z	plexus	42a43b0dbab5	raytracer	-O3	9290.0
2026-08-05T14:17:23Z	plexus	42a43b0dbab5	raytracer-p	-O0	431.2
2026-08-05T14:17:23Z	plexus	42a43b0dbab5	raytracer-p	-O2	407.6
2026-08-05T14:17:23Z	plexus	42a43b0dbab5	raytracer-p	-O3	347.9
2026-08-05T14:17:23Z	plexus	42a43b0dbab5	raytracer-p	fpc	41.6
2026-08-05T14:17:23Z	plexus	42a43b0dbab5	sieve	-O0	114.8
2026-08-05T14:17:23Z	plexus	42a43b0dbab5	sieve	-O2	113.4
2026-08-05T14:17:23Z	plexus	42a43b0dbab5	sieve	-O3	108.7
2026-08-05T14:17:23Z	plexus	42a43b0dbab5	sieve	fpc	51.4
2026-08-05T14:17:23Z	plexus	42a43b0dbab5	nbody	-O0	911.1
2026-08-05T14:17:23Z	plexus	42a43b0dbab5	nbody	-O2	819.4
2026-08-05T14:17:23Z	plexus	42a43b0dbab5	nbody	-O3	529.8
2026-08-05T14:17:23Z	plexus	42a43b0dbab5	nbody	fpc	120.6
2026-08-05T14:17:23Z	plexus	42a43b0dbab5	fib	-O0	376.1
2026-08-05T14:17:23Z	plexus	42a43b0dbab5	fib	-O2	223.9
2026-08-05T14:17:23Z	plexus	42a43b0dbab5	fib	-O3	143.8
2026-08-05T14:17:23Z	plexus	42a43b0dbab5	fib	fpc	164.5
2026-08-05T14:17:23Z	plexus	42a43b0dbab5	selfcompile	-O0	12972.7
2026-08-05T14:17:23Z	plexus	42a43b0dbab5	selfcompile	-O2	10274.2
2026-08-05T14:17:23Z	plexus	42a43b0dbab5	selfcompile	-O3	10346.5
2026-08-05T14:17:23Z	plexus	42a43b0dbab5	selfcompile	fpc	5971.7
2026-08-05T15:16:47Z	plexus	e3ec3d62a5bb	mandelbrot	-O0	2277.4
2026-08-05T15:16:47Z	plexus	e3ec3d62a5bb	mandelbrot	-O2	2289.7
2026-08-05T15:16:47Z	plexus	e3ec3d62a5bb	mandelbrot	-O3	1211.7
2026-08-05T15:16:47Z	plexus	e3ec3d62a5bb	mandelbrot-p	-O0	1857.5
2026-08-05T15:16:47Z	plexus	e3ec3d62a5bb	mandelbrot-p	-O2	1859.9
2026-08-05T15:16:47Z	plexus	e3ec3d62a5bb	mandelbrot-p	-O3	982.1
2026-08-05T15:16:47Z	plexus	e3ec3d62a5bb	mandelbrot-p	fpc	476.3
2026-08-05T15:16:47Z	plexus	e3ec3d62a5bb	raytracer	-O0	17914.2
2026-08-05T15:16:47Z	plexus	e3ec3d62a5bb	raytracer	-O2	13137.5
2026-08-05T15:16:47Z	plexus	e3ec3d62a5bb	raytracer	-O3	11516.5
2026-08-05T15:16:47Z	plexus	e3ec3d62a5bb	raytracer-p	-O0	528.1
2026-08-05T15:16:47Z	plexus	e3ec3d62a5bb	raytracer-p	-O2	503.5
2026-08-05T15:16:47Z	plexus	e3ec3d62a5bb	raytracer-p	-O3	423.6
2026-08-05T15:16:47Z	plexus	e3ec3d62a5bb	raytracer-p	fpc	51.4
2026-08-05T15:16:47Z	plexus	e3ec3d62a5bb	sieve	-O0	140.6
2026-08-05T15:16:47Z	plexus	e3ec3d62a5bb	sieve	-O2	128.7
2026-08-05T15:16:47Z	plexus	e3ec3d62a5bb	sieve	-O3	127.7
2026-08-05T15:16:47Z	plexus	e3ec3d62a5bb	sieve	fpc	61.8
2026-08-05T15:16:47Z	plexus	e3ec3d62a5bb	nbody	-O0	1120.7
2026-08-05T15:16:47Z	plexus	e3ec3d62a5bb	nbody	-O2	1013.9
2026-08-05T15:16:47Z	plexus	e3ec3d62a5bb	nbody	-O3	656.6
2026-08-05T15:16:47Z	plexus	e3ec3d62a5bb	nbody	fpc	149.0
2026-08-05T15:16:47Z	plexus	e3ec3d62a5bb	fib	-O0	459.0
2026-08-05T15:16:47Z	plexus	e3ec3d62a5bb	fib	-O2	272.7
2026-08-05T15:16:47Z	plexus	e3ec3d62a5bb	fib	-O3	172.3
2026-08-05T15:16:47Z	plexus	e3ec3d62a5bb	fib	fpc	199.7
2026-08-05T15:16:47Z	plexus	e3ec3d62a5bb	selfcompile	-O0	16376.6
2026-08-05T15:16:47Z	plexus	e3ec3d62a5bb	selfcompile	-O2	12873.0
2026-08-05T15:16:47Z	plexus	e3ec3d62a5bb	selfcompile	-O3	13080.0
2026-08-05T15:16:47Z	plexus	e3ec3d62a5bb	selfcompile	fpc	7564.7
2026-08-05T15:58:29Z	plexus	e5016d1f4210	mandelbrot	-O0	1861.1
2026-08-05T15:58:29Z	plexus	e5016d1f4210	mandelbrot	-O2	1873.2
2026-08-05T15:58:29Z	plexus	e5016d1f4210	mandelbrot	-O3	987.3
2026-08-05T15:58:29Z	plexus	e5016d1f4210	mandelbrot-p	-O0	1837.3
2026-08-05T15:58:29Z	plexus	e5016d1f4210	mandelbrot-p	-O2	1844.4
2026-08-05T15:58:29Z	plexus	e5016d1f4210	mandelbrot-p	-O3	976.6
2026-08-05T15:58:29Z	plexus	e5016d1f4210	mandelbrot-p	fpc	471.7
2026-08-05T15:58:29Z	plexus	e5016d1f4210	raytracer	-O0	17541.2
2026-08-05T15:58:29Z	plexus	e5016d1f4210	raytracer	-O2	10751.8
2026-08-05T15:58:29Z	plexus	e5016d1f4210	raytracer	-O3	9304.4
2026-08-05T15:58:29Z	plexus	e5016d1f4210	raytracer-p	-O0	430.4
2026-08-05T15:58:29Z	plexus	e5016d1f4210	raytracer-p	-O2	409.8
2026-08-05T15:58:29Z	plexus	e5016d1f4210	raytracer-p	-O3	346.9
2026-08-05T15:58:29Z	plexus	e5016d1f4210	raytracer-p	fpc	42.0
2026-08-05T15:58:29Z	plexus	e5016d1f4210	sieve	-O0	121.4
2026-08-05T15:58:29Z	plexus	e5016d1f4210	sieve	-O2	106.5
2026-08-05T15:58:29Z	plexus	e5016d1f4210	sieve	-O3	104.5
2026-08-05T15:58:29Z	plexus	e5016d1f4210	sieve	fpc	56.3
2026-08-05T15:58:29Z	plexus	e5016d1f4210	nbody	-O0	912.3
2026-08-05T15:58:29Z	plexus	e5016d1f4210	nbody	-O2	819.9
2026-08-05T15:58:29Z	plexus	e5016d1f4210	nbody	-O3	529.6
2026-08-05T15:58:29Z	plexus	e5016d1f4210	nbody	fpc	125.4
2026-08-05T15:58:29Z	plexus	e5016d1f4210	fib	-O0	372.7
2026-08-05T15:58:29Z	plexus	e5016d1f4210	fib	-O2	227.0
2026-08-05T15:58:29Z	plexus	e5016d1f4210	fib	-O3	143.6
2026-08-05T15:58:29Z	plexus	e5016d1f4210	fib	fpc	161.5
2026-08-05T15:58:29Z	plexus	e5016d1f4210	selfcompile	-O0	13095.4
2026-08-05T15:58:29Z	plexus	e5016d1f4210	selfcompile	-O2	10272.5
2026-08-05T15:58:29Z	plexus	e5016d1f4210	selfcompile	-O3	10360.7
2026-08-05T15:58:29Z	plexus	e5016d1f4210	selfcompile	fpc	6064.4
2026-08-05T21:14:42Z	plexus	1a4f506fdb0e	mandelbrot	-O0	1852.9
2026-08-05T21:14:42Z	plexus	1a4f506fdb0e	mandelbrot	-O2	1877.7
2026-08-05T21:14:42Z	plexus	1a4f506fdb0e	mandelbrot	-O3	987.0
2026-08-05T21:14:42Z	plexus	1a4f506fdb0e	mandelbrot-p	-O0	1834.5
2026-08-05T21:14:42Z	plexus	1a4f506fdb0e	mandelbrot-p	-O2	1848.3
2026-08-05T21:14:42Z	plexus	1a4f506fdb0e	mandelbrot-p	-O3	970.3
2026-08-05T21:14:42Z	plexus	1a4f506fdb0e	mandelbrot-p	fpc	469.5
2026-08-05T21:14:42Z	plexus	1a4f506fdb0e	raytracer	-O0	17429.8
2026-08-05T21:14:42Z	plexus	1a4f506fdb0e	raytracer	-O2	10646.5
2026-08-05T21:14:42Z	plexus	1a4f506fdb0e	raytracer	-O3	9253.3
2026-08-05T21:14:42Z	plexus	1a4f506fdb0e	raytracer-p	-O0	429.2
2026-08-05T21:14:42Z	plexus	1a4f506fdb0e	raytracer-p	-O2	408.8
2026-08-05T21:14:42Z	plexus	1a4f506fdb0e	raytracer-p	-O3	344.4
2026-08-05T21:14:42Z	plexus	1a4f506fdb0e	raytracer-p	fpc	45.6
2026-08-05T21:14:42Z	plexus	1a4f506fdb0e	sieve	-O0	119.4
2026-08-05T21:14:42Z	plexus	1a4f506fdb0e	sieve	-O2	109.1
2026-08-05T21:14:42Z	plexus	1a4f506fdb0e	sieve	-O3	110.2
2026-08-05T21:14:42Z	plexus	1a4f506fdb0e	sieve	fpc	56.7
2026-08-05T21:14:42Z	plexus	1a4f506fdb0e	nbody	-O0	913.0
2026-08-05T21:14:42Z	plexus	1a4f506fdb0e	nbody	-O2	820.3
2026-08-05T21:14:42Z	plexus	1a4f506fdb0e	nbody	-O3	530.4
2026-08-05T21:14:42Z	plexus	1a4f506fdb0e	nbody	fpc	120.0
2026-08-05T21:14:42Z	plexus	1a4f506fdb0e	fib	-O0	370.7
2026-08-05T21:14:42Z	plexus	1a4f506fdb0e	fib	-O2	227.7
2026-08-05T21:14:42Z	plexus	1a4f506fdb0e	fib	-O3	142.4
2026-08-05T21:14:42Z	plexus	1a4f506fdb0e	fib	fpc	166.5
2026-08-05T21:14:42Z	plexus	1a4f506fdb0e	selfcompile	-O0	13166.4
2026-08-05T21:14:42Z	plexus	1a4f506fdb0e	selfcompile	-O2	10325.6
2026-08-05T21:14:42Z	plexus	1a4f506fdb0e	selfcompile	-O3	10319.7
2026-08-05T21:14:42Z	plexus	1a4f506fdb0e	selfcompile	fpc	5971.0
2026-08-05T22:02:25Z	plexus	82c881443e07	mandelbrot	-O0	1844.2
2026-08-05T22:02:25Z	plexus	82c881443e07	mandelbrot	-O2	1864.5
2026-08-05T22:02:25Z	plexus	82c881443e07	mandelbrot	-O3	989.8
2026-08-05T22:02:25Z	plexus	82c881443e07	mandelbrot-p	-O0	1842.7
2026-08-05T22:02:25Z	plexus	82c881443e07	mandelbrot-p	-O2	1843.6
2026-08-05T22:02:25Z	plexus	82c881443e07	mandelbrot-p	-O3	971.2
2026-08-05T22:02:25Z	plexus	82c881443e07	mandelbrot-p	fpc	468.2
2026-08-05T22:02:25Z	plexus	82c881443e07	raytracer	-O0	17454.9
2026-08-05T22:02:25Z	plexus	82c881443e07	raytracer	-O2	10652.4
2026-08-05T22:02:25Z	plexus	82c881443e07	raytracer	-O3	9292.0
2026-08-05T22:02:25Z	plexus	82c881443e07	raytracer-p	-O0	437.3
2026-08-05T22:02:25Z	plexus	82c881443e07	raytracer-p	-O2	479.9
2026-08-05T22:02:25Z	plexus	82c881443e07	raytracer-p	-O3	345.5
2026-08-05T22:02:25Z	plexus	82c881443e07	raytracer-p	fpc	42.7
2026-08-05T22:02:25Z	plexus	82c881443e07	sieve	-O0	115.6
2026-08-05T22:02:25Z	plexus	82c881443e07	sieve	-O2	108.0
2026-08-05T22:02:25Z	plexus	82c881443e07	sieve	-O3	106.8
2026-08-05T22:02:25Z	plexus	82c881443e07	sieve	fpc	56.6
2026-08-05T22:02:25Z	plexus	82c881443e07	nbody	-O0	909.8
2026-08-05T22:02:25Z	plexus	82c881443e07	nbody	-O2	821.4
2026-08-05T22:02:25Z	plexus	82c881443e07	nbody	-O3	531.9
2026-08-05T22:02:25Z	plexus	82c881443e07	nbody	fpc	123.3
2026-08-05T22:02:25Z	plexus	82c881443e07	fib	-O0	370.9
2026-08-05T22:02:25Z	plexus	82c881443e07	fib	-O2	223.0
2026-08-05T22:02:25Z	plexus	82c881443e07	fib	-O3	143.3
2026-08-05T22:02:25Z	plexus	82c881443e07	fib	fpc	161.5
2026-08-05T22:02:25Z	plexus	82c881443e07	selfcompile	-O0	13183.5
2026-08-05T22:02:25Z	plexus	82c881443e07	selfcompile	-O2	10413.4
2026-08-05T22:02:25Z	plexus	82c881443e07	selfcompile	-O3	10424.0
2026-08-05T22:02:25Z	plexus	82c881443e07	selfcompile	fpc	6067.4
2026-08-05T22:32:54Z	plexus	01ce477d8f8d	mandelbrot	-O0	1842.6
2026-08-05T22:32:54Z	plexus	01ce477d8f8d	mandelbrot	-O2	1852.2
2026-08-05T22:32:54Z	plexus	01ce477d8f8d	mandelbrot	-O3	979.5
2026-08-05T22:32:54Z	plexus	01ce477d8f8d	mandelbrot-p	-O0	1825.9
2026-08-05T22:32:54Z	plexus	01ce477d8f8d	mandelbrot-p	-O2	1836.0
2026-08-05T22:32:54Z	plexus	01ce477d8f8d	mandelbrot-p	-O3	966.3
2026-08-05T22:32:54Z	plexus	01ce477d8f8d	mandelbrot-p	fpc	468.8
2026-08-05T22:32:54Z	plexus	01ce477d8f8d	raytracer	-O0	17346.3
2026-08-05T22:32:54Z	plexus	01ce477d8f8d	raytracer	-O2	10593.2
2026-08-05T22:32:54Z	plexus	01ce477d8f8d	raytracer	-O3	9218.3
2026-08-05T22:32:54Z	plexus	01ce477d8f8d	raytracer-p	-O0	432.2
2026-08-05T22:32:54Z	plexus	01ce477d8f8d	raytracer-p	-O2	410.3
2026-08-05T22:32:54Z	plexus	01ce477d8f8d	raytracer-p	-O3	347.1
2026-08-05T22:32:54Z	plexus	01ce477d8f8d	raytracer-p	fpc	42.1
2026-08-05T22:32:54Z	plexus	01ce477d8f8d	sieve	-O0	120.8
2026-08-05T22:32:54Z	plexus	01ce477d8f8d	sieve	-O2	109.0
2026-08-05T22:32:54Z	plexus	01ce477d8f8d	sieve	-O3	107.6
2026-08-05T22:32:54Z	plexus	01ce477d8f8d	sieve	fpc	51.7
2026-08-05T22:32:54Z	plexus	01ce477d8f8d	nbody	-O0	909.0
2026-08-05T22:32:54Z	plexus	01ce477d8f8d	nbody	-O2	817.4
2026-08-05T22:32:54Z	plexus	01ce477d8f8d	nbody	-O3	531.9
2026-08-05T22:32:54Z	plexus	01ce477d8f8d	nbody	fpc	119.4
2026-08-05T22:32:54Z	plexus	01ce477d8f8d	fib	-O0	374.5
2026-08-05T22:32:54Z	plexus	01ce477d8f8d	fib	-O2	224.5
2026-08-05T22:32:54Z	plexus	01ce477d8f8d	fib	-O3	143.0
2026-08-05T22:32:54Z	plexus	01ce477d8f8d	fib	fpc	162.5
2026-08-05T22:32:54Z	plexus	01ce477d8f8d	selfcompile	-O0	13103.8
2026-08-05T22:32:54Z	plexus	01ce477d8f8d	selfcompile	-O2	10333.1
2026-08-05T22:32:54Z	plexus	01ce477d8f8d	selfcompile	-O3	10364.5
2026-08-05T22:32:54Z	plexus	01ce477d8f8d	selfcompile	fpc	5918.0
2026-08-06T05:08:45Z	plexus	cc4116ba900d	mandelbrot	-O0	1848.1
2026-08-06T05:08:45Z	plexus	cc4116ba900d	mandelbrot	-O2	1853.8
2026-08-06T05:08:45Z	plexus	cc4116ba900d	mandelbrot	-O3	980.9
2026-08-06T05:08:45Z	plexus	cc4116ba900d	mandelbrot-p	-O0	1827.6
2026-08-06T05:08:45Z	plexus	cc4116ba900d	mandelbrot-p	-O2	1844.3
2026-08-06T05:08:45Z	plexus	cc4116ba900d	mandelbrot-p	-O3	968.2
2026-08-06T05:08:45Z	plexus	cc4116ba900d	mandelbrot-p	fpc	469.3
2026-08-06T05:08:45Z	plexus	cc4116ba900d	raytracer	-O0	17353.5
2026-08-06T05:08:45Z	plexus	cc4116ba900d	raytracer	-O2	10592.7
2026-08-06T05:08:45Z	plexus	cc4116ba900d	raytracer	-O3	9234.0
2026-08-06T05:08:45Z	plexus	cc4116ba900d	raytracer-p	-O0	434.1
2026-08-06T05:08:45Z	plexus	cc4116ba900d	raytracer-p	-O2	412.7
2026-08-06T05:08:45Z	plexus	cc4116ba900d	raytracer-p	-O3	347.2
2026-08-06T05:08:45Z	plexus	cc4116ba900d	raytracer-p	fpc	42.3
2026-08-06T05:08:45Z	plexus	cc4116ba900d	sieve	-O0	120.3
2026-08-06T05:08:45Z	plexus	cc4116ba900d	sieve	-O2	110.0
2026-08-06T05:08:45Z	plexus	cc4116ba900d	sieve	-O3	108.5
2026-08-06T05:08:45Z	plexus	cc4116ba900d	sieve	fpc	51.9
2026-08-06T05:08:45Z	plexus	cc4116ba900d	nbody	-O0	911.4
2026-08-06T05:08:45Z	plexus	cc4116ba900d	nbody	-O2	822.7
2026-08-06T05:08:45Z	plexus	cc4116ba900d	nbody	-O3	527.2
2026-08-06T05:08:45Z	plexus	cc4116ba900d	nbody	fpc	125.1
2026-08-06T05:08:45Z	plexus	cc4116ba900d	fib	-O0	374.3
2026-08-06T05:08:45Z	plexus	cc4116ba900d	fib	-O2	220.9
2026-08-06T05:08:45Z	plexus	cc4116ba900d	fib	-O3	138.3
2026-08-06T05:08:45Z	plexus	cc4116ba900d	fib	fpc	162.3
2026-08-06T05:08:45Z	plexus	cc4116ba900d	selfcompile	-O0	13341.8
2026-08-06T05:08:45Z	plexus	cc4116ba900d	selfcompile	-O2	10368.5
2026-08-06T05:08:45Z	plexus	cc4116ba900d	selfcompile	-O3	10461.0
2026-08-06T05:08:45Z	plexus	cc4116ba900d	selfcompile	fpc	6013.1
2026-08-06T05:54:23Z	plexus	c82a911b91a7	mandelbrot	-O0	1857.1
2026-08-06T05:54:23Z	plexus	c82a911b91a7	mandelbrot	-O2	1869.7
2026-08-06T05:54:23Z	plexus	c82a911b91a7	mandelbrot	-O3	986.6
2026-08-06T05:54:23Z	plexus	c82a911b91a7	mandelbrot-p	-O0	1845.0
2026-08-06T05:54:23Z	plexus	c82a911b91a7	mandelbrot-p	-O2	1850.7
2026-08-06T05:54:23Z	plexus	c82a911b91a7	mandelbrot-p	-O3	968.3
2026-08-06T05:54:23Z	plexus	c82a911b91a7	mandelbrot-p	fpc	465.6
2026-08-06T05:54:23Z	plexus	c82a911b91a7	raytracer	-O0	17484.4
2026-08-06T05:54:23Z	plexus	c82a911b91a7	raytracer	-O2	10704.5
2026-08-06T05:54:23Z	plexus	c82a911b91a7	raytracer	-O3	9313.3
2026-08-06T05:54:23Z	plexus	c82a911b91a7	raytracer-p	-O0	428.3
2026-08-06T05:54:23Z	plexus	c82a911b91a7	raytracer-p	-O2	408.2
2026-08-06T05:54:23Z	plexus	c82a911b91a7	raytracer-p	-O3	346.9
2026-08-06T05:54:23Z	plexus	c82a911b91a7	raytracer-p	fpc	42.5
2026-08-06T05:54:23Z	plexus	c82a911b91a7	sieve	-O0	119.4
2026-08-06T05:54:23Z	plexus	c82a911b91a7	sieve	-O2	110.0
2026-08-06T05:54:23Z	plexus	c82a911b91a7	sieve	-O3	106.8
2026-08-06T05:54:23Z	plexus	c82a911b91a7	sieve	fpc	56.9
2026-08-06T05:54:23Z	plexus	c82a911b91a7	nbody	-O0	925.0
2026-08-06T05:54:23Z	plexus	c82a911b91a7	nbody	-O2	829.7
2026-08-06T05:54:23Z	plexus	c82a911b91a7	nbody	-O3	536.6
2026-08-06T05:54:23Z	plexus	c82a911b91a7	nbody	fpc	148.1
2026-08-06T05:54:23Z	plexus	c82a911b91a7	fib	-O0	455.9
2026-08-06T05:54:23Z	plexus	c82a911b91a7	fib	-O2	227.0
2026-08-06T05:54:23Z	plexus	c82a911b91a7	fib	-O3	138.5
2026-08-06T05:54:23Z	plexus	c82a911b91a7	fib	fpc	166.5
2026-08-06T05:54:23Z	plexus	c82a911b91a7	selfcompile	-O0	13388.1
2026-08-06T05:54:23Z	plexus	c82a911b91a7	selfcompile	-O2	10402.6
2026-08-06T05:54:23Z	plexus	c82a911b91a7	selfcompile	-O3	10459.3
2026-08-06T05:54:23Z	plexus	c82a911b91a7	selfcompile	fpc	6039.0
2026-08-06T07:26:09Z	plexus	412fda7a3102	mandelbrot	-O0	1854.6
2026-08-06T07:26:09Z	plexus	412fda7a3102	mandelbrot	-O2	1865.6
2026-08-06T07:26:09Z	plexus	412fda7a3102	mandelbrot	-O3	993.8
2026-08-06T07:26:09Z	plexus	412fda7a3102	mandelbrot-p	-O0	1830.9
2026-08-06T07:26:09Z	plexus	412fda7a3102	mandelbrot-p	-O2	1868.6
2026-08-06T07:26:09Z	plexus	412fda7a3102	mandelbrot-p	-O3	970.8
2026-08-06T07:26:09Z	plexus	412fda7a3102	mandelbrot-p	fpc	469.9
2026-08-06T07:26:09Z	plexus	412fda7a3102	raytracer	-O0	17519.2
2026-08-06T07:26:09Z	plexus	412fda7a3102	raytracer	-O2	10672.6
2026-08-06T07:26:09Z	plexus	412fda7a3102	raytracer	-O3	9272.0
2026-08-06T07:26:09Z	plexus	412fda7a3102	raytracer-p	-O0	437.2
2026-08-06T07:26:09Z	plexus	412fda7a3102	raytracer-p	-O2	411.5
2026-08-06T07:26:09Z	plexus	412fda7a3102	raytracer-p	-O3	351.0
2026-08-06T07:26:09Z	plexus	412fda7a3102	raytracer-p	fpc	47.1
2026-08-06T07:26:09Z	plexus	412fda7a3102	sieve	-O0	116.1
2026-08-06T07:26:09Z	plexus	412fda7a3102	sieve	-O2	105.1
2026-08-06T07:26:09Z	plexus	412fda7a3102	sieve	-O3	109.6
2026-08-06T07:26:09Z	plexus	412fda7a3102	sieve	fpc	55.4
2026-08-06T07:26:09Z	plexus	412fda7a3102	nbody	-O0	917.0
2026-08-06T07:26:09Z	plexus	412fda7a3102	nbody	-O2	826.5
2026-08-06T07:26:09Z	plexus	412fda7a3102	nbody	-O3	533.3
2026-08-06T07:26:09Z	plexus	412fda7a3102	nbody	fpc	121.0
2026-08-06T07:26:09Z	plexus	412fda7a3102	fib	-O0	373.0
2026-08-06T07:26:09Z	plexus	412fda7a3102	fib	-O2	222.7
2026-08-06T07:26:09Z	plexus	412fda7a3102	fib	-O3	142.2
2026-08-06T07:26:09Z	plexus	412fda7a3102	fib	fpc	161.3
2026-08-06T07:26:09Z	plexus	412fda7a3102	selfcompile	-O0	13227.6
2026-08-06T07:26:09Z	plexus	412fda7a3102	selfcompile	-O2	10469.6
2026-08-06T07:26:09Z	plexus	412fda7a3102	selfcompile	-O3	10451.5
2026-08-06T07:26:09Z	plexus	412fda7a3102	selfcompile	fpc	5934.1
2026-08-06T08:25:16Z	plexus	54fbd2754fc4	mandelbrot	-O0	1872.0
2026-08-06T08:25:16Z	plexus	54fbd2754fc4	mandelbrot	-O2	1903.2
2026-08-06T08:25:16Z	plexus	54fbd2754fc4	mandelbrot	-O3	986.2
2026-08-06T08:25:16Z	plexus	54fbd2754fc4	mandelbrot-p	-O0	1840.9
2026-08-06T08:25:16Z	plexus	54fbd2754fc4	mandelbrot-p	-O2	1845.3
2026-08-06T08:25:16Z	plexus	54fbd2754fc4	mandelbrot-p	-O3	974.9
2026-08-06T08:25:16Z	plexus	54fbd2754fc4	mandelbrot-p	fpc	479.6
2026-08-06T08:25:16Z	plexus	54fbd2754fc4	raytracer	-O0	17548.3
2026-08-06T08:25:16Z	plexus	54fbd2754fc4	raytracer	-O2	10747.5
2026-08-06T08:25:16Z	plexus	54fbd2754fc4	raytracer	-O3	9342.3
2026-08-06T08:25:16Z	plexus	54fbd2754fc4	raytracer-p	-O0	440.2
2026-08-06T08:25:16Z	plexus	54fbd2754fc4	raytracer-p	-O2	411.7
2026-08-06T08:25:16Z	plexus	54fbd2754fc4	raytracer-p	-O3	347.9
2026-08-06T08:25:16Z	plexus	54fbd2754fc4	raytracer-p	fpc	47.1
2026-08-06T08:25:16Z	plexus	54fbd2754fc4	sieve	-O0	121.2
2026-08-06T08:25:16Z	plexus	54fbd2754fc4	sieve	-O2	108.6
2026-08-06T08:25:16Z	plexus	54fbd2754fc4	sieve	-O3	104.9
2026-08-06T08:25:16Z	plexus	54fbd2754fc4	sieve	fpc	51.5
2026-08-06T08:25:16Z	plexus	54fbd2754fc4	nbody	-O0	917.1
2026-08-06T08:25:16Z	plexus	54fbd2754fc4	nbody	-O2	821.6
2026-08-06T08:25:16Z	plexus	54fbd2754fc4	nbody	-O3	532.5
2026-08-06T08:25:16Z	plexus	54fbd2754fc4	nbody	fpc	125.7
2026-08-06T08:25:16Z	plexus	54fbd2754fc4	fib	-O0	380.8
2026-08-06T08:25:16Z	plexus	54fbd2754fc4	fib	-O2	224.7
2026-08-06T08:25:16Z	plexus	54fbd2754fc4	fib	-O3	139.8
2026-08-06T08:25:16Z	plexus	54fbd2754fc4	fib	fpc	166.6
2026-08-06T08:25:16Z	plexus	54fbd2754fc4	selfcompile	-O0	13278.8
2026-08-06T08:25:16Z	plexus	54fbd2754fc4	selfcompile	-O2	10454.0
2026-08-06T08:25:16Z	plexus	54fbd2754fc4	selfcompile	-O3	10502.1
2026-08-06T08:25:16Z	plexus	54fbd2754fc4	selfcompile	fpc	6028.5
2026-08-06T08:54:32Z	plexus	88b8aeb94e38	mandelbrot	-O0	1865.2
2026-08-06T08:54:32Z	plexus	88b8aeb94e38	mandelbrot	-O2	1869.0
2026-08-06T08:54:32Z	plexus	88b8aeb94e38	mandelbrot	-O3	1001.1
2026-08-06T08:54:32Z	plexus	88b8aeb94e38	mandelbrot-p	-O0	1847.5
2026-08-06T08:54:32Z	plexus	88b8aeb94e38	mandelbrot-p	-O2	1851.6
2026-08-06T08:54:32Z	plexus	88b8aeb94e38	mandelbrot-p	-O3	983.6
2026-08-06T08:54:32Z	plexus	88b8aeb94e38	mandelbrot-p	fpc	471.5
2026-08-06T08:54:32Z	plexus	88b8aeb94e38	raytracer	-O0	17486.0
2026-08-06T08:54:32Z	plexus	88b8aeb94e38	raytracer	-O2	10646.7
2026-08-06T08:54:32Z	plexus	88b8aeb94e38	raytracer	-O3	9288.3
2026-08-06T08:54:32Z	plexus	88b8aeb94e38	raytracer-p	-O0	434.4
2026-08-06T08:54:32Z	plexus	88b8aeb94e38	raytracer-p	-O2	412.2
2026-08-06T08:54:32Z	plexus	88b8aeb94e38	raytracer-p	-O3	348.7
2026-08-06T08:54:32Z	plexus	88b8aeb94e38	raytracer-p	fpc	41.8
2026-08-06T08:54:32Z	plexus	88b8aeb94e38	sieve	-O0	116.4
2026-08-06T08:54:32Z	plexus	88b8aeb94e38	sieve	-O2	104.3
2026-08-06T08:54:32Z	plexus	88b8aeb94e38	sieve	-O3	108.4
2026-08-06T08:54:32Z	plexus	88b8aeb94e38	sieve	fpc	51.8
2026-08-06T08:54:32Z	plexus	88b8aeb94e38	nbody	-O0	917.9
2026-08-06T08:54:32Z	plexus	88b8aeb94e38	nbody	-O2	820.5
2026-08-06T08:54:32Z	plexus	88b8aeb94e38	nbody	-O3	530.5
2026-08-06T08:54:32Z	plexus	88b8aeb94e38	nbody	fpc	120.7
2026-08-06T08:54:32Z	plexus	88b8aeb94e38	fib	-O0	371.8
2026-08-06T08:54:32Z	plexus	88b8aeb94e38	fib	-O2	227.6
2026-08-06T08:54:32Z	plexus	88b8aeb94e38	fib	-O3	139.7
2026-08-06T08:54:32Z	plexus	88b8aeb94e38	fib	fpc	167.1
2026-08-06T08:54:32Z	plexus	88b8aeb94e38	selfcompile	-O0	13287.5
2026-08-06T08:54:32Z	plexus	88b8aeb94e38	selfcompile	-O2	10410.7
2026-08-06T08:54:32Z	plexus	88b8aeb94e38	selfcompile	-O3	10572.1
2026-08-06T08:54:32Z	plexus	88b8aeb94e38	selfcompile	fpc	5982.7
2026-08-06T15:15:50Z	plexus	7c503da50072	mandelbrot	-O0	1874.9
2026-08-06T15:15:50Z	plexus	7c503da50072	mandelbrot	-O2	1875.0
2026-08-06T15:15:50Z	plexus	7c503da50072	mandelbrot	-O3	993.5
2026-08-06T15:15:50Z	plexus	7c503da50072	mandelbrot-p	-O0	1843.2
2026-08-06T15:15:50Z	plexus	7c503da50072	mandelbrot-p	-O2	1859.4
2026-08-06T15:15:50Z	plexus	7c503da50072	mandelbrot-p	-O3	968.0
2026-08-06T15:15:50Z	plexus	7c503da50072	mandelbrot-p	fpc	466.3
2026-08-06T15:15:50Z	plexus	7c503da50072	raytracer	-O0	17524.1
2026-08-06T15:15:50Z	plexus	7c503da50072	raytracer	-O2	10654.3
2026-08-06T15:15:50Z	plexus	7c503da50072	raytracer	-O3	9268.3
2026-08-06T15:15:50Z	plexus	7c503da50072	raytracer-p	-O0	440.3
2026-08-06T15:15:50Z	plexus	7c503da50072	raytracer-p	-O2	502.6
2026-08-06T15:15:50Z	plexus	7c503da50072	raytracer-p	-O3	420.7
2026-08-06T15:15:50Z	plexus	7c503da50072	raytracer-p	fpc	43.2
2026-08-06T15:15:50Z	plexus	7c503da50072	sieve	-O0	116.6
2026-08-06T15:15:50Z	plexus	7c503da50072	sieve	-O2	103.1
2026-08-06T15:15:50Z	plexus	7c503da50072	sieve	-O3	105.5
2026-08-06T15:15:50Z	plexus	7c503da50072	sieve	fpc	53.7
2026-08-06T15:15:50Z	plexus	7c503da50072	nbody	-O0	921.2
2026-08-06T15:15:50Z	plexus	7c503da50072	nbody	-O2	829.0
2026-08-06T15:15:50Z	plexus	7c503da50072	nbody	-O3	536.2
2026-08-06T15:15:50Z	plexus	7c503da50072	nbody	fpc	121.7
2026-08-06T15:15:50Z	plexus	7c503da50072	fib	-O0	379.0
2026-08-06T15:15:50Z	plexus	7c503da50072	fib	-O2	223.5
2026-08-06T15:15:50Z	plexus	7c503da50072	fib	-O3	144.2
2026-08-06T15:15:50Z	plexus	7c503da50072	fib	fpc	165.0
2026-08-06T15:15:50Z	plexus	7c503da50072	selfcompile	-O0	13295.9
2026-08-06T15:15:50Z	plexus	7c503da50072	selfcompile	-O2	10496.5
2026-08-06T15:15:50Z	plexus	7c503da50072	selfcompile	-O3	10505.9
2026-08-06T15:15:50Z	plexus	7c503da50072	selfcompile	fpc	6020.0
2026-08-06T15:59:05Z	plexus	05c13f76f421	mandelbrot	-O0	2018.2
2026-08-06T15:59:05Z	plexus	05c13f76f421	mandelbrot	-O2	1868.5
2026-08-06T15:59:05Z	plexus	05c13f76f421	mandelbrot	-O3	992.4
2026-08-06T15:59:05Z	plexus	05c13f76f421	mandelbrot-p	-O0	1840.7
2026-08-06T15:59:05Z	plexus	05c13f76f421	mandelbrot-p	-O2	1867.9
2026-08-06T15:59:05Z	plexus	05c13f76f421	mandelbrot-p	-O3	975.7
2026-08-06T15:59:05Z	plexus	05c13f76f421	mandelbrot-p	fpc	474.1
2026-08-06T15:59:05Z	plexus	05c13f76f421	raytracer	-O0	17699.0
2026-08-06T15:59:05Z	plexus	05c13f76f421	raytracer	-O2	10802.6
2026-08-06T15:59:05Z	plexus	05c13f76f421	raytracer	-O3	9320.5
2026-08-06T15:59:05Z	plexus	05c13f76f421	raytracer-p	-O0	441.0
2026-08-06T15:59:05Z	plexus	05c13f76f421	raytracer-p	-O2	416.1
2026-08-06T15:59:05Z	plexus	05c13f76f421	raytracer-p	-O3	348.9
2026-08-06T15:59:05Z	plexus	05c13f76f421	raytracer-p	fpc	47.1
2026-08-06T15:59:05Z	plexus	05c13f76f421	sieve	-O0	119.4
2026-08-06T15:59:05Z	plexus	05c13f76f421	sieve	-O2	108.2
2026-08-06T15:59:05Z	plexus	05c13f76f421	sieve	-O3	128.0
2026-08-06T15:59:05Z	plexus	05c13f76f421	sieve	fpc	63.4
2026-08-06T15:59:05Z	plexus	05c13f76f421	nbody	-O0	918.0
2026-08-06T15:59:05Z	plexus	05c13f76f421	nbody	-O2	829.5
2026-08-06T15:59:05Z	plexus	05c13f76f421	nbody	-O3	536.9
2026-08-06T15:59:05Z	plexus	05c13f76f421	nbody	fpc	122.5
2026-08-06T15:59:05Z	plexus	05c13f76f421	fib	-O0	380.9
2026-08-06T15:59:05Z	plexus	05c13f76f421	fib	-O2	225.1
2026-08-06T15:59:05Z	plexus	05c13f76f421	fib	-O3	139.3
2026-08-06T15:59:05Z	plexus	05c13f76f421	fib	fpc	162.6
2026-08-06T15:59:05Z	plexus	05c13f76f421	selfcompile	-O0	13206.3
2026-08-06T15:59:05Z	plexus	05c13f76f421	selfcompile	-O2	10462.1
2026-08-06T15:59:05Z	plexus	05c13f76f421	selfcompile	-O3	10572.9
2026-08-06T15:59:05Z	plexus	05c13f76f421	selfcompile	fpc	5966.8
2026-08-06T16:58:45Z	plexus	bd27911782ca	mandelbrot	-O0	1855.5
2026-08-06T16:58:45Z	plexus	bd27911782ca	mandelbrot	-O2	1857.4
2026-08-06T16:58:45Z	plexus	bd27911782ca	mandelbrot	-O3	984.7
2026-08-06T16:58:45Z	plexus	bd27911782ca	mandelbrot-p	-O0	1832.6
2026-08-06T16:58:45Z	plexus	bd27911782ca	mandelbrot-p	-O2	1843.5
2026-08-06T16:58:45Z	plexus	bd27911782ca	mandelbrot-p	-O3	969.7
2026-08-06T16:58:45Z	plexus	bd27911782ca	mandelbrot-p	fpc	476.0
2026-08-06T16:58:45Z	plexus	bd27911782ca	raytracer	-O0	17725.4
2026-08-06T16:58:45Z	plexus	bd27911782ca	raytracer	-O2	13117.0
2026-08-06T16:58:45Z	plexus	bd27911782ca	raytracer	-O3	11465.7
2026-08-06T16:58:45Z	plexus	bd27911782ca	raytracer-p	-O0	532.8
2026-08-06T16:58:45Z	plexus	bd27911782ca	raytracer-p	-O2	501.7
2026-08-06T16:58:45Z	plexus	bd27911782ca	raytracer-p	-O3	421.8
2026-08-06T16:58:45Z	plexus	bd27911782ca	raytracer-p	fpc	51.3
2026-08-06T16:58:45Z	plexus	bd27911782ca	sieve	-O0	141.1
2026-08-06T16:58:45Z	plexus	bd27911782ca	sieve	-O2	125.9
2026-08-06T16:58:45Z	plexus	bd27911782ca	sieve	-O3	127.2
2026-08-06T16:58:45Z	plexus	bd27911782ca	sieve	fpc	62.4
2026-08-06T16:58:45Z	plexus	bd27911782ca	nbody	-O0	1120.4
2026-08-06T16:58:45Z	plexus	bd27911782ca	nbody	-O2	1011.9
2026-08-06T16:58:45Z	plexus	bd27911782ca	nbody	-O3	650.9
2026-08-06T16:58:45Z	plexus	bd27911782ca	nbody	fpc	148.1
2026-08-06T16:58:45Z	plexus	bd27911782ca	fib	-O0	455.7
2026-08-06T16:58:45Z	plexus	bd27911782ca	fib	-O2	273.4
2026-08-06T16:58:45Z	plexus	bd27911782ca	fib	-O3	169.1
2026-08-06T16:58:45Z	plexus	bd27911782ca	fib	fpc	198.0
2026-08-06T16:58:45Z	plexus	bd27911782ca	selfcompile	-O0	16441.9
2026-08-06T16:58:45Z	plexus	bd27911782ca	selfcompile	-O2	12941.5
2026-08-06T16:58:45Z	plexus	bd27911782ca	selfcompile	-O3	12152.2
2026-08-06T16:58:45Z	plexus	bd27911782ca	selfcompile	fpc	5999.6
2026-08-06T17:52:31Z	plexus	86d767151cd4	mandelbrot	-O0	2295.3
2026-08-06T17:52:31Z	plexus	86d767151cd4	mandelbrot	-O2	2295.3
2026-08-06T17:52:31Z	plexus	86d767151cd4	mandelbrot	-O3	1216.4
2026-08-06T17:52:31Z	plexus	86d767151cd4	mandelbrot-p	-O0	2266.8
2026-08-06T17:52:31Z	plexus	86d767151cd4	mandelbrot-p	-O2	2001.2
2026-08-06T17:52:31Z	plexus	86d767151cd4	mandelbrot-p	-O3	1041.0
2026-08-06T17:52:31Z	plexus	86d767151cd4	mandelbrot-p	fpc	503.5
2026-08-06T17:52:31Z	plexus	86d767151cd4	raytracer	-O0	19038.1
2026-08-06T17:52:31Z	plexus	86d767151cd4	raytracer	-O2	11521.3
2026-08-06T17:52:31Z	plexus	86d767151cd4	raytracer	-O3	10061.2
2026-08-06T17:52:31Z	plexus	86d767151cd4	raytracer-p	-O0	461.9
2026-08-06T17:52:31Z	plexus	86d767151cd4	raytracer-p	-O2	441.2
2026-08-06T17:52:31Z	plexus	86d767151cd4	raytracer-p	-O3	374.2
2026-08-06T17:52:31Z	plexus	86d767151cd4	raytracer-p	fpc	43.8
2026-08-06T17:52:31Z	plexus	86d767151cd4	sieve	-O0	123.3
2026-08-06T17:52:31Z	plexus	86d767151cd4	sieve	-O2	110.1
2026-08-06T17:52:31Z	plexus	86d767151cd4	sieve	-O3	112.5
2026-08-06T17:52:31Z	plexus	86d767151cd4	sieve	fpc	54.1
2026-08-06T17:52:31Z	plexus	86d767151cd4	nbody	-O0	987.2
2026-08-06T17:52:31Z	plexus	86d767151cd4	nbody	-O2	883.3
2026-08-06T17:52:31Z	plexus	86d767151cd4	nbody	-O3	572.5
2026-08-06T17:52:31Z	plexus	86d767151cd4	nbody	fpc	129.6
2026-08-06T17:52:31Z	plexus	86d767151cd4	fib	-O0	400.4
2026-08-06T17:52:31Z	plexus	86d767151cd4	fib	-O2	235.2
2026-08-06T17:52:31Z	plexus	86d767151cd4	fib	-O3	148.1
2026-08-06T17:52:31Z	plexus	86d767151cd4	fib	fpc	173.1
2026-08-06T17:52:31Z	plexus	86d767151cd4	selfcompile	-O0	14594.9
2026-08-06T17:52:31Z	plexus	86d767151cd4	selfcompile	-O2	11366.4
2026-08-06T17:52:31Z	plexus	86d767151cd4	selfcompile	-O3	10866.3
2026-08-06T17:52:31Z	plexus	86d767151cd4	selfcompile	fpc	7620.7
2026-08-06T19:07:11Z	plexus	899e51cda3ba	mandelbrot	-O0	1853.0
2026-08-06T19:07:11Z	plexus	899e51cda3ba	mandelbrot	-O2	1859.9
2026-08-06T19:07:11Z	plexus	899e51cda3ba	mandelbrot	-O3	983.2
2026-08-06T19:07:11Z	plexus	899e51cda3ba	mandelbrot-p	-O0	1830.1
2026-08-06T19:07:11Z	plexus	899e51cda3ba	mandelbrot-p	-O2	1846.5
2026-08-06T19:07:11Z	plexus	899e51cda3ba	mandelbrot-p	-O3	969.0
2026-08-06T19:07:11Z	plexus	899e51cda3ba	mandelbrot-p	fpc	467.7
2026-08-06T19:07:11Z	plexus	899e51cda3ba	raytracer	-O0	17417.2
2026-08-06T19:07:11Z	plexus	899e51cda3ba	raytracer	-O2	10626.4
2026-08-06T19:07:11Z	plexus	899e51cda3ba	raytracer	-O3	9250.2
2026-08-06T19:07:11Z	plexus	899e51cda3ba	raytracer-p	-O0	434.0
2026-08-06T19:07:11Z	plexus	899e51cda3ba	raytracer-p	-O2	409.8
2026-08-06T19:07:11Z	plexus	899e51cda3ba	raytracer-p	-O3	350.5
2026-08-06T19:07:11Z	plexus	899e51cda3ba	raytracer-p	fpc	42.9
2026-08-06T19:07:11Z	plexus	899e51cda3ba	sieve	-O0	115.6
2026-08-06T19:07:11Z	plexus	899e51cda3ba	sieve	-O2	106.9
2026-08-06T19:07:11Z	plexus	899e51cda3ba	sieve	-O3	111.3
2026-08-06T19:07:11Z	plexus	899e51cda3ba	sieve	fpc	54.0
2026-08-06T19:07:11Z	plexus	899e51cda3ba	nbody	-O0	913.8
2026-08-06T19:07:11Z	plexus	899e51cda3ba	nbody	-O2	824.6
2026-08-06T19:07:11Z	plexus	899e51cda3ba	nbody	-O3	529.2
2026-08-06T19:07:11Z	plexus	899e51cda3ba	nbody	fpc	125.2
2026-08-06T19:07:11Z	plexus	899e51cda3ba	fib	-O0	371.0
2026-08-06T19:07:11Z	plexus	899e51cda3ba	fib	-O2	222.7
2026-08-06T19:07:11Z	plexus	899e51cda3ba	fib	-O3	139.6
2026-08-06T19:07:11Z	plexus	899e51cda3ba	fib	fpc	167.1
2026-08-06T19:07:11Z	plexus	899e51cda3ba	selfcompile	-O0	12205.1
2026-08-06T19:07:11Z	plexus	899e51cda3ba	selfcompile	-O2	9746.2
2026-08-06T19:07:11Z	plexus	899e51cda3ba	selfcompile	-O3	9774.6
2026-08-06T19:07:11Z	plexus	899e51cda3ba	selfcompile	fpc	5947.2
2026-08-06T21:56:06Z	plexus	398e72d2c758	mandelbrot	-O0	2008.1
2026-08-06T21:56:06Z	plexus	398e72d2c758	mandelbrot	-O2	2016.9
2026-08-06T21:56:06Z	plexus	398e72d2c758	mandelbrot	-O3	1064.3
2026-08-06T21:56:06Z	plexus	398e72d2c758	mandelbrot-p	-O0	1982.6
2026-08-06T21:56:06Z	plexus	398e72d2c758	mandelbrot-p	-O2	1994.4
2026-08-06T21:56:06Z	plexus	398e72d2c758	mandelbrot-p	-O3	1052.0
2026-08-06T21:56:06Z	plexus	398e72d2c758	mandelbrot-p	fpc	497.7
2026-08-06T21:56:06Z	plexus	398e72d2c758	raytracer	-O0	18815.2
2026-08-06T21:56:06Z	plexus	398e72d2c758	raytracer	-O2	11431.8
2026-08-06T21:56:06Z	plexus	398e72d2c758	raytracer	-O3	9956.1
2026-08-06T21:56:06Z	plexus	398e72d2c758	raytracer-p	-O0	460.6
2026-08-06T21:56:06Z	plexus	398e72d2c758	raytracer-p	-O2	438.3
2026-08-06T21:56:06Z	plexus	398e72d2c758	raytracer-p	-O3	368.9
2026-08-06T21:56:06Z	plexus	398e72d2c758	raytracer-p	fpc	43.6
2026-08-06T21:56:06Z	plexus	398e72d2c758	sieve	-O0	123.1
2026-08-06T21:56:06Z	plexus	398e72d2c758	sieve	-O2	112.4
2026-08-06T21:56:06Z	plexus	398e72d2c758	sieve	-O3	113.2
2026-08-06T21:56:06Z	plexus	398e72d2c758	sieve	fpc	54.0
2026-08-06T21:56:06Z	plexus	398e72d2c758	nbody	-O0	975.7
2026-08-06T21:56:06Z	plexus	398e72d2c758	nbody	-O2	882.6
2026-08-06T21:56:06Z	plexus	398e72d2c758	nbody	-O3	567.3
2026-08-06T21:56:06Z	plexus	398e72d2c758	nbody	fpc	128.0
2026-08-06T21:56:06Z	plexus	398e72d2c758	fib	-O0	398.5
2026-08-06T21:56:06Z	plexus	398e72d2c758	fib	-O2	237.1
2026-08-06T21:56:06Z	plexus	398e72d2c758	fib	-O3	148.3
2026-08-06T21:56:06Z	plexus	398e72d2c758	fib	fpc	172.9
2026-08-06T21:56:06Z	plexus	398e72d2c758	selfcompile	-O0	13203.3
2026-08-06T21:56:06Z	plexus	398e72d2c758	selfcompile	-O2	10481.8
2026-08-06T21:56:06Z	plexus	398e72d2c758	selfcompile	-O3	10689.3
2026-08-06T21:56:06Z	plexus	398e72d2c758	selfcompile	fpc	6448.1
2026-08-07T04:54:40Z	plexus	fdd570302a3e	mandelbrot	-O0	1869.6
2026-08-07T04:54:40Z	plexus	fdd570302a3e	mandelbrot	-O2	1876.0
2026-08-07T04:54:40Z	plexus	fdd570302a3e	mandelbrot	-O3	993.7
2026-08-07T04:54:40Z	plexus	fdd570302a3e	mandelbrot-p	-O0	1842.1
2026-08-07T04:54:40Z	plexus	fdd570302a3e	mandelbrot-p	-O2	1856.5
2026-08-07T04:54:40Z	plexus	fdd570302a3e	mandelbrot-p	-O3	967.5
2026-08-07T04:54:40Z	plexus	fdd570302a3e	mandelbrot-p	fpc	467.1
2026-08-07T04:54:40Z	plexus	fdd570302a3e	raytracer	-O0	17620.9
2026-08-07T04:54:40Z	plexus	fdd570302a3e	raytracer	-O2	10742.2
2026-08-07T04:54:40Z	plexus	fdd570302a3e	raytracer	-O3	9340.1
2026-08-07T04:54:40Z	plexus	fdd570302a3e	raytracer-p	-O0	435.4
2026-08-07T04:54:40Z	plexus	fdd570302a3e	raytracer-p	-O2	411.7
2026-08-07T04:54:40Z	plexus	fdd570302a3e	raytracer-p	-O3	348.4
2026-08-07T04:54:40Z	plexus	fdd570302a3e	raytracer-p	fpc	42.4
2026-08-07T04:54:40Z	plexus	fdd570302a3e	sieve	-O0	121.3
2026-08-07T04:54:40Z	plexus	fdd570302a3e	sieve	-O2	110.6
2026-08-07T04:54:40Z	plexus	fdd570302a3e	sieve	-O3	111.5
2026-08-07T04:54:40Z	plexus	fdd570302a3e	sieve	fpc	53.0
2026-08-07T04:54:40Z	plexus	fdd570302a3e	nbody	-O0	920.8
2026-08-07T04:54:40Z	plexus	fdd570302a3e	nbody	-O2	830.2
2026-08-07T04:54:40Z	plexus	fdd570302a3e	nbody	-O3	539.6
2026-08-07T04:54:40Z	plexus	fdd570302a3e	nbody	fpc	120.2
2026-08-07T04:54:40Z	plexus	fdd570302a3e	fib	-O0	374.4
2026-08-07T04:54:40Z	plexus	fdd570302a3e	fib	-O2	227.0
2026-08-07T04:54:40Z	plexus	fdd570302a3e	fib	-O3	140.3
2026-08-07T04:54:40Z	plexus	fdd570302a3e	fib	fpc	163.1
2026-08-07T04:54:40Z	plexus	fdd570302a3e	selfcompile	-O0	12312.7
2026-08-07T04:54:40Z	plexus	fdd570302a3e	selfcompile	-O2	9842.6
2026-08-07T04:54:40Z	plexus	fdd570302a3e	selfcompile	-O3	9941.7
2026-08-07T04:54:40Z	plexus	fdd570302a3e	selfcompile	fpc	6016.7
2026-08-07T05:54:10Z	plexus	b51f4eeffbf9	mandelbrot	-O0	2280.6
2026-08-07T05:54:10Z	plexus	b51f4eeffbf9	mandelbrot	-O2	2168.9
2026-08-07T05:54:10Z	plexus	b51f4eeffbf9	mandelbrot	-O3	999.2
2026-08-07T05:54:10Z	plexus	b51f4eeffbf9	mandelbrot-p	-O0	2255.1
2026-08-07T05:54:10Z	plexus	b51f4eeffbf9	mandelbrot-p	-O2	2265.7
2026-08-07T05:54:10Z	plexus	b51f4eeffbf9	mandelbrot-p	-O3	1192.0
2026-08-07T05:54:10Z	plexus	b51f4eeffbf9	mandelbrot-p	fpc	574.3
2026-08-07T05:54:10Z	plexus	b51f4eeffbf9	raytracer	-O0	20044.2
2026-08-07T05:54:10Z	plexus	b51f4eeffbf9	raytracer	-O2	13131.2
2026-08-07T05:54:10Z	plexus	b51f4eeffbf9	raytracer	-O3	11308.1
2026-08-07T05:54:10Z	plexus	b51f4eeffbf9	raytracer-p	-O0	436.4
2026-08-07T05:54:10Z	plexus	b51f4eeffbf9	raytracer-p	-O2	415.9
2026-08-07T05:54:10Z	plexus	b51f4eeffbf9	raytracer-p	-O3	374.2
2026-08-07T05:54:10Z	plexus	b51f4eeffbf9	raytracer-p	fpc	49.9
2026-08-07T05:54:10Z	plexus	b51f4eeffbf9	sieve	-O0	141.0
2026-08-07T05:54:10Z	plexus	b51f4eeffbf9	sieve	-O2	129.1
2026-08-07T05:54:10Z	plexus	b51f4eeffbf9	sieve	-O3	129.5
2026-08-07T05:54:10Z	plexus	b51f4eeffbf9	sieve	fpc	63.2
2026-08-07T05:54:10Z	plexus	b51f4eeffbf9	nbody	-O0	1119.9
2026-08-07T05:54:10Z	plexus	b51f4eeffbf9	nbody	-O2	1010.9
2026-08-07T05:54:10Z	plexus	b51f4eeffbf9	nbody	-O3	650.1
2026-08-07T05:54:10Z	plexus	b51f4eeffbf9	nbody	fpc	146.4
2026-08-07T05:54:10Z	plexus	b51f4eeffbf9	fib	-O0	457.4
2026-08-07T05:54:10Z	plexus	b51f4eeffbf9	fib	-O2	225.0
2026-08-07T05:54:10Z	plexus	b51f4eeffbf9	fib	-O3	139.8
2026-08-07T05:54:10Z	plexus	b51f4eeffbf9	fib	fpc	165.8
2026-08-07T05:54:10Z	plexus	b51f4eeffbf9	selfcompile	-O0	12585.9
2026-08-07T05:54:10Z	plexus	b51f4eeffbf9	selfcompile	-O2	10337.6
2026-08-07T05:54:10Z	plexus	b51f4eeffbf9	selfcompile	-O3	10262.3
2026-08-07T05:54:10Z	plexus	b51f4eeffbf9	selfcompile	fpc	6100.2
2026-08-07T06:33:50Z	plexus	06786c25ffc8	mandelbrot	-O0	1861.7
2026-08-07T06:33:50Z	plexus	06786c25ffc8	mandelbrot	-O2	1863.6
2026-08-07T06:33:50Z	plexus	06786c25ffc8	mandelbrot	-O3	989.3
2026-08-07T06:33:50Z	plexus	06786c25ffc8	mandelbrot-p	-O0	1838.2
2026-08-07T06:33:50Z	plexus	06786c25ffc8	mandelbrot-p	-O2	1845.2
2026-08-07T06:33:50Z	plexus	06786c25ffc8	mandelbrot-p	-O3	974.4
2026-08-07T06:33:50Z	plexus	06786c25ffc8	mandelbrot-p	fpc	469.4
2026-08-07T06:33:50Z	plexus	06786c25ffc8	raytracer	-O0	17428.3
2026-08-07T06:33:50Z	plexus	06786c25ffc8	raytracer	-O2	10663.1
2026-08-07T06:33:50Z	plexus	06786c25ffc8	raytracer	-O3	9277.5
2026-08-07T06:33:50Z	plexus	06786c25ffc8	raytracer-p	-O0	434.0
2026-08-07T06:33:50Z	plexus	06786c25ffc8	raytracer-p	-O2	412.1
2026-08-07T06:33:50Z	plexus	06786c25ffc8	raytracer-p	-O3	348.6
2026-08-07T06:33:50Z	plexus	06786c25ffc8	raytracer-p	fpc	42.9
2026-08-07T06:33:50Z	plexus	06786c25ffc8	sieve	-O0	116.1
2026-08-07T06:33:50Z	plexus	06786c25ffc8	sieve	-O2	110.8
2026-08-07T06:33:50Z	plexus	06786c25ffc8	sieve	-O3	106.7
2026-08-07T06:33:50Z	plexus	06786c25ffc8	sieve	fpc	51.8
2026-08-07T06:33:50Z	plexus	06786c25ffc8	nbody	-O0	914.4
2026-08-07T06:33:50Z	plexus	06786c25ffc8	nbody	-O2	820.0
2026-08-07T06:33:50Z	plexus	06786c25ffc8	nbody	-O3	528.1
2026-08-07T06:33:50Z	plexus	06786c25ffc8	nbody	fpc	125.5
2026-08-07T06:33:50Z	plexus	06786c25ffc8	fib	-O0	375.3
2026-08-07T06:33:50Z	plexus	06786c25ffc8	fib	-O2	227.1
2026-08-07T06:33:50Z	plexus	06786c25ffc8	fib	-O3	138.3
2026-08-07T06:33:50Z	plexus	06786c25ffc8	fib	fpc	167.4
2026-08-07T06:33:50Z	plexus	06786c25ffc8	selfcompile	-O0	12369.0
2026-08-07T06:33:50Z	plexus	06786c25ffc8	selfcompile	-O2	9866.2
2026-08-07T06:33:50Z	plexus	06786c25ffc8	selfcompile	-O3	10096.8
2026-08-07T06:33:50Z	plexus	06786c25ffc8	selfcompile	fpc	6223.2
2026-08-07T07:09:47Z	plexus	34670fe9b872	mandelbrot	-O0	1857.5
2026-08-07T07:09:47Z	plexus	34670fe9b872	mandelbrot	-O2	1864.0
2026-08-07T07:09:47Z	plexus	34670fe9b872	mandelbrot	-O3	992.1
2026-08-07T07:09:47Z	plexus	34670fe9b872	mandelbrot-p	-O0	1843.4
2026-08-07T07:09:47Z	plexus	34670fe9b872	mandelbrot-p	-O2	1849.3
2026-08-07T07:09:47Z	plexus	34670fe9b872	mandelbrot-p	-O3	972.6
2026-08-07T07:09:47Z	plexus	34670fe9b872	mandelbrot-p	fpc	469.2
2026-08-07T07:09:47Z	plexus	34670fe9b872	raytracer	-O0	17454.5
2026-08-07T07:09:47Z	plexus	34670fe9b872	raytracer	-O2	10707.5
2026-08-07T07:09:47Z	plexus	34670fe9b872	raytracer	-O3	9276.7
2026-08-07T07:09:47Z	plexus	34670fe9b872	raytracer-p	-O0	433.1
2026-08-07T07:09:47Z	plexus	34670fe9b872	raytracer-p	-O2	411.2
2026-08-07T07:09:47Z	plexus	34670fe9b872	raytracer-p	-O3	346.9
2026-08-07T07:09:47Z	plexus	34670fe9b872	raytracer-p	fpc	47.1
2026-08-07T07:09:47Z	plexus	34670fe9b872	sieve	-O0	116.6
2026-08-07T07:09:47Z	plexus	34670fe9b872	sieve	-O2	106.1
2026-08-07T07:09:47Z	plexus	34670fe9b872	sieve	-O3	111.5
2026-08-07T07:09:47Z	plexus	34670fe9b872	sieve	fpc	52.1
2026-08-07T07:09:47Z	plexus	34670fe9b872	nbody	-O0	916.8
2026-08-07T07:09:47Z	plexus	34670fe9b872	nbody	-O2	820.8
2026-08-07T07:09:47Z	plexus	34670fe9b872	nbody	-O3	535.5
2026-08-07T07:09:47Z	plexus	34670fe9b872	nbody	fpc	120.0
2026-08-07T07:09:47Z	plexus	34670fe9b872	fib	-O0	376.2
2026-08-07T07:09:47Z	plexus	34670fe9b872	fib	-O2	226.8
2026-08-07T07:09:47Z	plexus	34670fe9b872	fib	-O3	143.3
2026-08-07T07:09:47Z	plexus	34670fe9b872	fib	fpc	162.7
2026-08-07T07:09:47Z	plexus	34670fe9b872	selfcompile	-O0	12380.4
2026-08-07T07:09:47Z	plexus	34670fe9b872	selfcompile	-O2	9885.7
2026-08-07T07:09:47Z	plexus	34670fe9b872	selfcompile	-O3	9954.5
2026-08-07T07:09:47Z	plexus	34670fe9b872	selfcompile	fpc	6012.2
2026-08-07T08:31:45Z	plexus	f4c7d6a1339b	mandelbrot	-O0	2286.6
2026-08-07T08:31:45Z	plexus	f4c7d6a1339b	mandelbrot	-O2	2289.0
2026-08-07T08:31:45Z	plexus	f4c7d6a1339b	mandelbrot	-O3	1210.4
2026-08-07T08:31:45Z	plexus	f4c7d6a1339b	mandelbrot-p	-O0	2255.4
2026-08-07T08:31:45Z	plexus	f4c7d6a1339b	mandelbrot-p	-O2	2269.7
2026-08-07T08:31:45Z	plexus	f4c7d6a1339b	mandelbrot-p	-O3	1190.6
2026-08-07T08:31:45Z	plexus	f4c7d6a1339b	mandelbrot-p	fpc	573.6
2026-08-07T08:31:45Z	plexus	f4c7d6a1339b	raytracer	-O0	17372.6
2026-08-07T08:31:45Z	plexus	f4c7d6a1339b	raytracer	-O2	10634.2
2026-08-07T08:31:45Z	plexus	f4c7d6a1339b	raytracer	-O3	9260.7
2026-08-07T08:31:45Z	plexus	f4c7d6a1339b	raytracer-p	-O0	431.9
2026-08-07T08:31:45Z	plexus	f4c7d6a1339b	raytracer-p	-O2	411.9
2026-08-07T08:31:45Z	plexus	f4c7d6a1339b	raytracer-p	-O3	346.1
2026-08-07T08:31:45Z	plexus	f4c7d6a1339b	raytracer-p	fpc	46.4
2026-08-07T08:31:45Z	plexus	f4c7d6a1339b	sieve	-O0	120.6
2026-08-07T08:31:45Z	plexus	f4c7d6a1339b	sieve	-O2	105.7
2026-08-07T08:31:45Z	plexus	f4c7d6a1339b	sieve	-O3	111.7
2026-08-07T08:31:45Z	plexus	f4c7d6a1339b	sieve	fpc	51.2
2026-08-07T08:31:45Z	plexus	f4c7d6a1339b	nbody	-O0	907.1
2026-08-07T08:31:45Z	plexus	f4c7d6a1339b	nbody	-O2	823.6
2026-08-07T08:31:45Z	plexus	f4c7d6a1339b	nbody	-O3	529.7
2026-08-07T08:31:45Z	plexus	f4c7d6a1339b	nbody	fpc	125.4
2026-08-07T08:31:45Z	plexus	f4c7d6a1339b	fib	-O0	372.0
2026-08-07T08:31:45Z	plexus	f4c7d6a1339b	fib	-O2	221.3
2026-08-07T08:31:45Z	plexus	f4c7d6a1339b	fib	-O3	142.0
2026-08-07T08:31:45Z	plexus	f4c7d6a1339b	fib	fpc	167.1
2026-08-07T08:31:45Z	plexus	f4c7d6a1339b	selfcompile	-O0	12285.1
2026-08-07T08:31:45Z	plexus	f4c7d6a1339b	selfcompile	-O2	9881.5
2026-08-07T08:31:45Z	plexus	f4c7d6a1339b	selfcompile	-O3	9902.6
2026-08-07T08:31:45Z	plexus	f4c7d6a1339b	selfcompile	fpc	5955.9
2026-08-07T10:06:08Z	plexus	71d7a326c88b	mandelbrot	-O0	1853.4
2026-08-07T10:06:08Z	plexus	71d7a326c88b	mandelbrot	-O2	1859.9
2026-08-07T10:06:08Z	plexus	71d7a326c88b	mandelbrot	-O3	984.0
2026-08-07T10:06:08Z	plexus	71d7a326c88b	mandelbrot-p	-O0	1834.6
2026-08-07T10:06:08Z	plexus	71d7a326c88b	mandelbrot-p	-O2	1843.5
2026-08-07T10:06:08Z	plexus	71d7a326c88b	mandelbrot-p	-O3	969.5
2026-08-07T10:06:08Z	plexus	71d7a326c88b	mandelbrot-p	fpc	472.0
2026-08-07T10:06:08Z	plexus	71d7a326c88b	raytracer	-O0	17393.6
2026-08-07T10:06:08Z	plexus	71d7a326c88b	raytracer	-O2	10617.5
2026-08-07T10:06:08Z	plexus	71d7a326c88b	raytracer	-O3	9242.6
2026-08-07T10:06:08Z	plexus	71d7a326c88b	raytracer-p	-O0	431.2
2026-08-07T10:06:08Z	plexus	71d7a326c88b	raytracer-p	-O2	412.1
2026-08-07T10:06:08Z	plexus	71d7a326c88b	raytracer-p	-O3	348.7
2026-08-07T10:06:08Z	plexus	71d7a326c88b	raytracer-p	fpc	42.9
2026-08-07T10:06:08Z	plexus	71d7a326c88b	sieve	-O0	115.5
2026-08-07T10:06:08Z	plexus	71d7a326c88b	sieve	-O2	105.9
2026-08-07T10:06:08Z	plexus	71d7a326c88b	sieve	-O3	111.7
2026-08-07T10:06:08Z	plexus	71d7a326c88b	sieve	fpc	52.1
2026-08-07T10:06:08Z	plexus	71d7a326c88b	nbody	-O0	915.0
2026-08-07T10:06:08Z	plexus	71d7a326c88b	nbody	-O2	823.6
2026-08-07T10:06:08Z	plexus	71d7a326c88b	nbody	-O3	534.0
2026-08-07T10:06:08Z	plexus	71d7a326c88b	nbody	fpc	125.3
2026-08-07T10:06:08Z	plexus	71d7a326c88b	fib	-O0	373.8
2026-08-07T10:06:08Z	plexus	71d7a326c88b	fib	-O2	226.4
2026-08-07T10:06:08Z	plexus	71d7a326c88b	fib	-O3	139.2
2026-08-07T10:06:08Z	plexus	71d7a326c88b	fib	fpc	162.3
2026-08-07T10:06:08Z	plexus	71d7a326c88b	selfcompile	-O0	12352.3
2026-08-07T10:06:08Z	plexus	71d7a326c88b	selfcompile	-O2	9817.0
2026-08-07T10:06:08Z	plexus	71d7a326c88b	selfcompile	-O3	9915.7
2026-08-07T10:06:08Z	plexus	71d7a326c88b	selfcompile	fpc	5995.2
2026-08-07T17:12:19Z	plexus	0e4f0de50820	mandelbrot	-O0	1869.0
2026-08-07T17:12:19Z	plexus	0e4f0de50820	mandelbrot	-O2	1878.8
2026-08-07T17:12:19Z	plexus	0e4f0de50820	mandelbrot	-O3	993.2
2026-08-07T17:12:19Z	plexus	0e4f0de50820	mandelbrot-p	-O0	1850.8
2026-08-07T17:12:19Z	plexus	0e4f0de50820	mandelbrot-p	-O2	1858.0
2026-08-07T17:12:19Z	plexus	0e4f0de50820	mandelbrot-p	-O3	978.2
2026-08-07T17:12:19Z	plexus	0e4f0de50820	mandelbrot-p	fpc	475.9
2026-08-07T17:12:19Z	plexus	0e4f0de50820	raytracer	-O0	21034.6
2026-08-07T17:12:19Z	plexus	0e4f0de50820	raytracer	-O2	13424.7
2026-08-07T17:12:19Z	plexus	0e4f0de50820	raytracer	-O3	11950.7
2026-08-07T17:12:19Z	plexus	0e4f0de50820	raytracer-p	-O0	440.5
2026-08-07T17:12:19Z	plexus	0e4f0de50820	raytracer-p	-O2	414.0
2026-08-07T17:12:19Z	plexus	0e4f0de50820	raytracer-p	-O3	352.8
2026-08-07T17:12:19Z	plexus	0e4f0de50820	raytracer-p	fpc	42.4
2026-08-07T17:12:19Z	plexus	0e4f0de50820	sieve	-O0	117.5
2026-08-07T17:12:19Z	plexus	0e4f0de50820	sieve	-O2	108.9
2026-08-07T17:12:19Z	plexus	0e4f0de50820	sieve	-O3	114.0
2026-08-07T17:12:19Z	plexus	0e4f0de50820	sieve	fpc	55.4
2026-08-07T17:12:19Z	plexus	0e4f0de50820	nbody	-O0	915.7
2026-08-07T17:12:19Z	plexus	0e4f0de50820	nbody	-O2	829.9
2026-08-07T17:12:19Z	plexus	0e4f0de50820	nbody	-O3	532.9
2026-08-07T17:12:19Z	plexus	0e4f0de50820	nbody	fpc	125.0
2026-08-07T17:12:19Z	plexus	0e4f0de50820	fib	-O0	379.6
2026-08-07T17:12:19Z	plexus	0e4f0de50820	fib	-O2	229.4
2026-08-07T17:12:19Z	plexus	0e4f0de50820	fib	-O3	145.0
2026-08-07T17:12:19Z	plexus	0e4f0de50820	fib	fpc	163.7
2026-08-07T17:12:19Z	plexus	0e4f0de50820	selfcompile	-O0	17183.2
2026-08-07T17:12:19Z	plexus	0e4f0de50820	selfcompile	-O2	12226.0
2026-08-07T17:12:19Z	plexus	0e4f0de50820	selfcompile	-O3	11509.6
2026-08-07T17:12:19Z	plexus	0e4f0de50820	selfcompile	fpc	7017.9
2026-08-07T18:01:00Z	plexus	8f0ada08e0ca	mandelbrot	-O0	2288.5
2026-08-07T18:01:00Z	plexus	8f0ada08e0ca	mandelbrot	-O2	2296.8
2026-08-07T18:01:00Z	plexus	8f0ada08e0ca	mandelbrot	-O3	1212.7
2026-08-07T18:01:00Z	plexus	8f0ada08e0ca	mandelbrot-p	-O0	2258.1
2026-08-07T18:01:00Z	plexus	8f0ada08e0ca	mandelbrot-p	-O2	2270.4
2026-08-07T18:01:00Z	plexus	8f0ada08e0ca	mandelbrot-p	-O3	1194.3
2026-08-07T18:01:00Z	plexus	8f0ada08e0ca	mandelbrot-p	fpc	575.3
2026-08-07T18:01:00Z	plexus	8f0ada08e0ca	raytracer	-O0	22716.1
2026-08-07T18:01:00Z	plexus	8f0ada08e0ca	raytracer	-O2	14444.0
2026-08-07T18:01:00Z	plexus	8f0ada08e0ca	raytracer	-O3	13759.7
2026-08-07T18:01:00Z	plexus	8f0ada08e0ca	raytracer-p	-O0	529.0
2026-08-07T18:01:00Z	plexus	8f0ada08e0ca	raytracer-p	-O2	503.8
2026-08-07T18:01:00Z	plexus	8f0ada08e0ca	raytracer-p	-O3	426.0
2026-08-07T18:01:00Z	plexus	8f0ada08e0ca	raytracer-p	fpc	50.0
2026-08-07T18:01:00Z	plexus	8f0ada08e0ca	sieve	-O0	140.7
2026-08-07T18:01:00Z	plexus	8f0ada08e0ca	sieve	-O2	127.7
2026-08-07T18:01:00Z	plexus	8f0ada08e0ca	sieve	-O3	132.3
2026-08-07T18:01:00Z	plexus	8f0ada08e0ca	sieve	fpc	62.0
2026-08-07T18:01:00Z	plexus	8f0ada08e0ca	nbody	-O0	1062.5
2026-08-07T18:01:00Z	plexus	8f0ada08e0ca	nbody	-O2	847.8
2026-08-07T18:01:00Z	plexus	8f0ada08e0ca	nbody	-O3	648.2
2026-08-07T18:01:00Z	plexus	8f0ada08e0ca	nbody	fpc	148.1
2026-08-07T18:01:00Z	plexus	8f0ada08e0ca	fib	-O0	457.6
2026-08-07T18:01:00Z	plexus	8f0ada08e0ca	fib	-O2	273.5
2026-08-07T18:01:00Z	plexus	8f0ada08e0ca	fib	-O3	171.7
2026-08-07T18:01:00Z	plexus	8f0ada08e0ca	fib	fpc	198.1
2026-08-07T18:01:00Z	plexus	8f0ada08e0ca	selfcompile	-O0	15386.2
2026-08-07T18:01:00Z	plexus	8f0ada08e0ca	selfcompile	-O2	13141.2
2026-08-07T18:01:00Z	plexus	8f0ada08e0ca	selfcompile	-O3	11264.8
2026-08-07T18:01:00Z	plexus	8f0ada08e0ca	selfcompile	fpc	7535.4
2026-08-07T20:48:04Z	plexus	b824c8aa0a5f	mandelbrot	-O0	1878.9
2026-08-07T20:48:04Z	plexus	b824c8aa0a5f	mandelbrot	-O2	1887.7
2026-08-07T20:48:04Z	plexus	b824c8aa0a5f	mandelbrot	-O3	997.9
2026-08-07T20:48:04Z	plexus	b824c8aa0a5f	mandelbrot-p	-O0	1863.6
2026-08-07T20:48:04Z	plexus	b824c8aa0a5f	mandelbrot-p	-O2	1865.2
2026-08-07T20:48:04Z	plexus	b824c8aa0a5f	mandelbrot-p	-O3	979.3
2026-08-07T20:48:04Z	plexus	b824c8aa0a5f	mandelbrot-p	fpc	474.8
2026-08-07T20:48:04Z	plexus	b824c8aa0a5f	raytracer	-O0	21102.9
2026-08-07T20:48:04Z	plexus	b824c8aa0a5f	raytracer	-O2	13466.9
2026-08-07T20:48:04Z	plexus	b824c8aa0a5f	raytracer	-O3	11914.4
2026-08-07T20:48:04Z	plexus	b824c8aa0a5f	raytracer-p	-O0	434.8
2026-08-07T20:48:04Z	plexus	b824c8aa0a5f	raytracer-p	-O2	417.0
2026-08-07T20:48:04Z	plexus	b824c8aa0a5f	raytracer-p	-O3	348.0
2026-08-07T20:48:04Z	plexus	b824c8aa0a5f	raytracer-p	fpc	46.2
2026-08-07T20:48:04Z	plexus	b824c8aa0a5f	sieve	-O0	117.2
2026-08-07T20:48:04Z	plexus	b824c8aa0a5f	sieve	-O2	112.5
2026-08-07T20:48:04Z	plexus	b824c8aa0a5f	sieve	-O3	110.7
2026-08-07T20:48:04Z	plexus	b824c8aa0a5f	sieve	fpc	56.0
2026-08-07T20:48:04Z	plexus	b824c8aa0a5f	nbody	-O0	918.0
2026-08-07T20:48:04Z	plexus	b824c8aa0a5f	nbody	-O2	833.4
2026-08-07T20:48:04Z	plexus	b824c8aa0a5f	nbody	-O3	534.2
2026-08-07T20:48:04Z	plexus	b824c8aa0a5f	nbody	fpc	122.3
2026-08-07T20:48:04Z	plexus	b824c8aa0a5f	fib	-O0	380.1
2026-08-07T20:48:04Z	plexus	b824c8aa0a5f	fib	-O2	224.1
2026-08-07T20:48:04Z	plexus	b824c8aa0a5f	fib	-O3	141.6
2026-08-07T20:48:04Z	plexus	b824c8aa0a5f	fib	fpc	164.2
2026-08-07T20:48:04Z	plexus	b824c8aa0a5f	selfcompile	-O0	14034.5
2026-08-07T20:48:04Z	plexus	b824c8aa0a5f	selfcompile	-O2	11053.7
2026-08-07T20:48:04Z	plexus	b824c8aa0a5f	selfcompile	-O3	10962.3
2026-08-07T20:48:04Z	plexus	b824c8aa0a5f	selfcompile	fpc	6082.5
2026-08-08T04:39:28Z	plexus	194cbfd40e50	mandelbrot	-O0	1871.7
2026-08-08T04:39:28Z	plexus	194cbfd40e50	mandelbrot	-O2	1882.2
2026-08-08T04:39:28Z	plexus	194cbfd40e50	mandelbrot	-O3	990.6
2026-08-08T04:39:28Z	plexus	194cbfd40e50	mandelbrot-p	-O0	1858.8
2026-08-08T04:39:28Z	plexus	194cbfd40e50	mandelbrot-p	-O2	1867.3
2026-08-08T04:39:28Z	plexus	194cbfd40e50	mandelbrot-p	-O3	981.7
2026-08-08T04:39:28Z	plexus	194cbfd40e50	mandelbrot-p	fpc	475.9
2026-08-08T04:39:28Z	plexus	194cbfd40e50	raytracer	-O0	21081.6
2026-08-08T04:39:28Z	plexus	194cbfd40e50	raytracer	-O2	13471.2
2026-08-08T04:39:28Z	plexus	194cbfd40e50	raytracer	-O3	11923.7
2026-08-08T04:39:28Z	plexus	194cbfd40e50	raytracer-p	-O0	436.8
2026-08-08T04:39:28Z	plexus	194cbfd40e50	raytracer-p	-O2	413.2
2026-08-08T04:39:28Z	plexus	194cbfd40e50	raytracer-p	-O3	349.1
2026-08-08T04:39:28Z	plexus	194cbfd40e50	raytracer-p	fpc	45.0
2026-08-08T04:39:28Z	plexus	194cbfd40e50	sieve	-O0	140.3
2026-08-08T04:39:28Z	plexus	194cbfd40e50	sieve	-O2	131.7
2026-08-08T04:39:28Z	plexus	194cbfd40e50	sieve	-O3	127.4
2026-08-08T04:39:28Z	plexus	194cbfd40e50	sieve	fpc	61.7
2026-08-08T04:39:28Z	plexus	194cbfd40e50	nbody	-O0	924.9
2026-08-08T04:39:28Z	plexus	194cbfd40e50	nbody	-O2	830.7
2026-08-08T04:39:28Z	plexus	194cbfd40e50	nbody	-O3	538.9
2026-08-08T04:39:28Z	plexus	194cbfd40e50	nbody	fpc	121.9
2026-08-08T04:39:28Z	plexus	194cbfd40e50	fib	-O0	381.4
2026-08-08T04:39:28Z	plexus	194cbfd40e50	fib	-O2	223.7
2026-08-08T04:39:28Z	plexus	194cbfd40e50	fib	-O3	146.6
2026-08-08T04:39:28Z	plexus	194cbfd40e50	fib	fpc	164.0
2026-08-08T04:39:28Z	plexus	194cbfd40e50	selfcompile	-O0	14042.9
2026-08-08T04:39:28Z	plexus	194cbfd40e50	selfcompile	-O2	11065.9
2026-08-08T04:39:28Z	plexus	194cbfd40e50	selfcompile	-O3	10975.6
2026-08-08T04:39:28Z	plexus	194cbfd40e50	selfcompile	fpc	6069.0
2026-08-08T06:03:12Z	plexus	9e96a0b337f9	mandelbrot	-O0	1873.6
2026-08-08T06:03:12Z	plexus	9e96a0b337f9	mandelbrot	-O2	1880.8
2026-08-08T06:03:12Z	plexus	9e96a0b337f9	mandelbrot	-O3	994.2
2026-08-08T06:03:12Z	plexus	9e96a0b337f9	mandelbrot-p	-O0	1852.2
2026-08-08T06:03:12Z	plexus	9e96a0b337f9	mandelbrot-p	-O2	1863.2
2026-08-08T06:03:12Z	plexus	9e96a0b337f9	mandelbrot-p	-O3	982.3
2026-08-08T06:03:12Z	plexus	9e96a0b337f9	mandelbrot-p	fpc	474.6
2026-08-08T06:03:12Z	plexus	9e96a0b337f9	raytracer	-O0	21071.7
2026-08-08T06:03:12Z	plexus	9e96a0b337f9	raytracer	-O2	13517.7
2026-08-08T06:03:12Z	plexus	9e96a0b337f9	raytracer	-O3	11938.3
2026-08-08T06:03:12Z	plexus	9e96a0b337f9	raytracer-p	-O0	438.3
2026-08-08T06:03:12Z	plexus	9e96a0b337f9	raytracer-p	-O2	418.1
2026-08-08T06:03:12Z	plexus	9e96a0b337f9	raytracer-p	-O3	351.1
2026-08-08T06:03:12Z	plexus	9e96a0b337f9	raytracer-p	fpc	42.7
2026-08-08T06:03:12Z	plexus	9e96a0b337f9	sieve	-O0	120.3
2026-08-08T06:03:12Z	plexus	9e96a0b337f9	sieve	-O2	110.0
2026-08-08T06:03:12Z	plexus	9e96a0b337f9	sieve	-O3	106.7
2026-08-08T06:03:12Z	plexus	9e96a0b337f9	sieve	fpc	57.1
2026-08-08T06:03:12Z	plexus	9e96a0b337f9	nbody	-O0	924.4
2026-08-08T06:03:12Z	plexus	9e96a0b337f9	nbody	-O2	830.9
2026-08-08T06:03:12Z	plexus	9e96a0b337f9	nbody	-O3	534.4
2026-08-08T06:03:12Z	plexus	9e96a0b337f9	nbody	fpc	126.1
2026-08-08T06:03:12Z	plexus	9e96a0b337f9	fib	-O0	374.4
2026-08-08T06:03:12Z	plexus	9e96a0b337f9	fib	-O2	225.8
2026-08-08T06:03:12Z	plexus	9e96a0b337f9	fib	-O3	145.5
2026-08-08T06:03:12Z	plexus	9e96a0b337f9	fib	fpc	165.0
2026-08-08T06:03:12Z	plexus	9e96a0b337f9	selfcompile	-O0	16840.7
2026-08-08T06:03:12Z	plexus	9e96a0b337f9	selfcompile	-O2	11104.5
2026-08-08T06:03:12Z	plexus	9e96a0b337f9	selfcompile	-O3	11018.7
2026-08-08T06:03:12Z	plexus	9e96a0b337f9	selfcompile	fpc	6083.1
2026-08-08T06:48:31Z	plexus	cdf6fbf1e406	mandelbrot	-O0	1877.2
2026-08-08T06:48:31Z	plexus	cdf6fbf1e406	mandelbrot	-O2	1884.8
2026-08-08T06:48:31Z	plexus	cdf6fbf1e406	mandelbrot	-O3	997.4
2026-08-08T06:48:31Z	plexus	cdf6fbf1e406	mandelbrot-p	-O0	1855.6
2026-08-08T06:48:31Z	plexus	cdf6fbf1e406	mandelbrot-p	-O2	1863.0
2026-08-08T06:48:31Z	plexus	cdf6fbf1e406	mandelbrot-p	-O3	979.3
2026-08-08T06:48:31Z	plexus	cdf6fbf1e406	mandelbrot-p	fpc	474.3
2026-08-08T06:48:31Z	plexus	cdf6fbf1e406	raytracer	-O0	21096.2
2026-08-08T06:48:31Z	plexus	cdf6fbf1e406	raytracer	-O2	13498.0
2026-08-08T06:48:31Z	plexus	cdf6fbf1e406	raytracer	-O3	11916.2
2026-08-08T06:48:31Z	plexus	cdf6fbf1e406	raytracer-p	-O0	438.9
2026-08-08T06:48:31Z	plexus	cdf6fbf1e406	raytracer-p	-O2	416.6
2026-08-08T06:48:31Z	plexus	cdf6fbf1e406	raytracer-p	-O3	351.8
2026-08-08T06:48:31Z	plexus	cdf6fbf1e406	raytracer-p	fpc	42.1
2026-08-08T06:48:31Z	plexus	cdf6fbf1e406	sieve	-O0	119.8
2026-08-08T06:48:31Z	plexus	cdf6fbf1e406	sieve	-O2	112.9
2026-08-08T06:48:31Z	plexus	cdf6fbf1e406	sieve	-O3	111.0
2026-08-08T06:48:31Z	plexus	cdf6fbf1e406	sieve	fpc	51.8
2026-08-08T06:48:31Z	plexus	cdf6fbf1e406	nbody	-O0	919.2
2026-08-08T06:48:31Z	plexus	cdf6fbf1e406	nbody	-O2	827.4
2026-08-08T06:48:31Z	plexus	cdf6fbf1e406	nbody	-O3	538.8
2026-08-08T06:48:31Z	plexus	cdf6fbf1e406	nbody	fpc	123.3
2026-08-08T06:48:31Z	plexus	cdf6fbf1e406	fib	-O0	375.7
2026-08-08T06:48:31Z	plexus	cdf6fbf1e406	fib	-O2	223.8
2026-08-08T06:48:31Z	plexus	cdf6fbf1e406	fib	-O3	143.1
2026-08-08T06:48:31Z	plexus	cdf6fbf1e406	fib	fpc	164.2
2026-08-08T06:48:31Z	plexus	cdf6fbf1e406	selfcompile	-O0	14022.7
2026-08-08T06:48:31Z	plexus	cdf6fbf1e406	selfcompile	-O2	11145.6
2026-08-08T06:48:31Z	plexus	cdf6fbf1e406	selfcompile	-O3	10965.4
2026-08-08T06:48:31Z	plexus	cdf6fbf1e406	selfcompile	fpc	6089.9
2026-08-08T07:52:36Z	plexus	6ba76214b6f1	mandelbrot	-O0	1878.9
2026-08-08T07:52:36Z	plexus	6ba76214b6f1	mandelbrot	-O2	1888.0
2026-08-08T07:52:36Z	plexus	6ba76214b6f1	mandelbrot	-O3	993.7
2026-08-08T07:52:36Z	plexus	6ba76214b6f1	mandelbrot-p	-O0	1857.5
2026-08-08T07:52:36Z	plexus	6ba76214b6f1	mandelbrot-p	-O2	1863.6
2026-08-08T07:52:36Z	plexus	6ba76214b6f1	mandelbrot-p	-O3	978.3
2026-08-08T07:52:36Z	plexus	6ba76214b6f1	mandelbrot-p	fpc	472.1
2026-08-08T07:52:36Z	plexus	6ba76214b6f1	raytracer	-O0	21103.7
2026-08-08T07:52:36Z	plexus	6ba76214b6f1	raytracer	-O2	13460.8
2026-08-08T07:52:36Z	plexus	6ba76214b6f1	raytracer	-O3	11895.2
2026-08-08T07:52:36Z	plexus	6ba76214b6f1	raytracer-p	-O0	438.3
2026-08-08T07:52:36Z	plexus	6ba76214b6f1	raytracer-p	-O2	413.2
2026-08-08T07:52:36Z	plexus	6ba76214b6f1	raytracer-p	-O3	347.5
2026-08-08T07:52:36Z	plexus	6ba76214b6f1	raytracer-p	fpc	42.2
2026-08-08T07:52:36Z	plexus	6ba76214b6f1	sieve	-O0	121.0
2026-08-08T07:52:36Z	plexus	6ba76214b6f1	sieve	-O2	109.2
2026-08-08T07:52:36Z	plexus	6ba76214b6f1	sieve	-O3	106.7
2026-08-08T07:52:36Z	plexus	6ba76214b6f1	sieve	fpc	51.9
2026-08-08T07:52:36Z	plexus	6ba76214b6f1	nbody	-O0	918.0
2026-08-08T07:52:36Z	plexus	6ba76214b6f1	nbody	-O2	831.4
2026-08-08T07:52:36Z	plexus	6ba76214b6f1	nbody	-O3	534.7
2026-08-08T07:52:36Z	plexus	6ba76214b6f1	nbody	fpc	126.2
2026-08-08T07:52:36Z	plexus	6ba76214b6f1	fib	-O0	378.2
2026-08-08T07:52:36Z	plexus	6ba76214b6f1	fib	-O2	224.2
2026-08-08T07:52:36Z	plexus	6ba76214b6f1	fib	-O3	141.5
2026-08-08T07:52:36Z	plexus	6ba76214b6f1	fib	fpc	164.0
2026-08-08T07:52:36Z	plexus	6ba76214b6f1	selfcompile	-O0	14019.6
2026-08-08T07:52:36Z	plexus	6ba76214b6f1	selfcompile	-O2	11107.6
2026-08-08T07:52:36Z	plexus	6ba76214b6f1	selfcompile	-O3	11036.1
2026-08-08T07:52:36Z	plexus	6ba76214b6f1	selfcompile	fpc	6110.9
2026-08-08T08:31:37Z	plexus	9d163c9634e6	mandelbrot	-O0	1879.5
2026-08-08T08:31:37Z	plexus	9d163c9634e6	mandelbrot	-O2	1883.6
2026-08-08T08:31:37Z	plexus	9d163c9634e6	mandelbrot	-O3	994.1
2026-08-08T08:31:37Z	plexus	9d163c9634e6	mandelbrot-p	-O0	1852.6
2026-08-08T08:31:37Z	plexus	9d163c9634e6	mandelbrot-p	-O2	1861.9
2026-08-08T08:31:37Z	plexus	9d163c9634e6	mandelbrot-p	-O3	980.9
2026-08-08T08:31:37Z	plexus	9d163c9634e6	mandelbrot-p	fpc	472.2
2026-08-08T08:31:37Z	plexus	9d163c9634e6	raytracer	-O0	21098.8
2026-08-08T08:31:37Z	plexus	9d163c9634e6	raytracer	-O2	13452.9
2026-08-08T08:31:37Z	plexus	9d163c9634e6	raytracer	-O3	11951.4
2026-08-08T08:31:37Z	plexus	9d163c9634e6	raytracer-p	-O0	439.2
2026-08-08T08:31:37Z	plexus	9d163c9634e6	raytracer-p	-O2	413.0
2026-08-08T08:31:37Z	plexus	9d163c9634e6	raytracer-p	-O3	351.8
2026-08-08T08:31:37Z	plexus	9d163c9634e6	raytracer-p	fpc	42.5
2026-08-08T08:31:37Z	plexus	9d163c9634e6	sieve	-O0	116.4
2026-08-08T08:31:37Z	plexus	9d163c9634e6	sieve	-O2	110.4
2026-08-08T08:31:37Z	plexus	9d163c9634e6	sieve	-O3	105.6
2026-08-08T08:31:37Z	plexus	9d163c9634e6	sieve	fpc	53.7
2026-08-08T08:31:37Z	plexus	9d163c9634e6	nbody	-O0	924.0
2026-08-08T08:31:37Z	plexus	9d163c9634e6	nbody	-O2	833.3
2026-08-08T08:31:37Z	plexus	9d163c9634e6	nbody	-O3	533.8
2026-08-08T08:31:37Z	plexus	9d163c9634e6	nbody	fpc	121.4
2026-08-08T08:31:37Z	plexus	9d163c9634e6	fib	-O0	378.0
2026-08-08T08:31:37Z	plexus	9d163c9634e6	fib	-O2	227.9
2026-08-08T08:31:37Z	plexus	9d163c9634e6	fib	-O3	144.5
2026-08-08T08:31:37Z	plexus	9d163c9634e6	fib	fpc	165.0
2026-08-08T08:31:37Z	plexus	9d163c9634e6	selfcompile	-O0	14044.6
2026-08-08T08:31:37Z	plexus	9d163c9634e6	selfcompile	-O2	11133.3
2026-08-08T08:31:37Z	plexus	9d163c9634e6	selfcompile	-O3	10986.8
2026-08-08T08:31:37Z	plexus	9d163c9634e6	selfcompile	fpc	6094.8
2026-08-08T10:24:32Z	plexus	35078a420a79	mandelbrot	-O0	1873.2
2026-08-08T10:24:32Z	plexus	35078a420a79	mandelbrot	-O2	1886.9
2026-08-08T10:24:32Z	plexus	35078a420a79	mandelbrot	-O3	993.8
2026-08-08T10:24:32Z	plexus	35078a420a79	mandelbrot-p	-O0	1850.8
2026-08-08T10:24:32Z	plexus	35078a420a79	mandelbrot-p	-O2	1865.9
2026-08-08T10:24:32Z	plexus	35078a420a79	mandelbrot-p	-O3	988.6
2026-08-08T10:24:32Z	plexus	35078a420a79	mandelbrot-p	fpc	477.1
2026-08-08T10:24:32Z	plexus	35078a420a79	raytracer	-O0	21108.1
2026-08-08T10:24:32Z	plexus	35078a420a79	raytracer	-O2	13491.0
2026-08-08T10:24:32Z	plexus	35078a420a79	raytracer	-O3	11924.8
2026-08-08T10:24:32Z	plexus	35078a420a79	raytracer-p	-O0	528.7
2026-08-08T10:24:32Z	plexus	35078a420a79	raytracer-p	-O2	418.0
2026-08-08T10:24:32Z	plexus	35078a420a79	raytracer-p	-O3	348.0
2026-08-08T10:24:32Z	plexus	35078a420a79	raytracer-p	fpc	47.0
2026-08-08T10:24:32Z	plexus	35078a420a79	sieve	-O0	117.3
2026-08-08T10:24:32Z	plexus	35078a420a79	sieve	-O2	109.0
2026-08-08T10:24:32Z	plexus	35078a420a79	sieve	-O3	110.9
2026-08-08T10:24:32Z	plexus	35078a420a79	sieve	fpc	55.8
2026-08-08T10:24:32Z	plexus	35078a420a79	nbody	-O0	923.8
2026-08-08T10:24:32Z	plexus	35078a420a79	nbody	-O2	828.5
2026-08-08T10:24:32Z	plexus	35078a420a79	nbody	-O3	540.4
2026-08-08T10:24:32Z	plexus	35078a420a79	nbody	fpc	125.9
2026-08-08T10:24:32Z	plexus	35078a420a79	fib	-O0	380.1
2026-08-08T10:24:32Z	plexus	35078a420a79	fib	-O2	230.6
2026-08-08T10:24:32Z	plexus	35078a420a79	fib	-O3	142.6
2026-08-08T10:24:32Z	plexus	35078a420a79	fib	fpc	163.9
2026-08-08T10:24:32Z	plexus	35078a420a79	selfcompile	-O0	14060.1
2026-08-08T10:24:32Z	plexus	35078a420a79	selfcompile	-O2	11122.1
2026-08-08T10:24:32Z	plexus	35078a420a79	selfcompile	-O3	10993.4
2026-08-08T10:24:32Z	plexus	35078a420a79	selfcompile	fpc	6108.5
2026-08-08T12:06:09Z	plexus	2c0e50ca554b	mandelbrot	-O0	1874.3
2026-08-08T12:06:09Z	plexus	2c0e50ca554b	mandelbrot	-O2	1882.5
2026-08-08T12:06:09Z	plexus	2c0e50ca554b	mandelbrot	-O3	995.2
2026-08-08T12:06:09Z	plexus	2c0e50ca554b	mandelbrot-p	-O0	1856.1
2026-08-08T12:06:09Z	plexus	2c0e50ca554b	mandelbrot-p	-O2	1864.8
2026-08-08T12:06:09Z	plexus	2c0e50ca554b	mandelbrot-p	-O3	982.8
2026-08-08T12:06:09Z	plexus	2c0e50ca554b	mandelbrot-p	fpc	476.8
2026-08-08T12:06:09Z	plexus	2c0e50ca554b	raytracer	-O0	21091.6
2026-08-08T12:06:09Z	plexus	2c0e50ca554b	raytracer	-O2	13468.9
2026-08-08T12:06:09Z	plexus	2c0e50ca554b	raytracer	-O3	11884.9
2026-08-08T12:06:09Z	plexus	2c0e50ca554b	raytracer-p	-O0	441.7
2026-08-08T12:06:09Z	plexus	2c0e50ca554b	raytracer-p	-O2	502.3
2026-08-08T12:06:09Z	plexus	2c0e50ca554b	raytracer-p	-O3	422.0
2026-08-08T12:06:09Z	plexus	2c0e50ca554b	raytracer-p	fpc	49.9
2026-08-08T12:06:09Z	plexus	2c0e50ca554b	sieve	-O0	140.8
2026-08-08T12:06:09Z	plexus	2c0e50ca554b	sieve	-O2	131.7
2026-08-08T12:06:09Z	plexus	2c0e50ca554b	sieve	-O3	128.1
2026-08-08T12:06:09Z	plexus	2c0e50ca554b	sieve	fpc	62.0
2026-08-08T12:06:09Z	plexus	2c0e50ca554b	nbody	-O0	1121.9
2026-08-08T12:06:09Z	plexus	2c0e50ca554b	nbody	-O2	1012.5
2026-08-08T12:06:09Z	plexus	2c0e50ca554b	nbody	-O3	652.9
2026-08-08T12:06:09Z	plexus	2c0e50ca554b	nbody	fpc	146.5
2026-08-08T12:06:09Z	plexus	2c0e50ca554b	fib	-O0	458.1
2026-08-08T12:06:09Z	plexus	2c0e50ca554b	fib	-O2	272.6
2026-08-08T12:06:09Z	plexus	2c0e50ca554b	fib	-O3	170.9
2026-08-08T12:06:09Z	plexus	2c0e50ca554b	fib	fpc	198.1
2026-08-08T12:06:09Z	plexus	2c0e50ca554b	selfcompile	-O0	17376.2
2026-08-08T12:06:09Z	plexus	2c0e50ca554b	selfcompile	-O2	13702.0
2026-08-08T12:06:09Z	plexus	2c0e50ca554b	selfcompile	-O3	13642.8
2026-08-08T12:06:09Z	plexus	2c0e50ca554b	selfcompile	fpc	7555.2
2026-08-08T12:33:19Z	plexus	b10d1fd8c098	mandelbrot	-O0	1872.4
2026-08-08T12:33:19Z	plexus	b10d1fd8c098	mandelbrot	-O2	1882.8
2026-08-08T12:33:19Z	plexus	b10d1fd8c098	mandelbrot	-O3	992.5
2026-08-08T12:33:19Z	plexus	b10d1fd8c098	mandelbrot-p	-O0	1855.5
2026-08-08T12:33:19Z	plexus	b10d1fd8c098	mandelbrot-p	-O2	1863.0
2026-08-08T12:33:19Z	plexus	b10d1fd8c098	mandelbrot-p	-O3	981.6
2026-08-08T12:33:19Z	plexus	b10d1fd8c098	mandelbrot-p	fpc	471.9
2026-08-08T12:33:19Z	plexus	b10d1fd8c098	raytracer	-O0	21112.7
2026-08-08T12:33:19Z	plexus	b10d1fd8c098	raytracer	-O2	13463.9
2026-08-08T12:33:19Z	plexus	b10d1fd8c098	raytracer	-O3	11924.2
2026-08-08T12:33:19Z	plexus	b10d1fd8c098	raytracer-p	-O0	436.7
2026-08-08T12:33:19Z	plexus	b10d1fd8c098	raytracer-p	-O2	417.9
2026-08-08T12:33:19Z	plexus	b10d1fd8c098	raytracer-p	-O3	347.8
2026-08-08T12:33:19Z	plexus	b10d1fd8c098	raytracer-p	fpc	42.5
2026-08-08T12:33:19Z	plexus	b10d1fd8c098	sieve	-O0	116.9
2026-08-08T12:33:19Z	plexus	b10d1fd8c098	sieve	-O2	109.5
2026-08-08T12:33:19Z	plexus	b10d1fd8c098	sieve	-O3	106.1
2026-08-08T12:33:19Z	plexus	b10d1fd8c098	sieve	fpc	52.5
2026-08-08T12:33:19Z	plexus	b10d1fd8c098	nbody	-O0	917.4
2026-08-08T12:33:19Z	plexus	b10d1fd8c098	nbody	-O2	828.8
2026-08-08T12:33:19Z	plexus	b10d1fd8c098	nbody	-O3	538.7
2026-08-08T12:33:19Z	plexus	b10d1fd8c098	nbody	fpc	126.1
2026-08-08T12:33:19Z	plexus	b10d1fd8c098	fib	-O0	376.3
2026-08-08T12:33:19Z	plexus	b10d1fd8c098	fib	-O2	226.8
2026-08-08T12:33:19Z	plexus	b10d1fd8c098	fib	-O3	145.8
2026-08-08T12:33:19Z	plexus	b10d1fd8c098	fib	fpc	164.3
2026-08-08T12:33:19Z	plexus	b10d1fd8c098	selfcompile	-O0	14037.8
2026-08-08T12:33:19Z	plexus	b10d1fd8c098	selfcompile	-O2	11099.6
2026-08-08T12:33:19Z	plexus	b10d1fd8c098	selfcompile	-O3	11011.9
2026-08-08T12:33:19Z	plexus	b10d1fd8c098	selfcompile	fpc	6096.3
2026-08-08T13:30:46Z	plexus	05d2787c117d	mandelbrot	-O0	1874.5
2026-08-08T13:30:46Z	plexus	05d2787c117d	mandelbrot	-O2	1888.7
2026-08-08T13:30:46Z	plexus	05d2787c117d	mandelbrot	-O3	997.1
2026-08-08T13:30:46Z	plexus	05d2787c117d	mandelbrot-p	-O0	1859.9
2026-08-08T13:30:46Z	plexus	05d2787c117d	mandelbrot-p	-O2	1862.9
2026-08-08T13:30:46Z	plexus	05d2787c117d	mandelbrot-p	-O3	978.7
2026-08-08T13:30:46Z	plexus	05d2787c117d	mandelbrot-p	fpc	472.5
2026-08-08T13:30:46Z	plexus	05d2787c117d	raytracer	-O0	21122.1
2026-08-08T13:30:46Z	plexus	05d2787c117d	raytracer	-O2	13447.7
2026-08-08T13:30:46Z	plexus	05d2787c117d	raytracer	-O3	11889.8
2026-08-08T13:30:46Z	plexus	05d2787c117d	raytracer-p	-O0	438.7
2026-08-08T13:30:46Z	plexus	05d2787c117d	raytracer-p	-O2	417.8
2026-08-08T13:30:46Z	plexus	05d2787c117d	raytracer-p	-O3	351.4
2026-08-08T13:30:46Z	plexus	05d2787c117d	raytracer-p	fpc	42.9
2026-08-08T13:30:46Z	plexus	05d2787c117d	sieve	-O0	121.1
2026-08-08T13:30:46Z	plexus	05d2787c117d	sieve	-O2	109.2
2026-08-08T13:30:46Z	plexus	05d2787c117d	sieve	-O3	105.5
2026-08-08T13:30:46Z	plexus	05d2787c117d	sieve	fpc	51.5
2026-08-08T13:30:46Z	plexus	05d2787c117d	nbody	-O0	916.9
2026-08-08T13:30:46Z	plexus	05d2787c117d	nbody	-O2	830.7
2026-08-08T13:30:46Z	plexus	05d2787c117d	nbody	-O3	535.8
2026-08-08T13:30:46Z	plexus	05d2787c117d	nbody	fpc	126.6
2026-08-08T13:30:46Z	plexus	05d2787c117d	fib	-O0	377.2
2026-08-08T13:30:46Z	plexus	05d2787c117d	fib	-O2	223.8
2026-08-08T13:30:46Z	plexus	05d2787c117d	fib	-O3	140.8
2026-08-08T13:30:46Z	plexus	05d2787c117d	fib	fpc	164.1
2026-08-08T13:30:46Z	plexus	05d2787c117d	selfcompile	-O0	14053.6
2026-08-08T13:30:46Z	plexus	05d2787c117d	selfcompile	-O2	11138.7
2026-08-08T13:30:46Z	plexus	05d2787c117d	selfcompile	-O3	11015.6
2026-08-08T13:30:46Z	plexus	05d2787c117d	selfcompile	fpc	6098.5
2026-08-08T14:56:28Z	plexus	300dee4bc559	mandelbrot	-O0	1876.9
2026-08-08T14:56:28Z	plexus	300dee4bc559	mandelbrot	-O2	1885.7
2026-08-08T14:56:28Z	plexus	300dee4bc559	mandelbrot	-O3	1001.0
2026-08-08T14:56:28Z	plexus	300dee4bc559	mandelbrot-p	-O0	1860.5
2026-08-08T14:56:28Z	plexus	300dee4bc559	mandelbrot-p	-O2	1870.5
2026-08-08T14:56:28Z	plexus	300dee4bc559	mandelbrot-p	-O3	981.4
2026-08-08T14:56:28Z	plexus	300dee4bc559	mandelbrot-p	fpc	473.8
2026-08-08T14:56:28Z	plexus	300dee4bc559	raytracer	-O0	21141.2
2026-08-08T14:56:28Z	plexus	300dee4bc559	raytracer	-O2	13500.0
2026-08-08T14:56:28Z	plexus	300dee4bc559	raytracer	-O3	11956.0
2026-08-08T14:56:28Z	plexus	300dee4bc559	raytracer-p	-O0	529.7
2026-08-08T14:56:28Z	plexus	300dee4bc559	raytracer-p	-O2	501.5
2026-08-08T14:56:28Z	plexus	300dee4bc559	raytracer-p	-O3	421.5
2026-08-08T14:56:28Z	plexus	300dee4bc559	raytracer-p	fpc	49.8
2026-08-08T14:56:28Z	plexus	300dee4bc559	sieve	-O0	140.3
2026-08-08T14:56:28Z	plexus	300dee4bc559	sieve	-O2	131.4
2026-08-08T14:56:28Z	plexus	300dee4bc559	sieve	-O3	127.7
2026-08-08T14:56:28Z	plexus	300dee4bc559	sieve	fpc	61.7
2026-08-08T14:56:28Z	plexus	300dee4bc559	nbody	-O0	922.0
2026-08-08T14:56:28Z	plexus	300dee4bc559	nbody	-O2	835.7
2026-08-08T14:56:28Z	plexus	300dee4bc559	nbody	-O3	545.6
2026-08-08T14:56:28Z	plexus	300dee4bc559	nbody	fpc	146.6
2026-08-08T14:56:28Z	plexus	300dee4bc559	fib	-O0	456.9
2026-08-08T14:56:28Z	plexus	300dee4bc559	fib	-O2	271.1
2026-08-08T14:56:28Z	plexus	300dee4bc559	fib	-O3	172.4
2026-08-08T14:56:28Z	plexus	300dee4bc559	fib	fpc	198.3
2026-08-08T14:56:28Z	plexus	300dee4bc559	selfcompile	-O0	17364.5
2026-08-08T14:56:28Z	plexus	300dee4bc559	selfcompile	-O2	13784.9
2026-08-08T14:56:28Z	plexus	300dee4bc559	selfcompile	-O3	11022.9
2026-08-08T14:56:28Z	plexus	300dee4bc559	selfcompile	fpc	6247.9
2026-08-08T15:26:13Z	plexus	bb9f01a216db	mandelbrot	-O0	2276.7
2026-08-08T15:26:13Z	plexus	bb9f01a216db	mandelbrot	-O2	1894.4
2026-08-08T15:26:13Z	plexus	bb9f01a216db	mandelbrot	-O3	1005.4
2026-08-08T15:26:13Z	plexus	bb9f01a216db	mandelbrot-p	-O0	1869.7
2026-08-08T15:26:13Z	plexus	bb9f01a216db	mandelbrot-p	-O2	1888.8
2026-08-08T15:26:13Z	plexus	bb9f01a216db	mandelbrot-p	-O3	986.8
2026-08-08T15:26:13Z	plexus	bb9f01a216db	mandelbrot-p	fpc	478.7
2026-08-08T15:26:13Z	plexus	bb9f01a216db	raytracer	-O0	21317.6
2026-08-08T15:26:13Z	plexus	bb9f01a216db	raytracer	-O2	13584.0
2026-08-08T15:26:13Z	plexus	bb9f01a216db	raytracer	-O3	12025.6
2026-08-08T15:26:13Z	plexus	bb9f01a216db	raytracer-p	-O0	441.0
2026-08-08T15:26:13Z	plexus	bb9f01a216db	raytracer-p	-O2	503.9
2026-08-08T15:26:13Z	plexus	bb9f01a216db	raytracer-p	-O3	422.0
2026-08-08T15:26:13Z	plexus	bb9f01a216db	raytracer-p	fpc	49.8
2026-08-08T15:26:13Z	plexus	bb9f01a216db	sieve	-O0	140.6
2026-08-08T15:26:13Z	plexus	bb9f01a216db	sieve	-O2	133.5
2026-08-08T15:26:13Z	plexus	bb9f01a216db	sieve	-O3	127.8
2026-08-08T15:26:13Z	plexus	bb9f01a216db	sieve	fpc	61.7
2026-08-08T15:26:13Z	plexus	bb9f01a216db	nbody	-O0	1117.5
2026-08-08T15:26:13Z	plexus	bb9f01a216db	nbody	-O2	1009.2
2026-08-08T15:26:13Z	plexus	bb9f01a216db	nbody	-O3	649.5
2026-08-08T15:26:13Z	plexus	bb9f01a216db	nbody	fpc	148.0
2026-08-08T15:26:13Z	plexus	bb9f01a216db	fib	-O0	455.8
2026-08-08T15:26:13Z	plexus	bb9f01a216db	fib	-O2	271.3
2026-08-08T15:26:13Z	plexus	bb9f01a216db	fib	-O3	170.4
2026-08-08T15:26:13Z	plexus	bb9f01a216db	fib	fpc	197.8
2026-08-08T15:26:13Z	plexus	bb9f01a216db	selfcompile	-O0	14240.5
2026-08-08T15:26:13Z	plexus	bb9f01a216db	selfcompile	-O2	11250.9
2026-08-08T15:26:13Z	plexus	bb9f01a216db	selfcompile	-O3	11307.5
2026-08-08T15:26:13Z	plexus	bb9f01a216db	selfcompile	fpc	6154.6
2026-08-08T16:06:30Z	plexus	50ba21306386	mandelbrot	-O0	2275.6
2026-08-08T16:06:30Z	plexus	50ba21306386	mandelbrot	-O2	1893.4
2026-08-08T16:06:30Z	plexus	50ba21306386	mandelbrot	-O3	1001.0
2026-08-08T16:06:30Z	plexus	50ba21306386	mandelbrot-p	-O0	1871.8
2026-08-08T16:06:30Z	plexus	50ba21306386	mandelbrot-p	-O2	1879.2
2026-08-08T16:06:30Z	plexus	50ba21306386	mandelbrot-p	-O3	986.4
2026-08-08T16:06:30Z	plexus	50ba21306386	mandelbrot-p	fpc	478.9
2026-08-08T16:06:30Z	plexus	50ba21306386	raytracer	-O0	21329.2
2026-08-08T16:06:30Z	plexus	50ba21306386	raytracer	-O2	13579.9
2026-08-08T16:06:30Z	plexus	50ba21306386	raytracer	-O3	12034.2
2026-08-08T16:06:30Z	plexus	50ba21306386	raytracer-p	-O0	528.5
2026-08-08T16:06:30Z	plexus	50ba21306386	raytracer-p	-O2	501.7
2026-08-08T16:06:30Z	plexus	50ba21306386	raytracer-p	-O3	421.0
2026-08-08T16:06:30Z	plexus	50ba21306386	raytracer-p	fpc	51.7
2026-08-08T16:06:30Z	plexus	50ba21306386	sieve	-O0	140.4
2026-08-08T16:06:30Z	plexus	50ba21306386	sieve	-O2	131.5
2026-08-08T16:06:30Z	plexus	50ba21306386	sieve	-O3	127.5
2026-08-08T16:06:30Z	plexus	50ba21306386	sieve	fpc	61.7
2026-08-08T16:06:30Z	plexus	50ba21306386	nbody	-O0	1063.6
2026-08-08T16:06:30Z	plexus	50ba21306386	nbody	-O2	841.3
2026-08-08T16:06:30Z	plexus	50ba21306386	nbody	-O3	544.5
2026-08-08T16:06:30Z	plexus	50ba21306386	nbody	fpc	126.8
2026-08-08T16:06:30Z	plexus	50ba21306386	fib	-O0	379.9
2026-08-08T16:06:30Z	plexus	50ba21306386	fib	-O2	225.5
2026-08-08T16:06:30Z	plexus	50ba21306386	fib	-O3	142.0
2026-08-08T16:06:30Z	plexus	50ba21306386	fib	fpc	168.9
2026-08-08T16:06:30Z	plexus	50ba21306386	selfcompile	-O0	14111.2
2026-08-08T16:06:30Z	plexus	50ba21306386	selfcompile	-O2	11188.6
2026-08-08T16:06:30Z	plexus	50ba21306386	selfcompile	-O3	11066.4
2026-08-08T16:06:30Z	plexus	50ba21306386	selfcompile	fpc	6118.2
2026-08-08T23:44:10Z	plexus	c3c98f395ea4	mandelbrot	-O0	1883.8
2026-08-08T23:44:10Z	plexus	c3c98f395ea4	mandelbrot	-O2	1896.4
2026-08-08T23:44:10Z	plexus	c3c98f395ea4	mandelbrot	-O3	1002.2
2026-08-08T23:44:10Z	plexus	c3c98f395ea4	mandelbrot-p	-O0	1865.9
2026-08-08T23:44:10Z	plexus	c3c98f395ea4	mandelbrot-p	-O2	1873.4
2026-08-08T23:44:10Z	plexus	c3c98f395ea4	mandelbrot-p	-O3	984.9
2026-08-08T23:44:10Z	plexus	c3c98f395ea4	mandelbrot-p	fpc	477.1
2026-08-08T23:44:10Z	plexus	c3c98f395ea4	raytracer	-O0	21207.9
2026-08-08T23:44:10Z	plexus	c3c98f395ea4	raytracer	-O2	13466.0
2026-08-08T23:44:10Z	plexus	c3c98f395ea4	raytracer	-O3	11965.6
2026-08-08T23:44:10Z	plexus	c3c98f395ea4	raytracer-p	-O0	438.6
2026-08-08T23:44:10Z	plexus	c3c98f395ea4	raytracer-p	-O2	413.3
2026-08-08T23:44:10Z	plexus	c3c98f395ea4	raytracer-p	-O3	352.3
2026-08-08T23:44:10Z	plexus	c3c98f395ea4	raytracer-p	fpc	44.4
2026-08-08T23:44:10Z	plexus	c3c98f395ea4	sieve	-O0	140.5
2026-08-08T23:44:10Z	plexus	c3c98f395ea4	sieve	-O2	132.0
2026-08-08T23:44:10Z	plexus	c3c98f395ea4	sieve	-O3	127.5
2026-08-08T23:44:10Z	plexus	c3c98f395ea4	sieve	fpc	62.1
2026-08-08T23:44:10Z	plexus	c3c98f395ea4	nbody	-O0	922.5
2026-08-08T23:44:10Z	plexus	c3c98f395ea4	nbody	-O2	835.7
2026-08-08T23:44:10Z	plexus	c3c98f395ea4	nbody	-O3	539.2
2026-08-08T23:44:10Z	plexus	c3c98f395ea4	nbody	fpc	126.0
2026-08-08T23:44:10Z	plexus	c3c98f395ea4	fib	-O0	381.6
2026-08-08T23:44:10Z	plexus	c3c98f395ea4	fib	-O2	225.5
2026-08-08T23:44:10Z	plexus	c3c98f395ea4	fib	-O3	147.0
2026-08-08T23:44:10Z	plexus	c3c98f395ea4	fib	fpc	168.3
2026-08-08T23:44:10Z	plexus	c3c98f395ea4	selfcompile	-O0	14099.8
2026-08-08T23:44:10Z	plexus	c3c98f395ea4	selfcompile	-O2	11162.0
2026-08-08T23:44:10Z	plexus	c3c98f395ea4	selfcompile	-O3	11108.4
2026-08-08T23:44:10Z	plexus	c3c98f395ea4	selfcompile	fpc	6154.8
2026-08-09T01:47:43Z	plexus	f35db54cf479	mandelbrot	-O0	1883.1
2026-08-09T01:47:43Z	plexus	f35db54cf479	mandelbrot	-O2	1891.2
2026-08-09T01:47:43Z	plexus	f35db54cf479	mandelbrot	-O3	1000.7
2026-08-09T01:47:43Z	plexus	f35db54cf479	mandelbrot-p	-O0	1865.9
2026-08-09T01:47:43Z	plexus	f35db54cf479	mandelbrot-p	-O2	1869.0
2026-08-09T01:47:43Z	plexus	f35db54cf479	mandelbrot-p	-O3	985.1
2026-08-09T01:47:43Z	plexus	f35db54cf479	mandelbrot-p	fpc	478.0
2026-08-09T01:47:43Z	plexus	f35db54cf479	raytracer	-O0	21142.5
2026-08-09T01:47:43Z	plexus	f35db54cf479	raytracer	-O2	13502.8
2026-08-09T01:47:43Z	plexus	f35db54cf479	raytracer	-O3	11996.7
2026-08-09T01:47:43Z	plexus	f35db54cf479	raytracer-p	-O0	440.2
2026-08-09T01:47:43Z	plexus	f35db54cf479	raytracer-p	-O2	416.9
2026-08-09T01:47:43Z	plexus	f35db54cf479	raytracer-p	-O3	348.6
2026-08-09T01:47:43Z	plexus	f35db54cf479	raytracer-p	fpc	42.4
2026-08-09T01:47:43Z	plexus	f35db54cf479	sieve	-O0	116.7
2026-08-09T01:47:43Z	plexus	f35db54cf479	sieve	-O2	111.0
2026-08-09T01:47:43Z	plexus	f35db54cf479	sieve	-O3	111.1
2026-08-09T01:47:43Z	plexus	f35db54cf479	sieve	fpc	56.6
2026-08-09T01:47:43Z	plexus	f35db54cf479	nbody	-O0	930.8
2026-08-09T01:47:43Z	plexus	f35db54cf479	nbody	-O2	830.4
2026-08-09T01:47:43Z	plexus	f35db54cf479	nbody	-O3	538.3
2026-08-09T01:47:43Z	plexus	f35db54cf479	nbody	fpc	125.0
2026-08-09T01:47:43Z	plexus	f35db54cf479	fib	-O0	378.0
2026-08-09T01:47:43Z	plexus	f35db54cf479	fib	-O2	225.5
2026-08-09T01:47:43Z	plexus	f35db54cf479	fib	-O3	141.9
2026-08-09T01:47:43Z	plexus	f35db54cf479	fib	fpc	168.9
2026-08-09T01:47:43Z	plexus	f35db54cf479	selfcompile	-O0	14186.7
2026-08-09T01:47:43Z	plexus	f35db54cf479	selfcompile	-O2	11170.5
2026-08-09T01:47:43Z	plexus	f35db54cf479	selfcompile	-O3	11160.7
2026-08-09T01:47:43Z	plexus	f35db54cf479	selfcompile	fpc	6162.7
2026-08-09T03:44:29Z	plexus	e5b75caf3372	mandelbrot	-O0	1880.5
2026-08-09T03:44:29Z	plexus	e5b75caf3372	mandelbrot	-O2	1888.7
2026-08-09T03:44:29Z	plexus	e5b75caf3372	mandelbrot	-O3	997.2
2026-08-09T03:44:29Z	plexus	e5b75caf3372	mandelbrot-p	-O0	1865.2
2026-08-09T03:44:29Z	plexus	e5b75caf3372	mandelbrot-p	-O2	1870.7
2026-08-09T03:44:29Z	plexus	e5b75caf3372	mandelbrot-p	-O3	985.6
2026-08-09T03:44:29Z	plexus	e5b75caf3372	mandelbrot-p	fpc	473.7
2026-08-09T03:44:29Z	plexus	e5b75caf3372	raytracer	-O0	21200.9
2026-08-09T03:44:29Z	plexus	e5b75caf3372	raytracer	-O2	13511.2
2026-08-09T03:44:29Z	plexus	e5b75caf3372	raytracer	-O3	11961.4
2026-08-09T03:44:29Z	plexus	e5b75caf3372	raytracer-p	-O0	440.4
2026-08-09T03:44:29Z	plexus	e5b75caf3372	raytracer-p	-O2	414.1
2026-08-09T03:44:29Z	plexus	e5b75caf3372	raytracer-p	-O3	352.1
2026-08-09T03:44:29Z	plexus	e5b75caf3372	raytracer-p	fpc	43.4
2026-08-09T03:44:29Z	plexus	e5b75caf3372	sieve	-O0	117.5
2026-08-09T03:44:29Z	plexus	e5b75caf3372	sieve	-O2	112.5
2026-08-09T03:44:29Z	plexus	e5b75caf3372	sieve	-O3	110.7
2026-08-09T03:44:29Z	plexus	e5b75caf3372	sieve	fpc	55.7
2026-08-09T03:44:29Z	plexus	e5b75caf3372	nbody	-O0	921.9
2026-08-09T03:44:29Z	plexus	e5b75caf3372	nbody	-O2	833.9
2026-08-09T03:44:29Z	plexus	e5b75caf3372	nbody	-O3	535.3
2026-08-09T03:44:29Z	plexus	e5b75caf3372	nbody	fpc	125.9
2026-08-09T03:44:29Z	plexus	e5b75caf3372	fib	-O0	376.1
2026-08-09T03:44:29Z	plexus	e5b75caf3372	fib	-O2	229.4
2026-08-09T03:44:29Z	plexus	e5b75caf3372	fib	-O3	148.3
2026-08-09T03:44:29Z	plexus	e5b75caf3372	fib	fpc	171.4
2026-08-09T03:44:29Z	plexus	e5b75caf3372	selfcompile	-O0	14803.0
2026-08-09T03:44:29Z	plexus	e5b75caf3372	selfcompile	-O2	11749.5
2026-08-09T03:44:29Z	plexus	e5b75caf3372	selfcompile	-O3	11384.5
2026-08-09T03:44:29Z	plexus	e5b75caf3372	selfcompile	fpc	6158.0
2026-08-09T05:24:28Z	plexus	8a4804cb68c1	mandelbrot	-O0	1879.7
2026-08-09T05:24:28Z	plexus	8a4804cb68c1	mandelbrot	-O2	1885.3
2026-08-09T05:24:28Z	plexus	8a4804cb68c1	mandelbrot	-O3	1000.2
2026-08-09T05:24:28Z	plexus	8a4804cb68c1	mandelbrot-p	-O0	1867.6
2026-08-09T05:24:28Z	plexus	8a4804cb68c1	mandelbrot-p	-O2	1872.8
2026-08-09T05:24:28Z	plexus	8a4804cb68c1	mandelbrot-p	-O3	985.7
2026-08-09T05:24:28Z	plexus	8a4804cb68c1	mandelbrot-p	fpc	474.0
2026-08-09T05:24:28Z	plexus	8a4804cb68c1	raytracer	-O0	21222.2
2026-08-09T05:24:28Z	plexus	8a4804cb68c1	raytracer	-O2	13516.8
2026-08-09T05:24:28Z	plexus	8a4804cb68c1	raytracer	-O3	11954.7
2026-08-09T05:24:28Z	plexus	8a4804cb68c1	raytracer-p	-O0	440.4
2026-08-09T05:24:28Z	plexus	8a4804cb68c1	raytracer-p	-O2	417.4
2026-08-09T05:24:28Z	plexus	8a4804cb68c1	raytracer-p	-O3	349.5
2026-08-09T05:24:28Z	plexus	8a4804cb68c1	raytracer-p	fpc	43.0
2026-08-09T05:24:28Z	plexus	8a4804cb68c1	sieve	-O0	117.7
2026-08-09T05:24:28Z	plexus	8a4804cb68c1	sieve	-O2	109.4
2026-08-09T05:24:28Z	plexus	8a4804cb68c1	sieve	-O3	105.7
2026-08-09T05:24:28Z	plexus	8a4804cb68c1	sieve	fpc	56.5
2026-08-09T05:24:28Z	plexus	8a4804cb68c1	nbody	-O0	929.4
2026-08-09T05:24:28Z	plexus	8a4804cb68c1	nbody	-O2	835.7
2026-08-09T05:24:28Z	plexus	8a4804cb68c1	nbody	-O3	539.6
2026-08-09T05:24:28Z	plexus	8a4804cb68c1	nbody	fpc	126.0
2026-08-09T05:24:28Z	plexus	8a4804cb68c1	fib	-O0	378.6
2026-08-09T05:24:28Z	plexus	8a4804cb68c1	fib	-O2	225.1
2026-08-09T05:24:28Z	plexus	8a4804cb68c1	fib	-O3	141.8
2026-08-09T05:24:28Z	plexus	8a4804cb68c1	fib	fpc	164.4
2026-08-09T05:24:28Z	plexus	8a4804cb68c1	selfcompile	-O0	14190.8
2026-08-09T05:24:28Z	plexus	8a4804cb68c1	selfcompile	-O2	11255.4
2026-08-09T05:24:28Z	plexus	8a4804cb68c1	selfcompile	-O3	11289.2
2026-08-09T05:24:28Z	plexus	8a4804cb68c1	selfcompile	fpc	7533.1
2026-08-09T08:34:09Z	plexus	0d6de0cbeae1	mandelbrot	-O0	1884.3
2026-08-09T08:34:09Z	plexus	0d6de0cbeae1	mandelbrot	-O2	1896.3
2026-08-09T08:34:09Z	plexus	0d6de0cbeae1	mandelbrot	-O3	1004.3
2026-08-09T08:34:09Z	plexus	0d6de0cbeae1	mandelbrot-p	-O0	1868.5
2026-08-09T08:34:09Z	plexus	0d6de0cbeae1	mandelbrot-p	-O2	1877.7
2026-08-09T08:34:09Z	plexus	0d6de0cbeae1	mandelbrot-p	-O3	983.0
2026-08-09T08:34:09Z	plexus	0d6de0cbeae1	mandelbrot-p	fpc	472.6
2026-08-09T08:34:09Z	plexus	0d6de0cbeae1	raytracer	-O0	21243.3
2026-08-09T08:34:09Z	plexus	0d6de0cbeae1	raytracer	-O2	13538.7
2026-08-09T08:34:09Z	plexus	0d6de0cbeae1	raytracer	-O3	11972.0
2026-08-09T08:34:09Z	plexus	0d6de0cbeae1	raytracer-p	-O0	439.0
2026-08-09T08:34:09Z	plexus	0d6de0cbeae1	raytracer-p	-O2	418.2
2026-08-09T08:34:09Z	plexus	0d6de0cbeae1	raytracer-p	-O3	348.7
2026-08-09T08:34:09Z	plexus	0d6de0cbeae1	raytracer-p	fpc	43.6
2026-08-09T08:34:09Z	plexus	0d6de0cbeae1	sieve	-O0	142.4
2026-08-09T08:34:09Z	plexus	0d6de0cbeae1	sieve	-O2	131.5
2026-08-09T08:34:09Z	plexus	0d6de0cbeae1	sieve	-O3	127.5
2026-08-09T08:34:09Z	plexus	0d6de0cbeae1	sieve	fpc	61.7
2026-08-09T08:34:09Z	plexus	0d6de0cbeae1	nbody	-O0	1047.5
2026-08-09T08:34:09Z	plexus	0d6de0cbeae1	nbody	-O2	838.0
2026-08-09T08:34:09Z	plexus	0d6de0cbeae1	nbody	-O3	540.3
2026-08-09T08:34:09Z	plexus	0d6de0cbeae1	nbody	fpc	126.9
2026-08-09T08:34:09Z	plexus	0d6de0cbeae1	fib	-O0	377.7
2026-08-09T08:34:09Z	plexus	0d6de0cbeae1	fib	-O2	226.3
2026-08-09T08:34:09Z	plexus	0d6de0cbeae1	fib	-O3	146.2
2026-08-09T08:34:09Z	plexus	0d6de0cbeae1	fib	fpc	166.0
2026-08-09T08:34:09Z	plexus	0d6de0cbeae1	selfcompile	-O0	14305.0
2026-08-09T08:34:09Z	plexus	0d6de0cbeae1	selfcompile	-O2	11283.6
2026-08-09T08:34:09Z	plexus	0d6de0cbeae1	selfcompile	-O3	11166.2
2026-08-09T08:34:09Z	plexus	0d6de0cbeae1	selfcompile	fpc	6213.1
2026-08-09T14:14:17Z	plexus	dcfe7a6f8f0f	mandelbrot	-O0	1934.6
2026-08-09T14:14:17Z	plexus	dcfe7a6f8f0f	mandelbrot	-O2	1891.8
2026-08-09T14:14:17Z	plexus	dcfe7a6f8f0f	mandelbrot	-O3	999.6
2026-08-09T14:14:17Z	plexus	dcfe7a6f8f0f	mandelbrot-p	-O0	1862.2
2026-08-09T14:14:17Z	plexus	dcfe7a6f8f0f	mandelbrot-p	-O2	1871.6
2026-08-09T14:14:17Z	plexus	dcfe7a6f8f0f	mandelbrot-p	-O3	985.3
2026-08-09T14:14:17Z	plexus	dcfe7a6f8f0f	mandelbrot-p	fpc	478.6
2026-08-09T14:14:17Z	plexus	dcfe7a6f8f0f	raytracer	-O0	22835.2
2026-08-09T14:14:17Z	plexus	dcfe7a6f8f0f	raytracer	-O2	15133.0
2026-08-09T14:14:17Z	plexus	dcfe7a6f8f0f	raytracer	-O3	13387.2
2026-08-09T14:14:17Z	plexus	dcfe7a6f8f0f	raytracer-p	-O0	436.3
2026-08-09T14:14:17Z	plexus	dcfe7a6f8f0f	raytracer-p	-O2	419.6
2026-08-09T14:14:17Z	plexus	dcfe7a6f8f0f	raytracer-p	-O3	369.7
2026-08-09T14:14:17Z	plexus	dcfe7a6f8f0f	raytracer-p	fpc	43.6
2026-08-09T14:14:17Z	plexus	dcfe7a6f8f0f	sieve	-O0	122.6
2026-08-09T14:14:17Z	plexus	dcfe7a6f8f0f	sieve	-O2	113.3
2026-08-09T14:14:17Z	plexus	dcfe7a6f8f0f	sieve	-O3	108.8
2026-08-09T14:14:17Z	plexus	dcfe7a6f8f0f	sieve	fpc	53.7
2026-08-09T14:14:17Z	plexus	dcfe7a6f8f0f	nbody	-O0	974.6
2026-08-09T14:14:17Z	plexus	dcfe7a6f8f0f	nbody	-O2	870.0
2026-08-09T14:14:17Z	plexus	dcfe7a6f8f0f	nbody	-O3	568.4
2026-08-09T14:14:17Z	plexus	dcfe7a6f8f0f	nbody	fpc	128.3
2026-08-09T14:14:17Z	plexus	dcfe7a6f8f0f	fib	-O0	398.2
2026-08-09T14:14:17Z	plexus	dcfe7a6f8f0f	fib	-O2	234.4
2026-08-09T14:14:17Z	plexus	dcfe7a6f8f0f	fib	-O3	148.9
2026-08-09T14:14:17Z	plexus	dcfe7a6f8f0f	fib	fpc	170.5
2026-08-09T14:14:17Z	plexus	dcfe7a6f8f0f	selfcompile	-O0	15094.5
2026-08-09T14:14:17Z	plexus	dcfe7a6f8f0f	selfcompile	-O2	11941.7
2026-08-09T14:14:17Z	plexus	dcfe7a6f8f0f	selfcompile	-O3	11226.9
2026-08-09T14:14:17Z	plexus	dcfe7a6f8f0f	selfcompile	fpc	6226.6
2026-08-09T17:46:34Z	plexus	0c22cb258ef1	mandelbrot	-O0	1880.1
2026-08-09T17:46:34Z	plexus	0c22cb258ef1	mandelbrot	-O2	1888.9
2026-08-09T17:46:34Z	plexus	0c22cb258ef1	mandelbrot	-O3	1002.4
2026-08-09T17:46:34Z	plexus	0c22cb258ef1	mandelbrot-p	-O0	1865.7
2026-08-09T17:46:34Z	plexus	0c22cb258ef1	mandelbrot-p	-O2	1874.9
2026-08-09T17:46:34Z	plexus	0c22cb258ef1	mandelbrot-p	-O3	983.7
2026-08-09T17:46:34Z	plexus	0c22cb258ef1	mandelbrot-p	fpc	477.3
2026-08-09T17:46:34Z	plexus	0c22cb258ef1	raytracer	-O0	22858.8
2026-08-09T17:46:34Z	plexus	0c22cb258ef1	raytracer	-O2	15176.4
2026-08-09T17:46:34Z	plexus	0c22cb258ef1	raytracer	-O3	13364.8
2026-08-09T17:46:34Z	plexus	0c22cb258ef1	raytracer-p	-O0	436.0
2026-08-09T17:46:34Z	plexus	0c22cb258ef1	raytracer-p	-O2	414.3
2026-08-09T17:46:34Z	plexus	0c22cb258ef1	raytracer-p	-O3	355.0
2026-08-09T17:46:34Z	plexus	0c22cb258ef1	raytracer-p	fpc	42.8
2026-08-09T17:46:34Z	plexus	0c22cb258ef1	sieve	-O0	140.4
2026-08-09T17:46:34Z	plexus	0c22cb258ef1	sieve	-O2	129.7
2026-08-09T17:46:34Z	plexus	0c22cb258ef1	sieve	-O3	125.4
2026-08-09T17:46:34Z	plexus	0c22cb258ef1	sieve	fpc	61.9
2026-08-09T17:46:34Z	plexus	0c22cb258ef1	nbody	-O0	929.2
2026-08-09T17:46:34Z	plexus	0c22cb258ef1	nbody	-O2	833.7
2026-08-09T17:46:34Z	plexus	0c22cb258ef1	nbody	-O3	540.5
2026-08-09T17:46:34Z	plexus	0c22cb258ef1	nbody	fpc	122.2
2026-08-09T17:46:34Z	plexus	0c22cb258ef1	fib	-O0	379.3
2026-08-09T17:46:34Z	plexus	0c22cb258ef1	fib	-O2	229.2
2026-08-09T17:46:34Z	plexus	0c22cb258ef1	fib	-O3	142.1
2026-08-09T17:46:34Z	plexus	0c22cb258ef1	fib	fpc	168.8
2026-08-09T17:46:34Z	plexus	0c22cb258ef1	selfcompile	-O0	14345.0
2026-08-09T17:46:34Z	plexus	0c22cb258ef1	selfcompile	-O2	11363.5
2026-08-09T17:46:34Z	plexus	0c22cb258ef1	selfcompile	-O3	11240.6
2026-08-09T17:46:34Z	plexus	0c22cb258ef1	selfcompile	fpc	6228.6
2026-08-09T18:40:08Z	plexus	2228129b2c2e	mandelbrot	-O0	1882.7
2026-08-09T18:40:08Z	plexus	2228129b2c2e	mandelbrot	-O2	1891.1
2026-08-09T18:40:08Z	plexus	2228129b2c2e	mandelbrot	-O3	1001.3
2026-08-09T18:40:08Z	plexus	2228129b2c2e	mandelbrot-p	-O0	1863.0
2026-08-09T18:40:08Z	plexus	2228129b2c2e	mandelbrot-p	-O2	1875.4
2026-08-09T18:40:08Z	plexus	2228129b2c2e	mandelbrot-p	-O3	993.2
2026-08-09T18:40:08Z	plexus	2228129b2c2e	mandelbrot-p	fpc	573.4
2026-08-09T18:40:08Z	plexus	2228129b2c2e	raytracer	-O0	22871.2
2026-08-09T18:40:08Z	plexus	2228129b2c2e	raytracer	-O2	15139.0
2026-08-09T18:40:08Z	plexus	2228129b2c2e	raytracer	-O3	13339.6
2026-08-09T18:40:08Z	plexus	2228129b2c2e	raytracer-p	-O0	440.5
2026-08-09T18:40:08Z	plexus	2228129b2c2e	raytracer-p	-O2	419.6
2026-08-09T18:40:08Z	plexus	2228129b2c2e	raytracer-p	-O3	348.8
2026-08-09T18:40:08Z	plexus	2228129b2c2e	raytracer-p	fpc	42.1
2026-08-09T18:40:08Z	plexus	2228129b2c2e	sieve	-O0	121.5
2026-08-09T18:40:08Z	plexus	2228129b2c2e	sieve	-O2	111.7
2026-08-09T18:40:08Z	plexus	2228129b2c2e	sieve	-O3	103.9
2026-08-09T18:40:08Z	plexus	2228129b2c2e	sieve	fpc	56.9
2026-08-09T18:40:08Z	plexus	2228129b2c2e	nbody	-O0	921.3
2026-08-09T18:40:08Z	plexus	2228129b2c2e	nbody	-O2	835.7
2026-08-09T18:40:08Z	plexus	2228129b2c2e	nbody	-O3	536.9
2026-08-09T18:40:08Z	plexus	2228129b2c2e	nbody	fpc	126.6
2026-08-09T18:40:08Z	plexus	2228129b2c2e	fib	-O0	375.8
2026-08-09T18:40:08Z	plexus	2228129b2c2e	fib	-O2	228.5
2026-08-09T18:40:08Z	plexus	2228129b2c2e	fib	-O3	146.1
2026-08-09T18:40:08Z	plexus	2228129b2c2e	fib	fpc	167.2
2026-08-09T18:40:08Z	plexus	2228129b2c2e	selfcompile	-O0	14376.5
2026-08-09T18:40:08Z	plexus	2228129b2c2e	selfcompile	-O2	11304.1
2026-08-09T18:40:08Z	plexus	2228129b2c2e	selfcompile	-O3	11277.2
2026-08-09T18:40:08Z	plexus	2228129b2c2e	selfcompile	fpc	6237.6
2026-08-09T21:33:33Z	plexus	01a08d88371e	mandelbrot	-O0	1874.8
2026-08-09T21:33:33Z	plexus	01a08d88371e	mandelbrot	-O2	1888.4
2026-08-09T21:33:33Z	plexus	01a08d88371e	mandelbrot	-O3	1001.7
2026-08-09T21:33:33Z	plexus	01a08d88371e	mandelbrot-p	-O0	1867.4
2026-08-09T21:33:33Z	plexus	01a08d88371e	mandelbrot-p	-O2	1874.0
2026-08-09T21:33:33Z	plexus	01a08d88371e	mandelbrot-p	-O3	983.6
2026-08-09T21:33:33Z	plexus	01a08d88371e	mandelbrot-p	fpc	478.0
2026-08-09T21:33:33Z	plexus	01a08d88371e	raytracer	-O0	22897.7
2026-08-09T21:33:33Z	plexus	01a08d88371e	raytracer	-O2	15166.6
2026-08-09T21:33:33Z	plexus	01a08d88371e	raytracer	-O3	13341.7
2026-08-09T21:33:33Z	plexus	01a08d88371e	raytracer-p	-O0	440.6
2026-08-09T21:33:33Z	plexus	01a08d88371e	raytracer-p	-O2	419.1
2026-08-09T21:33:33Z	plexus	01a08d88371e	raytracer-p	-O3	358.0
2026-08-09T21:33:33Z	plexus	01a08d88371e	raytracer-p	fpc	43.4
2026-08-09T21:33:33Z	plexus	01a08d88371e	sieve	-O0	117.1
2026-08-09T21:33:33Z	plexus	01a08d88371e	sieve	-O2	112.4
2026-08-09T21:33:33Z	plexus	01a08d88371e	sieve	-O3	104.9
2026-08-09T21:33:33Z	plexus	01a08d88371e	sieve	fpc	52.1
2026-08-09T21:33:33Z	plexus	01a08d88371e	nbody	-O0	927.9
2026-08-09T21:33:33Z	plexus	01a08d88371e	nbody	-O2	830.5
2026-08-09T21:33:33Z	plexus	01a08d88371e	nbody	-O3	536.7
2026-08-09T21:33:33Z	plexus	01a08d88371e	nbody	fpc	125.9
2026-08-09T21:33:33Z	plexus	01a08d88371e	fib	-O0	448.2
2026-08-09T21:33:33Z	plexus	01a08d88371e	fib	-O2	225.0
2026-08-09T21:33:33Z	plexus	01a08d88371e	fib	-O3	146.5
2026-08-09T21:33:33Z	plexus	01a08d88371e	fib	fpc	167.6
2026-08-09T21:33:33Z	plexus	01a08d88371e	selfcompile	-O0	14352.3
2026-08-09T21:33:33Z	plexus	01a08d88371e	selfcompile	-O2	11420.3
2026-08-09T21:33:33Z	plexus	01a08d88371e	selfcompile	-O3	11767.9
2026-08-09T21:33:33Z	plexus	01a08d88371e	selfcompile	fpc	6494.8
2026-08-10T06:31:47Z	plexus	e89fdf8e1c25	mandelbrot	-O0	1886.7
2026-08-10T06:31:47Z	plexus	e89fdf8e1c25	mandelbrot	-O2	1897.1
2026-08-10T06:31:47Z	plexus	e89fdf8e1c25	mandelbrot	-O3	997.9
2026-08-10T06:31:47Z	plexus	e89fdf8e1c25	mandelbrot-p	-O0	1864.9
2026-08-10T06:31:47Z	plexus	e89fdf8e1c25	mandelbrot-p	-O2	1871.8
2026-08-10T06:31:47Z	plexus	e89fdf8e1c25	mandelbrot-p	-O3	984.3
2026-08-10T06:31:47Z	plexus	e89fdf8e1c25	mandelbrot-p	fpc	478.1
2026-08-10T06:31:47Z	plexus	e89fdf8e1c25	raytracer	-O0	22787.7
2026-08-10T06:31:47Z	plexus	e89fdf8e1c25	raytracer	-O2	15134.2
2026-08-10T06:31:47Z	plexus	e89fdf8e1c25	raytracer	-O3	13332.5
2026-08-10T06:31:47Z	plexus	e89fdf8e1c25	raytracer-p	-O0	439.5
2026-08-10T06:31:47Z	plexus	e89fdf8e1c25	raytracer-p	-O2	415.4
2026-08-10T06:31:47Z	plexus	e89fdf8e1c25	raytracer-p	-O3	351.6
2026-08-10T06:31:47Z	plexus	e89fdf8e1c25	raytracer-p	fpc	45.0
2026-08-10T06:31:47Z	plexus	e89fdf8e1c25	sieve	-O0	139.8
2026-08-10T06:31:47Z	plexus	e89fdf8e1c25	sieve	-O2	128.7
2026-08-10T06:31:47Z	plexus	e89fdf8e1c25	sieve	-O3	127.1
2026-08-10T06:31:47Z	plexus	e89fdf8e1c25	sieve	fpc	63.6
2026-08-10T06:31:47Z	plexus	e89fdf8e1c25	nbody	-O0	1081.7
2026-08-10T06:31:47Z	plexus	e89fdf8e1c25	nbody	-O2	832.5
2026-08-10T06:31:47Z	plexus	e89fdf8e1c25	nbody	-O3	536.4
2026-08-10T06:31:47Z	plexus	e89fdf8e1c25	nbody	fpc	122.0
2026-08-10T06:31:47Z	plexus	e89fdf8e1c25	fib	-O0	380.9
2026-08-10T06:31:47Z	plexus	e89fdf8e1c25	fib	-O2	223.8
2026-08-10T06:31:47Z	plexus	e89fdf8e1c25	fib	-O3	140.8
2026-08-10T06:31:47Z	plexus	e89fdf8e1c25	fib	fpc	165.9
2026-08-10T06:31:47Z	plexus	e89fdf8e1c25	selfcompile	-O0	14400.4
2026-08-10T06:31:47Z	plexus	e89fdf8e1c25	selfcompile	-O2	11408.7
2026-08-10T06:31:47Z	plexus	e89fdf8e1c25	selfcompile	-O3	11311.5
2026-08-10T06:31:47Z	plexus	e89fdf8e1c25	selfcompile	fpc	6248.7
2026-08-10T08:21:10Z	plexus	72f0f93e917a	mandelbrot	-O0	1880.6
2026-08-10T08:21:10Z	plexus	72f0f93e917a	mandelbrot	-O2	1895.3
2026-08-10T08:21:10Z	plexus	72f0f93e917a	mandelbrot	-O3	996.6
2026-08-10T08:21:10Z	plexus	72f0f93e917a	mandelbrot-p	-O0	1867.7
2026-08-10T08:21:10Z	plexus	72f0f93e917a	mandelbrot-p	-O2	1885.6
2026-08-10T08:21:10Z	plexus	72f0f93e917a	mandelbrot-p	-O3	980.7
2026-08-10T08:21:10Z	plexus	72f0f93e917a	mandelbrot-p	fpc	473.8
2026-08-10T08:21:10Z	plexus	72f0f93e917a	raytracer	-O0	22860.9
2026-08-10T08:21:10Z	plexus	72f0f93e917a	raytracer	-O2	15151.4
2026-08-10T08:21:10Z	plexus	72f0f93e917a	raytracer	-O3	13370.7
2026-08-10T08:21:10Z	plexus	72f0f93e917a	raytracer-p	-O0	435.7
2026-08-10T08:21:10Z	plexus	72f0f93e917a	raytracer-p	-O2	414.4
2026-08-10T08:21:10Z	plexus	72f0f93e917a	raytracer-p	-O3	351.7
2026-08-10T08:21:10Z	plexus	72f0f93e917a	raytracer-p	fpc	42.8
2026-08-10T08:21:10Z	plexus	72f0f93e917a	sieve	-O0	116.4
2026-08-10T08:21:10Z	plexus	72f0f93e917a	sieve	-O2	109.8
2026-08-10T08:21:10Z	plexus	72f0f93e917a	sieve	-O3	104.1
2026-08-10T08:21:10Z	plexus	72f0f93e917a	sieve	fpc	57.0
2026-08-10T08:21:10Z	plexus	72f0f93e917a	nbody	-O0	1117.7
2026-08-10T08:21:10Z	plexus	72f0f93e917a	nbody	-O2	983.4
2026-08-10T08:21:10Z	plexus	72f0f93e917a	nbody	-O3	541.3
2026-08-10T08:21:10Z	plexus	72f0f93e917a	nbody	fpc	146.1
2026-08-10T08:21:10Z	plexus	72f0f93e917a	fib	-O0	456.5
2026-08-10T08:21:10Z	plexus	72f0f93e917a	fib	-O2	271.4
2026-08-10T08:21:10Z	plexus	72f0f93e917a	fib	-O3	170.4
2026-08-10T08:21:10Z	plexus	72f0f93e917a	fib	fpc	197.7
2026-08-10T08:21:10Z	plexus	72f0f93e917a	selfcompile	-O0	14381.0
2026-08-10T08:21:10Z	plexus	72f0f93e917a	selfcompile	-O2	11402.3
2026-08-10T08:21:10Z	plexus	72f0f93e917a	selfcompile	-O3	11333.6
2026-08-10T08:21:10Z	plexus	72f0f93e917a	selfcompile	fpc	6240.8
2026-08-10T09:56:04Z	plexus	c91f35fd0832	mandelbrot	-O0	1887.2
2026-08-10T09:56:04Z	plexus	c91f35fd0832	mandelbrot	-O2	1894.5
2026-08-10T09:56:04Z	plexus	c91f35fd0832	mandelbrot	-O3	1000.4
2026-08-10T09:56:04Z	plexus	c91f35fd0832	mandelbrot-p	-O0	1866.6
2026-08-10T09:56:04Z	plexus	c91f35fd0832	mandelbrot-p	-O2	1873.0
2026-08-10T09:56:04Z	plexus	c91f35fd0832	mandelbrot-p	-O3	980.8
2026-08-10T09:56:04Z	plexus	c91f35fd0832	mandelbrot-p	fpc	474.6
2026-08-10T09:56:04Z	plexus	c91f35fd0832	raytracer	-O0	22888.0
2026-08-10T09:56:04Z	plexus	c91f35fd0832	raytracer	-O2	15150.9
2026-08-10T09:56:04Z	plexus	c91f35fd0832	raytracer	-O3	13375.2
2026-08-10T09:56:04Z	plexus	c91f35fd0832	raytracer-p	-O0	439.9
2026-08-10T09:56:04Z	plexus	c91f35fd0832	raytracer-p	-O2	415.9
2026-08-10T09:56:04Z	plexus	c91f35fd0832	raytracer-p	-O3	349.9
2026-08-10T09:56:04Z	plexus	c91f35fd0832	raytracer-p	fpc	42.6
2026-08-10T09:56:04Z	plexus	c91f35fd0832	sieve	-O0	121.5
2026-08-10T09:56:04Z	plexus	c91f35fd0832	sieve	-O2	128.7
2026-08-10T09:56:04Z	plexus	c91f35fd0832	sieve	-O3	125.3
2026-08-10T09:56:04Z	plexus	c91f35fd0832	sieve	fpc	62.2
2026-08-10T09:56:04Z	plexus	c91f35fd0832	nbody	-O0	925.6
2026-08-10T09:56:04Z	plexus	c91f35fd0832	nbody	-O2	830.0
2026-08-10T09:56:04Z	plexus	c91f35fd0832	nbody	-O3	537.7
2026-08-10T09:56:04Z	plexus	c91f35fd0832	nbody	fpc	122.2
2026-08-10T09:56:04Z	plexus	c91f35fd0832	fib	-O0	374.8
2026-08-10T09:56:04Z	plexus	c91f35fd0832	fib	-O2	224.8
2026-08-10T09:56:04Z	plexus	c91f35fd0832	fib	-O3	141.4
2026-08-10T09:56:04Z	plexus	c91f35fd0832	fib	fpc	163.1
2026-08-10T09:56:04Z	plexus	c91f35fd0832	selfcompile	-O0	14371.1
2026-08-10T09:56:04Z	plexus	c91f35fd0832	selfcompile	-O2	11428.4
2026-08-10T09:56:04Z	plexus	c91f35fd0832	selfcompile	-O3	11326.5
2026-08-10T09:56:04Z	plexus	c91f35fd0832	selfcompile	fpc	6252.3
2026-08-10T11:20:43Z	plexus	bedf2adeb350	mandelbrot	-O0	1884.7
2026-08-10T11:20:43Z	plexus	bedf2adeb350	mandelbrot	-O2	1893.9
2026-08-10T11:20:43Z	plexus	bedf2adeb350	mandelbrot	-O3	1003.6
2026-08-10T11:20:43Z	plexus	bedf2adeb350	mandelbrot-p	-O0	1861.8
2026-08-10T11:20:43Z	plexus	bedf2adeb350	mandelbrot-p	-O2	1877.0
2026-08-10T11:20:43Z	plexus	bedf2adeb350	mandelbrot-p	-O3	982.9
2026-08-10T11:20:43Z	plexus	bedf2adeb350	mandelbrot-p	fpc	471.8
2026-08-10T11:20:43Z	plexus	bedf2adeb350	raytracer	-O0	22882.3
2026-08-10T11:20:43Z	plexus	bedf2adeb350	raytracer	-O2	15132.9
2026-08-10T11:20:43Z	plexus	bedf2adeb350	raytracer	-O3	13356.6
2026-08-10T11:20:43Z	plexus	bedf2adeb350	raytracer-p	-O0	439.6
2026-08-10T11:20:43Z	plexus	bedf2adeb350	raytracer-p	-O2	413.7
2026-08-10T11:20:43Z	plexus	bedf2adeb350	raytracer-p	-O3	353.6
2026-08-10T11:20:43Z	plexus	bedf2adeb350	raytracer-p	fpc	43.2
2026-08-10T11:20:43Z	plexus	bedf2adeb350	sieve	-O0	116.4
2026-08-10T11:20:43Z	plexus	bedf2adeb350	sieve	-O2	111.0
2026-08-10T11:20:43Z	plexus	bedf2adeb350	sieve	-O3	109.1
2026-08-10T11:20:43Z	plexus	bedf2adeb350	sieve	fpc	55.1
2026-08-10T11:20:43Z	plexus	bedf2adeb350	nbody	-O0	926.4
2026-08-10T11:20:43Z	plexus	bedf2adeb350	nbody	-O2	832.4
2026-08-10T11:20:43Z	plexus	bedf2adeb350	nbody	-O3	537.5
2026-08-10T11:20:43Z	plexus	bedf2adeb350	nbody	fpc	121.8
2026-08-10T11:20:43Z	plexus	bedf2adeb350	fib	-O0	376.3
2026-08-10T11:20:43Z	plexus	bedf2adeb350	fib	-O2	228.7
2026-08-10T11:20:43Z	plexus	bedf2adeb350	fib	-O3	146.3
2026-08-10T11:20:43Z	plexus	bedf2adeb350	fib	fpc	164.4
2026-08-10T11:20:43Z	plexus	bedf2adeb350	selfcompile	-O0	14473.8
2026-08-10T11:20:43Z	plexus	bedf2adeb350	selfcompile	-O2	11455.8
2026-08-10T11:20:43Z	plexus	bedf2adeb350	selfcompile	-O3	11237.6
2026-08-10T11:20:43Z	plexus	bedf2adeb350	selfcompile	fpc	6229.3
2026-08-10T11:54:39Z	plexus	ecae56438842	mandelbrot	-O0	1880.9
2026-08-10T11:54:39Z	plexus	ecae56438842	mandelbrot	-O2	1892.7
2026-08-10T11:54:39Z	plexus	ecae56438842	mandelbrot	-O3	1002.9
2026-08-10T11:54:39Z	plexus	ecae56438842	mandelbrot-p	-O0	1863.9
2026-08-10T11:54:39Z	plexus	ecae56438842	mandelbrot-p	-O2	1870.3
2026-08-10T11:54:39Z	plexus	ecae56438842	mandelbrot-p	-O3	984.7
2026-08-10T11:54:39Z	plexus	ecae56438842	mandelbrot-p	fpc	476.0
2026-08-10T11:54:39Z	plexus	ecae56438842	raytracer	-O0	22903.9
2026-08-10T11:54:39Z	plexus	ecae56438842	raytracer	-O2	15168.0
2026-08-10T11:54:39Z	plexus	ecae56438842	raytracer	-O3	13347.3
2026-08-10T11:54:39Z	plexus	ecae56438842	raytracer-p	-O0	441.4
2026-08-10T11:54:39Z	plexus	ecae56438842	raytracer-p	-O2	418.5
2026-08-10T11:54:39Z	plexus	ecae56438842	raytracer-p	-O3	353.8
2026-08-10T11:54:39Z	plexus	ecae56438842	raytracer-p	fpc	42.2
2026-08-10T11:54:39Z	plexus	ecae56438842	sieve	-O0	119.6
2026-08-10T11:54:39Z	plexus	ecae56438842	sieve	-O2	107.6
2026-08-10T11:54:39Z	plexus	ecae56438842	sieve	-O3	105.4
2026-08-10T11:54:39Z	plexus	ecae56438842	sieve	fpc	52.2
2026-08-10T11:54:39Z	plexus	ecae56438842	nbody	-O0	926.1
2026-08-10T11:54:39Z	plexus	ecae56438842	nbody	-O2	828.3
2026-08-10T11:54:39Z	plexus	ecae56438842	nbody	-O3	537.3
2026-08-10T11:54:39Z	plexus	ecae56438842	nbody	fpc	126.9
2026-08-10T11:54:39Z	plexus	ecae56438842	fib	-O0	378.5
2026-08-10T11:54:39Z	plexus	ecae56438842	fib	-O2	228.5
2026-08-10T11:54:39Z	plexus	ecae56438842	fib	-O3	145.4
2026-08-10T11:54:39Z	plexus	ecae56438842	fib	fpc	167.9
2026-08-10T11:54:39Z	plexus	ecae56438842	selfcompile	-O0	14442.6
2026-08-10T11:54:39Z	plexus	ecae56438842	selfcompile	-O2	11495.8
2026-08-10T11:54:39Z	plexus	ecae56438842	selfcompile	-O3	11250.4
2026-08-10T11:54:39Z	plexus	ecae56438842	selfcompile	fpc	6247.1
2026-08-10T13:14:46Z	plexus	e5f051ba741f	mandelbrot	-O0	1883.9
2026-08-10T13:14:46Z	plexus	e5f051ba741f	mandelbrot	-O2	1894.1
2026-08-10T13:14:46Z	plexus	e5f051ba741f	mandelbrot	-O3	1001.0
2026-08-10T13:14:46Z	plexus	e5f051ba741f	mandelbrot-p	-O0	1866.9
2026-08-10T13:14:46Z	plexus	e5f051ba741f	mandelbrot-p	-O2	1873.4
2026-08-10T13:14:46Z	plexus	e5f051ba741f	mandelbrot-p	-O3	984.5
2026-08-10T13:14:46Z	plexus	e5f051ba741f	mandelbrot-p	fpc	477.6
2026-08-10T13:14:46Z	plexus	e5f051ba741f	raytracer	-O0	22908.9
2026-08-10T13:14:46Z	plexus	e5f051ba741f	raytracer	-O2	15169.0
2026-08-10T13:14:46Z	plexus	e5f051ba741f	raytracer	-O3	13337.5
2026-08-10T13:14:46Z	plexus	e5f051ba741f	raytracer-p	-O0	435.7
2026-08-10T13:14:46Z	plexus	e5f051ba741f	raytracer-p	-O2	415.9
2026-08-10T13:14:46Z	plexus	e5f051ba741f	raytracer-p	-O3	349.6
2026-08-10T13:14:46Z	plexus	e5f051ba741f	raytracer-p	fpc	42.9
2026-08-10T13:14:46Z	plexus	e5f051ba741f	sieve	-O0	121.0
2026-08-10T13:14:46Z	plexus	e5f051ba741f	sieve	-O2	108.3
2026-08-10T13:14:46Z	plexus	e5f051ba741f	sieve	-O3	105.1
2026-08-10T13:14:46Z	plexus	e5f051ba741f	sieve	fpc	52.4
2026-08-10T13:14:46Z	plexus	e5f051ba741f	nbody	-O0	928.7
2026-08-10T13:14:46Z	plexus	e5f051ba741f	nbody	-O2	830.6
2026-08-10T13:14:46Z	plexus	e5f051ba741f	nbody	-O3	540.6
2026-08-10T13:14:46Z	plexus	e5f051ba741f	nbody	fpc	124.8
2026-08-10T13:14:46Z	plexus	e5f051ba741f	fib	-O0	381.3
2026-08-10T13:14:46Z	plexus	e5f051ba741f	fib	-O2	225.1
2026-08-10T13:14:46Z	plexus	e5f051ba741f	fib	-O3	145.8
2026-08-10T13:14:46Z	plexus	e5f051ba741f	fib	fpc	164.1
2026-08-10T13:14:46Z	plexus	e5f051ba741f	selfcompile	-O0	17812.3
2026-08-10T13:14:46Z	plexus	e5f051ba741f	selfcompile	-O2	15302.8
2026-08-10T13:14:46Z	plexus	e5f051ba741f	selfcompile	-O3	14612.9
2026-08-10T13:14:46Z	plexus	e5f051ba741f	selfcompile	fpc	6567.7
2026-08-10T14:28:38Z	plexus	99e8d017ee11	mandelbrot	-O0	1886.8
2026-08-10T14:28:38Z	plexus	99e8d017ee11	mandelbrot	-O2	1898.8
2026-08-10T14:28:38Z	plexus	99e8d017ee11	mandelbrot	-O3	1002.7
2026-08-10T14:28:38Z	plexus	99e8d017ee11	mandelbrot-p	-O0	1870.8
2026-08-10T14:28:38Z	plexus	99e8d017ee11	mandelbrot-p	-O2	1880.5
2026-08-10T14:28:38Z	plexus	99e8d017ee11	mandelbrot-p	-O3	987.8
2026-08-10T14:28:38Z	plexus	99e8d017ee11	mandelbrot-p	fpc	475.6
2026-08-10T14:28:38Z	plexus	99e8d017ee11	raytracer	-O0	22964.9
2026-08-10T14:28:38Z	plexus	99e8d017ee11	raytracer	-O2	15214.5
2026-08-10T14:28:38Z	plexus	99e8d017ee11	raytracer	-O3	13375.0
2026-08-10T14:28:38Z	plexus	99e8d017ee11	raytracer-p	-O0	443.6
2026-08-10T14:28:38Z	plexus	99e8d017ee11	raytracer-p	-O2	420.9
2026-08-10T14:28:38Z	plexus	99e8d017ee11	raytracer-p	-O3	354.2
2026-08-10T14:28:38Z	plexus	99e8d017ee11	raytracer-p	fpc	45.5
2026-08-10T14:28:38Z	plexus	99e8d017ee11	sieve	-O0	117.1
2026-08-10T14:28:38Z	plexus	99e8d017ee11	sieve	-O2	108.8
2026-08-10T14:28:38Z	plexus	99e8d017ee11	sieve	-O3	108.1
2026-08-10T14:28:38Z	plexus	99e8d017ee11	sieve	fpc	52.7
2026-08-10T14:28:38Z	plexus	99e8d017ee11	nbody	-O0	1119.7
2026-08-10T14:28:38Z	plexus	99e8d017ee11	nbody	-O2	1006.1
2026-08-10T14:28:38Z	plexus	99e8d017ee11	nbody	-O3	649.9
2026-08-10T14:28:38Z	plexus	99e8d017ee11	nbody	fpc	146.5
2026-08-10T14:28:38Z	plexus	99e8d017ee11	fib	-O0	456.5
2026-08-10T14:28:38Z	plexus	99e8d017ee11	fib	-O2	272.1
2026-08-10T14:28:38Z	plexus	99e8d017ee11	fib	-O3	170.5
2026-08-10T14:28:38Z	plexus	99e8d017ee11	fib	fpc	197.9
2026-08-10T14:28:38Z	plexus	99e8d017ee11	selfcompile	-O0	17888.5
2026-08-10T14:28:38Z	plexus	99e8d017ee11	selfcompile	-O2	14727.3
2026-08-10T14:28:38Z	plexus	99e8d017ee11	selfcompile	-O3	13922.9
2026-08-10T14:28:38Z	plexus	99e8d017ee11	selfcompile	fpc	6258.0
2026-08-10T16:57:28Z	plexus	e339fec78024	mandelbrot	-O0	1880.1
2026-08-10T16:57:28Z	plexus	e339fec78024	mandelbrot	-O2	1884.5
2026-08-10T16:57:28Z	plexus	e339fec78024	mandelbrot	-O3	997.3
2026-08-10T16:57:28Z	plexus	e339fec78024	mandelbrot-p	-O0	1859.7
2026-08-10T16:57:28Z	plexus	e339fec78024	mandelbrot-p	-O2	1871.7
2026-08-10T16:57:28Z	plexus	e339fec78024	mandelbrot-p	-O3	985.2
2026-08-10T16:57:28Z	plexus	e339fec78024	mandelbrot-p	fpc	474.3
2026-08-10T16:57:28Z	plexus	e339fec78024	raytracer	-O0	22887.2
2026-08-10T16:57:28Z	plexus	e339fec78024	raytracer	-O2	15135.3
2026-08-10T16:57:28Z	plexus	e339fec78024	raytracer	-O3	13318.8
2026-08-10T16:57:28Z	plexus	e339fec78024	raytracer-p	-O0	440.1
2026-08-10T16:57:28Z	plexus	e339fec78024	raytracer-p	-O2	414.5
2026-08-10T16:57:28Z	plexus	e339fec78024	raytracer-p	-O3	351.7
2026-08-10T16:57:28Z	plexus	e339fec78024	raytracer-p	fpc	42.6
2026-08-10T16:57:28Z	plexus	e339fec78024	sieve	-O0	116.8
2026-08-10T16:57:28Z	plexus	e339fec78024	sieve	-O2	108.6
2026-08-10T16:57:28Z	plexus	e339fec78024	sieve	-O3	109.0
2026-08-10T16:57:28Z	plexus	e339fec78024	sieve	fpc	52.6
2026-08-10T16:57:28Z	plexus	e339fec78024	nbody	-O0	1119.3
2026-08-10T16:57:28Z	plexus	e339fec78024	nbody	-O2	1010.1
2026-08-10T16:57:28Z	plexus	e339fec78024	nbody	-O3	650.0
2026-08-10T16:57:28Z	plexus	e339fec78024	nbody	fpc	146.9
2026-08-10T16:57:28Z	plexus	e339fec78024	fib	-O0	455.2
2026-08-10T16:57:28Z	plexus	e339fec78024	fib	-O2	271.4
2026-08-10T16:57:28Z	plexus	e339fec78024	fib	-O3	172.4
2026-08-10T16:57:28Z	plexus	e339fec78024	fib	fpc	198.0
2026-08-10T16:57:28Z	plexus	e339fec78024	selfcompile	-O0	17919.3
2026-08-10T16:57:28Z	plexus	e339fec78024	selfcompile	-O2	14764.4
2026-08-10T16:57:28Z	plexus	e339fec78024	selfcompile	-O3	13921.3
2026-08-10T16:57:28Z	plexus	e339fec78024	selfcompile	fpc	6270.7
2026-08-10T18:25:15Z	plexus	94ea96c21c61	mandelbrot	-O0	1876.5
2026-08-10T18:25:15Z	plexus	94ea96c21c61	mandelbrot	-O2	1889.4
2026-08-10T18:25:15Z	plexus	94ea96c21c61	mandelbrot	-O3	1000.2
2026-08-10T18:25:15Z	plexus	94ea96c21c61	mandelbrot-p	-O0	1865.3
2026-08-10T18:25:15Z	plexus	94ea96c21c61	mandelbrot-p	-O2	1874.1
2026-08-10T18:25:15Z	plexus	94ea96c21c61	mandelbrot-p	-O3	985.5
2026-08-10T18:25:15Z	plexus	94ea96c21c61	mandelbrot-p	fpc	476.7
2026-08-10T18:25:15Z	plexus	94ea96c21c61	raytracer	-O0	22876.9
2026-08-10T18:25:15Z	plexus	94ea96c21c61	raytracer	-O2	15144.3
2026-08-10T18:25:15Z	plexus	94ea96c21c61	raytracer	-O3	13361.3
2026-08-10T18:25:15Z	plexus	94ea96c21c61	raytracer-p	-O0	434.0
2026-08-10T18:25:15Z	plexus	94ea96c21c61	raytracer-p	-O2	419.6
2026-08-10T18:25:15Z	plexus	94ea96c21c61	raytracer-p	-O3	352.5
2026-08-10T18:25:15Z	plexus	94ea96c21c61	raytracer-p	fpc	45.7
2026-08-10T18:25:15Z	plexus	94ea96c21c61	sieve	-O0	117.6
2026-08-10T18:25:15Z	plexus	94ea96c21c61	sieve	-O2	106.9
2026-08-10T18:25:15Z	plexus	94ea96c21c61	sieve	-O3	104.1
2026-08-10T18:25:15Z	plexus	94ea96c21c61	sieve	fpc	57.0
2026-08-10T18:25:15Z	plexus	94ea96c21c61	nbody	-O0	927.2
2026-08-10T18:25:15Z	plexus	94ea96c21c61	nbody	-O2	832.0
2026-08-10T18:25:15Z	plexus	94ea96c21c61	nbody	-O3	540.9
2026-08-10T18:25:15Z	plexus	94ea96c21c61	nbody	fpc	126.4
2026-08-10T18:25:15Z	plexus	94ea96c21c61	fib	-O0	380.2
2026-08-10T18:25:15Z	plexus	94ea96c21c61	fib	-O2	224.5
2026-08-10T18:25:15Z	plexus	94ea96c21c61	fib	-O3	146.0
2026-08-10T18:25:15Z	plexus	94ea96c21c61	fib	fpc	163.6
2026-08-10T18:25:15Z	plexus	94ea96c21c61	selfcompile	-O0	17778.7
2026-08-10T18:25:15Z	plexus	94ea96c21c61	selfcompile	-O2	14570.8
2026-08-10T18:25:15Z	plexus	94ea96c21c61	selfcompile	-O3	13937.9
2026-08-10T18:25:15Z	plexus	94ea96c21c61	selfcompile	fpc	6257.9
2026-08-10T19:22:05Z	plexus	b7400c664dd2	mandelbrot	-O0	1991.7
2026-08-10T19:22:05Z	plexus	b7400c664dd2	mandelbrot	-O2	1889.3
2026-08-10T19:22:05Z	plexus	b7400c664dd2	mandelbrot	-O3	1002.8
2026-08-10T19:22:05Z	plexus	b7400c664dd2	mandelbrot-p	-O0	1861.9
2026-08-10T19:22:05Z	plexus	b7400c664dd2	mandelbrot-p	-O2	1873.5
2026-08-10T19:22:05Z	plexus	b7400c664dd2	mandelbrot-p	-O3	981.3
2026-08-10T19:22:05Z	plexus	b7400c664dd2	mandelbrot-p	fpc	479.7
2026-08-10T19:22:05Z	plexus	b7400c664dd2	raytracer	-O0	22893.8
2026-08-10T19:22:05Z	plexus	b7400c664dd2	raytracer	-O2	15122.0
2026-08-10T19:22:05Z	plexus	b7400c664dd2	raytracer	-O3	13321.9
2026-08-10T19:22:05Z	plexus	b7400c664dd2	raytracer-p	-O0	439.8
2026-08-10T19:22:05Z	plexus	b7400c664dd2	raytracer-p	-O2	419.1
2026-08-10T19:22:05Z	plexus	b7400c664dd2	raytracer-p	-O3	354.0
2026-08-10T19:22:05Z	plexus	b7400c664dd2	raytracer-p	fpc	42.8
2026-08-10T19:22:05Z	plexus	b7400c664dd2	sieve	-O0	121.1
2026-08-10T19:22:05Z	plexus	b7400c664dd2	sieve	-O2	108.7
2026-08-10T19:22:05Z	plexus	b7400c664dd2	sieve	-O3	109.0
2026-08-10T19:22:05Z	plexus	b7400c664dd2	sieve	fpc	56.9
2026-08-10T19:22:05Z	plexus	b7400c664dd2	nbody	-O0	921.0
2026-08-10T19:22:05Z	plexus	b7400c664dd2	nbody	-O2	832.9
2026-08-10T19:22:05Z	plexus	b7400c664dd2	nbody	-O3	541.5
2026-08-10T19:22:05Z	plexus	b7400c664dd2	nbody	fpc	122.0
2026-08-10T19:22:05Z	plexus	b7400c664dd2	fib	-O0	378.5
2026-08-10T19:22:05Z	plexus	b7400c664dd2	fib	-O2	229.8
2026-08-10T19:22:05Z	plexus	b7400c664dd2	fib	-O3	142.2
2026-08-10T19:22:05Z	plexus	b7400c664dd2	fib	fpc	164.3
2026-08-10T19:22:05Z	plexus	b7400c664dd2	selfcompile	-O0	17850.4
2026-08-10T19:22:05Z	plexus	b7400c664dd2	selfcompile	-O2	14564.1
2026-08-10T19:22:05Z	plexus	b7400c664dd2	selfcompile	-O3	13932.1
2026-08-10T19:22:05Z	plexus	b7400c664dd2	selfcompile	fpc	6258.5
2026-08-10T20:16:55Z	plexus	3f59ca8d2d46	mandelbrot	-O0	1888.0
2026-08-10T20:16:55Z	plexus	3f59ca8d2d46	mandelbrot	-O2	1893.3
2026-08-10T20:16:55Z	plexus	3f59ca8d2d46	mandelbrot	-O3	1005.2
2026-08-10T20:16:55Z	plexus	3f59ca8d2d46	mandelbrot-p	-O0	1870.7
2026-08-10T20:16:55Z	plexus	3f59ca8d2d46	mandelbrot-p	-O2	1879.7
2026-08-10T20:16:55Z	plexus	3f59ca8d2d46	mandelbrot-p	-O3	988.3
2026-08-10T20:16:55Z	plexus	3f59ca8d2d46	mandelbrot-p	fpc	474.5
2026-08-10T20:16:55Z	plexus	3f59ca8d2d46	raytracer	-O0	22920.8
2026-08-10T20:16:55Z	plexus	3f59ca8d2d46	raytracer	-O2	15187.8
2026-08-10T20:16:55Z	plexus	3f59ca8d2d46	raytracer	-O3	13370.5
2026-08-10T20:16:55Z	plexus	3f59ca8d2d46	raytracer-p	-O0	440.4
2026-08-10T20:16:55Z	plexus	3f59ca8d2d46	raytracer-p	-O2	417.9
2026-08-10T20:16:55Z	plexus	3f59ca8d2d46	raytracer-p	-O3	396.1
2026-08-10T20:16:55Z	plexus	3f59ca8d2d46	raytracer-p	fpc	49.7
2026-08-10T20:16:55Z	plexus	3f59ca8d2d46	sieve	-O0	141.7
2026-08-10T20:16:55Z	plexus	3f59ca8d2d46	sieve	-O2	128.6
2026-08-10T20:16:55Z	plexus	3f59ca8d2d46	sieve	-O3	126.6
2026-08-10T20:16:55Z	plexus	3f59ca8d2d46	sieve	fpc	63.3
2026-08-10T20:16:55Z	plexus	3f59ca8d2d46	nbody	-O0	1119.4
2026-08-10T20:16:55Z	plexus	3f59ca8d2d46	nbody	-O2	1008.8
2026-08-10T20:16:55Z	plexus	3f59ca8d2d46	nbody	-O3	650.4
2026-08-10T20:16:55Z	plexus	3f59ca8d2d46	nbody	fpc	148.0
2026-08-10T20:16:55Z	plexus	3f59ca8d2d46	fib	-O0	456.1
2026-08-10T20:16:55Z	plexus	3f59ca8d2d46	fib	-O2	271.2
2026-08-10T20:16:55Z	plexus	3f59ca8d2d46	fib	-O3	172.4
2026-08-10T20:16:55Z	plexus	3f59ca8d2d46	fib	fpc	198.0
2026-08-10T20:16:55Z	plexus	3f59ca8d2d46	selfcompile	-O0	17925.0
2026-08-10T20:16:55Z	plexus	3f59ca8d2d46	selfcompile	-O2	14626.6
2026-08-10T20:16:55Z	plexus	3f59ca8d2d46	selfcompile	-O3	13965.7
2026-08-10T20:16:55Z	plexus	3f59ca8d2d46	selfcompile	fpc	6254.4
2026-08-10T20:54:15Z	plexus	0a7bc44b59cd	mandelbrot	-O0	1882.3
2026-08-10T20:54:15Z	plexus	0a7bc44b59cd	mandelbrot	-O2	1895.1
2026-08-10T20:54:15Z	plexus	0a7bc44b59cd	mandelbrot	-O3	1009.8
2026-08-10T20:54:15Z	plexus	0a7bc44b59cd	mandelbrot-p	-O0	1867.6
2026-08-10T20:54:15Z	plexus	0a7bc44b59cd	mandelbrot-p	-O2	1879.5
2026-08-10T20:54:15Z	plexus	0a7bc44b59cd	mandelbrot-p	-O3	982.3
2026-08-10T20:54:15Z	plexus	0a7bc44b59cd	mandelbrot-p	fpc	476.5
2026-08-10T20:54:15Z	plexus	0a7bc44b59cd	raytracer	-O0	22902.9
2026-08-10T20:54:15Z	plexus	0a7bc44b59cd	raytracer	-O2	15196.3
2026-08-10T20:54:15Z	plexus	0a7bc44b59cd	raytracer	-O3	13360.2
2026-08-10T20:54:15Z	plexus	0a7bc44b59cd	raytracer-p	-O0	437.7
2026-08-10T20:54:15Z	plexus	0a7bc44b59cd	raytracer-p	-O2	423.3
2026-08-10T20:54:15Z	plexus	0a7bc44b59cd	raytracer-p	-O3	356.1
2026-08-10T20:54:15Z	plexus	0a7bc44b59cd	raytracer-p	fpc	45.0
2026-08-10T20:54:15Z	plexus	0a7bc44b59cd	sieve	-O0	141.1
2026-08-10T20:54:15Z	plexus	0a7bc44b59cd	sieve	-O2	128.7
2026-08-10T20:54:15Z	plexus	0a7bc44b59cd	sieve	-O3	126.7
2026-08-10T20:54:15Z	plexus	0a7bc44b59cd	sieve	fpc	61.7
2026-08-10T20:54:15Z	plexus	0a7bc44b59cd	nbody	-O0	930.2
2026-08-10T20:54:15Z	plexus	0a7bc44b59cd	nbody	-O2	837.1
2026-08-10T20:54:15Z	plexus	0a7bc44b59cd	nbody	-O3	542.1
2026-08-10T20:54:15Z	plexus	0a7bc44b59cd	nbody	fpc	126.5
2026-08-10T20:54:15Z	plexus	0a7bc44b59cd	fib	-O0	457.3
2026-08-10T20:54:15Z	plexus	0a7bc44b59cd	fib	-O2	273.3
2026-08-10T20:54:15Z	plexus	0a7bc44b59cd	fib	-O3	172.3
2026-08-10T20:54:15Z	plexus	0a7bc44b59cd	fib	fpc	197.9
2026-08-10T20:54:15Z	plexus	0a7bc44b59cd	selfcompile	-O0	17861.2
2026-08-10T20:54:15Z	plexus	0a7bc44b59cd	selfcompile	-O2	14649.7
2026-08-10T20:54:15Z	plexus	0a7bc44b59cd	selfcompile	-O3	13975.2
2026-08-10T20:54:15Z	plexus	0a7bc44b59cd	selfcompile	fpc	6290.9
2026-08-10T21:49:54Z	plexus	d8cf13ae828b	mandelbrot	-O0	1884.1
2026-08-10T21:49:54Z	plexus	d8cf13ae828b	mandelbrot	-O2	1885.9
2026-08-10T21:49:54Z	plexus	d8cf13ae828b	mandelbrot	-O3	1000.9
2026-08-10T21:49:54Z	plexus	d8cf13ae828b	mandelbrot-p	-O0	1863.7
2026-08-10T21:49:54Z	plexus	d8cf13ae828b	mandelbrot-p	-O2	1863.8
2026-08-10T21:49:54Z	plexus	d8cf13ae828b	mandelbrot-p	-O3	984.8
2026-08-10T21:49:54Z	plexus	d8cf13ae828b	mandelbrot-p	fpc	471.6
2026-08-10T21:49:54Z	plexus	d8cf13ae828b	raytracer	-O0	22849.4
2026-08-10T21:49:54Z	plexus	d8cf13ae828b	raytracer	-O2	15187.2
2026-08-10T21:49:54Z	plexus	d8cf13ae828b	raytracer	-O3	13331.2
2026-08-10T21:49:54Z	plexus	d8cf13ae828b	raytracer-p	-O0	435.3
2026-08-10T21:49:54Z	plexus	d8cf13ae828b	raytracer-p	-O2	420.3
2026-08-10T21:49:54Z	plexus	d8cf13ae828b	raytracer-p	-O3	352.9
2026-08-10T21:49:54Z	plexus	d8cf13ae828b	raytracer-p	fpc	42.8
2026-08-10T21:49:54Z	plexus	d8cf13ae828b	sieve	-O0	115.7
2026-08-10T21:49:54Z	plexus	d8cf13ae828b	sieve	-O2	108.4
2026-08-10T21:49:54Z	plexus	d8cf13ae828b	sieve	-O3	104.6
2026-08-10T21:49:54Z	plexus	d8cf13ae828b	sieve	fpc	61.9
2026-08-10T21:49:54Z	plexus	d8cf13ae828b	nbody	-O0	921.0
2026-08-10T21:49:54Z	plexus	d8cf13ae828b	nbody	-O2	829.3
2026-08-10T21:49:54Z	plexus	d8cf13ae828b	nbody	-O3	539.6
2026-08-10T21:49:54Z	plexus	d8cf13ae828b	nbody	fpc	126.3
2026-08-10T21:49:54Z	plexus	d8cf13ae828b	fib	-O0	381.2
2026-08-10T21:49:54Z	plexus	d8cf13ae828b	fib	-O2	225.7
2026-08-10T21:49:54Z	plexus	d8cf13ae828b	fib	-O3	144.1
2026-08-10T21:49:54Z	plexus	d8cf13ae828b	fib	fpc	163.8
2026-08-10T21:49:54Z	plexus	d8cf13ae828b	selfcompile	-O0	17806.6
2026-08-10T21:49:54Z	plexus	d8cf13ae828b	selfcompile	-O2	14593.8
2026-08-10T21:49:54Z	plexus	d8cf13ae828b	selfcompile	-O3	13968.8
2026-08-10T21:49:54Z	plexus	d8cf13ae828b	selfcompile	fpc	6252.9
2026-08-11T00:50:15Z	plexus	3c08f2271d68	mandelbrot	-O0	1884.0
2026-08-11T00:50:15Z	plexus	3c08f2271d68	mandelbrot	-O2	1888.8
2026-08-11T00:50:15Z	plexus	3c08f2271d68	mandelbrot	-O3	998.3
2026-08-11T00:50:15Z	plexus	3c08f2271d68	mandelbrot-p	-O0	1867.2
2026-08-11T00:50:15Z	plexus	3c08f2271d68	mandelbrot-p	-O2	1873.5
2026-08-11T00:50:15Z	plexus	3c08f2271d68	mandelbrot-p	-O3	986.3
2026-08-11T00:50:15Z	plexus	3c08f2271d68	mandelbrot-p	fpc	477.5
2026-08-11T00:50:15Z	plexus	3c08f2271d68	raytracer	-O0	23485.5
2026-08-11T00:50:15Z	plexus	3c08f2271d68	raytracer	-O2	15170.5
2026-08-11T00:50:15Z	plexus	3c08f2271d68	raytracer	-O3	13322.9
2026-08-11T00:50:15Z	plexus	3c08f2271d68	raytracer-p	-O0	437.8
2026-08-11T00:50:15Z	plexus	3c08f2271d68	raytracer-p	-O2	417.2
2026-08-11T00:50:15Z	plexus	3c08f2271d68	raytracer-p	-O3	353.7
2026-08-11T00:50:15Z	plexus	3c08f2271d68	raytracer-p	fpc	42.6
2026-08-11T00:50:15Z	plexus	3c08f2271d68	sieve	-O0	119.5
2026-08-11T00:50:15Z	plexus	3c08f2271d68	sieve	-O2	110.7
2026-08-11T00:50:15Z	plexus	3c08f2271d68	sieve	-O3	104.3
2026-08-11T00:50:15Z	plexus	3c08f2271d68	sieve	fpc	52.1
2026-08-11T00:50:15Z	plexus	3c08f2271d68	nbody	-O0	924.2
2026-08-11T00:50:15Z	plexus	3c08f2271d68	nbody	-O2	834.1
2026-08-11T00:50:15Z	plexus	3c08f2271d68	nbody	-O3	541.6
2026-08-11T00:50:15Z	plexus	3c08f2271d68	nbody	fpc	124.6
2026-08-11T00:50:15Z	plexus	3c08f2271d68	fib	-O0	379.1
2026-08-11T00:50:15Z	plexus	3c08f2271d68	fib	-O2	229.1
2026-08-11T00:50:15Z	plexus	3c08f2271d68	fib	-O3	142.1
2026-08-11T00:50:15Z	plexus	3c08f2271d68	fib	fpc	168.7
2026-08-11T00:50:15Z	plexus	3c08f2271d68	selfcompile	-O0	17831.6
2026-08-11T00:50:15Z	plexus	3c08f2271d68	selfcompile	-O2	14680.6
2026-08-11T00:50:15Z	plexus	3c08f2271d68	selfcompile	-O3	13990.9
2026-08-11T00:50:15Z	plexus	3c08f2271d68	selfcompile	fpc	6286.0
2026-08-11T01:23:39Z	plexus	5b87bab20719	mandelbrot	-O0	1884.3
2026-08-11T01:23:39Z	plexus	5b87bab20719	mandelbrot	-O2	1894.0
2026-08-11T01:23:39Z	plexus	5b87bab20719	mandelbrot	-O3	996.5
2026-08-11T01:23:39Z	plexus	5b87bab20719	mandelbrot-p	-O0	1860.3
2026-08-11T01:23:39Z	plexus	5b87bab20719	mandelbrot-p	-O2	1870.9
2026-08-11T01:23:39Z	plexus	5b87bab20719	mandelbrot-p	-O3	978.5
2026-08-11T01:23:39Z	plexus	5b87bab20719	mandelbrot-p	fpc	475.2
2026-08-11T01:23:39Z	plexus	5b87bab20719	raytracer	-O0	22874.5
2026-08-11T01:23:39Z	plexus	5b87bab20719	raytracer	-O2	15149.1
2026-08-11T01:23:39Z	plexus	5b87bab20719	raytracer	-O3	13359.9
2026-08-11T01:23:39Z	plexus	5b87bab20719	raytracer-p	-O0	438.8
2026-08-11T01:23:39Z	plexus	5b87bab20719	raytracer-p	-O2	418.5
2026-08-11T01:23:39Z	plexus	5b87bab20719	raytracer-p	-O3	355.4
2026-08-11T01:23:39Z	plexus	5b87bab20719	raytracer-p	fpc	43.2
2026-08-11T01:23:39Z	plexus	5b87bab20719	sieve	-O0	139.6
2026-08-11T01:23:39Z	plexus	5b87bab20719	sieve	-O2	128.6
2026-08-11T01:23:39Z	plexus	5b87bab20719	sieve	-O3	126.2
2026-08-11T01:23:39Z	plexus	5b87bab20719	sieve	fpc	63.4
2026-08-11T01:23:39Z	plexus	5b87bab20719	nbody	-O0	923.2
2026-08-11T01:23:39Z	plexus	5b87bab20719	nbody	-O2	830.0
2026-08-11T01:23:39Z	plexus	5b87bab20719	nbody	-O3	534.5
2026-08-11T01:23:39Z	plexus	5b87bab20719	nbody	fpc	122.2
2026-08-11T01:23:39Z	plexus	5b87bab20719	fib	-O0	381.1
2026-08-11T01:23:39Z	plexus	5b87bab20719	fib	-O2	225.2
2026-08-11T01:23:39Z	plexus	5b87bab20719	fib	-O3	144.9
2026-08-11T01:23:39Z	plexus	5b87bab20719	fib	fpc	165.7
2026-08-11T01:23:39Z	plexus	5b87bab20719	selfcompile	-O0	18622.6
2026-08-11T01:23:39Z	plexus	5b87bab20719	selfcompile	-O2	15598.7
2026-08-11T01:23:39Z	plexus	5b87bab20719	selfcompile	-O3	14098.1
2026-08-11T01:23:39Z	plexus	5b87bab20719	selfcompile	fpc	6289.9
2026-08-11T01:58:23Z	plexus	3650314233d3	mandelbrot	-O0	1880.2
2026-08-11T01:58:23Z	plexus	3650314233d3	mandelbrot	-O2	1888.1
2026-08-11T01:58:23Z	plexus	3650314233d3	mandelbrot	-O3	997.1
2026-08-11T01:58:23Z	plexus	3650314233d3	mandelbrot-p	-O0	1870.3
2026-08-11T01:58:23Z	plexus	3650314233d3	mandelbrot-p	-O2	1872.5
2026-08-11T01:58:23Z	plexus	3650314233d3	mandelbrot-p	-O3	982.3
2026-08-11T01:58:23Z	plexus	3650314233d3	mandelbrot-p	fpc	472.9
2026-08-11T01:58:23Z	plexus	3650314233d3	raytracer	-O0	22895.2
2026-08-11T01:58:23Z	plexus	3650314233d3	raytracer	-O2	15151.3
2026-08-11T01:58:23Z	plexus	3650314233d3	raytracer	-O3	13330.6
2026-08-11T01:58:23Z	plexus	3650314233d3	raytracer-p	-O0	440.3
2026-08-11T01:58:23Z	plexus	3650314233d3	raytracer-p	-O2	419.4
2026-08-11T01:58:23Z	plexus	3650314233d3	raytracer-p	-O3	357.0
2026-08-11T01:58:23Z	plexus	3650314233d3	raytracer-p	fpc	47.3
2026-08-11T01:58:23Z	plexus	3650314233d3	sieve	-O0	139.9
2026-08-11T01:58:23Z	plexus	3650314233d3	sieve	-O2	128.7
2026-08-11T01:58:23Z	plexus	3650314233d3	sieve	-O3	125.2
2026-08-11T01:58:23Z	plexus	3650314233d3	sieve	fpc	61.7
2026-08-11T01:58:23Z	plexus	3650314233d3	nbody	-O0	924.0
2026-08-11T01:58:23Z	plexus	3650314233d3	nbody	-O2	832.4
2026-08-11T01:58:23Z	plexus	3650314233d3	nbody	-O3	540.3
2026-08-11T01:58:23Z	plexus	3650314233d3	nbody	fpc	126.5
2026-08-11T01:58:23Z	plexus	3650314233d3	fib	-O0	455.4
2026-08-11T01:58:23Z	plexus	3650314233d3	fib	-O2	272.0
2026-08-11T01:58:23Z	plexus	3650314233d3	fib	-O3	170.4
2026-08-11T01:58:23Z	plexus	3650314233d3	fib	fpc	197.8
2026-08-11T01:58:23Z	plexus	3650314233d3	selfcompile	-O0	17872.8
2026-08-11T01:58:23Z	plexus	3650314233d3	selfcompile	-O2	14644.2
2026-08-11T01:58:23Z	plexus	3650314233d3	selfcompile	-O3	13934.6
2026-08-11T01:58:23Z	plexus	3650314233d3	selfcompile	fpc	6252.5
2026-08-11T02:54:12Z	plexus	a37f78681518	mandelbrot	-O0	1878.5
2026-08-11T02:54:12Z	plexus	a37f78681518	mandelbrot	-O2	1891.2
2026-08-11T02:54:12Z	plexus	a37f78681518	mandelbrot	-O3	1000.0
2026-08-11T02:54:12Z	plexus	a37f78681518	mandelbrot-p	-O0	1867.4
2026-08-11T02:54:12Z	plexus	a37f78681518	mandelbrot-p	-O2	1871.4
2026-08-11T02:54:12Z	plexus	a37f78681518	mandelbrot-p	-O3	985.0
2026-08-11T02:54:12Z	plexus	a37f78681518	mandelbrot-p	fpc	477.5
2026-08-11T02:54:12Z	plexus	a37f78681518	raytracer	-O0	22847.0
2026-08-11T02:54:12Z	plexus	a37f78681518	raytracer	-O2	15223.9
2026-08-11T02:54:12Z	plexus	a37f78681518	raytracer	-O3	13914.6
2026-08-11T02:54:12Z	plexus	a37f78681518	raytracer-p	-O0	454.4
2026-08-11T02:54:12Z	plexus	a37f78681518	raytracer-p	-O2	437.2
2026-08-11T02:54:12Z	plexus	a37f78681518	raytracer-p	-O3	368.6
2026-08-11T02:54:12Z	plexus	a37f78681518	raytracer-p	fpc	43.4
2026-08-11T02:54:12Z	plexus	a37f78681518	sieve	-O0	121.7
2026-08-11T02:54:12Z	plexus	a37f78681518	sieve	-O2	112.2
2026-08-11T02:54:12Z	plexus	a37f78681518	sieve	-O3	109.6
2026-08-11T02:54:12Z	plexus	a37f78681518	sieve	fpc	53.8
2026-08-11T02:54:12Z	plexus	a37f78681518	nbody	-O0	971.8
2026-08-11T02:54:12Z	plexus	a37f78681518	nbody	-O2	832.0
2026-08-11T02:54:12Z	plexus	a37f78681518	nbody	-O3	536.2
2026-08-11T02:54:12Z	plexus	a37f78681518	nbody	fpc	126.7
2026-08-11T02:54:12Z	plexus	a37f78681518	fib	-O0	378.1
2026-08-11T02:54:12Z	plexus	a37f78681518	fib	-O2	226.3
2026-08-11T02:54:12Z	plexus	a37f78681518	fib	-O3	141.3
2026-08-11T02:54:12Z	plexus	a37f78681518	fib	fpc	167.5
2026-08-11T02:54:12Z	plexus	a37f78681518	selfcompile	-O0	17934.7
2026-08-11T02:54:12Z	plexus	a37f78681518	selfcompile	-O2	14628.7
2026-08-11T02:54:12Z	plexus	a37f78681518	selfcompile	-O3	14005.3
2026-08-11T02:54:12Z	plexus	a37f78681518	selfcompile	fpc	6257.4
2026-08-11T03:36:39Z	plexus	b76abf22bd46	mandelbrot	-O0	1886.7
2026-08-11T03:36:39Z	plexus	b76abf22bd46	mandelbrot	-O2	1891.3
2026-08-11T03:36:39Z	plexus	b76abf22bd46	mandelbrot	-O3	999.1
2026-08-11T03:36:39Z	plexus	b76abf22bd46	mandelbrot-p	-O0	1862.7
2026-08-11T03:36:39Z	plexus	b76abf22bd46	mandelbrot-p	-O2	1872.3
2026-08-11T03:36:39Z	plexus	b76abf22bd46	mandelbrot-p	-O3	985.7
2026-08-11T03:36:39Z	plexus	b76abf22bd46	mandelbrot-p	fpc	477.9
2026-08-11T03:36:39Z	plexus	b76abf22bd46	raytracer	-O0	22876.5
2026-08-11T03:36:39Z	plexus	b76abf22bd46	raytracer	-O2	15159.6
2026-08-11T03:36:39Z	plexus	b76abf22bd46	raytracer	-O3	13351.0
2026-08-11T03:36:39Z	plexus	b76abf22bd46	raytracer-p	-O0	436.1
2026-08-11T03:36:39Z	plexus	b76abf22bd46	raytracer-p	-O2	413.9
2026-08-11T03:36:39Z	plexus	b76abf22bd46	raytracer-p	-O3	349.7
2026-08-11T03:36:39Z	plexus	b76abf22bd46	raytracer-p	fpc	46.9
2026-08-11T03:36:39Z	plexus	b76abf22bd46	sieve	-O0	117.9
2026-08-11T03:36:39Z	plexus	b76abf22bd46	sieve	-O2	107.9
2026-08-11T03:36:39Z	plexus	b76abf22bd46	sieve	-O3	104.5
2026-08-11T03:36:39Z	plexus	b76abf22bd46	sieve	fpc	53.5
2026-08-11T03:36:39Z	plexus	b76abf22bd46	nbody	-O0	933.7
2026-08-11T03:36:39Z	plexus	b76abf22bd46	nbody	-O2	830.3
2026-08-11T03:36:39Z	plexus	b76abf22bd46	nbody	-O3	534.7
2026-08-11T03:36:39Z	plexus	b76abf22bd46	nbody	fpc	121.9
2026-08-11T03:36:39Z	plexus	b76abf22bd46	fib	-O0	377.4
2026-08-11T03:36:39Z	plexus	b76abf22bd46	fib	-O2	228.8
2026-08-11T03:36:39Z	plexus	b76abf22bd46	fib	-O3	141.8
2026-08-11T03:36:39Z	plexus	b76abf22bd46	fib	fpc	165.6
2026-08-11T03:36:39Z	plexus	b76abf22bd46	selfcompile	-O0	17865.0
2026-08-11T03:36:39Z	plexus	b76abf22bd46	selfcompile	-O2	14648.1
2026-08-11T03:36:39Z	plexus	b76abf22bd46	selfcompile	-O3	13999.3
2026-08-11T03:36:39Z	plexus	b76abf22bd46	selfcompile	fpc	6265.4
2026-08-11T05:03:35Z	plexus	a882db96c6c0	mandelbrot	-O0	1980.9
2026-08-11T05:03:35Z	plexus	a882db96c6c0	mandelbrot	-O2	1963.5
2026-08-11T05:03:35Z	plexus	a882db96c6c0	mandelbrot	-O3	1052.9
2026-08-11T05:03:35Z	plexus	a882db96c6c0	mandelbrot-p	-O0	1961.4
2026-08-11T05:03:35Z	plexus	a882db96c6c0	mandelbrot-p	-O2	1970.0
2026-08-11T05:03:35Z	plexus	a882db96c6c0	mandelbrot-p	-O3	1030.0
2026-08-11T05:03:35Z	plexus	a882db96c6c0	mandelbrot-p	fpc	492.6
2026-08-11T05:03:35Z	plexus	a882db96c6c0	raytracer	-O0	22861.2
2026-08-11T05:03:35Z	plexus	a882db96c6c0	raytracer	-O2	15138.7
2026-08-11T05:03:35Z	plexus	a882db96c6c0	raytracer	-O3	13379.0
2026-08-11T05:03:35Z	plexus	a882db96c6c0	raytracer-p	-O0	436.4
2026-08-11T05:03:35Z	plexus	a882db96c6c0	raytracer-p	-O2	421.0
2026-08-11T05:03:35Z	plexus	a882db96c6c0	raytracer-p	-O3	354.3
2026-08-11T05:03:35Z	plexus	a882db96c6c0	raytracer-p	fpc	42.4
2026-08-11T05:03:35Z	plexus	a882db96c6c0	sieve	-O0	120.5
2026-08-11T05:03:35Z	plexus	a882db96c6c0	sieve	-O2	111.8
2026-08-11T05:03:35Z	plexus	a882db96c6c0	sieve	-O3	104.4
2026-08-11T05:03:35Z	plexus	a882db96c6c0	sieve	fpc	52.1
2026-08-11T05:03:35Z	plexus	a882db96c6c0	nbody	-O0	926.8
2026-08-11T05:03:35Z	plexus	a882db96c6c0	nbody	-O2	835.9
2026-08-11T05:03:35Z	plexus	a882db96c6c0	nbody	-O3	540.3
2026-08-11T05:03:35Z	plexus	a882db96c6c0	nbody	fpc	126.9
2026-08-11T05:03:35Z	plexus	a882db96c6c0	fib	-O0	380.1
2026-08-11T05:03:35Z	plexus	a882db96c6c0	fib	-O2	225.9
2026-08-11T05:03:35Z	plexus	a882db96c6c0	fib	-O3	142.2
2026-08-11T05:03:35Z	plexus	a882db96c6c0	fib	fpc	166.8
2026-08-11T05:03:35Z	plexus	a882db96c6c0	selfcompile	-O0	17877.4
2026-08-11T05:03:35Z	plexus	a882db96c6c0	selfcompile	-O2	14655.2
2026-08-11T05:03:35Z	plexus	a882db96c6c0	selfcompile	-O3	14004.8
2026-08-11T05:03:35Z	plexus	a882db96c6c0	selfcompile	fpc	6248.1
2026-08-11T06:22:00Z	plexus	d10a982af010	mandelbrot	-O0	1882.3
2026-08-11T06:22:00Z	plexus	d10a982af010	mandelbrot	-O2	1888.4
2026-08-11T06:22:00Z	plexus	d10a982af010	mandelbrot	-O3	1000.6
2026-08-11T06:22:00Z	plexus	d10a982af010	mandelbrot-p	-O0	1859.2
2026-08-11T06:22:00Z	plexus	d10a982af010	mandelbrot-p	-O2	1874.0
2026-08-11T06:22:00Z	plexus	d10a982af010	mandelbrot-p	-O3	985.6
2026-08-11T06:22:00Z	plexus	d10a982af010	mandelbrot-p	fpc	477.1
2026-08-11T06:22:00Z	plexus	d10a982af010	raytracer	-O0	22892.4
2026-08-11T06:22:00Z	plexus	d10a982af010	raytracer	-O2	15165.7
2026-08-11T06:22:00Z	plexus	d10a982af010	raytracer	-O3	13325.7
2026-08-11T06:22:00Z	plexus	d10a982af010	raytracer-p	-O0	436.0
2026-08-11T06:22:00Z	plexus	d10a982af010	raytracer-p	-O2	414.9
2026-08-11T06:22:00Z	plexus	d10a982af010	raytracer-p	-O3	351.2
2026-08-11T06:22:00Z	plexus	d10a982af010	raytracer-p	fpc	44.6
2026-08-11T06:22:00Z	plexus	d10a982af010	sieve	-O0	120.5
2026-08-11T06:22:00Z	plexus	d10a982af010	sieve	-O2	107.7
2026-08-11T06:22:00Z	plexus	d10a982af010	sieve	-O3	105.4
2026-08-11T06:22:00Z	plexus	d10a982af010	sieve	fpc	52.0
2026-08-11T06:22:00Z	plexus	d10a982af010	nbody	-O0	922.8
2026-08-11T06:22:00Z	plexus	d10a982af010	nbody	-O2	832.1
2026-08-11T06:22:00Z	plexus	d10a982af010	nbody	-O3	536.9
2026-08-11T06:22:00Z	plexus	d10a982af010	nbody	fpc	126.4
2026-08-11T06:22:00Z	plexus	d10a982af010	fib	-O0	376.1
2026-08-11T06:22:00Z	plexus	d10a982af010	fib	-O2	225.3
2026-08-11T06:22:00Z	plexus	d10a982af010	fib	-O3	141.8
2026-08-11T06:22:00Z	plexus	d10a982af010	fib	fpc	169.1
2026-08-11T06:22:00Z	plexus	d10a982af010	selfcompile	-O0	17861.5
2026-08-11T06:22:00Z	plexus	d10a982af010	selfcompile	-O2	14656.1
2026-08-11T06:22:00Z	plexus	d10a982af010	selfcompile	-O3	13994.5
2026-08-11T06:22:00Z	plexus	d10a982af010	selfcompile	fpc	6266.3
2026-08-11T08:50:02Z	plexus	d3be1cd0707a	mandelbrot	-O0	1886.4
2026-08-11T08:50:02Z	plexus	d3be1cd0707a	mandelbrot	-O2	1892.7
2026-08-11T08:50:02Z	plexus	d3be1cd0707a	mandelbrot	-O3	1001.4
2026-08-11T08:50:02Z	plexus	d3be1cd0707a	mandelbrot-p	-O0	1862.1
2026-08-11T08:50:02Z	plexus	d3be1cd0707a	mandelbrot-p	-O2	1871.4
2026-08-11T08:50:02Z	plexus	d3be1cd0707a	mandelbrot-p	-O3	978.7
2026-08-11T08:50:02Z	plexus	d3be1cd0707a	mandelbrot-p	fpc	472.5
2026-08-11T08:50:02Z	plexus	d3be1cd0707a	raytracer	-O0	22872.2
2026-08-11T08:50:02Z	plexus	d3be1cd0707a	raytracer	-O2	15122.1
2026-08-11T08:50:02Z	plexus	d3be1cd0707a	raytracer	-O3	13380.3
2026-08-11T08:50:02Z	plexus	d3be1cd0707a	raytracer-p	-O0	438.9
2026-08-11T08:50:02Z	plexus	d3be1cd0707a	raytracer-p	-O2	419.2
2026-08-11T08:50:02Z	plexus	d3be1cd0707a	raytracer-p	-O3	353.1
2026-08-11T08:50:02Z	plexus	d3be1cd0707a	raytracer-p	fpc	48.3
2026-08-11T08:50:02Z	plexus	d3be1cd0707a	sieve	-O0	139.3
2026-08-11T08:50:02Z	plexus	d3be1cd0707a	sieve	-O2	130.0
2026-08-11T08:50:02Z	plexus	d3be1cd0707a	sieve	-O3	126.9
2026-08-11T08:50:02Z	plexus	d3be1cd0707a	sieve	fpc	63.3
2026-08-11T08:50:02Z	plexus	d3be1cd0707a	nbody	-O0	924.6
2026-08-11T08:50:02Z	plexus	d3be1cd0707a	nbody	-O2	831.6
2026-08-11T08:50:02Z	plexus	d3be1cd0707a	nbody	-O3	533.8
2026-08-11T08:50:02Z	plexus	d3be1cd0707a	nbody	fpc	122.4
2026-08-11T08:50:02Z	plexus	d3be1cd0707a	fib	-O0	375.2
2026-08-11T08:50:02Z	plexus	d3be1cd0707a	fib	-O2	226.3
2026-08-11T08:50:02Z	plexus	d3be1cd0707a	fib	-O3	140.8
2026-08-11T08:50:02Z	plexus	d3be1cd0707a	fib	fpc	164.8
2026-08-11T08:50:02Z	plexus	d3be1cd0707a	selfcompile	-O0	18035.0
2026-08-11T08:50:02Z	plexus	d3be1cd0707a	selfcompile	-O2	14696.8
2026-08-11T08:50:02Z	plexus	d3be1cd0707a	selfcompile	-O3	14020.1
2026-08-11T08:50:02Z	plexus	d3be1cd0707a	selfcompile	fpc	6262.8
2026-08-11T09:55:47Z	plexus	89af35735718	mandelbrot	-O0	1884.5
2026-08-11T09:55:47Z	plexus	89af35735718	mandelbrot	-O2	1893.9
2026-08-11T09:55:47Z	plexus	89af35735718	mandelbrot	-O3	995.8
2026-08-11T09:55:47Z	plexus	89af35735718	mandelbrot-p	-O0	1865.3
2026-08-11T09:55:47Z	plexus	89af35735718	mandelbrot-p	-O2	1873.3
2026-08-11T09:55:47Z	plexus	89af35735718	mandelbrot-p	-O3	983.7
2026-08-11T09:55:47Z	plexus	89af35735718	mandelbrot-p	fpc	476.0
2026-08-11T09:55:47Z	plexus	89af35735718	raytracer	-O0	22866.1
2026-08-11T09:55:47Z	plexus	89af35735718	raytracer	-O2	15129.1
2026-08-11T09:55:47Z	plexus	89af35735718	raytracer	-O3	13373.2
2026-08-11T09:55:47Z	plexus	89af35735718	raytracer-p	-O0	439.7
2026-08-11T09:55:47Z	plexus	89af35735718	raytracer-p	-O2	419.9
2026-08-11T09:55:47Z	plexus	89af35735718	raytracer-p	-O3	348.6
2026-08-11T09:55:47Z	plexus	89af35735718	raytracer-p	fpc	43.1
2026-08-11T09:55:47Z	plexus	89af35735718	sieve	-O0	140.3
2026-08-11T09:55:47Z	plexus	89af35735718	sieve	-O2	131.9
2026-08-11T09:55:47Z	plexus	89af35735718	sieve	-O3	125.8
2026-08-11T09:55:47Z	plexus	89af35735718	sieve	fpc	61.7
2026-08-11T09:55:47Z	plexus	89af35735718	nbody	-O0	920.3
2026-08-11T09:55:47Z	plexus	89af35735718	nbody	-O2	835.1
2026-08-11T09:55:47Z	plexus	89af35735718	nbody	-O3	534.9
2026-08-11T09:55:47Z	plexus	89af35735718	nbody	fpc	124.5
2026-08-11T09:55:47Z	plexus	89af35735718	fib	-O0	377.3
2026-08-11T09:55:47Z	plexus	89af35735718	fib	-O2	228.3
2026-08-11T09:55:47Z	plexus	89af35735718	fib	-O3	144.3
2026-08-11T09:55:47Z	plexus	89af35735718	fib	fpc	164.5
2026-08-11T09:55:47Z	plexus	89af35735718	selfcompile	-O0	18040.1
2026-08-11T09:55:47Z	plexus	89af35735718	selfcompile	-O2	14775.8
2026-08-11T09:55:47Z	plexus	89af35735718	selfcompile	-O3	14021.8
2026-08-11T09:55:47Z	plexus	89af35735718	selfcompile	fpc	6296.1
2026-08-11T11:06:08Z	plexus	e715e0584505	mandelbrot	-O0	1881.7
2026-08-11T11:06:08Z	plexus	e715e0584505	mandelbrot	-O2	1887.9
2026-08-11T11:06:08Z	plexus	e715e0584505	mandelbrot	-O3	1000.2
2026-08-11T11:06:08Z	plexus	e715e0584505	mandelbrot-p	-O0	1860.2
2026-08-11T11:06:08Z	plexus	e715e0584505	mandelbrot-p	-O2	1865.9
2026-08-11T11:06:08Z	plexus	e715e0584505	mandelbrot-p	-O3	983.8
2026-08-11T11:06:08Z	plexus	e715e0584505	mandelbrot-p	fpc	473.6
2026-08-11T11:06:08Z	plexus	e715e0584505	raytracer	-O0	22865.3
2026-08-11T11:06:08Z	plexus	e715e0584505	raytracer	-O2	15141.1
2026-08-11T11:06:08Z	plexus	e715e0584505	raytracer	-O3	13335.2
2026-08-11T11:06:08Z	plexus	e715e0584505	raytracer-p	-O0	439.4
2026-08-11T11:06:08Z	plexus	e715e0584505	raytracer-p	-O2	414.1
2026-08-11T11:06:08Z	plexus	e715e0584505	raytracer-p	-O3	348.7
2026-08-11T11:06:08Z	plexus	e715e0584505	raytracer-p	fpc	46.5
2026-08-11T11:06:08Z	plexus	e715e0584505	sieve	-O0	139.2
2026-08-11T11:06:08Z	plexus	e715e0584505	sieve	-O2	130.2
2026-08-11T11:06:08Z	plexus	e715e0584505	sieve	-O3	125.7
2026-08-11T11:06:08Z	plexus	e715e0584505	sieve	fpc	61.8
2026-08-11T11:06:08Z	plexus	e715e0584505	nbody	-O0	928.6
2026-08-11T11:06:08Z	plexus	e715e0584505	nbody	-O2	835.6
2026-08-11T11:06:08Z	plexus	e715e0584505	nbody	-O3	533.8
2026-08-11T11:06:08Z	plexus	e715e0584505	nbody	fpc	121.9
2026-08-11T11:06:08Z	plexus	e715e0584505	fib	-O0	375.9
2026-08-11T11:06:08Z	plexus	e715e0584505	fib	-O2	224.2
2026-08-11T11:06:08Z	plexus	e715e0584505	fib	-O3	140.1
2026-08-11T11:06:08Z	plexus	e715e0584505	fib	fpc	164.7
2026-08-11T11:06:08Z	plexus	e715e0584505	selfcompile	-O0	18015.3
2026-08-11T11:06:08Z	plexus	e715e0584505	selfcompile	-O2	14719.7
2026-08-11T11:06:08Z	plexus	e715e0584505	selfcompile	-O3	14071.6
2026-08-11T11:06:08Z	plexus	e715e0584505	selfcompile	fpc	6285.3
2026-08-11T13:20:57Z	plexus	f27a3259505c	mandelbrot	-O0	1888.5
2026-08-11T13:20:57Z	plexus	f27a3259505c	mandelbrot	-O2	1893.6
2026-08-11T13:20:57Z	plexus	f27a3259505c	mandelbrot	-O3	997.9
2026-08-11T13:20:57Z	plexus	f27a3259505c	mandelbrot-p	-O0	1865.2
2026-08-11T13:20:57Z	plexus	f27a3259505c	mandelbrot-p	-O2	1875.6
2026-08-11T13:20:57Z	plexus	f27a3259505c	mandelbrot-p	-O3	985.9
2026-08-11T13:20:57Z	plexus	f27a3259505c	mandelbrot-p	fpc	472.8
2026-08-11T13:20:57Z	plexus	f27a3259505c	raytracer	-O0	22883.6
2026-08-11T13:20:57Z	plexus	f27a3259505c	raytracer	-O2	15145.3
2026-08-11T13:20:57Z	plexus	f27a3259505c	raytracer	-O3	13334.3
2026-08-11T13:20:57Z	plexus	f27a3259505c	raytracer-p	-O0	434.7
2026-08-11T13:20:57Z	plexus	f27a3259505c	raytracer-p	-O2	415.5
2026-08-11T13:20:57Z	plexus	f27a3259505c	raytracer-p	-O3	349.2
2026-08-11T13:20:57Z	plexus	f27a3259505c	raytracer-p	fpc	42.7
2026-08-11T13:20:57Z	plexus	f27a3259505c	sieve	-O0	139.3
2026-08-11T13:20:57Z	plexus	f27a3259505c	sieve	-O2	130.0
2026-08-11T13:20:57Z	plexus	f27a3259505c	sieve	-O3	126.1
2026-08-11T13:20:57Z	plexus	f27a3259505c	sieve	fpc	61.6
2026-08-11T13:20:57Z	plexus	f27a3259505c	nbody	-O0	923.2
2026-08-11T13:20:57Z	plexus	f27a3259505c	nbody	-O2	830.1
2026-08-11T13:20:57Z	plexus	f27a3259505c	nbody	-O3	538.3
2026-08-11T13:20:57Z	plexus	f27a3259505c	nbody	fpc	126.2
2026-08-11T13:20:57Z	plexus	f27a3259505c	fib	-O0	380.9
2026-08-11T13:20:57Z	plexus	f27a3259505c	fib	-O2	225.5
2026-08-11T13:20:57Z	plexus	f27a3259505c	fib	-O3	143.6
2026-08-11T13:20:57Z	plexus	f27a3259505c	fib	fpc	199.8
2026-08-11T13:20:57Z	plexus	f27a3259505c	selfcompile	-O0	18196.3
2026-08-11T13:20:57Z	plexus	f27a3259505c	selfcompile	-O2	14779.2
2026-08-11T13:20:57Z	plexus	f27a3259505c	selfcompile	-O3	14039.4
2026-08-11T13:20:57Z	plexus	f27a3259505c	selfcompile	fpc	6626.3
2026-08-11T15:28:32Z	plexus	1413b872ee62	mandelbrot	-O0	1887.2
2026-08-11T15:28:32Z	plexus	1413b872ee62	mandelbrot	-O2	1885.8
2026-08-11T15:28:32Z	plexus	1413b872ee62	mandelbrot	-O3	1001.6
2026-08-11T15:28:32Z	plexus	1413b872ee62	mandelbrot-p	-O0	1859.1
2026-08-11T15:28:32Z	plexus	1413b872ee62	mandelbrot-p	-O2	1869.2
2026-08-11T15:28:32Z	plexus	1413b872ee62	mandelbrot-p	-O3	987.4
2026-08-11T15:28:32Z	plexus	1413b872ee62	mandelbrot-p	fpc	477.5
2026-08-11T15:28:32Z	plexus	1413b872ee62	raytracer	-O0	22859.3
2026-08-11T15:28:32Z	plexus	1413b872ee62	raytracer	-O2	15139.3
2026-08-11T15:28:32Z	plexus	1413b872ee62	raytracer	-O3	13399.2
2026-08-11T15:28:32Z	plexus	1413b872ee62	raytracer-p	-O0	437.3
2026-08-11T15:28:32Z	plexus	1413b872ee62	raytracer-p	-O2	418.0
2026-08-11T15:28:32Z	plexus	1413b872ee62	raytracer-p	-O3	352.3
2026-08-11T15:28:32Z	plexus	1413b872ee62	raytracer-p	fpc	43.0
2026-08-11T15:28:32Z	plexus	1413b872ee62	sieve	-O0	139.5
2026-08-11T15:28:32Z	plexus	1413b872ee62	sieve	-O2	130.8
2026-08-11T15:28:32Z	plexus	1413b872ee62	sieve	-O3	125.7
2026-08-11T15:28:32Z	plexus	1413b872ee62	sieve	fpc	63.3
2026-08-11T15:28:32Z	plexus	1413b872ee62	nbody	-O0	919.0
2026-08-11T15:28:32Z	plexus	1413b872ee62	nbody	-O2	834.4
2026-08-11T15:28:32Z	plexus	1413b872ee62	nbody	-O3	535.7
2026-08-11T15:28:32Z	plexus	1413b872ee62	nbody	fpc	124.3
2026-08-11T15:28:32Z	plexus	1413b872ee62	fib	-O0	377.5
2026-08-11T15:28:32Z	plexus	1413b872ee62	fib	-O2	229.7
2026-08-11T15:28:32Z	plexus	1413b872ee62	fib	-O3	143.1
2026-08-11T15:28:32Z	plexus	1413b872ee62	fib	fpc	165.2
2026-08-11T15:28:32Z	plexus	1413b872ee62	selfcompile	-O0	18108.1
2026-08-11T15:28:32Z	plexus	1413b872ee62	selfcompile	-O2	15337.8
2026-08-11T15:28:32Z	plexus	1413b872ee62	selfcompile	-O3	14796.0
2026-08-11T15:28:32Z	plexus	1413b872ee62	selfcompile	fpc	6569.0
2026-08-11T19:05:18Z	plexus	8952f7b1d90c	mandelbrot	-O0	1884.8
2026-08-11T19:05:18Z	plexus	8952f7b1d90c	mandelbrot	-O2	1891.1
2026-08-11T19:05:18Z	plexus	8952f7b1d90c	mandelbrot	-O3	998.4
2026-08-11T19:05:18Z	plexus	8952f7b1d90c	mandelbrot-p	-O0	1863.7
2026-08-11T19:05:18Z	plexus	8952f7b1d90c	mandelbrot-p	-O2	1871.3
2026-08-11T19:05:18Z	plexus	8952f7b1d90c	mandelbrot-p	-O3	985.9
2026-08-11T19:05:18Z	plexus	8952f7b1d90c	mandelbrot-p	fpc	478.2
2026-08-11T19:05:18Z	plexus	8952f7b1d90c	raytracer	-O0	22846.5
2026-08-11T19:05:18Z	plexus	8952f7b1d90c	raytracer	-O2	15158.2
2026-08-11T19:05:18Z	plexus	8952f7b1d90c	raytracer	-O3	13361.7
2026-08-11T19:05:18Z	plexus	8952f7b1d90c	raytracer-p	-O0	434.2
2026-08-11T19:05:18Z	plexus	8952f7b1d90c	raytracer-p	-O2	415.0
2026-08-11T19:05:18Z	plexus	8952f7b1d90c	raytracer-p	-O3	351.4
2026-08-11T19:05:18Z	plexus	8952f7b1d90c	raytracer-p	fpc	42.7
2026-08-11T19:05:18Z	plexus	8952f7b1d90c	sieve	-O0	139.2
2026-08-11T19:05:18Z	plexus	8952f7b1d90c	sieve	-O2	130.0
2026-08-11T19:05:18Z	plexus	8952f7b1d90c	sieve	-O3	127.3
2026-08-11T19:05:18Z	plexus	8952f7b1d90c	sieve	fpc	63.5
2026-08-11T19:05:18Z	plexus	8952f7b1d90c	nbody	-O0	920.9
2026-08-11T19:05:18Z	plexus	8952f7b1d90c	nbody	-O2	832.1
2026-08-11T19:05:18Z	plexus	8952f7b1d90c	nbody	-O3	538.9
2026-08-11T19:05:18Z	plexus	8952f7b1d90c	nbody	fpc	126.7
2026-08-11T19:05:18Z	plexus	8952f7b1d90c	fib	-O0	380.9
2026-08-11T19:05:18Z	plexus	8952f7b1d90c	fib	-O2	224.7
2026-08-11T19:05:18Z	plexus	8952f7b1d90c	fib	-O3	140.1
2026-08-11T19:05:18Z	plexus	8952f7b1d90c	fib	fpc	164.4
2026-08-11T19:05:18Z	plexus	8952f7b1d90c	selfcompile	-O0	18142.0
2026-08-11T19:05:18Z	plexus	8952f7b1d90c	selfcompile	-O2	14775.6
2026-08-11T19:05:18Z	plexus	8952f7b1d90c	selfcompile	-O3	14147.0
2026-08-11T19:05:18Z	plexus	8952f7b1d90c	selfcompile	fpc	6295.9
2026-08-12T12:22:03Z	plexus	65fdd0a6fd3f	mandelbrot	-O0	1871.4
2026-08-12T12:22:03Z	plexus	65fdd0a6fd3f	mandelbrot	-O2	1878.1
2026-08-12T12:22:03Z	plexus	65fdd0a6fd3f	mandelbrot	-O3	990.7
2026-08-12T12:22:03Z	plexus	65fdd0a6fd3f	mandelbrot-p	-O0	1853.8
2026-08-12T12:22:03Z	plexus	65fdd0a6fd3f	mandelbrot-p	-O2	1857.4
2026-08-12T12:22:03Z	plexus	65fdd0a6fd3f	mandelbrot-p	-O3	977.5
2026-08-12T12:22:03Z	plexus	65fdd0a6fd3f	mandelbrot-p	fpc	476.8
2026-08-12T12:22:03Z	plexus	65fdd0a6fd3f	raytracer	-O0	22720.4
2026-08-12T12:22:03Z	plexus	65fdd0a6fd3f	raytracer	-O2	15053.9
2026-08-12T12:22:03Z	plexus	65fdd0a6fd3f	raytracer	-O3	13240.5
2026-08-12T12:22:03Z	plexus	65fdd0a6fd3f	raytracer-p	-O0	435.6
2026-08-12T12:22:03Z	plexus	65fdd0a6fd3f	raytracer-p	-O2	411.6
2026-08-12T12:22:03Z	plexus	65fdd0a6fd3f	raytracer-p	-O3	347.2
2026-08-12T12:22:03Z	plexus	65fdd0a6fd3f	raytracer-p	fpc	41.9
2026-08-12T12:22:03Z	plexus	65fdd0a6fd3f	sieve	-O0	116.0
2026-08-12T12:22:03Z	plexus	65fdd0a6fd3f	sieve	-O2	107.1
2026-08-12T12:22:03Z	plexus	65fdd0a6fd3f	sieve	-O3	103.1
2026-08-12T12:22:03Z	plexus	65fdd0a6fd3f	sieve	fpc	52.3
2026-08-12T12:22:03Z	plexus	65fdd0a6fd3f	nbody	-O0	927.0
2026-08-12T12:22:03Z	plexus	65fdd0a6fd3f	nbody	-O2	826.1
2026-08-12T12:22:03Z	plexus	65fdd0a6fd3f	nbody	-O3	533.5
2026-08-12T12:22:03Z	plexus	65fdd0a6fd3f	nbody	fpc	121.2
2026-08-12T12:22:03Z	plexus	65fdd0a6fd3f	fib	-O0	376.2
2026-08-12T12:22:03Z	plexus	65fdd0a6fd3f	fib	-O2	228.2
2026-08-12T12:22:03Z	plexus	65fdd0a6fd3f	fib	-O3	139.8
2026-08-12T12:22:03Z	plexus	65fdd0a6fd3f	fib	fpc	163.6
2026-08-12T12:22:03Z	plexus	65fdd0a6fd3f	selfcompile	-O0	18131.4
2026-08-12T12:22:03Z	plexus	65fdd0a6fd3f	selfcompile	-O2	14810.4
2026-08-12T12:22:03Z	plexus	65fdd0a6fd3f	selfcompile	-O3	14140.9
2026-08-12T12:22:03Z	plexus	65fdd0a6fd3f	selfcompile	fpc	6251.3
2026-08-13T10:44:02Z	plexus	f253eaa405a1	mandelbrot	-O0	1874.7
2026-08-13T10:44:02Z	plexus	f253eaa405a1	mandelbrot	-O2	1882.9
2026-08-13T10:44:02Z	plexus	f253eaa405a1	mandelbrot	-O3	995.3
2026-08-13T10:44:02Z	plexus	f253eaa405a1	mandelbrot-p	-O0	1853.0
2026-08-13T10:44:02Z	plexus	f253eaa405a1	mandelbrot-p	-O2	1865.4
2026-08-13T10:44:02Z	plexus	f253eaa405a1	mandelbrot-p	-O3	980.3
2026-08-13T10:44:02Z	plexus	f253eaa405a1	mandelbrot-p	fpc	475.7
2026-08-13T10:44:02Z	plexus	f253eaa405a1	raytracer	-O0	22767.2
2026-08-13T10:44:02Z	plexus	f253eaa405a1	raytracer	-O2	15141.2
2026-08-13T10:44:02Z	plexus	f253eaa405a1	raytracer	-O3	13263.9
2026-08-13T10:44:02Z	plexus	f253eaa405a1	raytracer-p	-O0	437.1
2026-08-13T10:44:02Z	plexus	f253eaa405a1	raytracer-p	-O2	415.5
2026-08-13T10:44:02Z	plexus	f253eaa405a1	raytracer-p	-O3	349.1
2026-08-13T10:44:02Z	plexus	f253eaa405a1	raytracer-p	fpc	43.6
2026-08-13T10:44:02Z	plexus	f253eaa405a1	sieve	-O0	117.2
2026-08-13T10:44:02Z	plexus	f253eaa405a1	sieve	-O2	105.9
2026-08-13T10:44:02Z	plexus	f253eaa405a1	sieve	-O3	106.5
2026-08-13T10:44:02Z	plexus	f253eaa405a1	sieve	fpc	52.2
2026-08-13T10:44:02Z	plexus	f253eaa405a1	nbody	-O0	915.9
2026-08-13T10:44:02Z	plexus	f253eaa405a1	nbody	-O2	832.3
2026-08-13T10:44:02Z	plexus	f253eaa405a1	nbody	-O3	535.4
2026-08-13T10:44:02Z	plexus	f253eaa405a1	nbody	fpc	122.0
2026-08-13T10:44:02Z	plexus	f253eaa405a1	fib	-O0	378.3
2026-08-13T10:44:02Z	plexus	f253eaa405a1	fib	-O2	223.7
2026-08-13T10:44:02Z	plexus	f253eaa405a1	fib	-O3	139.2
2026-08-13T10:44:02Z	plexus	f253eaa405a1	fib	fpc	162.6
2026-08-13T10:44:02Z	plexus	f253eaa405a1	selfcompile	-O0	18799.3
2026-08-13T10:44:02Z	plexus	f253eaa405a1	selfcompile	-O2	15415.7
2026-08-13T10:44:02Z	plexus	f253eaa405a1	selfcompile	-O3	14595.7
2026-08-13T10:44:02Z	plexus	f253eaa405a1	selfcompile	fpc	6333.2
2026-08-13T14:21:39Z	plexus	d325e6b3748f	mandelbrot	-O0	1872.2
2026-08-13T14:21:39Z	plexus	d325e6b3748f	mandelbrot	-O2	1875.8
2026-08-13T14:21:39Z	plexus	d325e6b3748f	mandelbrot	-O3	992.3
2026-08-13T14:21:39Z	plexus	d325e6b3748f	mandelbrot-p	-O0	1852.0
2026-08-13T14:21:39Z	plexus	d325e6b3748f	mandelbrot-p	-O2	1867.0
2026-08-13T14:21:39Z	plexus	d325e6b3748f	mandelbrot-p	-O3	977.0
2026-08-13T14:21:39Z	plexus	d325e6b3748f	mandelbrot-p	fpc	473.3
2026-08-13T14:21:39Z	plexus	d325e6b3748f	raytracer	-O0	22794.7
2026-08-13T14:21:39Z	plexus	d325e6b3748f	raytracer	-O2	15120.8
2026-08-13T14:21:39Z	plexus	d325e6b3748f	raytracer	-O3	13278.9
2026-08-13T14:21:39Z	plexus	d325e6b3748f	raytracer-p	-O0	437.2
2026-08-13T14:21:39Z	plexus	d325e6b3748f	raytracer-p	-O2	412.0
2026-08-13T14:21:39Z	plexus	d325e6b3748f	raytracer-p	-O3	349.0
2026-08-13T14:21:39Z	plexus	d325e6b3748f	raytracer-p	fpc	41.6
2026-08-13T14:21:39Z	plexus	d325e6b3748f	sieve	-O0	116.6
2026-08-13T14:21:39Z	plexus	d325e6b3748f	sieve	-O2	105.7
2026-08-13T14:21:39Z	plexus	d325e6b3748f	sieve	-O3	105.4
2026-08-13T14:21:39Z	plexus	d325e6b3748f	sieve	fpc	51.7
2026-08-13T14:21:39Z	plexus	d325e6b3748f	nbody	-O0	922.6
2026-08-13T14:21:39Z	plexus	d325e6b3748f	nbody	-O2	827.8
2026-08-13T14:21:39Z	plexus	d325e6b3748f	nbody	-O3	533.9
2026-08-13T14:21:39Z	plexus	d325e6b3748f	nbody	fpc	121.1
2026-08-13T14:21:39Z	plexus	d325e6b3748f	fib	-O0	372.4
2026-08-13T14:21:39Z	plexus	d325e6b3748f	fib	-O2	222.5
2026-08-13T14:21:39Z	plexus	d325e6b3748f	fib	-O3	138.9
2026-08-13T14:21:39Z	plexus	d325e6b3748f	fib	fpc	163.5
2026-08-13T14:21:39Z	plexus	d325e6b3748f	selfcompile	-O0	18796.2
2026-08-13T14:21:39Z	plexus	d325e6b3748f	selfcompile	-O2	15285.7
2026-08-13T14:21:39Z	plexus	d325e6b3748f	selfcompile	-O3	14671.4
2026-08-13T14:21:39Z	plexus	d325e6b3748f	selfcompile	fpc	6350.8
2026-08-13T20:40:39Z	plexus	be7f80936b0c	mandelbrot	-O0	1868.8
2026-08-13T20:40:39Z	plexus	be7f80936b0c	mandelbrot	-O2	1883.2
2026-08-13T20:40:39Z	plexus	be7f80936b0c	mandelbrot	-O3	990.6
2026-08-13T20:40:39Z	plexus	be7f80936b0c	mandelbrot-p	-O0	1853.7
2026-08-13T20:40:39Z	plexus	be7f80936b0c	mandelbrot-p	-O2	1860.7
2026-08-13T20:40:39Z	plexus	be7f80936b0c	mandelbrot-p	-O3	976.0
2026-08-13T20:40:39Z	plexus	be7f80936b0c	mandelbrot-p	fpc	470.7
2026-08-13T20:40:39Z	plexus	be7f80936b0c	raytracer	-O0	22749.4
2026-08-13T20:40:39Z	plexus	be7f80936b0c	raytracer	-O2	15070.1
2026-08-13T20:40:39Z	plexus	be7f80936b0c	raytracer	-O3	13250.0
2026-08-13T20:40:39Z	plexus	be7f80936b0c	raytracer-p	-O0	432.3
2026-08-13T20:40:39Z	plexus	be7f80936b0c	raytracer-p	-O2	412.4
2026-08-13T20:40:39Z	plexus	be7f80936b0c	raytracer-p	-O3	348.4
2026-08-13T20:40:39Z	plexus	be7f80936b0c	raytracer-p	fpc	42.6
2026-08-13T20:40:39Z	plexus	be7f80936b0c	sieve	-O0	119.8
2026-08-13T20:40:39Z	plexus	be7f80936b0c	sieve	-O2	106.1
2026-08-13T20:40:39Z	plexus	be7f80936b0c	sieve	-O3	105.3
2026-08-13T20:40:39Z	plexus	be7f80936b0c	sieve	fpc	51.5
2026-08-13T20:40:39Z	plexus	be7f80936b0c	nbody	-O0	918.1
2026-08-13T20:40:39Z	plexus	be7f80936b0c	nbody	-O2	827.6
2026-08-13T20:40:39Z	plexus	be7f80936b0c	nbody	-O3	531.7
2026-08-13T20:40:39Z	plexus	be7f80936b0c	nbody	fpc	121.9
2026-08-13T20:40:39Z	plexus	be7f80936b0c	fib	-O0	374.0
2026-08-13T20:40:39Z	plexus	be7f80936b0c	fib	-O2	222.6
2026-08-13T20:40:39Z	plexus	be7f80936b0c	fib	-O3	139.2
2026-08-13T20:40:39Z	plexus	be7f80936b0c	fib	fpc	162.9
2026-08-13T20:40:39Z	plexus	be7f80936b0c	selfcompile	-O0	19022.5
2026-08-13T20:40:39Z	plexus	be7f80936b0c	selfcompile	-O2	15477.8
2026-08-13T20:40:39Z	plexus	be7f80936b0c	selfcompile	-O3	14805.5
2026-08-13T20:40:39Z	plexus	be7f80936b0c	selfcompile	fpc	6373.2
2026-08-13T23:35:56Z	plexus	30dc68bc02bb	mandelbrot	-O0	1873.4
2026-08-13T23:35:56Z	plexus	30dc68bc02bb	mandelbrot	-O2	1878.2
2026-08-13T23:35:56Z	plexus	30dc68bc02bb	mandelbrot	-O3	991.8
2026-08-13T23:35:56Z	plexus	30dc68bc02bb	mandelbrot-p	-O0	1848.6
2026-08-13T23:35:56Z	plexus	30dc68bc02bb	mandelbrot-p	-O2	1863.2
2026-08-13T23:35:56Z	plexus	30dc68bc02bb	mandelbrot-p	-O3	976.6
2026-08-13T23:35:56Z	plexus	30dc68bc02bb	mandelbrot-p	fpc	472.3
2026-08-13T23:35:56Z	plexus	30dc68bc02bb	raytracer	-O0	22841.2
2026-08-13T23:35:56Z	plexus	30dc68bc02bb	raytracer	-O2	15088.2
2026-08-13T23:35:56Z	plexus	30dc68bc02bb	raytracer	-O3	13240.5
2026-08-13T23:35:56Z	plexus	30dc68bc02bb	raytracer-p	-O0	437.4
2026-08-13T23:35:56Z	plexus	30dc68bc02bb	raytracer-p	-O2	416.1
2026-08-13T23:35:56Z	plexus	30dc68bc02bb	raytracer-p	-O3	347.8
2026-08-13T23:35:56Z	plexus	30dc68bc02bb	raytracer-p	fpc	42.5
2026-08-13T23:35:56Z	plexus	30dc68bc02bb	sieve	-O0	116.0
2026-08-13T23:35:56Z	plexus	30dc68bc02bb	sieve	-O2	105.9
2026-08-13T23:35:56Z	plexus	30dc68bc02bb	sieve	-O3	106.0
2026-08-13T23:35:56Z	plexus	30dc68bc02bb	sieve	fpc	56.0
2026-08-13T23:35:56Z	plexus	30dc68bc02bb	nbody	-O0	916.6
2026-08-13T23:35:56Z	plexus	30dc68bc02bb	nbody	-O2	827.0
2026-08-13T23:35:56Z	plexus	30dc68bc02bb	nbody	-O3	537.9
2026-08-13T23:35:56Z	plexus	30dc68bc02bb	nbody	fpc	121.2
2026-08-13T23:35:56Z	plexus	30dc68bc02bb	fib	-O0	373.5
2026-08-13T23:35:56Z	plexus	30dc68bc02bb	fib	-O2	224.0
2026-08-13T23:35:56Z	plexus	30dc68bc02bb	fib	-O3	139.3
2026-08-13T23:35:56Z	plexus	30dc68bc02bb	fib	fpc	162.9
2026-08-13T23:35:56Z	plexus	30dc68bc02bb	selfcompile	-O0	19039.0
2026-08-13T23:35:56Z	plexus	30dc68bc02bb	selfcompile	-O2	15475.2
2026-08-13T23:35:56Z	plexus	30dc68bc02bb	selfcompile	-O3	14838.4
2026-08-13T23:35:56Z	plexus	30dc68bc02bb	selfcompile	fpc	6382.0
2026-08-15T08:49:49Z	plexus	4c9da77f9368	mandelbrot	-O0	1875.5
2026-08-15T08:49:49Z	plexus	4c9da77f9368	mandelbrot	-O2	1881.1
2026-08-15T08:49:49Z	plexus	4c9da77f9368	mandelbrot	-O3	991.8
2026-08-15T08:49:49Z	plexus	4c9da77f9368	mandelbrot-p	-O0	1850.8
2026-08-15T08:49:49Z	plexus	4c9da77f9368	mandelbrot-p	-O2	1865.1
2026-08-15T08:49:49Z	plexus	4c9da77f9368	mandelbrot-p	-O3	981.7
2026-08-15T08:49:49Z	plexus	4c9da77f9368	mandelbrot-p	fpc	473.0
2026-08-15T08:49:49Z	plexus	4c9da77f9368	raytracer	-O0	7347.4
2026-08-15T08:49:49Z	plexus	4c9da77f9368	raytracer	-O2	5053.6
2026-08-15T08:49:49Z	plexus	4c9da77f9368	raytracer	-O3	4676.4
2026-08-15T08:49:49Z	plexus	4c9da77f9368	raytracer-p	-O0	342.8
2026-08-15T08:49:49Z	plexus	4c9da77f9368	raytracer-p	-O2	325.4
2026-08-15T08:49:49Z	plexus	4c9da77f9368	raytracer-p	-O3	298.2
2026-08-15T08:49:49Z	plexus	4c9da77f9368	raytracer-p	fpc	41.6
2026-08-15T08:49:49Z	plexus	4c9da77f9368	sieve	-O0	114.9
2026-08-15T08:49:49Z	plexus	4c9da77f9368	sieve	-O2	104.2
2026-08-15T08:49:49Z	plexus	4c9da77f9368	sieve	-O3	103.6
2026-08-15T08:49:49Z	plexus	4c9da77f9368	sieve	fpc	51.8
2026-08-15T08:49:49Z	plexus	4c9da77f9368	nbody	-O0	414.2
2026-08-15T08:49:49Z	plexus	4c9da77f9368	nbody	-O2	340.7
2026-08-15T08:49:49Z	plexus	4c9da77f9368	nbody	-O3	235.3
2026-08-15T08:49:49Z	plexus	4c9da77f9368	nbody	fpc	146.3
2026-08-15T08:49:49Z	plexus	4c9da77f9368	fib	-O0	455.3
2026-08-15T08:49:49Z	plexus	4c9da77f9368	fib	-O2	271.1
2026-08-15T08:49:49Z	plexus	4c9da77f9368	fib	-O3	168.3
2026-08-15T08:49:49Z	plexus	4c9da77f9368	fib	fpc	197.9
2026-08-15T08:49:49Z	plexus	4c9da77f9368	selfcompile	-O0	20606.9
2026-08-15T08:49:49Z	plexus	4c9da77f9368	selfcompile	-O2	16881.7
2026-08-15T08:49:49Z	plexus	4c9da77f9368	selfcompile	-O3	16472.9
2026-08-15T08:49:49Z	plexus	4c9da77f9368	selfcompile	fpc	6596.3
2026-08-15T10:51:25Z	plexus	9c5adbed5933	mandelbrot	-O0	2289.2
2026-08-15T10:51:25Z	plexus	9c5adbed5933	mandelbrot	-O2	2292.9
2026-08-15T10:51:25Z	plexus	9c5adbed5933	mandelbrot	-O3	1214.1
2026-08-15T10:51:25Z	plexus	9c5adbed5933	mandelbrot-p	-O0	2259.0
2026-08-15T10:51:25Z	plexus	9c5adbed5933	mandelbrot-p	-O2	2266.0
2026-08-15T10:51:25Z	plexus	9c5adbed5933	mandelbrot-p	-O3	1196.1
2026-08-15T10:51:25Z	plexus	9c5adbed5933	mandelbrot-p	fpc	574.3
2026-08-15T10:51:25Z	plexus	9c5adbed5933	raytracer	-O0	9012.1
2026-08-15T10:51:25Z	plexus	9c5adbed5933	raytracer	-O2	5228.3
2026-08-15T10:51:25Z	plexus	9c5adbed5933	raytracer	-O3	5695.6
2026-08-15T10:51:25Z	plexus	9c5adbed5933	raytracer-p	-O0	363.9
2026-08-15T10:51:25Z	plexus	9c5adbed5933	raytracer-p	-O2	342.8
2026-08-15T10:51:25Z	plexus	9c5adbed5933	raytracer-p	-O3	306.2
2026-08-15T10:51:25Z	plexus	9c5adbed5933	raytracer-p	fpc	43.9
2026-08-15T10:51:25Z	plexus	9c5adbed5933	sieve	-O0	117.7
2026-08-15T10:51:25Z	plexus	9c5adbed5933	sieve	-O2	110.2
2026-08-15T10:51:25Z	plexus	9c5adbed5933	sieve	-O3	106.7
2026-08-15T10:51:25Z	plexus	9c5adbed5933	sieve	fpc	53.8
2026-08-15T10:51:25Z	plexus	9c5adbed5933	nbody	-O0	358.2
2026-08-15T10:51:25Z	plexus	9c5adbed5933	nbody	-O2	341.5
2026-08-15T10:51:25Z	plexus	9c5adbed5933	nbody	-O3	236.4
2026-08-15T10:51:25Z	plexus	9c5adbed5933	nbody	fpc	146.4
2026-08-15T10:51:25Z	plexus	9c5adbed5933	fib	-O0	458.5
2026-08-15T10:51:25Z	plexus	9c5adbed5933	fib	-O2	272.0
2026-08-15T10:51:25Z	plexus	9c5adbed5933	fib	-O3	168.8
2026-08-15T10:51:25Z	plexus	9c5adbed5933	fib	fpc	198.3
2026-08-15T10:51:25Z	plexus	9c5adbed5933	selfcompile	-O0	23108.0
2026-08-15T10:51:25Z	plexus	9c5adbed5933	selfcompile	-O2	18499.1
2026-08-15T10:51:25Z	plexus	9c5adbed5933	selfcompile	-O3	19308.4
2026-08-15T10:51:25Z	plexus	9c5adbed5933	selfcompile	fpc	8182.6
2026-08-15T12:00:03Z	plexus	dbed942785d0	mandelbrot	-O0	1875.6
2026-08-15T12:00:03Z	plexus	dbed942785d0	mandelbrot	-O2	1880.9
2026-08-15T12:00:03Z	plexus	dbed942785d0	mandelbrot	-O3	992.7
2026-08-15T12:00:03Z	plexus	dbed942785d0	mandelbrot-p	-O0	1853.5
2026-08-15T12:00:03Z	plexus	dbed942785d0	mandelbrot-p	-O2	1870.2
2026-08-15T12:00:03Z	plexus	dbed942785d0	mandelbrot-p	-O3	980.6
2026-08-15T12:00:03Z	plexus	dbed942785d0	mandelbrot-p	fpc	472.8
2026-08-15T12:00:03Z	plexus	dbed942785d0	raytracer	-O0	7342.7
2026-08-15T12:00:03Z	plexus	dbed942785d0	raytracer	-O2	5062.0
2026-08-15T12:00:03Z	plexus	dbed942785d0	raytracer	-O3	4665.0
2026-08-15T12:00:03Z	plexus	dbed942785d0	raytracer-p	-O0	341.4
2026-08-15T12:00:03Z	plexus	dbed942785d0	raytracer-p	-O2	324.5
2026-08-15T12:00:03Z	plexus	dbed942785d0	raytracer-p	-O3	295.7
2026-08-15T12:00:03Z	plexus	dbed942785d0	raytracer-p	fpc	41.7
2026-08-15T12:00:03Z	plexus	dbed942785d0	sieve	-O0	115.1
2026-08-15T12:00:03Z	plexus	dbed942785d0	sieve	-O2	104.6
2026-08-15T12:00:03Z	plexus	dbed942785d0	sieve	-O3	103.4
2026-08-15T12:00:03Z	plexus	dbed942785d0	sieve	fpc	51.4
2026-08-15T12:00:03Z	plexus	dbed942785d0	nbody	-O0	415.1
2026-08-15T12:00:03Z	plexus	dbed942785d0	nbody	-O2	340.7
2026-08-15T12:00:03Z	plexus	dbed942785d0	nbody	-O3	235.7
2026-08-15T12:00:03Z	plexus	dbed942785d0	nbody	fpc	146.3
2026-08-15T12:00:03Z	plexus	dbed942785d0	fib	-O0	455.1
2026-08-15T12:00:03Z	plexus	dbed942785d0	fib	-O2	271.3
2026-08-15T12:00:03Z	plexus	dbed942785d0	fib	-O3	168.6
2026-08-15T12:00:03Z	plexus	dbed942785d0	fib	fpc	199.2
2026-08-15T12:00:03Z	plexus	dbed942785d0	selfcompile	-O0	20572.8
2026-08-15T12:00:03Z	plexus	dbed942785d0	selfcompile	-O2	16813.0
2026-08-15T12:00:03Z	plexus	dbed942785d0	selfcompile	-O3	16446.0
2026-08-15T12:00:03Z	plexus	dbed942785d0	selfcompile	fpc	6594.4
2026-08-15T15:31:01Z	plexus	36d1bffda39d	mandelbrot	-O0	1867.5
2026-08-15T15:31:01Z	plexus	36d1bffda39d	mandelbrot	-O2	1886.1
2026-08-15T15:31:01Z	plexus	36d1bffda39d	mandelbrot	-O3	992.5
2026-08-15T15:31:01Z	plexus	36d1bffda39d	mandelbrot-p	-O0	1857.8
2026-08-15T15:31:01Z	plexus	36d1bffda39d	mandelbrot-p	-O2	1861.3
2026-08-15T15:31:01Z	plexus	36d1bffda39d	mandelbrot-p	-O3	982.0
2026-08-15T15:31:01Z	plexus	36d1bffda39d	mandelbrot-p	fpc	471.9
2026-08-15T15:31:01Z	plexus	36d1bffda39d	raytracer	-O0	7375.5
2026-08-15T15:31:01Z	plexus	36d1bffda39d	raytracer	-O2	5050.1
2026-08-15T15:31:01Z	plexus	36d1bffda39d	raytracer	-O3	4655.6
2026-08-15T15:31:01Z	plexus	36d1bffda39d	raytracer-p	-O0	341.1
2026-08-15T15:31:01Z	plexus	36d1bffda39d	raytracer-p	-O2	322.0
2026-08-15T15:31:01Z	plexus	36d1bffda39d	raytracer-p	-O3	295.8
2026-08-15T15:31:01Z	plexus	36d1bffda39d	raytracer-p	fpc	41.6
2026-08-15T15:31:01Z	plexus	36d1bffda39d	sieve	-O0	114.8
2026-08-15T15:31:01Z	plexus	36d1bffda39d	sieve	-O2	103.6
2026-08-15T15:31:01Z	plexus	36d1bffda39d	sieve	-O3	103.3
2026-08-15T15:31:01Z	plexus	36d1bffda39d	sieve	fpc	51.9
2026-08-15T15:31:01Z	plexus	36d1bffda39d	nbody	-O0	340.2
2026-08-15T15:31:01Z	plexus	36d1bffda39d	nbody	-O2	285.7
2026-08-15T15:31:01Z	plexus	36d1bffda39d	nbody	-O3	192.4
2026-08-15T15:31:01Z	plexus	36d1bffda39d	nbody	fpc	125.1
2026-08-15T15:31:01Z	plexus	36d1bffda39d	fib	-O0	455.3
2026-08-15T15:31:01Z	plexus	36d1bffda39d	fib	-O2	272.4
2026-08-15T15:31:01Z	plexus	36d1bffda39d	fib	-O3	170.3
2026-08-15T15:31:01Z	plexus	36d1bffda39d	fib	fpc	197.8
2026-08-15T15:31:01Z	plexus	36d1bffda39d	selfcompile	-O0	20451.2
2026-08-15T15:31:01Z	plexus	36d1bffda39d	selfcompile	-O2	16751.5
2026-08-15T15:31:01Z	plexus	36d1bffda39d	selfcompile	-O3	16525.6
2026-08-15T15:31:01Z	plexus	36d1bffda39d	selfcompile	fpc	6584.6
2026-08-15T19:02:50Z	plexus	c8f5070671be	mandelbrot	-O0	1872.6
2026-08-15T19:02:50Z	plexus	c8f5070671be	mandelbrot	-O2	1886.5
2026-08-15T19:02:50Z	plexus	c8f5070671be	mandelbrot	-O3	997.4
2026-08-15T19:02:50Z	plexus	c8f5070671be	mandelbrot-p	-O0	1856.4
2026-08-15T19:02:50Z	plexus	c8f5070671be	mandelbrot-p	-O2	1864.5
2026-08-15T19:02:50Z	plexus	c8f5070671be	mandelbrot-p	-O3	983.2
2026-08-15T19:02:50Z	plexus	c8f5070671be	mandelbrot-p	fpc	470.5
2026-08-15T19:02:50Z	plexus	c8f5070671be	raytracer	-O0	7348.1
2026-08-15T19:02:50Z	plexus	c8f5070671be	raytracer	-O2	5068.8
2026-08-15T19:02:50Z	plexus	c8f5070671be	raytracer	-O3	4674.6
2026-08-15T19:02:50Z	plexus	c8f5070671be	raytracer-p	-O0	342.4
2026-08-15T19:02:50Z	plexus	c8f5070671be	raytracer-p	-O2	325.2
2026-08-15T19:02:50Z	plexus	c8f5070671be	raytracer-p	-O3	296.3
2026-08-15T19:02:50Z	plexus	c8f5070671be	raytracer-p	fpc	41.8
2026-08-15T19:02:50Z	plexus	c8f5070671be	sieve	-O0	114.1
2026-08-15T19:02:50Z	plexus	c8f5070671be	sieve	-O2	104.7
2026-08-15T19:02:50Z	plexus	c8f5070671be	sieve	-O3	102.9
2026-08-15T19:02:50Z	plexus	c8f5070671be	sieve	fpc	51.8
2026-08-15T19:02:50Z	plexus	c8f5070671be	nbody	-O0	341.2
2026-08-15T19:02:50Z	plexus	c8f5070671be	nbody	-O2	285.0
2026-08-15T19:02:50Z	plexus	c8f5070671be	nbody	-O3	195.6
2026-08-15T19:02:50Z	plexus	c8f5070671be	nbody	fpc	122.0
2026-08-15T19:02:50Z	plexus	c8f5070671be	fib	-O0	373.1
2026-08-15T19:02:50Z	plexus	c8f5070671be	fib	-O2	222.6
2026-08-15T19:02:50Z	plexus	c8f5070671be	fib	-O3	139.2
2026-08-15T19:02:50Z	plexus	c8f5070671be	fib	fpc	163.7
2026-08-15T19:02:50Z	plexus	c8f5070671be	selfcompile	-O0	20538.8
2026-08-15T19:02:50Z	plexus	c8f5070671be	selfcompile	-O2	16959.0
2026-08-15T19:02:50Z	plexus	c8f5070671be	selfcompile	-O3	16585.5
2026-08-15T19:02:50Z	plexus	c8f5070671be	selfcompile	fpc	6609.0
2026-08-16T04:21:01Z	plexus	e01894e6b1ed	mandelbrot	-O0	1870.6
2026-08-16T04:21:01Z	plexus	e01894e6b1ed	mandelbrot	-O2	1880.1
2026-08-16T04:21:01Z	plexus	e01894e6b1ed	mandelbrot	-O3	995.8
2026-08-16T04:21:01Z	plexus	e01894e6b1ed	mandelbrot-p	-O0	1853.6
2026-08-16T04:21:01Z	plexus	e01894e6b1ed	mandelbrot-p	-O2	1865.2
2026-08-16T04:21:01Z	plexus	e01894e6b1ed	mandelbrot-p	-O3	981.8
2026-08-16T04:21:01Z	plexus	e01894e6b1ed	mandelbrot-p	fpc	470.5
2026-08-16T04:21:01Z	plexus	e01894e6b1ed	raytracer	-O0	6063.4
2026-08-16T04:21:01Z	plexus	e01894e6b1ed	raytracer	-O2	3743.4
2026-08-16T04:21:01Z	plexus	e01894e6b1ed	raytracer	-O3	3639.3
2026-08-16T04:21:01Z	plexus	e01894e6b1ed	raytracer-p	-O0	341.1
2026-08-16T04:21:01Z	plexus	e01894e6b1ed	raytracer-p	-O2	325.4
2026-08-16T04:21:01Z	plexus	e01894e6b1ed	raytracer-p	-O3	294.6
2026-08-16T04:21:01Z	plexus	e01894e6b1ed	raytracer-p	fpc	42.4
2026-08-16T04:21:01Z	plexus	e01894e6b1ed	sieve	-O0	115.9
2026-08-16T04:21:01Z	plexus	e01894e6b1ed	sieve	-O2	106.8
2026-08-16T04:21:01Z	plexus	e01894e6b1ed	sieve	-O3	105.6
2026-08-16T04:21:01Z	plexus	e01894e6b1ed	sieve	fpc	51.9
2026-08-16T04:21:01Z	plexus	e01894e6b1ed	nbody	-O0	346.8
2026-08-16T04:21:01Z	plexus	e01894e6b1ed	nbody	-O2	280.0
2026-08-16T04:21:01Z	plexus	e01894e6b1ed	nbody	-O3	193.7
2026-08-16T04:21:01Z	plexus	e01894e6b1ed	nbody	fpc	120.8
2026-08-16T04:21:01Z	plexus	e01894e6b1ed	fib	-O0	375.6
2026-08-16T04:21:01Z	plexus	e01894e6b1ed	fib	-O2	224.2
2026-08-16T04:21:01Z	plexus	e01894e6b1ed	fib	-O3	139.0
2026-08-16T04:21:01Z	plexus	e01894e6b1ed	fib	fpc	164.4
2026-08-16T04:21:01Z	plexus	e01894e6b1ed	selfcompile	-O0	20892.3
2026-08-16T04:21:01Z	plexus	e01894e6b1ed	selfcompile	-O2	17258.8
2026-08-16T04:21:01Z	plexus	e01894e6b1ed	selfcompile	-O3	16628.5
2026-08-16T04:21:01Z	plexus	e01894e6b1ed	selfcompile	fpc	6686.0
2026-08-16T11:54:39Z	plexus	42e147157b60	mandelbrot	-O0	1858.8
2026-08-16T11:54:39Z	plexus	42e147157b60	mandelbrot	-O2	1877.4
2026-08-16T11:54:39Z	plexus	42e147157b60	mandelbrot	-O3	989.9
2026-08-16T11:54:39Z	plexus	42e147157b60	mandelbrot-p	-O0	1845.2
2026-08-16T11:54:39Z	plexus	42e147157b60	mandelbrot-p	-O2	1858.2
2026-08-16T11:54:39Z	plexus	42e147157b60	mandelbrot-p	-O3	975.5
2026-08-16T11:54:39Z	plexus	42e147157b60	mandelbrot-p	fpc	468.3
2026-08-16T11:54:39Z	plexus	42e147157b60	raytracer	-O0	5990.2
2026-08-16T11:54:39Z	plexus	42e147157b60	raytracer	-O2	3726.8
2026-08-16T11:54:39Z	plexus	42e147157b60	raytracer	-O3	3640.3
2026-08-16T11:54:39Z	plexus	42e147157b60	raytracer-p	-O0	342.5
2026-08-16T11:54:39Z	plexus	42e147157b60	raytracer-p	-O2	324.3
2026-08-16T11:54:39Z	plexus	42e147157b60	raytracer-p	-O3	296.0
2026-08-16T11:54:39Z	plexus	42e147157b60	raytracer-p	fpc	41.8
2026-08-16T11:54:39Z	plexus	42e147157b60	sieve	-O0	139.7
2026-08-16T11:54:39Z	plexus	42e147157b60	sieve	-O2	126.1
2026-08-16T11:54:39Z	plexus	42e147157b60	sieve	-O3	126.9
2026-08-16T11:54:39Z	plexus	42e147157b60	sieve	fpc	61.5
2026-08-16T11:54:39Z	plexus	42e147157b60	nbody	-O0	415.2
2026-08-16T11:54:39Z	plexus	42e147157b60	nbody	-O2	287.2
2026-08-16T11:54:39Z	plexus	42e147157b60	nbody	-O3	192.8
2026-08-16T11:54:39Z	plexus	42e147157b60	nbody	fpc	120.5
2026-08-16T11:54:39Z	plexus	42e147157b60	fib	-O0	372.6
2026-08-16T11:54:39Z	plexus	42e147157b60	fib	-O2	224.7
2026-08-16T11:54:39Z	plexus	42e147157b60	fib	-O3	138.3
2026-08-16T11:54:39Z	plexus	42e147157b60	fib	fpc	162.8
2026-08-16T11:54:39Z	plexus	42e147157b60	selfcompile	-O0	21070.5
2026-08-16T11:54:39Z	plexus	42e147157b60	selfcompile	-O2	17429.3
2026-08-16T11:54:39Z	plexus	42e147157b60	selfcompile	-O3	16744.3
2026-08-16T11:54:39Z	plexus	42e147157b60	selfcompile	fpc	6710.5
2026-08-16T13:06:45Z	plexus	7111221470d4	mandelbrot	-O0	1864.9
2026-08-16T13:06:45Z	plexus	7111221470d4	mandelbrot	-O2	1874.0
2026-08-16T13:06:45Z	plexus	7111221470d4	mandelbrot	-O3	993.0
2026-08-16T13:06:45Z	plexus	7111221470d4	mandelbrot-p	-O0	1848.3
2026-08-16T13:06:45Z	plexus	7111221470d4	mandelbrot-p	-O2	1859.4
2026-08-16T13:06:45Z	plexus	7111221470d4	mandelbrot-p	-O3	972.2
2026-08-16T13:06:45Z	plexus	7111221470d4	mandelbrot-p	fpc	469.8
2026-08-16T13:06:45Z	plexus	7111221470d4	raytracer	-O0	5998.4
2026-08-16T13:06:45Z	plexus	7111221470d4	raytracer	-O2	3731.2
2026-08-16T13:06:45Z	plexus	7111221470d4	raytracer	-O3	3649.1
2026-08-16T13:06:45Z	plexus	7111221470d4	raytracer-p	-O0	338.2
2026-08-16T13:06:45Z	plexus	7111221470d4	raytracer-p	-O2	322.2
2026-08-16T13:06:45Z	plexus	7111221470d4	raytracer-p	-O3	291.0
2026-08-16T13:06:45Z	plexus	7111221470d4	raytracer-p	fpc	42.2
2026-08-16T13:06:45Z	plexus	7111221470d4	sieve	-O0	114.9
2026-08-16T13:06:45Z	plexus	7111221470d4	sieve	-O2	104.4
2026-08-16T13:06:45Z	plexus	7111221470d4	sieve	-O3	104.6
2026-08-16T13:06:45Z	plexus	7111221470d4	sieve	fpc	51.8
2026-08-16T13:06:45Z	plexus	7111221470d4	nbody	-O0	338.7
2026-08-16T13:06:45Z	plexus	7111221470d4	nbody	-O2	277.5
2026-08-16T13:06:45Z	plexus	7111221470d4	nbody	-O3	196.3
2026-08-16T13:06:45Z	plexus	7111221470d4	nbody	fpc	125.5
2026-08-16T13:06:45Z	plexus	7111221470d4	fib	-O0	373.2
2026-08-16T13:06:45Z	plexus	7111221470d4	fib	-O2	222.8
2026-08-16T13:06:45Z	plexus	7111221470d4	fib	-O3	143.4
2026-08-16T13:06:45Z	plexus	7111221470d4	fib	fpc	167.4
2026-08-16T13:06:45Z	plexus	7111221470d4	selfcompile	-O0	21234.5
2026-08-16T13:06:45Z	plexus	7111221470d4	selfcompile	-O2	17484.4
2026-08-16T13:06:45Z	plexus	7111221470d4	selfcompile	-O3	16766.2
2026-08-16T13:06:45Z	plexus	7111221470d4	selfcompile	fpc	6727.2
2026-08-16T13:59:22Z	plexus	1a181203b094	mandelbrot	-O0	1873.3
2026-08-16T13:59:22Z	plexus	1a181203b094	mandelbrot	-O2	1885.8
2026-08-16T13:59:22Z	plexus	1a181203b094	mandelbrot	-O3	994.3
2026-08-16T13:59:22Z	plexus	1a181203b094	mandelbrot-p	-O0	1846.4
2026-08-16T13:59:22Z	plexus	1a181203b094	mandelbrot-p	-O2	1867.9
2026-08-16T13:59:22Z	plexus	1a181203b094	mandelbrot-p	-O3	977.4
2026-08-16T13:59:22Z	plexus	1a181203b094	mandelbrot-p	fpc	475.6
2026-08-16T13:59:22Z	plexus	1a181203b094	raytracer	-O0	6019.4
2026-08-16T13:59:22Z	plexus	1a181203b094	raytracer	-O2	3750.9
2026-08-16T13:59:22Z	plexus	1a181203b094	raytracer	-O3	3667.4
2026-08-16T13:59:22Z	plexus	1a181203b094	raytracer-p	-O0	340.7
2026-08-16T13:59:22Z	plexus	1a181203b094	raytracer-p	-O2	325.6
2026-08-16T13:59:22Z	plexus	1a181203b094	raytracer-p	-O3	297.0
2026-08-16T13:59:22Z	plexus	1a181203b094	raytracer-p	fpc	42.5
2026-08-16T13:59:22Z	plexus	1a181203b094	sieve	-O0	116.8
2026-08-16T13:59:22Z	plexus	1a181203b094	sieve	-O2	104.9
2026-08-16T13:59:22Z	plexus	1a181203b094	sieve	-O3	105.7
2026-08-16T13:59:22Z	plexus	1a181203b094	sieve	fpc	56.7
2026-08-16T13:59:22Z	plexus	1a181203b094	nbody	-O0	412.6
2026-08-16T13:59:22Z	plexus	1a181203b094	nbody	-O2	339.8
2026-08-16T13:59:22Z	plexus	1a181203b094	nbody	-O3	234.5
2026-08-16T13:59:22Z	plexus	1a181203b094	nbody	fpc	146.4
2026-08-16T13:59:22Z	plexus	1a181203b094	fib	-O0	376.3
2026-08-16T13:59:22Z	plexus	1a181203b094	fib	-O2	232.7
2026-08-16T13:59:22Z	plexus	1a181203b094	fib	-O3	143.9
2026-08-16T13:59:22Z	plexus	1a181203b094	fib	fpc	197.7
2026-08-16T13:59:22Z	plexus	1a181203b094	selfcompile	-O0	21102.9
2026-08-16T13:59:22Z	plexus	1a181203b094	selfcompile	-O2	17330.5
2026-08-16T13:59:22Z	plexus	1a181203b094	selfcompile	-O3	16691.3
2026-08-16T13:59:22Z	plexus	1a181203b094	selfcompile	fpc	6703.9
2026-08-16T14:52:04Z	plexus	ce2ac81770a1	mandelbrot	-O0	1877.4
2026-08-16T14:52:04Z	plexus	ce2ac81770a1	mandelbrot	-O2	1887.6
2026-08-16T14:52:04Z	plexus	ce2ac81770a1	mandelbrot	-O3	990.9
2026-08-16T14:52:04Z	plexus	ce2ac81770a1	mandelbrot-p	-O0	1848.2
2026-08-16T14:52:04Z	plexus	ce2ac81770a1	mandelbrot-p	-O2	1864.4
2026-08-16T14:52:04Z	plexus	ce2ac81770a1	mandelbrot-p	-O3	984.1
2026-08-16T14:52:04Z	plexus	ce2ac81770a1	mandelbrot-p	fpc	472.8
2026-08-16T14:52:04Z	plexus	ce2ac81770a1	raytracer	-O0	6015.1
2026-08-16T14:52:04Z	plexus	ce2ac81770a1	raytracer	-O2	3740.4
2026-08-16T14:52:04Z	plexus	ce2ac81770a1	raytracer	-O3	3664.2
2026-08-16T14:52:04Z	plexus	ce2ac81770a1	raytracer-p	-O0	338.1
2026-08-16T14:52:04Z	plexus	ce2ac81770a1	raytracer-p	-O2	326.4
2026-08-16T14:52:04Z	plexus	ce2ac81770a1	raytracer-p	-O3	293.0
2026-08-16T14:52:04Z	plexus	ce2ac81770a1	raytracer-p	fpc	42.2
2026-08-16T14:52:04Z	plexus	ce2ac81770a1	sieve	-O0	115.6
2026-08-16T14:52:04Z	plexus	ce2ac81770a1	sieve	-O2	104.6
2026-08-16T14:52:04Z	plexus	ce2ac81770a1	sieve	-O3	104.9
2026-08-16T14:52:04Z	plexus	ce2ac81770a1	sieve	fpc	51.3
2026-08-16T14:52:04Z	plexus	ce2ac81770a1	nbody	-O0	341.4
2026-08-16T14:52:04Z	plexus	ce2ac81770a1	nbody	-O2	279.7
2026-08-16T14:52:04Z	plexus	ce2ac81770a1	nbody	-O3	198.0
2026-08-16T14:52:04Z	plexus	ce2ac81770a1	nbody	fpc	121.1
2026-08-16T14:52:04Z	plexus	ce2ac81770a1	fib	-O0	373.1
2026-08-16T14:52:04Z	plexus	ce2ac81770a1	fib	-O2	224.7
2026-08-16T14:52:04Z	plexus	ce2ac81770a1	fib	-O3	138.5
2026-08-16T14:52:04Z	plexus	ce2ac81770a1	fib	fpc	162.7
2026-08-16T14:52:04Z	plexus	ce2ac81770a1	selfcompile	-O0	21172.8
2026-08-16T14:52:04Z	plexus	ce2ac81770a1	selfcompile	-O2	17403.8
2026-08-16T14:52:04Z	plexus	ce2ac81770a1	selfcompile	-O3	16801.0
2026-08-16T14:52:04Z	plexus	ce2ac81770a1	selfcompile	fpc	6745.1
2026-08-16T16:32:38Z	plexus	d37869822650	mandelbrot	-O0	1862.5
2026-08-16T16:32:38Z	plexus	d37869822650	mandelbrot	-O2	1877.5
2026-08-16T16:32:38Z	plexus	d37869822650	mandelbrot	-O3	987.3
2026-08-16T16:32:38Z	plexus	d37869822650	mandelbrot-p	-O0	1852.9
2026-08-16T16:32:38Z	plexus	d37869822650	mandelbrot-p	-O2	1857.1
2026-08-16T16:32:38Z	plexus	d37869822650	mandelbrot-p	-O3	974.8
2026-08-16T16:32:38Z	plexus	d37869822650	mandelbrot-p	fpc	467.9
2026-08-16T16:32:38Z	plexus	d37869822650	raytracer	-O0	5999.1
2026-08-16T16:32:38Z	plexus	d37869822650	raytracer	-O2	3730.3
2026-08-16T16:32:38Z	plexus	d37869822650	raytracer	-O3	3645.6
2026-08-16T16:32:38Z	plexus	d37869822650	raytracer-p	-O0	337.5
2026-08-16T16:32:38Z	plexus	d37869822650	raytracer-p	-O2	322.3
2026-08-16T16:32:38Z	plexus	d37869822650	raytracer-p	-O3	292.0
2026-08-16T16:32:38Z	plexus	d37869822650	raytracer-p	fpc	42.4
2026-08-16T16:32:38Z	plexus	d37869822650	sieve	-O0	140.9
2026-08-16T16:32:38Z	plexus	d37869822650	sieve	-O2	126.1
2026-08-16T16:32:38Z	plexus	d37869822650	sieve	-O3	126.9
2026-08-16T16:32:38Z	plexus	d37869822650	sieve	fpc	61.4
2026-08-16T16:32:38Z	plexus	d37869822650	nbody	-O0	413.5
2026-08-16T16:32:38Z	plexus	d37869822650	nbody	-O2	339.3
2026-08-16T16:32:38Z	plexus	d37869822650	nbody	-O3	234.5
2026-08-16T16:32:38Z	plexus	d37869822650	nbody	fpc	146.4
2026-08-16T16:32:38Z	plexus	d37869822650	fib	-O0	455.1
2026-08-16T16:32:38Z	plexus	d37869822650	fib	-O2	270.9
2026-08-16T16:32:38Z	plexus	d37869822650	fib	-O3	168.3
2026-08-16T16:32:38Z	plexus	d37869822650	fib	fpc	197.6
2026-08-16T16:32:38Z	plexus	d37869822650	selfcompile	-O0	21097.1
2026-08-16T16:32:38Z	plexus	d37869822650	selfcompile	-O2	17449.3
2026-08-16T16:32:38Z	plexus	d37869822650	selfcompile	-O3	16688.2
2026-08-16T16:32:38Z	plexus	d37869822650	selfcompile	fpc	6697.8
2026-08-16T18:52:43Z	plexus	d91b82d6516b	mandelbrot	-O0	1878.3
2026-08-16T18:52:43Z	plexus	d91b82d6516b	mandelbrot	-O2	1883.8
2026-08-16T18:52:43Z	plexus	d91b82d6516b	mandelbrot	-O3	999.6
2026-08-16T18:52:43Z	plexus	d91b82d6516b	mandelbrot-p	-O0	1857.6
2026-08-16T18:52:43Z	plexus	d91b82d6516b	mandelbrot-p	-O2	1862.0
2026-08-16T18:52:43Z	plexus	d91b82d6516b	mandelbrot-p	-O3	977.0
2026-08-16T18:52:43Z	plexus	d91b82d6516b	mandelbrot-p	fpc	471.4
2026-08-16T18:52:43Z	plexus	d91b82d6516b	raytracer	-O0	6027.3
2026-08-16T18:52:43Z	plexus	d91b82d6516b	raytracer	-O2	3741.3
2026-08-16T18:52:43Z	plexus	d91b82d6516b	raytracer	-O3	3661.1
2026-08-16T18:52:43Z	plexus	d91b82d6516b	raytracer-p	-O0	340.4
2026-08-16T18:52:43Z	plexus	d91b82d6516b	raytracer-p	-O2	325.6
2026-08-16T18:52:43Z	plexus	d91b82d6516b	raytracer-p	-O3	292.0
2026-08-16T18:52:43Z	plexus	d91b82d6516b	raytracer-p	fpc	42.8
2026-08-16T18:52:43Z	plexus	d91b82d6516b	sieve	-O0	115.4
2026-08-16T18:52:43Z	plexus	d91b82d6516b	sieve	-O2	104.2
2026-08-16T18:52:43Z	plexus	d91b82d6516b	sieve	-O3	105.0
2026-08-16T18:52:43Z	plexus	d91b82d6516b	sieve	fpc	56.8
2026-08-16T18:52:43Z	plexus	d91b82d6516b	nbody	-O0	413.6
2026-08-16T18:52:43Z	plexus	d91b82d6516b	nbody	-O2	281.6
2026-08-16T18:52:43Z	plexus	d91b82d6516b	nbody	-O3	194.2
2026-08-16T18:52:43Z	plexus	d91b82d6516b	nbody	fpc	146.6
2026-08-16T18:52:43Z	plexus	d91b82d6516b	fib	-O0	455.0
2026-08-16T18:52:43Z	plexus	d91b82d6516b	fib	-O2	271.0
2026-08-16T18:52:43Z	plexus	d91b82d6516b	fib	-O3	170.2
2026-08-16T18:52:43Z	plexus	d91b82d6516b	fib	fpc	197.9
2026-08-16T18:52:43Z	plexus	d91b82d6516b	selfcompile	-O0	21231.7
2026-08-16T18:52:43Z	plexus	d91b82d6516b	selfcompile	-O2	17450.4
2026-08-16T18:52:43Z	plexus	d91b82d6516b	selfcompile	-O3	16858.8
2026-08-16T18:52:43Z	plexus	d91b82d6516b	selfcompile	fpc	6712.6
2026-08-17T21:59:14Z	plexus	8f629af38632	mandelbrot	-O0	1869.6
2026-08-17T21:59:14Z	plexus	8f629af38632	mandelbrot	-O2	1875.2
2026-08-17T21:59:14Z	plexus	8f629af38632	mandelbrot	-O3	988.9
2026-08-17T21:59:14Z	plexus	8f629af38632	mandelbrot-p	-O0	1843.8
2026-08-17T21:59:14Z	plexus	8f629af38632	mandelbrot-p	-O2	1857.2
2026-08-17T21:59:14Z	plexus	8f629af38632	mandelbrot-p	-O3	973.5
2026-08-17T21:59:14Z	plexus	8f629af38632	mandelbrot-p	fpc	470.3
2026-08-17T21:59:14Z	plexus	8f629af38632	raytracer	-O0	6001.2
2026-08-17T21:59:14Z	plexus	8f629af38632	raytracer	-O2	3730.4
2026-08-17T21:59:14Z	plexus	8f629af38632	raytracer	-O3	3647.9
2026-08-17T21:59:14Z	plexus	8f629af38632	raytracer-p	-O0	343.5
2026-08-17T21:59:14Z	plexus	8f629af38632	raytracer-p	-O2	322.7
2026-08-17T21:59:14Z	plexus	8f629af38632	raytracer-p	-O3	292.5
2026-08-17T21:59:14Z	plexus	8f629af38632	raytracer-p	fpc	41.6
2026-08-17T21:59:14Z	plexus	8f629af38632	sieve	-O0	141.1
2026-08-17T21:59:14Z	plexus	8f629af38632	sieve	-O2	128.2
2026-08-17T21:59:14Z	plexus	8f629af38632	sieve	-O3	124.2
2026-08-17T21:59:14Z	plexus	8f629af38632	sieve	fpc	61.5
2026-08-17T21:59:14Z	plexus	8f629af38632	nbody	-O0	339.2
2026-08-17T21:59:14Z	plexus	8f629af38632	nbody	-O2	278.2
2026-08-17T21:59:14Z	plexus	8f629af38632	nbody	-O3	192.7
2026-08-17T21:59:14Z	plexus	8f629af38632	nbody	fpc	121.0
2026-08-17T21:59:14Z	plexus	8f629af38632	fib	-O0	373.2
2026-08-17T21:59:14Z	plexus	8f629af38632	fib	-O2	222.6
2026-08-17T21:59:14Z	plexus	8f629af38632	fib	-O3	138.9
2026-08-17T21:59:14Z	plexus	8f629af38632	fib	fpc	163.5
2026-08-17T21:59:14Z	plexus	8f629af38632	selfcompile	-O0	21099.5
2026-08-17T21:59:14Z	plexus	8f629af38632	selfcompile	-O2	17475.9
2026-08-17T21:59:14Z	plexus	8f629af38632	selfcompile	-O3	16862.9
2026-08-17T21:59:14Z	plexus	8f629af38632	selfcompile	fpc	6737.6
2026-08-18T03:21:21Z	plexus	e0f6748717e6	mandelbrot	-O0	1873.9
2026-08-18T03:21:21Z	plexus	e0f6748717e6	mandelbrot	-O2	1884.5
2026-08-18T03:21:21Z	plexus	e0f6748717e6	mandelbrot	-O3	993.2
2026-08-18T03:21:21Z	plexus	e0f6748717e6	mandelbrot-p	-O0	1853.6
2026-08-18T03:21:21Z	plexus	e0f6748717e6	mandelbrot-p	-O2	1865.5
2026-08-18T03:21:21Z	plexus	e0f6748717e6	mandelbrot-p	-O3	981.7
2026-08-18T03:21:21Z	plexus	e0f6748717e6	mandelbrot-p	fpc	473.8
2026-08-18T03:21:21Z	plexus	e0f6748717e6	raytracer	-O0	6013.3
2026-08-18T03:21:21Z	plexus	e0f6748717e6	raytracer	-O2	3744.6
2026-08-18T03:21:21Z	plexus	e0f6748717e6	raytracer	-O3	3648.3
2026-08-18T03:21:21Z	plexus	e0f6748717e6	raytracer-p	-O0	338.2
2026-08-18T03:21:21Z	plexus	e0f6748717e6	raytracer-p	-O2	323.8
2026-08-18T03:21:21Z	plexus	e0f6748717e6	raytracer-p	-O3	291.5
2026-08-18T03:21:21Z	plexus	e0f6748717e6	raytracer-p	fpc	41.6
2026-08-18T03:21:21Z	plexus	e0f6748717e6	sieve	-O0	120.0
2026-08-18T03:21:21Z	plexus	e0f6748717e6	sieve	-O2	106.3
2026-08-18T03:21:21Z	plexus	e0f6748717e6	sieve	-O3	103.2
2026-08-18T03:21:21Z	plexus	e0f6748717e6	sieve	fpc	51.2
2026-08-18T03:21:21Z	plexus	e0f6748717e6	nbody	-O0	339.0
2026-08-18T03:21:21Z	plexus	e0f6748717e6	nbody	-O2	277.8
2026-08-18T03:21:21Z	plexus	e0f6748717e6	nbody	-O3	193.2
2026-08-18T03:21:21Z	plexus	e0f6748717e6	nbody	fpc	120.9
2026-08-18T03:21:21Z	plexus	e0f6748717e6	fib	-O0	376.1
2026-08-18T03:21:21Z	plexus	e0f6748717e6	fib	-O2	224.0
2026-08-18T03:21:21Z	plexus	e0f6748717e6	fib	-O3	138.8
2026-08-18T03:21:21Z	plexus	e0f6748717e6	fib	fpc	162.8
2026-08-18T03:21:21Z	plexus	e0f6748717e6	selfcompile	-O0	21188.4
2026-08-18T03:21:21Z	plexus	e0f6748717e6	selfcompile	-O2	17462.8
2026-08-18T03:21:21Z	plexus	e0f6748717e6	selfcompile	-O3	16773.9
2026-08-18T03:21:21Z	plexus	e0f6748717e6	selfcompile	fpc	6723.1
